Zone;Genre;Période;Âge;Catégorie socioprofessionnelle;Quotient de mortalité, pour 100 000;Survie à l’âge x;Espérance de vie à l’âge x
FE ; F ; 2020_2022;30;Agricultrices;32,48492552;100000;55,44409772
FE ; F ; 2020_2022;30;Artisanes, commerçantes, cheffes d'entreprise;22,97350435;100000;56,67324514
FE ; F ; 2020_2022;30;Cadres et prof. intellectuelles supérieures;9,987833595;100000;58,00055114
FE ; F ; 2020_2022;30;Employées;27,92832334;100000;56,15774679
FE ; F ; 2020_2022;30;Ensemble;30,42884383;100000;55,73937919
FE ; F ; 2020_2022;30;Inactives non retraitées;96,71095292;100000;50,50938711
FE ; F ; 2020_2022;30;Ouvrières;42,98734569;100000;54,50167747
FE ; F ; 2020_2022;30;Professions intermédiaires;16,144997;100000;57,27666188
FE ; F ; 2020_2022;31;Agricultrices;34,43827834;99967,51507;54,46211455
FE ; F ; 2020_2022;31;Artisanes, commerçantes, cheffes d'entreprise;24,35492539;99977,0265;55,68626796
FE ; F ; 2020_2022;31;Cadres et prof. intellectuelles supérieures;10,58841256;99990,01217;57,00634472
FE ; F ; 2020_2022;31;Employées;29,60768287;99972,07168;55,17343509
FE ; F ; 2020_2022;31;Ensemble;32,25856229;99969,57116;54,7563452
FE ; F ; 2020_2022;31;Inactives non retraitées;102,5262845;99903,28905;49,55828251
FE ; F ; 2020_2022;31;Ouvrières;45,57222011;99957,01265;53,52511637
FE ; F ; 2020_2022;31;Professions intermédiaires;17,1158127;99983,855;56,28591068
FE ; F ; 2020_2022;32;Agricultrices;36,91990575;99933,08798;53,48087683
FE ; F ; 2020_2022;32;Artisanes, commerçantes, cheffes d'entreprise;26,1099449;99952,67717;54,69983361
FE ; F ; 2020_2022;32;Cadres et prof. intellectuelles supérieures;11,35141513;99979,42481;56,01238142
FE ; F ; 2020_2022;32;Employées;31,74121686;99942,47226;54,1897755
FE ; F ; 2020_2022;32;Ensemble;34,58311905;99937,32241;53,77401451
FE ; F ; 2020_2022;32;Inactives non retraitées;109,9143437;99800,86192;48,60914492
FE ; F ; 2020_2022;32;Ouvrières;48,85616101;99911,46002;52,54952007
FE ; F ; 2020_2022;32;Professions intermédiaires;18,34918068;99966,74195;55,29554612
FE ; F ; 2020_2022;33;Agricultrices;39,5719367;99896,19278;52,50062921
FE ; F ; 2020_2022;33;Artisanes, commerçantes, cheffes d'entreprise;27,98547466;99926,57958;53,71411944
FE ; F ; 2020_2022;33;Cadres et prof. intellectuelles supérieures;12,16681007;99968,07573;55,01874034
FE ; F ; 2020_2022;33;Employées;34,02125219;99910,74931;53,20698146
FE ; F ; 2020_2022;33;Ensemble;37,06729392;99902,76097;52,79261768
FE ; F ; 2020_2022;33;Inactives non retraitées;117,8097116;99691,16645;47,66263214
FE ; F ; 2020_2022;33;Ouvrières;52,36559714;99862,64712;51,5752063
FE ; F ; 2020_2022;33;Professions intermédiaires;19,66723917;99948,39888;54,30569427
FE ; F ; 2020_2022;34;Agricultrices;43,0756755;99856,66192;51,52141295
FE ; F ; 2020_2022;34;Artisanes, commerçantes, cheffes d'entreprise;30,46333655;99898,61465;52,7291558
FE ; F ; 2020_2022;34;Cadres et prof. intellectuelles supérieures;13,24407158;99955,91281;54,02543518
FE ; F ; 2020_2022;34;Employées;37,03352785;99876,75842;52,2250893
FE ; F ; 2020_2022;34;Ensemble;40,34926915;99865,72972;51,81219373
FE ; F ; 2020_2022;34;Inactives non retraitées;128,2407012;99573,72058;46,71884957
FE ; F ; 2020_2022;34;Ouvrières;57,00209942;99810,35345;50,60222811
FE ; F ; 2020_2022;34;Professions intermédiaires;21,40859617;99928,74178;53,3163768
FE ; F ; 2020_2022;35;Agricultrices;46,39546682;99813,64799;50,54361571
FE ; F ; 2020_2022;35;Artisanes, commerçantes, cheffes d'entreprise;32,81110983;99868,1822;51,74522376
FE ; F ; 2020_2022;35;Cadres et prof. intellectuelles supérieures;14,2647765;99942,67457;53,0325913
FE ; F ; 2020_2022;35;Employées;39,887658;99839,77053;51,24443726
FE ; F ; 2020_2022;35;Ensemble;43,45893956;99825,43462;50,83310801
FE ; F ; 2020_2022;35;Inactives non retraitées;138,1240602;99446,02654;45,77883909
FE ; F ; 2020_2022;35;Ouvrières;61,39518374;99753,45945;49,6310889
FE ; F ; 2020_2022;35;Professions intermédiaires;23,05853133;99907,34844;52,32779353
FE ; F ; 2020_2022;36;Agricultrices;49,82137584;99767,33898;49,56707654
FE ; F ; 2020_2022;36;Artisanes, commerçantes, cheffes d'entreprise;35,59203734;99835,41434;50,76220751
FE ; F ; 2020_2022;36;Cadres et prof. intellectuelles supérieures;16,26330208;99928,41797;52,04015736
FE ; F ; 2020_2022;36;Employées;42,9135943;99799,94678;50,26488562
FE ; F ; 2020_2022;36;Ensemble;46,83124136;99782,05155;49,85520915
FE ; F ; 2020_2022;36;Inactives non retraitées;151,3563245;99308,66765;44,84215814
FE ; F ; 2020_2022;36;Ouvrières;65,95173493;99692,21563;48,66157872
FE ; F ; 2020_2022;36;Professions intermédiaires;25,61386618;99884,31128;51,33986233
FE ; F ; 2020_2022;37;Agricultrices;54,01590661;99717,63352;48,59178385
FE ; F ; 2020_2022;37;Artisanes, commerçantes, cheffes d'entreprise;38,85505411;99799,88088;49,78028125
FE ; F ; 2020_2022;37;Cadres et prof. intellectuelles supérieures;18,64745969;99912,16631;51,04862218
FE ; F ; 2020_2022;37;Employées;46,52827201;99757,11904;49,28646535
FE ; F ; 2020_2022;37;Ensemble;50,60328762;99735,32238;48,8785679
FE ; F ; 2020_2022;37;Inactives non retraitées;166,8337884;99158,3577;43,91013246
FE ; F ; 2020_2022;37;Ouvrières;71,43984862;99626,46689;47,69369305
FE ; F ; 2020_2022;37;Professions intermédiaires;28,62251116;99858,72704;50,35301583
FE ; F ; 2020_2022;38;Agricultrices;58,99763622;99663,77014;47,61804533
FE ; F ; 2020_2022;38;Artisanes, commerçantes, cheffes d'entreprise;42,60950525;99761,10358;48,79963092
FE ; F ; 2020_2022;38;Cadres et prof. intellectuelles supérieures;21,45783865;99893,53523;50,05814323
FE ; F ; 2020_2022;38;Employées;50,7399079;99710,70378;48,30940817
FE ; F ; 2020_2022;38;Ensemble;55,1784163;99684,85302;47,90331458
FE ; F ; 2020_2022;38;Inactives non retraitées;184,5968015;98992,92806;42,98351182
FE ; F ; 2020_2022;38;Ouvrières;77,87010793;99555,29389;46,72778971
FE ; F ; 2020_2022;38;Professions intermédiaires;32,11290989;99830,14497;49,36743225
FE ; F ; 2020_2022;39;Agricultrices;64,87299079;99604,97087;46,64615543
FE ; F ; 2020_2022;39;Artisanes, commerçantes, cheffes d'entreprise;46,92448399;99718,59587;47,82043307
FE ; F ; 2020_2022;39;Cadres et prof. intellectuelles supérieures;24,76646131;99872,10024;49,06888693
FE ; F ; 2020_2022;39;Employées;55,62965379;99660,11066;47,33393276
FE ; F ; 2020_2022;39;Ensemble;61,07969095;99629,8485;46,92976147
FE ; F ; 2020_2022;39;Inactives non retraitées;204,9244348;98810,19028;42,06300475
FE ; F ; 2020_2022;39;Ouvrières;85,36477949;99477,77007;45,76420505
FE ; F ; 2020_2022;39;Professions intermédiaires;36,15840958;99798,0866;48,38329066
FE ; F ; 2020_2022;40;Agricultrices;71,44562799;99540,35415;45,67643583
FE ; F ; 2020_2022;40;Artisanes, commerçantes, cheffes d'entreprise;51,64793723;99671,80343;46,84288309
FE ; F ; 2020_2022;40;Cadres et prof. intellectuelles supérieures;28,52769239;99847,36545;48,08104257
FE ; F ; 2020_2022;40;Employées;61,01784555;99604,67008;46,36027912
FE ; F ; 2020_2022;40;Ensemble;67,77993438;99568,9949;45,95844354
FE ; F ; 2020_2022;40;Inactives non retraitées;227,1026029;98607,70405;41,14937913
FE ; F ; 2020_2022;40;Ouvrières;93,64461169;99392,8511;44,80330494
FE ; F ; 2020_2022;40;Professions intermédiaires;40,66041407;99762,0012;47,40079162
FE ; F ; 2020_2022;41;Agricultrices;78,82678696;99469,23692;44,70909298
FE ; F ; 2020_2022;41;Artisanes, commerçantes, cheffes d'entreprise;56,85010572;99620,325;45,86708898
FE ; F ; 2020_2022;41;Cadres et prof. intellectuelles supérieures;32,80537349;99818,8813;47,09476289
FE ; F ; 2020_2022;41;Employées;66,98985645;99543,89346;45,38858444
FE ; F ; 2020_2022;41;Ensemble;75,42780106;99501,5071;44,98961527
FE ; F ; 2020_2022;41;Inactives non retraitées;251,3486662;98383,76339;40,24304315
FE ; F ; 2020_2022;41;Ouvrières;102,8346218;99299,77505;43,84530015
FE ; F ; 2020_2022;41;Professions intermédiaires;45,68568239;99721,43756;46,42007282
FE ; F ; 2020_2022;42;Agricultrices;86,61652977;99390,82851;43,74436353
FE ; F ; 2020_2022;42;Artisanes, commerçantes, cheffes d'entreprise;62,23534635;99563,69074;44,8931793
FE ; F ; 2020_2022;42;Cadres et prof. intellectuelles supérieures;37,44452313;99786,13535;46,11021758
FE ; F ; 2020_2022;42;Employées;73,19966368;99477,20915;44,41901057
FE ; F ; 2020_2022;42;Ensemble;82,53514794;99426,4553;44,02357556
FE ; F ; 2020_2022;42;Inactives non retraitées;276,2249095;98136,47712;39,34444838
FE ; F ; 2020_2022;42;Ouvrières;112,3940018;99197,6605;42,89043471
FE ; F ; 2020_2022;42;Professions intermédiaires;51,00181837;99675,87914;45,44128984
FE ; F ; 2020_2022;43;Agricultrices;95,00994264;99304,73963;42,78228622
FE ; F ; 2020_2022;43;Artisanes, commerçantes, cheffes d'entreprise;67,94278959;99501,72694;43,92113612
FE ; F ; 2020_2022;43;Cadres et prof. intellectuelles supérieures;42,52615162;99748,77091;45,12748979
FE ; F ; 2020_2022;43;Employées;79,81294804;99404,39217;43,45154895
FE ; F ; 2020_2022;43;Ensemble;90,96893641;99344,39353;43,0599405
FE ; F ; 2020_2022;43;Inactives non retraitées;302,173743;97865,39972;38,45342858
FE ; F ; 2020_2022;43;Ouvrières;122,5629008;99086,16828;41,93869523
FE ; F ; 2020_2022;43;Professions intermédiaires;56,71657348;99625,04263;44,46447755
FE ; F ; 2020_2022;44;Agricultrices;104,0143628;99210,39025;41,8229723
FE ; F ; 2020_2022;44;Artisanes, commerçantes, cheffes d'entreprise;73,98183276;99434,12269;42,95099766
FE ; F ; 2020_2022;44;Cadres et prof. intellectuelles supérieures;48,05183101;99706,35159;44,14668894
FE ; F ; 2020_2022;44;Employées;86,84010588;99325,05459;42,48625661
FE ; F ; 2020_2022;44;Ensemble;98,79853763;99254,02099;42,09914734
FE ; F ; 2020_2022;44;Inactives non retraitées;329,0305425;97569,67618;37,56997693
FE ; F ; 2020_2022;44;Ouvrières;133,3380417;98964,7254;40,99015958
FE ; F ; 2020_2022;44;Professions intermédiaires;62,83140558;99568,53872;43,48971059
FE ; F ; 2020_2022;45;Agricultrices;114,3170123;99107,19719;40,8665195
FE ; F ; 2020_2022;45;Artisanes, commerçantes, cheffes d'entreprise;80,84998047;99360,5595;41,98279712
FE ; F ; 2020_2022;45;Cadres et prof. intellectuelles supérieures;54,34181598;99658,44086;43,16791243
FE ; F ; 2020_2022;45;Employées;94,86176718;99238,80061;41,52318379
FE ; F ; 2020_2022;45;Ensemble;108,3445021;99155,95947;41,14078181
FE ; F ; 2020_2022;45;Inactives non retraitées;358,7582836;97248,64214;36,6940017
FE ; F ; 2020_2022;45;Ouvrières;145,5854386;98832,76777;40,04488803
FE ; F ; 2020_2022;45;Professions intermédiaires;69,76415987;99505,97841;42,51705296
FE ; F ; 2020_2022;46;Agricultrices;125,8287677;98993,90081;39,91329035
FE ; F ; 2020_2022;46;Artisanes, commerçantes, cheffes d'entreprise;88,4965749;99280,22651;41,01676766
FE ; F ; 2020_2022;46;Cadres et prof. intellectuelles supérieures;61,36685804;99604,28466;42,19138342
FE ; F ; 2020_2022;46;Employées;103,8121098;99144,66093;40,56261082
FE ; F ; 2020_2022;46;Ensemble;118,8558165;99048,52944;40,18540393
FE ; F ; 2020_2022;46;Inactives non retraitées;390,8187948;96899,75458;35,82611845
FE ; F ; 2020_2022;46;Ouvrières;159,1700044;98688,88165;39,10327256
FE ; F ; 2020_2022;46;Professions intermédiaires;77,47186636;99436,5589;41,54673533
FE ; F ; 2020_2022;47;Agricultrices;139,3415011;98869,338;38,96357602
FE ; F ; 2020_2022;47;Artisanes, commerçantes, cheffes d'entreprise;97,50008908;99192,36691;40,05309825
FE ; F ; 2020_2022;47;Cadres et prof. intellectuelles supérieures;69,52420915;99543,16064;41,21729084
FE ; F ; 2020_2022;47;Employées;114,3601031;99041,73676;39,60476348
FE ; F ; 2020_2022;47;Ensemble;132,1098267;98930,8045;39,23322346
FE ; F ; 2020_2022;47;Inactives non retraitées;427,3660098;96521,05213;34,96668301
FE ; F ; 2020_2022;47;Ouvrières;175,0718195;98531,79855;38,16561247
FE ; F ; 2020_2022;47;Professions intermédiaires;86,45710464;99359,52354;40,57894732
FE ; F ; 2020_2022;48;Agricultrices;154,6262187;98731,57198;38,01794421
FE ; F ; 2020_2022;48;Artisanes, commerçantes, cheffes d'entreprise;107,7324594;99095,65426;39,09218817
FE ; F ; 2020_2022;48;Cadres et prof. intellectuelles supérieures;78,71513729;99473,95404;40,24596677
FE ; F ; 2020_2022;48;Employées;126,3412749;98928,47253;38,65010738
FE ; F ; 2020_2022;48;Ensemble;146,2452557;98800,10718;38,28512297
FE ; F ; 2020_2022;48;Inactives non retraitées;467,3147719;96108,55396;34,11676011
FE ; F ; 2020_2022;48;Ouvrières;192,9772011;98359,29714;37,23254688
FE ; F ; 2020_2022;48;Professions intermédiaires;96,60109397;99273,62017;39,61406106
FE ; F ; 2020_2022;49;Agricultrices;171,8489128;98578,90709;37,07682096
FE ; F ; 2020_2022;49;Artisanes, commerçantes, cheffes d'entreprise;119,3631851;98988,89608;38,13434857
FE ; F ; 2020_2022;49;Cadres et prof. intellectuelles supérieures;89,02384268;99395,65298;39,2776714
FE ; F ; 2020_2022;49;Employées;139,9338866;98803,48504;37,69900019
FE ; F ; 2020_2022;49;Ensemble;163,5607672;98655,61671;37,34119515
FE ; F ; 2020_2022;49;Inactives non retraitées;510,7710143;95659,42449;33,27694132
FE ; F ; 2020_2022;49;Ouvrières;213,0795454;98169,48612;36,30453613
FE ; F ; 2020_2022;49;Professions intermédiaires;108,0328932;99177,72077;38,65236568
FE ; F ; 2020_2022;50;Agricultrices;190,4409054;98409,50031;36,14064676
FE ; F ; 2020_2022;50;Artisanes, commerçantes, cheffes d'entreprise;132,0765247;98870,73978;37,17992134
FE ; F ; 2020_2022;50;Cadres et prof. intellectuelles supérieures;100,1419506;99307,16715;38,31266905
FE ; F ; 2020_2022;50;Employées;154,7391072;98665,22548;36,75182779
FE ; F ; 2020_2022;50;Ensemble;181,4718655;98494,25483;36,40237075
FE ; F ; 2020_2022;50;Inactives non retraitées;555,6512406;95170,82388;32,4477829
FE ; F ; 2020_2022;50;Ouvrières;234,6738393;97960,30703;35,38205886
FE ; F ; 2020_2022;50;Professions intermédiaires;120,4260355;99070,57621;37,69416811
FE ; F ; 2020_2022;51;Agricultrices;210,2736331;98222,08836;35,20960466
FE ; F ; 2020_2022;51;Artisanes, commerçantes, cheffes d'entreprise;145,8787654;98740,15474;36,22909223
FE ; F ; 2020_2022;51;Cadres et prof. intellectuelles supérieures;111,972855;99207,71902;37,35107456
FE ; F ; 2020_2022;51;Employées;170,7310917;98512,55179;35,80878538
FE ; F ; 2020_2022;51;Ensemble;201,155067;98315,51547;35,46855091
FE ; F ; 2020_2022;51;Inactives non retraitées;601,2565225;94642,00602;31,62908682
FE ; F ; 2020_2022;51;Ouvrières;257,6172539;97730,41981;34,46528661
FE ; F ; 2020_2022;51;Professions intermédiaires;133,7304006;98951,26944;36,73961643
FE ; F ; 2020_2022;52;Agricultrices;230,5335104;98015,55321;34,28379718
FE ; F ; 2020_2022;52;Artisanes, commerçantes, cheffes d'entreprise;160,2727169;98596,11382;35,28201999
FE ; F ; 2020_2022;52;Cadres et prof. intellectuelles supérieures;124,0600446;99096,6333;36,39294451
FE ; F ; 2020_2022;52;Employées;187,3047472;98344,36024;34,87002667
FE ; F ; 2020_2022;52;Ensemble;221,0227695;98117,74883;34,5400415
FE ; F ; 2020_2022;52;Inactives non retraitées;645,007352;94072,96478;30,82040911
FE ; F ; 2020_2022;52;Ouvrières;280,9177027;97478,64939;33,55430446
FE ; F ; 2020_2022;52;Professions intermédiaires;147,4484299;98818,94151;35,78881426
FE ; F ; 2020_2022;53;Agricultrices;251,3666309;97789,59451;33,36301545
FE ; F ; 2020_2022;53;Artisanes, commerçantes, cheffes d'entreprise;175,4179596;98438,09115;34,33865822
FE ; F ; 2020_2022;53;Cadres et prof. intellectuelles supérieures;136,4606595;98973,69398;35,43814969
FE ; F ; 2020_2022;53;Employées;204,6265026;98160,15658;33,93546245
FE ; F ; 2020_2022;53;Ensemble;241,4200111;97900,88626;33,61655197
FE ; F ; 2020_2022;53;Inactives non retraitées;687,1745902;93466,18724;30,02049357
FE ; F ; 2020_2022;53;Ouvrières;304,7615069;97204,81461;32,64882998
FE ; F ; 2020_2022;53;Professions intermédiaires;161,6889461;98673,23453;34,84166223
FE ; F ; 2020_2022;54;Agricultrices;272,6184018;97543,7841;32,44709027
FE ; F ; 2020_2022;54;Artisanes, commerçantes, cheffes d'entreprise;191,2631587;98265,41306;33,39900024
FE ; F ; 2020_2022;54;Cadres et prof. intellectuelles supérieures;149,0813237;98838,63382;34,48657491
FE ; F ; 2020_2022;54;Employées;222,6154052;97959,29489;33,00504578
FE ; F ; 2020_2022;54;Ensemble;261,0352411;97664,53393;32,69790545
FE ; F ; 2020_2022;54;Inactives non retraitées;727,2225001;92823,91135;29,22821418
FE ; F ; 2020_2022;54;Ouvrières;328,9659301;96908,57175;31,74863521
FE ; F ; 2020_2022;54;Professions intermédiaires;176,3723956;98513,69082;33,89808858
FE ; F ; 2020_2022;55;Agricultrices;294,8659067;97277,8618;31,53578882
FE ; F ; 2020_2022;55;Artisanes, commerçantes, cheffes d'entreprise;208,2694083;98077,46753;32,46300264
FE ; F ; 2020_2022;55;Cadres et prof. intellectuelles supérieures;162,241274;98691,28388;33,53806471
FE ; F ; 2020_2022;55;Employées;241,7855223;97741,2224;32,07868403
FE ; F ; 2020_2022;55;Ensemble;281,8642242;97409,59508;31,78348189
FE ; F ; 2020_2022;55;Inactives non retraitées;766,5910381;92148,87498;28,44232539
FE ; F ; 2020_2022;55;Ouvrières;354,2278485;96589,77557;30,85342212
FE ; F ; 2020_2022;55;Professions intermédiaires;191,8974214;98339,93986;32,95798109
FE ; F ; 2020_2022;56;Agricultrices;318,8428649;96991,02255;30,62905211
FE ; F ; 2020_2022;56;Artisanes, commerçantes, cheffes d'entreprise;227,0197501;97873,20217;31,53075425
FE ; F ; 2020_2022;56;Cadres et prof. intellectuelles supérieures;176,3668306;98531,16588;32,59256572
FE ; F ; 2020_2022;56;Employées;262,7856544;97504,89828;31,15643363
FE ; F ; 2020_2022;56;Ensemble;303,7292263;97135,03228;30,87332138
FE ; F ; 2020_2022;56;Inactives non retraitées;806,9894181;91442,46997;27,66204607
FE ; F ; 2020_2022;56;Ouvrières;381,4166483;96247,62768;29,96310205
FE ; F ; 2020_2022;56;Professions intermédiaires;208,7791245;98151,22805;32,0213482
FE ; F ; 2020_2022;57;Agricultrices;345,2543972;96681,77359;29,72702303
FE ; F ; 2020_2022;57;Artisanes, commerçantes, cheffes d'entreprise;248,0959267;97651,01067;30,60249816
FE ; F ; 2020_2022;57;Cadres et prof. intellectuelles supérieures;191,8897499;98357,38959;31,65014975
FE ; F ; 2020_2022;57;Employées;286,2533402;97248,66939;30,23852399
FE ; F ; 2020_2022;57;Ensemble;328,5754647;96840,0048;29,96737836
FE ; F ; 2020_2022;57;Inactives non retraitées;849,8803704;90704,53891;26,88709195
FE ; F ; 2020_2022;57;Ouvrières;411,3511126;95880,52321;29,07782388
FE ; F ; 2020_2022;57;Professions intermédiaires;227,5319071;97946,30878;31,08834196
FE ; F ; 2020_2022;58;Agricultrices;374,3231372;96347,97552;28,83001246
FE ; F ; 2020_2022;58;Artisanes, commerçantes, cheffes d'entreprise;271,75293;97408,74249;29,67861054
FE ; F ; 2020_2022;58;Cadres et prof. intellectuelles supérieures;208,9944411;98168,65184;30,71099991
FE ; F ; 2020_2022;58;Employées;312,4389906;96970,29183;29,32533126
FE ; F ; 2020_2022;58;Ensemble;357,5082441;96521,8123;29,06616842
FE ; F ; 2020_2022;58;Inactives non retraitées;895,4033939;89933,65884;26,11755876
FE ; F ; 2020_2022;58;Ouvrières;444,2624984;95486,11761;28,19792988
FE ; F ; 2020_2022;58;Professions intermédiaires;248,3703079;97723,44968;30,15923917
FE ; F ; 2020_2022;59;Agricultrices;406,0527006;95987,32276;27,93833534
FE ; F ; 2020_2022;59;Artisanes, commerçantes, cheffes d'entreprise;298,0965809;97144,03137;28,75948281
FE ; F ; 2020_2022;59;Cadres et prof. intellectuelles supérieures;227,7630906;97963,48481;29,77531862
FE ; F ; 2020_2022;59;Employées;341,4150196;96667,31883;28,4172422
FE ; F ; 2020_2022;59;Ensemble;389,089883;96176,73887;28,1704552
FE ; F ; 2020_2022;59;Inactives non retraitées;943,1582145;89128,38981;25,35352916
FE ; F ; 2020_2022;59;Ouvrières;480,1171467;95061,9086;27,32376174
FE ; F ; 2020_2022;59;Professions intermédiaires;271,3768432;97480,73364;29,23433228
FE ; F ; 2020_2022;60;Agricultrices;440,6730999;95597,56364;27,05224223
FE ; F ; 2020_2022;60;Artisanes, commerçantes, cheffes d'entreprise;327,4042037;96854,44834;27,84547017
FE ; F ; 2020_2022;60;Cadres et prof. intellectuelles supérieures;248,4288143;97740,36015;28,84329062
FE ; F ; 2020_2022;60;Employées;373,4448904;96337,28208;27,51459531
FE ; F ; 2020_2022;60;Ensemble;423,0072807;95802,52491;27,28049173
FE ; F ; 2020_2022;60;Inactives non retraitées;993,2897002;88287,76808;24,59492984
FE ; F ; 2020_2022;60;Ouvrières;519,1451333;94605,50007;26,45558069
FE ; F ; 2020_2022;60;Professions intermédiaires;296,7987279;97216,19351;28,31388337
FE ; F ; 2020_2022;61;Agricultrices;478,0024316;95176,29089;26,17198185
FE ; F ; 2020_2022;61;Artisanes, commerçantes, cheffes d'entreprise;359,6526267;96537,3428;26,93693688
FE ; F ; 2020_2022;61;Cadres et prof. intellectuelles supérieures;271,0228065;97497,54493;27,91512412
FE ; F ; 2020_2022;61;Employées;408,4431201;95977,51543;26,61773232
FE ; F ; 2020_2022;61;Ensemble;458,0364214;95397,27325;26,39638041
FE ; F ; 2020_2022;61;Inactives non retraitées;1045,019654;87410,81477;23,84167968
FE ; F ; 2020_2022;61;Ouvrières;561,0850341;94114,36022;25,59364028
FE ; F ; 2020_2022;61;Professions intermédiaires;324,6225707;96927,65708;27,39816877
FE ; F ; 2020_2022;62;Agricultrices;518,3487461;94721,34591;25,29768542
FE ; F ; 2020_2022;62;Artisanes, commerçantes, cheffes d'entreprise;395,1837827;96190,14371;26,03416596
FE ; F ; 2020_2022;62;Cadres et prof. intellectuelles supérieures;295,8885358;97233,30435;26,99098607
FE ; F ; 2020_2022;62;Employées;446,7354399;95585,50187;25,72689649
FE ; F ; 2020_2022;62;Ensemble;497,2203108;94960,31899;25,51784179
FE ; F ; 2020_2022;62;Inactives non retraitées;1098,70131;86497,35458;23,09346109
FE ; F ; 2020_2022;62;Ouvrières;606,2463818;93586,29863;24,73805264
FE ; F ; 2020_2022;62;Professions intermédiaires;355,1828927;96613,00803;26,48739907
FE ; F ; 2020_2022;63;Agricultrices;561,3998491;94230,359;24,42949891
FE ; F ; 2020_2022;63;Artisanes, commerçantes, cheffes d'entreprise;433,8683851;95810,01587;25,13745695
FE ; F ; 2020_2022;63;Cadres et prof. intellectuelles supérieures;323,0598623;96945,60215;26,07108631
FE ; F ; 2020_2022;63;Employées;488,1086889;95158,48755;24,8423434
FE ; F ; 2020_2022;63;Ensemble;539,6866795;94488,157;24,6453557
FE ; F ; 2020_2022;63;Inactives non retraitées;1153,378775;85547,00701;22,35000793
FE ; F ; 2020_2022;63;Ouvrières;654,204338;93018,93508;23,88894094
FE ; F ; 2020_2022;63;Professions intermédiaires;388,4116047;96269,85515;25,58181313
FE ; F ; 2020_2022;64;Agricultrices;606,7230854;93701,34991;23,56742037
FE ; F ; 2020_2022;64;Artisanes, commerçantes, cheffes d'entreprise;475,4620045;95394,3265;24,24699569
FE ; F ; 2020_2022;64;Cadres et prof. intellectuelles supérieures;352,5448318;96632,40982;25,15558451
FE ; F ; 2020_2022;64;Employées;532,2226062;94694,01071;23,9641958
FE ; F ; 2020_2022;64;Ensemble;586,3684806;93978,217;23,77908513
FE ; F ; 2020_2022;64;Inactives non retraitées;1207,985304;84560,32599;21,61079605
FE ; F ; 2020_2022;64;Ouvrières;704,3920693;92410,40117;23,04625257
FE ; F ; 2020_2022;64;Professions intermédiaires;424,1692176;95895,93186;24,6815633
FE ; F ; 2020_2022;65;Agricultrices;654,0017906;93132,84218;22,71128219
FE ; F ; 2020_2022;65;Artisanes, commerçantes, cheffes d'entreprise;519,7816686;94940,76272;23,36283169
FE ; F ; 2020_2022;65;Cadres et prof. intellectuelles supérieures;384,4665929;96291,73726;24,24458298
FE ; F ; 2020_2022;65;Employées;578,8107432;94190,02778;23,09242112
FE ; F ; 2020_2022;65;Ensemble;633,9662623;93427,15836;22,9193406
FE ; F ; 2020_2022;65;Inactives non retraitées;1261,831861;83538,84968;20,87504336
FE ; F ; 2020_2022;65;Ouvrières;756,3760528;91759,46964;22,20974014
FE ; F ; 2020_2022;65;Professions intermédiaires;462,4080241;95489,17084;23,78670085
FE ; F ; 2020_2022;66;Agricultrices;703,2849564;92523,75173;21,86079219
FE ; F ; 2020_2022;66;Artisanes, commerçantes, cheffes d'entreprise;566,909385;94447,27804;22,48490191
FE ; F ; 2020_2022;66;Cadres et prof. intellectuelles supérieures;419,2163673;95921,52769;23,33815506
FE ; F ; 2020_2022;66;Employées;627,9054356;93644,84578;22,22686068
FE ; F ; 2020_2022;66;Ensemble;680,6759231;92834,8617;22,06556852
FE ; F ; 2020_2022;66;Inactives non retraitées;1315,028851;82484,72985;20,14181755
FE ; F ; 2020_2022;66;Ouvrières;810,1415932;91065,42298;21,37900961
FE ; F ; 2020_2022;66;Professions intermédiaires;503,3531332;95047,62125;22,89720344
FE ; F ; 2020_2022;67;Agricultrices;755,6265916;91873,0461;21,01562476
FE ; F ; 2020_2022;67;Artisanes, commerçantes, cheffes d'entreprise;617,7388958;93911,84756;21,61309768
FE ; F ; 2020_2022;67;Cadres et prof. intellectuelles supérieures;457,7346369;95519,40895;22,4364043
FE ; F ; 2020_2022;67;Employées;680,4418895;93056,8447;21,36730621
FE ; F ; 2020_2022;67;Ensemble;730,156947;92202,95714;21,21679288
FE ; F ; 2020_2022;67;Inactives non retraitées;1369,494756;81400,03186;19,41021781
FE ; F ; 2020_2022;67;Ouvrières;866,8392538;90327,66411;20,55362448
FE ; F ; 2020_2022;67;Professions intermédiaires;547,9241982;94569,19607;22,0130403
FE ; F ; 2020_2022;68;Agricultrices;812,2274776;91178,82893;20,17563348
FE ; F ; 2020_2022;68;Artisanes, commerçantes, cheffes d'entreprise;673,321536;93331,71755;20,74744008
FE ; F ; 2020_2022;68;Cadres et prof. intellectuelles supérieures;500,9906683;95082,18353;21,53957574
FE ; F ; 2020_2022;68;Employées;737,5208341;92423,64695;20,5136944
FE ; F ; 2020_2022;68;Ensemble;783,4313001;91529,73085;20,37284822
FE ; F ; 2020_2022;68;Inactives non retraitées;1427,16233;80285,26269;18,67973068
FE ; F ; 2020_2022;68;Ouvrières;927,7866324;89544,66847;19,73334929
FE ; F ; 2020_2022;68;Professions intermédiaires;597,1321291;94051,02856;21,13431959
FE ; F ; 2020_2022;69;Agricultrices;874,7771038;90438,24943;19,34084743
FE ; F ; 2020_2022;69;Artisanes, commerçantes, cheffes d'entreprise;735,1532935;92703,29499;19,88808405
FE ; F ; 2020_2022;69;Cadres et prof. intellectuelles supérieures;550,3112212;94605,83066;20,64803036
FE ; F ; 2020_2022;69;Employées;800,7104773;91742,0033;19,66611128
FE ; F ; 2020_2022;69;Ensemble;846,1942929;90812,65829;19,53371578
FE ; F ; 2020_2022;69;Inactives non retraitées;1490,575846;79139,46167;17,95018052
FE ; F ; 2020_2022;69;Ouvrières;994,8352998;88713,885;18,9181472
FE ; F ; 2020_2022;69;Professions intermédiaires;652,3883897;93489,41965;20,26127751
FE ; F ; 2020_2022;70;Agricultrices;944,383383;89647,11633;18,51152983
FE ; F ; 2020_2022;70;Artisanes, commerçantes, cheffes d'entreprise;804,284887;92021,78367;19,03537476
FE ; F ; 2020_2022;70;Cadres et prof. intellectuelles supérieures;606,7359109;94085,20416;19,76228755
FE ; F ; 2020_2022;70;Employées;871,0706484;91007,41546;18,82485094
FE ; F ; 2020_2022;70;Ensemble;915,6996525;90044,20676;18,7004196
FE ; F ; 2020_2022;70;Inactives non retraitées;1561,023554;77959,82797;17,22179013
FE ; F ; 2020_2022;70;Ouvrières;1069,144977;87831,32796;18,10824275
FE ; F ; 2020_2022;70;Professions intermédiaires;714,7243424;92879,50553;19,39432774
FE ; F ; 2020_2022;71;Agricultrices;1023,257674;88800,50386;17,68801635
FE ; F ; 2020_2022;71;Artisanes, commerçantes, cheffes d'entreprise;882,7340794;91281,66637;18,18971474
FE ; F ; 2020_2022;71;Cadres et prof. intellectuelles supérieures;672,0877658;93514,35544;18,8829244
FE ; F ; 2020_2022;71;Employées;950,6906288;90214,67658;17,9902696
FE ; F ; 2020_2022;71;Ensemble;992,6209024;89219,67227;17,87324181
FE ; F ; 2020_2022;71;Inactives non retraitées;1641,417651;76742,85669;16,49488947
FE ; F ; 2020_2022;71;Ouvrières;1153,09684;86892,28373;17,30393838
FE ; F ; 2020_2022;71;Professions intermédiaires;786,0512464;92215,6731;18,53394157
FE ; F ; 2020_2022;72;Agricultrices;1113,523513;87891,84589;16,87088151
FE ; F ; 2020_2022;72;Artisanes, commerçantes, cheffes d'entreprise;972,4934135;90475,89199;17,35171155
FE ; F ; 2020_2022;72;Cadres et prof. intellectuelles supérieures;748,2504981;92885,8569;18,01069294
FE ; F ; 2020_2022;72;Employées;1041,601853;89357,0141;17,162943
FE ; F ; 2020_2022;72;Ensemble;1077,870935;88334,05915;17,05243404
FE ; F ; 2020_2022;72;Inactives non retraitées;1734,203367;75483,18589;15,7701578
FE ; F ; 2020_2022;72;Ouvrières;1248,928525;85890,33155;16,50579718
FE ; F ; 2020_2022;72;Professions intermédiaires;868,2881507;91490,81065;17,68078209
FE ; F ; 2020_2022;73;Agricultrices;1218,971567;86913,14952;16,06085818
FE ; F ; 2020_2022;73;Artisanes, commerçantes, cheffes d'entreprise;1077,05819;89596,0199;16,52211295
FE ; F ; 2020_2022;73;Cadres et prof. intellectuelles supérieures;838,364116;92190,83801;17,14647402
FE ; F ; 2020_2022;73;Employées;1147,413181;88426,26979;16,3435942
FE ; F ; 2020_2022;73;Ensemble;1177,909901;87381,932;16,23824002
FE ; F ; 2020_2022;73;Inactives non retraitées;1844,078386;74174,15394;15,04847092
FE ; F ; 2020_2022;73;Ouvrières;1360,69563;84817,6227;15,71454996
FE ; F ; 2020_2022;73;Professions intermédiaires;964,7361095;90696,40678;16,8356469
FE ; F ; 2020_2022;74;Agricultrices;1341,83734;85853,70294;15,2590514
FE ; F ; 2020_2022;74;Artisanes, commerçantes, cheffes d'entreprise;1198,606265;88631,01863;15,70200324
FE ; F ; 2020_2022;74;Cadres et prof. intellectuelles supérieures;944,6765069;91417,94311;16,29143924
FE ; F ; 2020_2022;74;Employées;1270,289087;87411,65511;15,53329945
FE ; F ; 2020_2022;74;Ensemble;1298,073501;86352,65157;15,43179173
FE ; F ; 2020_2022;74;Inactives non retraitées;1972,942922;72806,3244;14,33119009
FE ; F ; 2020_2022;74;Ouvrières;1490,648326;83663,51301;14,93132683
FE ; F ; 2020_2022;74;Professions intermédiaires;1077,571207;89821,4258;15,99964865
FE ; F ; 2020_2022;75;Agricultrices;1485,040361;84701,6859;14,46658785
FE ; F ; 2020_2022;75;Artisanes, commerçantes, cheffes d'entreprise;1339,909944;87568,68169;14,89249164
FE ; F ; 2020_2022;75;Cadres et prof. intellectuelles supérieures;1070,005727;90554,33928;15,44680838
FE ; F ; 2020_2022;75;Employées;1413,014712;86301,2744;14,73315602
FE ; F ; 2020_2022;75;Ensemble;1443,874611;85231,73069;14,63474217
FE ; F ; 2020_2022;75;Inactives non retraitées;2123,491267;71369,89718;13,61962698
FE ; F ; 2020_2022;75;Ouvrières;1641,750155;82416,38426;14,1572684
FE ; F ; 2020_2022;75;Professions intermédiaires;1209,553287;88853,53597;15,17393431
FE ; F ; 2020_2022;76;Agricultrices;1650,830733;83443,83168;13,68466099
FE ; F ; 2020_2022;76;Artisanes, commerçantes, cheffes d'entreprise;1503,097062;86395,34021;14,09474767
FE ; F ; 2020_2022;76;Cadres et prof. intellectuelles supérieures;1216,755375;89585,40266;14,61387776
FE ; F ; 2020_2022;76;Employées;1577,693987;85081,82469;13,94432148
FE ; F ; 2020_2022;76;Ensemble;1608,452898;84001,09137;13,84914521
FE ; F ; 2020_2022;76;Inactives non retraitées;2297,238685;69854,36364;12,9151132
FE ; F ; 2020_2022;76;Ouvrières;1816,173366;81063,31314;13,39357493
FE ; F ; 2020_2022;76;Professions intermédiaires;1362,913395;87778,80511;14,35971829
FE ; F ; 2020_2022;77;Agricultrices;1843,923062;82066,31526;12,91436358
FE ; F ; 2020_2022;77;Artisanes, commerçantes, cheffes d'entreprise;1692,457181;85096,73439;13,30983843
FE ; F ; 2020_2022;77;Cadres et prof. intellectuelles supérieures;1389,160738;88495,36746;13,79388313
FE ; F ; 2020_2022;77;Employées;1768,714169;83739,49386;13,16784674
FE ; F ; 2020_2022;77;Ensemble;1796,155896;82649,97338;13,0755437
FE ; F ; 2020_2022;77;Inactives non retraitées;2498,944186;68249,64218;12,21878013
FE ; F ; 2020_2022;77;Ouvrières;2018,751454;79591,06284;12,64132505
FE ; F ; 2020_2022;77;Professions intermédiaires;1541,894378;86582,45602;13,55813303
FE ; F ; 2020_2022;78;Agricultrices;2068,722022;80553,07554;12,15696795
FE ; F ; 2020_2022;78;Artisanes, commerçantes, cheffes d'entreprise;1911,910558;83656,5086;12,53897986
FE ; F ; 2020_2022;78;Cadres et prof. intellectuelles supérieures;1591,273113;87266,02456;12,98820174
FE ; F ; 2020_2022;78;Employées;1990,083207;82258,38157;12,40494185
FE ; F ; 2020_2022;78;Ensemble;2010,213436;81165,45101;12,3146964
FE ; F ; 2020_2022;78;Inactives non retraitées;2732,561621;66544,12171;11,53194647
FE ; F ; 2020_2022;78;Ouvrières;2253,895269;77984,3171;11,90177992
FE ; F ; 2020_2022;78;Professions intermédiaires;1750,475574;85247,44599;12,77045897
FE ; F ; 2020_2022;79;Agricultrices;2333,820126;78886,65633;11,41377443
FE ; F ; 2020_2022;79;Artisanes, commerçantes, cheffes d'entreprise;2169,103734;82057,07098;11,78338679
FE ; F ; 2020_2022;79;Cadres et prof. intellectuelles supérieures;1830,351798;85877,38377;12,19822149
FE ; F ; 2020_2022;79;Employées;2249,712857;80621,37133;11,65682316
FE ; F ; 2020_2022;79;Ensemble;2268,203862;79533,85221;11,56732649
FE ; F ; 2020_2022;79;Inactives non retraitées;3007,171576;64725,76258;10,8559167
FE ; F ; 2020_2022;79;Ouvrières;2530,484254;76226,63226;11,17621914
FE ; F ; 2020_2022;79;Professions intermédiaires;1996,127083;83755,21027;11,99798553
FE ; F ; 2020_2022;80;Agricultrices;2645,935097;77045,58367;10,68651671
FE ; F ; 2020_2022;80;Artisanes, commerçantes, cheffes d'entreprise;2469,75256;80277,16799;11,04464769
FE ; F ; 2020_2022;80;Cadres et prof. intellectuelles supérieures;2112,177985;84305,52553;11,42565468
FE ; F ; 2020_2022;80;Employées;2553,539922;78807,62197;10,92510376
FE ; F ; 2020_2022;80;Ensemble;2574,221178;77729,8623;10,83578625
FE ; F ; 2020_2022;80;Inactives non retraitées;3328,794606;62779,34785;10,19249421
FE ; F ; 2020_2022;80;Ouvrières;2855,223593;74297,72934;10,46637393
FE ; F ; 2020_2022;80;Professions intermédiaires;2284,654375;82083,34984;11,24235856
FE ; F ; 2020_2022;81;Agricultrices;3013,400139;75007,00753;9,976959946
FE ; F ; 2020_2022;81;Artisanes, commerçantes, cheffes d'entreprise;2820,739802;78294,52058;10,32433063
FE ; F ; 2020_2022;81;Cadres et prof. intellectuelles supérieures;2443,540887;82524,84278;10,67219216
FE ; F ; 2020_2022;81;Employées;2908,800503;76795,23789;10,2113911
FE ; F ; 2020_2022;81;Ensemble;2942,295555;75728,92372;10,12209354
FE ; F ; 2020_2022;81;Inactives non retraitées;3705,106003;60689,5523;9,543464486
FE ; F ; 2020_2022;81;Ouvrières;3236,453118;72176,36304;9,773995594
FE ; F ; 2020_2022;81;Professions intermédiaires;2623,016931;80208,02899;10,50521291
FE ; F ; 2020_2022;82;Agricultrices;3445,379579;72746,74626;9,286946815
FE ; F ; 2020_2022;82;Artisanes, commerçantes, cheffes d'entreprise;3229,439834;76086,03587;9,624006206
FE ; F ; 2020_2022;82;Cadres et prof. intellectuelles supérieures;2831,717162;80508,31451;9,939503394
FE ; F ; 2020_2022;82;Employées;3323,308348;74561,41762;9,517318929
FE ; F ; 2020_2022;82;Ensemble;3366,928556;73500,75497;9,428943889
FE ; F ; 2020_2022;82;Inactives non retraitées;4144,340657;58440,94006;8,910665134
FE ; F ; 2020_2022;82;Ouvrières;3683,263461;69840,40889;9,100906704
FE ; F ; 2020_2022;82;Professions intermédiaires;3018,734104;78104,15881;9,788188936
FE ; F ; 2020_2022;83;Agricultrices;3952,53937;70240,34472;8,618334964
FE ; F ; 2020_2022;83;Artisanes, commerçantes, cheffes d'entreprise;3705,090291;73628,88312;8,945179804
FE ; F ; 2020_2022;83;Cadres et prof. intellectuelles supérieures;3286,194261;78228,54675;9,229164398
FE ; F ; 2020_2022;83;Employées;3806,603986;72083,5118;8,844481401
FE ; F ; 2020_2022;83;Ensemble;3854,386673;71026,03706;8,757470965
FE ; F ; 2020_2022;83;Inactives non retraitées;4655,869679;56018,94842;8,295919715
FE ; F ; 2020_2022;83;Ouvrières;4206,115191;67268,00263;8,448935908
FE ; F ; 2020_2022;83;Professions intermédiaires;3481,321382;75746,40194;9,092865715
FE ; F ; 2020_2022;84;Agricultrices;4545,396547;67464,06744;7,97299617
FE ; F ; 2020_2022;84;Artisanes, commerçantes, cheffes d'entreprise;4257,023379;70900,86652;8,28935894
FE ; F ; 2020_2022;84;Cadres et prof. intellectuelles supérieures;3817,009937;75657,80474;8,542757962
FE ; F ; 2020_2022;84;Employées;4368,212952;69339,57797;8,194478797
FE ; F ; 2020_2022;84;Ensemble;4420,928258;68288,41895;8,108549691
FE ; F ; 2020_2022;84;Inactives non retraitées;5248,313513;53410,77918;7,701028251
FE ; F ; 2020_2022;84;Ouvrières;4815,079433;64438,63295;7,819911547
FE ; F ; 2020_2022;84;Professions intermédiaires;4020,621845;73109,42625;8,420835268
FE ; F ; 2020_2022;85;Agricultrices;5238,525171;64397,55805;7,35265758
FE ; F ; 2020_2022;85;Artisanes, commerçantes, cheffes d'entreprise;4898,518905;67882,60006;7,657929002
FE ; F ; 2020_2022;85;Cadres et prof. intellectuelles supérieures;4438,143183;72769,93881;7,881776244
FE ; F ; 2020_2022;85;Employées;5021,636759;66310,67755;7,568781417
FE ; F ; 2020_2022;85;Ensemble;5087,316201;65269,43694;7,483603725
FE ; F ; 2020_2022;85;Inactives non retraitées;5934,484328;50607,61404;7,127589636
FE ; F ; 2020_2022;85;Ouvrières;5524,288122;61335,86159;7,215494115
FE ; F ; 2020_2022;85;Professions intermédiaires;4650,441839;70169,97269;7,773588066
FE ; F ; 2020_2022;86;Agricultrices;6049,084869;61024,07576;6,759121091
FE ; F ; 2020_2022;86;Artisanes, commerçantes, cheffes d'entreprise;5645,564709;64557,35806;7,052376171
FE ; F ; 2020_2022;86;Cadres et prof. intellectuelles supérieures;5166,602063;69540,30473;7,247826598
FE ; F ; 2020_2022;86;Employées;5783,023813;62980,79619;6,968953305
FE ; F ; 2020_2022;86;Ensemble;5868,61951;61948,9743;6,884724597
FE ; F ; 2020_2022;86;Inactives non retraitées;6729,41955;47604,31312;6,577261002
FE ; F ; 2020_2022;86;Ouvrières;6350,280009;57947,49187;6,637406452
FE ; F ; 2020_2022;86;Professions intermédiaires;5387,478762;66906,75892;7,152725839
FE ; F ; 2020_2022;87;Agricultrices;6995,723421;57332,67763;6,194311074
FE ; F ; 2020_2022;87;Artisanes, commerçantes, cheffes d'entreprise;6516,034822;60912,73064;6,474345164
FE ; F ; 2020_2022;87;Cadres et prof. intellectuelles supérieures;6021,841911;65947,43391;6,642694194
FE ; F ; 2020_2022;87;Employées;6670,26194;59338,60175;6,39670661
FE ; F ; 2020_2022;87;Ensemble;6776,300393;58313,42471;6,313952649
FE ; F ; 2020_2022;87;Inactives non retraitées;7649,058592;44400,81916;6,051806658
FE ; F ; 2020_2022;87;Ouvrières;7310,775699;54267,66388;6,087481365
FE ; F ; 2020_2022;87;Professions intermédiaires;6250,618599;63302,17149;6,560020329
FE ; F ; 2020_2022;88;Agricultrices;8096,97907;53321,84207;5,660243272
FE ; F ; 2020_2022;88;Artisanes, commerçantes, cheffes d'entreprise;7528,501885;56943,6359;5,925621042
FE ; F ; 2020_2022;88;Cadres et prof. intellectuelles supérieures;7024,824272;61976,1837;6,068338355
FE ; F ; 2020_2022;88;Employées;7701,676006;55380,56158;5,853878242
FE ; F ; 2020_2022;88;Ensemble;7828,303193;54361,93188;5,77290504
FE ; F ; 2020_2022;88;Inactives non retraitées;8708,526796;41004,57449;5,553053565
FE ; F ; 2020_2022;88;Ouvrières;8422,95753;50300,2767;5,567625752
FE ; F ; 2020_2022;88;Professions intermédiaires;7259,862737;59345,39419;5,997401189
FE ; F ; 2020_2022;89;Agricultrices;9365,623892;49004,38368;5,158930593
FE ; F ; 2020_2022;89;Artisanes, commerçantes, cheffes d'entreprise;8697,399156;52656,6332;5,408051306
FE ; F ; 2020_2022;89;Cadres et prof. intellectuelles supérieures;8193,60944;57622,4657;5,526837199
FE ; F ; 2020_2022;89;Employées;8890,967667;51115,33015;5,342345114
FE ; F ; 2020_2022;89;Ensemble;9048,064552;50106,31503;5,263207948
FE ; F ; 2020_2022;89;Inactives non retraitées;9916,285822;37433,68013;5,082773528
FE ; F ; 2020_2022;89;Ouvrières;9697,585651;46063,50575;5,0797178
FE ; F ; 2020_2022;89;Professions intermédiaires;8431,686751;55037,00003;5,466888411
FE ; F ; 2020_2022;90;Agricultrices;10806,96525;44414,81741;4,692024169
FE ; F ; 2020_2022;90;Artisanes, commerçantes, cheffes d'entreprise;10031,97818;48076,87563;4,923217143
FE ; F ; 2020_2022;90;Cadres et prof. intellectuelles supérieures;9542,337867;52901,10591;5,020100742
FE ; F ; 2020_2022;90;Employées;10246,02438;46570,68268;4,8636833
FE ; F ; 2020_2022;90;Ensemble;10455,9843;45572,6633;4,786801481
FE ; F ; 2020_2022;90;Inactives non retraitées;11272,9217;33721,64942;4,642277935
FE ; F ; 2020_2022;90;Ouvrières;11137,35208;41596,45783;4,625229222
FE ; F ; 2020_2022;90;Professions intermédiaires;9777,953799;50396,45259;4,970284061
FE ; F ; 2020_2022;91;Agricultrices;12415,66805;39614,92353;-
FE ; F ; 2020_2022;91;Artisanes, commerçantes, cheffes d'entreprise;11533,91316;43253,81395;-
FE ; F ; 2020_2022;91;Cadres et prof. intellectuelles supérieures;11078,88439;47853,10365;-
FE ; F ; 2020_2022;91;Employées;11766,33913;41799,03918;-
FE ; F ; 2020_2022;91;Ensemble;12039,52435;40807,59279;-
FE ; F ; 2020_2022;91;Inactives non retraitées;12768,45772;29920,23429;-
FE ; F ; 2020_2022;91;Ouvrières;12733,76856;36963,71387;-
FE ; F ; 2020_2022;91;Professions intermédiaires;11303,46767;45468,71074;-
FE ; F ; 2020_2022;92;Agricultrices;14173,5353;34696,46613;-
FE ; F ; 2020_2022;92;Artisanes, commerçantes, cheffes d'entreprise;13195,71096;38264,95661;-
FE ; F ; 2020_2022;92;Cadres et prof. intellectuelles supérieures;12803,1687;42551,51362;-
FE ; F ; 2020_2022;92;Employées;13441,2769;36880,82247;-
FE ; F ; 2020_2022;92;Ensemble;13775,32593;35894,55272;-
FE ; F ; 2020_2022;92;Inactives non retraitées;14380,79166;26099,88182;-
FE ; F ; 2020_2022;92;Ouvrières;14465,13574;32256,84009;-
FE ; F ; 2020_2022;92;Professions intermédiaires;13004,23651;40329,16972;-
FE ; F ; 2020_2022;93;Agricultrices;16051,09952;29778,75025;-
FE ; F ; 2020_2022;93;Artisanes, commerçantes, cheffes d'entreprise;15002,45397;33215,62354;-
FE ; F ; 2020_2022;93;Cadres et prof. intellectuelles supérieures;14708,61791;37103,57155;-
FE ; F ; 2020_2022;93;Employées;15251,78692;31923,569;-
FE ; F ; 2020_2022;93;Ensemble;15632,31493;30949,96109;-
FE ; F ; 2020_2022;93;Inactives non retraitées;16077,98889;22346,51219;-
FE ; F ; 2020_2022;93;Ouvrières;16298,46819;27590,84439;-
FE ; F ; 2020_2022;93;Professions intermédiaires;14868,97376;35084,66911;-
FE ; F ; 2020_2022;94;Agricultrices;18041,90329;24998,93341;-
FE ; F ; 2020_2022;94;Artisanes, commerçantes, cheffes d'entreprise;16991,84048;28232,46491;-
FE ; F ; 2020_2022;94;Cadres et prof. intellectuelles supérieures;16697,60731;31646,14898;-
FE ; F ; 2020_2022;94;Employées;17241,51042;27054,65428;-
FE ; F ; 2020_2022;94;Ensemble;17614,51316;26111,7657;-
FE ; F ; 2020_2022;94;Inactives non retraitées;18068,829;18753,64245;-
FE ; F ; 2020_2022;94;Ouvrières;18289,60628;23093,95939;-
FE ; F ; 2020_2022;94;Professions intermédiaires;16858,17988;29867,93886;-
FE ; F ; 2020_2022;95;Agricultrices;20164,48053;20488,65002;-
FE ; F ; 2020_2022;95;Artisanes, commerçantes, cheffes d'entreprise;19113,51653;23435,24951;-
FE ; F ; 2020_2022;95;Cadres et prof. intellectuelles supérieures;18819,03084;26361,9993;-
FE ; F ; 2020_2022;95;Employées;19363,40074;22390,02324;-
FE ; F ; 2020_2022;95;Ensemble;19733,79242;21512,3053;-
FE ; F ; 2020_2022;95;Inactives non retraitées;20191,42935;15365,07886;-
FE ; F ; 2020_2022;95;Ouvrières;20412,3961;18870,16515;-
FE ; F ; 2020_2022;95;Professions intermédiaires;18979,74122;24832,748;-
FE ; F ; 2020_2022;96;Agricultrices;22437,68646;16357,22018;-
FE ; F ; 2020_2022;96;Artisanes, commerçantes, cheffes d'entreprise;21386,11343;18955,94922;-
FE ; F ; 2020_2022;96;Cadres et prof. intellectuelles supérieures;21091,45709;21400,92652;-
FE ; F ; 2020_2022;96;Employées;21636,14244;18054,55332;-
FE ; F ; 2020_2022;96;Ensemble;22007,07474;17267,11162;-
FE ; F ; 2020_2022;96;Inactives non retraitées;22464,65089;12262,64982;-
FE ; F ; 2020_2022;96;Ouvrières;22685,74569;15018,31229;-
FE ; F ; 2020_2022;96;Professions intermédiaires;21252,2606;20119,55669;-
FE ; F ; 2020_2022;97;Agricultrices;24812,67258;12687,0384;-
FE ; F ; 2020_2022;97;Artisanes, commerçantes, cheffes d'entreprise;23760,58283;14902,00842;-
FE ; F ; 2020_2022;97;Cadres et prof. intellectuelles supérieures;23465,7817;16887,15929;-
FE ; F ; 2020_2022;97;Employées;24010,7347;14148,24444;-
FE ; F ; 2020_2022;97;Ensemble;24382,16281;13467,12546;-
FE ; F ; 2020_2022;97;Inactives non retraitées;24839,65026;9507,888347;-
FE ; F ; 2020_2022;97;Ouvrières;25060,8537;11611,29616;-
FE ; F ; 2020_2022;97;Professions intermédiaires;23626,66423;15843,69607;-
FE ; F ; 2020_2022;98;Agricultrices;27192,92931;9539,045104;-
FE ; F ; 2020_2022;98;Artisanes, commerçantes, cheffes d'entreprise;26140,39978;11361,20436;-
FE ; F ; 2020_2022;98;Cadres et prof. intellectuelles supérieures;25845,47542;12924,45535;-
FE ; F ; 2020_2022;98;Employées;26390,65622;10751,14701;-
FE ; F ; 2020_2022;98;Ensemble;26762,20794;10183,54901;-
FE ; F ; 2020_2022;98;Inactives non retraitées;27219,91827;7146,162134;-
FE ; F ; 2020_2022;98;Ouvrières;27441,21418;8701,406215;-
FE ; F ; 2020_2022;98;Professions intermédiaires;26006,4252;12100,3592;-
FE ; F ; 2020_2022;99;Agricultrices;29634,92465;6945,099312;-
FE ; F ; 2020_2022;99;Artisanes, commerçantes, cheffes d'entreprise;28582,01912;8391,340123;-
FE ; F ; 2020_2022;99;Cadres et prof. intellectuelles supérieures;28286,9894;9584,068421;-
FE ; F ; 2020_2022;99;Employées;28832,36496;7913,848759;-
FE ; F ; 2020_2022;99;Ensemble;29204,04452;7458,206447;-
FE ; F ; 2020_2022;99;Inactives non retraitées;29661,92325;5200,982642;-
FE ; F ; 2020_2022;99;Ouvrières;29883,29821;6313,634699;-
FE ; F ; 2020_2022;99;Professions intermédiaires;28447,99667;8953,488336;-
FE ; F ; 2020_2022;100;Agricultrices;32119,57652;4886,924364;-
FE ; F ; 2020_2022;100;Artisanes, commerçantes, cheffes d'entreprise;31066,34759;5992,925685;-
FE ; F ; 2020_2022;100;Cadres et prof. intellectuelles supérieures;30771,22725;6873,024003;-
FE ; F ; 2020_2022;100;Employées;31316,77032;5632,099003;-
FE ; F ; 2020_2022;100;Ensemble;31688,55654;5280,108515;-
FE ; F ; 2020_2022;100;Inactives non retraitées;32146,58342;3658,271162;-
FE ; F ; 2020_2022;100;Ouvrières;32368,02637;4426,912414;-
FE ; F ; 2020_2022;100;Professions intermédiaires;30932,28398;6406,400272;-
FE ; F ; 2020_2022;101;Agricultrices;34674,75659;3317,264953;-
FE ; F ; 2020_2022;101;Artisanes, commerçantes, cheffes d'entreprise;33621,24863;4131,14256;-
FE ; F ; 2020_2022;101;Cadres et prof. intellectuelles supérieures;33326,05011;4758,110168;-
FE ; F ; 2020_2022;101;Employées;33871,73771;3868,307494;-
FE ; F ; 2020_2022;101;Ensemble;34243,77036;3606,918343;-
FE ; F ; 2020_2022;101;Inactives non retraitées;34701,77064;2482,261971;-
FE ; F ; 2020_2022;101;Ouvrières;34923,27226;2994,008236;-
FE ; F ; 2020_2022;101;Professions intermédiaires;33487,14951;4424,754347;-
FE ; F ; 2020_2022;102;Agricultrices;37268,04993;2167,011405;-
FE ; F ; 2020_2022;102;Artisanes, commerçantes, cheffes d'entreprise;36214,30398;2742,200849;-
FE ; F ; 2020_2022;102;Cadres et prof. intellectuelles supérieures;35919,03877;3172,419989;-
FE ; F ; 2020_2022;102;Employées;36464,84964;2558,044526;-
FE ; F ; 2020_2022;102;Ensemble;36837,31745;2371,773509;-
FE ; F ; 2020_2022;102;Inactives non retraitées;37295,07009;1620,873115;-
FE ; F ; 2020_2022;102;Ouvrières;37516,62175;1948,402588;-
FE ; F ; 2020_2022;102;Professions intermédiaires;36080,17456;2943,030243;-
FE ; F ; 2020_2022;103;Agricultrices;39770,76269;1359,408513;-
FE ; F ; 2020_2022;103;Artisanes, commerçantes, cheffes d'entreprise;38716,81583;1749,131898;-
FE ; F ; 2020_2022;103;Cadres et prof. intellectuelles supérieures;38421,49432;2032,917223;-
FE ; F ; 2020_2022;103;Employées;38967,40926;1625,257436;-
FE ; F ; 2020_2022;103;Ensemble;39340,2538;1498,075772;-
FE ; F ; 2020_2022;103;Inactives non retraitées;39797,78799;1016,367351;-
FE ; F ; 2020_2022;103;Ouvrières;40019,38189;1217,427759;-
FE ; F ; 2020_2022;103;Professions intermédiaires;38582,66084;1881,179794;-
FE ; F ; 2020_2022;104;Agricultrices;42043,24507;818,7613793;-
FE ; F ; 2020_2022;104;Artisanes, commerçantes, cheffes d'entreprise;40989,20466;1071,923722;-
FE ; F ; 2020_2022;104;Cadres et prof. intellectuelles supérieures;40693,85694;1251,840048;-
FE ; F ; 2020_2022;104;Employées;41239,82034;991,9367192;-
FE ; F ; 2020_2022;104;Ensemble;41615,66712;908,7289613;-
FE ; F ; 2020_2022;104;Inactives non retraitées;42070,27278;611,8756274;-
FE ; F ; 2020_2022;104;Ouvrières;42291,88635;730,220695;-
FE ; F ; 2020_2022;104;Professions intermédiaires;40855,03776;1155,370575;-
FE ; F ; 2020_2022;105;Agricultrices;44076,5259;474,527526;-
FE ; F ; 2020_2022;105;Artisanes, commerçantes, cheffes d'entreprise;43022,40084;632,5507139;-
FE ; F ; 2020_2022;105;Cadres et prof. intellectuelles supérieures;42727,0294;742,4180496;-
FE ; F ; 2020_2022;105;Employées;43273,03664;582,8637983;-
FE ; F ; 2020_2022;105;Ensemble;43651,18862;530,5553417;-
FE ; F ; 2020_2022;105;Inactives non retraitées;44103,55578;354,4578819;-
FE ; F ; 2020_2022;105;Ouvrières;44325,18715;421,3965886;-
FE ; F ; 2020_2022;105;Professions intermédiaires;42888,22316;683,34349;-
FE ; F ; 2017_2019;30;Agricultrices;30,42163401;100000;56,33169386
FE ; F ; 2017_2019;30;Artisanes, commerçantes, cheffes d'entreprise;29,62036941;100000;56,93181386
FE ; F ; 2017_2019;30;Cadres et prof. intellectuelles supérieures;17,02417938;100000;58,21917415
FE ; F ; 2017_2019;30;Employées;30,42163401;100000;56,42442978
FE ; F ; 2017_2019;30;Ensemble;29,59513385;100000;56,02907619
FE ; F ; 2017_2019;30;Inactives non retraitées;71,38323353;100000;51,87873379
FE ; F ; 2017_2019;30;Ouvrières;33,28244287;100000;54,7029337
FE ; F ; 2017_2019;30;Professions intermédiaires;23,4943046;100000;57,86211921
FE ; F ; 2017_2019;31;Agricultrices;31,98160456;99969,57837;55,34883609
FE ; F ; 2017_2019;31;Artisanes, commerçantes, cheffes d'entreprise;31,13925246;99970,37963;55,94868227
FE ; F ; 2017_2019;31;Cadres et prof. intellectuelles supérieures;17,89715085;99982,97582;57,22908718
FE ; F ; 2017_2019;31;Employées;31,98160456;99969,57837;55,44160024
FE ; F ; 2017_2019;31;Ensemble;31,11272286;99970,40487;55,04566298
FE ; F ; 2017_2019;31;Inactives non retraitées;75,04364646;99928,61677;50,91579296
FE ; F ; 2017_2019;31;Ouvrières;34,98911092;99966,71756;53,72114624
FE ; F ; 2017_2019;31;Professions intermédiaires;24,69905328;99976,5057;56,87571671
FE ; F ; 2017_2019;32;Agricultrices;34,05181675;99937,60649;54,3665432
FE ; F ; 2017_2019;32;Artisanes, commerçantes, cheffes d'entreprise;33,15493806;99939,2496;54,9661097
FE ; F ; 2017_2019;32;Cadres et prof. intellectuelles supérieures;19,05565744;99965,08172;56,23933139
FE ; F ; 2017_2019;32;Employées;34,05181675;99937,60649;54,45933702
FE ; F ; 2017_2019;32;Ensemble;33,12669117;99939,30135;54,06279451
FE ; F ; 2017_2019;32;Inactives non retraitées;79,90132242;99853,62669;49,95403072
FE ; F ; 2017_2019;32;Ouvrières;37,25400303;99931,74009;52,73994937
FE ; F ; 2017_2019;32;Professions intermédiaires;26,29785615;99951,81244;55,88976794
FE ; F ; 2017_2019;33;Agricultrices;36,49789354;99903,57592;53,3850623
FE ; F ; 2017_2019;33;Artisanes, commerçantes, cheffes d'entreprise;35,53658851;99906,11481;53,98433972
FE ; F ; 2017_2019;33;Cadres et prof. intellectuelles supérieures;20,42450075;99946,03271;55,2500502
FE ; F ; 2017_2019;33;Employées;36,49789354;99903,57592;53,47788773
FE ; F ; 2017_2019;33;Ensemble;35,50631253;99906,19477;53,08070966
FE ; F ; 2017_2019;33;Inactives non retraitées;85,64095069;99773,84232;48,99397657
FE ; F ; 2017_2019;33;Ouvrières;39,93010554;99894,51152;51,75960443
FE ; F ; 2017_2019;33;Professions intermédiaires;28,18693525;99925,52726;54,90446962
FE ; F ; 2017_2019;34;Agricultrices;40,31735844;99867,11322;52,40455384
FE ; F ; 2017_2019;34;Artisanes, commerçantes, cheffes d'entreprise;39,25545388;99870,61158;53,00353073
FE ; F ; 2017_2019;34;Cadres et prof. intellectuelles supérieures;22,56190256;99925,61923;54,26133706
FE ; F ; 2017_2019;34;Employées;40,31735844;99867,11322;52,49741316
FE ; F ; 2017_2019;34;Ensemble;39,22200955;99870,72176;52,09956336
FE ; F ; 2017_2019;34;Inactives non retraitées;94,60318313;99688,39505;48,03597144
FE ; F ; 2017_2019;34;Ouvrières;44,1087477;99854,62353;50,78028035
FE ; F ; 2017_2019;34;Professions intermédiaires;31,1366674;99897,36132;53,91994987
FE ; F ; 2017_2019;35;Agricultrices;44,48439585;99826,84944;51,42569049
FE ; F ; 2017_2019;35;Artisanes, commerçantes, cheffes d'entreprise;43,31273717;99831,40692;52,02434568
FE ; F ; 2017_2019;35;Cadres et prof. intellectuelles supérieures;24,89380861;99903,07411;53,27358221
FE ; F ; 2017_2019;35;Employées;44,48439585;99826,84944;51,51858727
FE ; F ; 2017_2019;35;Ensemble;43,27583617;99831,55046;51,12000587
FE ; F ; 2017_2019;35;Inactives non retraitées;104,3809815;99594,08666;47,08145803
FE ; F ; 2017_2019;35;Ouvrières;48,6676476;99810,57891;49,80268878
FE ; F ; 2017_2019;35;Professions intermédiaires;34,3548261;99866,25661;52,93674398
FE ; F ; 2017_2019;36;Agricultrices;47,97276587;99782,44207;50,44857708
FE ; F ; 2017_2019;36;Artisanes, commerçantes, cheffes d'entreprise;46,68511696;99788,1672;51,04688861
FE ; F ; 2017_2019;36;Cadres et prof. intellectuelles supérieures;27,27321375;99878,20443;52,28684734
FE ; F ; 2017_2019;36;Employées;47,97276587;99782,44207;50,5415152
FE ; F ; 2017_2019;36;Ensemble;47,74060651;99788,34752;50,14213806
FE ; F ; 2017_2019;36;Inactives non retraitées;117,9213476;99490,12937;46,13065347
FE ; F ; 2017_2019;36;Ouvrières;53,76097025;99762,00345;48,82693838
FE ; F ; 2017_2019;36;Professions intermédiaires;37,11507414;99831,94773;51,95493655
FE ; F ; 2017_2019;37;Agricultrices;51,25342354;99734,57367;49,47279028
FE ; F ; 2017_2019;37;Artisanes, commerçantes, cheffes d'entreprise;49,85586406;99741,58098;50,07073104
FE ; F ; 2017_2019;37;Cadres et prof. intellectuelles supérieures;29,71269685;99850,96444;51,30111153
FE ; F ; 2017_2019;37;Employées;51,25342354;99734,57367;49,565773
FE ; F ; 2017_2019;37;Ensemble;52,17833827;99740,70796;49,16608765
FE ; F ; 2017_2019;37;Inactives non retraitées;131,9427626;99372,80927;45,18511558
FE ; F ; 2017_2019;37;Ouvrières;58,83723748;99708,37043;47,85320234
FE ; F ; 2017_2019;37;Professions intermédiaires;39,78193674;99794,89503;50,97422683
FE ; F ; 2017_2019;38;Agricultrices;55,06648207;99683,45629;48,49815978
FE ; F ; 2017_2019;38;Artisanes, commerçantes, cheffes d'entreprise;53,54493451;99691,85395;49,09570669
FE ; F ; 2017_2019;38;Cadres et prof. intellectuelles supérieures;32,65270588;99821,29602;50,316359
FE ; F ; 2017_2019;38;Employées;55,06648207;99683,45629;48,59119018
FE ; F ; 2017_2019;38;Ensemble;56,94442753;99688,66491;48,19175509
FE ; F ; 2017_2019;38;Inactives non retraitées;148,3394762;99241,69404;44,24481284
FE ; F ; 2017_2019;38;Ouvrières;64,74487196;99649,70478;46,88137442
FE ; F ; 2017_2019;38;Professions intermédiaires;42,93265621;99755,19469;49,99451343
FE ; F ; 2017_2019;39;Agricultrices;59,17118658;99628,56411;47,52488072
FE ; F ; 2017_2019;39;Artisanes, commerçantes, cheffes d'entreprise;57,51765188;99638,47402;48,12200904
FE ; F ; 2017_2019;39;Cadres et prof. intellectuelles supérieures;35,97535468;99788,70167;49,33279402
FE ; F ; 2017_2019;39;Employées;59,17118658;99628,56411;47,61796238
FE ; F ; 2017_2019;39;Ensemble;62,01273736;99631,89777;47,21921325
FE ; F ; 2017_2019;39;Inactives non retraitées;166,5669277;99094,47943;43,31054286
FE ; F ; 2017_2019;39;Ouvrières;71,22997516;99585,1867;45,91174737
FE ; F ; 2017_2019;39;Professions intermédiaires;46,38482983;99712,36713;49,01598662
FE ; F ; 2017_2019;40;Agricultrices;63,86393895;99569,61271;46,55301841
FE ; F ; 2017_2019;40;Artisanes, commerçantes, cheffes d'entreprise;62,06154754;99581,16431;47,14970362
FE ; F ; 2017_2019;40;Cadres et prof. intellectuelles supérieures;39,88219664;99752,80233;48,35054806
FE ; F ; 2017_2019;40;Employées;63,86393895;99569,61271;46,64615518
FE ; F ; 2017_2019;40;Ensemble;68,16012879;99570,11331;46,24851335
FE ; F ; 2017_2019;40;Inactives non retraitées;187,5021853;98929,4208;42,38280427
FE ; F ; 2017_2019;40;Ouvrières;78,66883705;99514,2522;44,9444736
FE ; F ; 2017_2019;40;Professions intermédiaires;50,37470262;99666,11572;48,03873316
FE ; F ; 2017_2019;41;Agricultrices;69,14696441;99506,02363;45,582768
FE ; F ; 2017_2019;41;Artisanes, commerçantes, cheffes d'entreprise;67,17789177;99519,36269;46,17898362
FE ; F ; 2017_2019;41;Cadres et prof. intellectuelles supérieures;44,40234894;99713,01872;47,36983901
FE ; F ; 2017_2019;41;Employées;69,14696441;99506,02363;45,67596429
FE ; F ; 2017_2019;41;Ensemble;75,15962084;99502,24619;45,28005789
FE ; F ; 2017_2019;41;Inactives non retraitées;211,2124967;98743,92598;41,46242224
FE ; F ; 2017_2019;41;Ouvrières;87,09413914;99435,9655;43,97985874
FE ; F ; 2017_2019;41;Professions intermédiaires;54,90916306;99615,90921;47,06294472
FE ; F ; 2017_2019;42;Agricultrices;75,19896181;99437,21824;44,61430891
FE ; F ; 2017_2019;42;Artisanes, commerçantes, cheffes d'entreprise;73,03917694;99452,50768;45,21002654
FE ; F ; 2017_2019;42;Cadres et prof. intellectuelles supérieures;49,67642266;99668,7438;46,39088168
FE ; F ; 2017_2019;42;Employées;75,19896181;99437,21824;44,70756969
FE ; F ; 2017_2019;42;Ensemble;83,78411892;99427,46068;44,31411581
FE ; F ; 2017_2019;42;Inactives non retraitées;238,2531177;98535,36647;40,55018141
FE ; F ; 2017_2019;42;Ouvrières;96,75756518;99349,3626;43,01819601
FE ; F ; 2017_2019;42;Professions intermédiaires;60,13401889;99561,21095;46,08880079
FE ; F ; 2017_2019;43;Agricultrices;81,8562287;99362,44248;43,64788365
FE ; F ; 2017_2019;43;Artisanes, commerçantes, cheffes d'entreprise;79,48497768;99379,86839;44,24307171
FE ; F ; 2017_2019;43;Cadres et prof. intellectuelles supérieures;55,61696939;99619,23193;45,41393846
FE ; F ; 2017_2019;43;Employées;81,8562287;99362,44248;43,74121462
FE ; F ; 2017_2019;43;Ensemble;92,86031677;99344,15626;43,35127514
FE ; F ; 2017_2019;43;Inactives non retraitées;268,0425918;98300,60288;39,64702421
FE ; F ; 2017_2019;43;Ouvrières;107,4693962;99253,23457;42,05985968
FE ; F ; 2017_2019;43;Professions intermédiaires;65,91989834;99501,34079;45,11653251
FE ; F ; 2017_2019;44;Agricultrices;89,37240412;99281,10813;42,68364143
FE ; F ; 2017_2019;44;Artisanes, commerçantes, cheffes d'entreprise;86,75982958;99300,87632;43,27826628
FE ; F ; 2017_2019;44;Cadres et prof. intellectuelles supérieures;62,40263344;99563,82673;44,43921037
FE ; F ; 2017_2019;44;Employées;89,37240412;99281,10813;42,77704886
FE ; F ; 2017_2019;44;Ensemble;103,3188421;99251,90496;42,39156868
FE ; F ; 2017_2019;44;Inactives non retraitées;301,2219352;98037,1154;38,75358074
FE ; F ; 2017_2019;44;Ouvrières;119,5675823;99146,56772;41,10510978
FE ; F ; 2017_2019;44;Professions intermédiaires;72,46734424;99435,74961;44,1462929
FE ; F ; 2017_2019;45;Agricultrices;97,60755369;99192,37822;41,72182295
FE ; F ; 2017_2019;45;Artisanes, commerçantes, cheffes d'entreprise;94,72559246;99214,72305;42,31584704
FE ; F ; 2017_2019;45;Cadres et prof. intellectuelles supérieures;69,93085774;99501,69628;43,46695893
FE ; F ; 2017_2019;45;Employées;97,60755369;99192,37822;41,81531393
FE ; F ; 2017_2019;45;Ensemble;113,9963261;99149,35904;41,43541246
FE ; F ; 2017_2019;45;Inactives non retraitées;337,0265246;97741,8061;37,87066772
FE ; F ; 2017_2019;45;Ouvrières;132,8622276;99028,02057;40,15431701
FE ; F ; 2017_2019;45;Professions intermédiaires;79,65482735;99363,69116;43,17830775
FE ; F ; 2017_2019;46;Agricultrices;106,7088988;99095,55897;40,76258639
FE ; F ; 2017_2019;46;Artisanes, commerçantes, cheffes d'entreprise;103,522326;99120,74132;41,35596898
FE ; F ; 2017_2019;46;Cadres et prof. intellectuelles supérieures;78,27613394;99432,11389;42,49737701
FE ; F ; 2017_2019;46;Employées;106,7088988;99095,55897;40,85616871
FE ; F ; 2017_2019;46;Ensemble;126,9645327;99036,33241;40,48270122
FE ; F ; 2017_2019;46;Inactives non retraitées;375,4964969;97412,39029;36,99873353
FE ; F ; 2017_2019;46;Ouvrières;147,5272412;98896,44973;39,2077379
FE ; F ; 2017_2019;46;Professions intermédiaires;87,58559817;99284,54318;42,21272877
FE ; F ; 2017_2019;47;Agricultrices;116,8482707;98989,81519;39,80613017
FE ; F ; 2017_2019;47;Artisanes, commerçantes, cheffes d'entreprise;113,3130904;99018,12922;40,39882601
FE ; F ; 2017_2019;47;Cadres et prof. intellectuelles supérieures;87,51187043;99354,28228;41,53066838
FE ; F ; 2017_2019;47;Employées;116,8482707;98989,81519;39,89981245
FE ; F ; 2017_2019;47;Ensemble;140,6774993;98910,5914;39,53416523
FE ; F ; 2017_2019;47;Inactives non retraitées;416,6198054;97046,61018;36,13818612
FE ; F ; 2017_2019;47;Ouvrières;163,7596741;98750,55053;38,26566546
FE ; F ; 2017_2019;47;Professions intermédiaires;96,3760954;99197,58422;41,24973345
FE ; F ; 2017_2019;48;Agricultrices;128,0696288;98874,1473;38,85269735
FE ; F ; 2017_2019;48;Artisanes, commerçantes, cheffes d'entreprise;124,1358977;98905,92872;39,4446551
FE ; F ; 2017_2019;48;Cadres et prof. intellectuelles supérieures;97,58761673;99267,33549;40,56704448
FE ; F ; 2017_2019;48;Employées;128,0696288;98874,1473;38,94648924
FE ; F ; 2017_2019;48;Ensemble;155,5301596;98771,44645;38,58985925
FE ; F ; 2017_2019;48;Inactives non retraitées;459,7530215;96642,29478;35,28937484
FE ; F ; 2017_2019;48;Ouvrières;181,5589889;98588,83695;37,32843197
FE ; F ; 2017_2019;48;Professions intermédiaires;106,0273028;99101,98146;40,28952669
FE ; F ; 2017_2019;49;Agricultrices;140,3553898;98747,51955;37,90251967
FE ; F ; 2017_2019;49;Artisanes, commerçantes, cheffes d'entreprise;135,9680628;98783,15096;38,49368093
FE ; F ; 2017_2019;49;Cadres et prof. intellectuelles supérieures;108,3639353;99170,46286;39,60667156
FE ; F ; 2017_2019;49;Employées;140,3553898;98747,51955;37,99643182
FE ; F ; 2017_2019;49;Ensemble;172,5253869;98617,82706;37,64997162
FE ; F ; 2017_2019;49;Inactives non retraitées;503,8224066;96197,97891;34,45236818
FE ; F ; 2017_2019;49;Ouvrières;200,8055387;98409,84005;36,39632837
FE ; F ; 2017_2019;49;Professions intermédiaires;116,4749937;98996,90631;39,33228993
FE ; F ; 2017_2019;50;Agricultrices;153,5302393;98608,92208;36,95579267
FE ; F ; 2017_2019;50;Artisanes, commerçantes, cheffes d'entreprise;148,6331063;98648,83742;37,5460913
FE ; F ; 2017_2019;50;Cadres et prof. intellectuelles supérieures;119,5295405;99062,99785;38,64963747
FE ; F ; 2017_2019;50;Employées;153,5302393;98608,92208;37,04983682
FE ; F ; 2017_2019;50;Ensemble;189,6101726;98447,68627;36,71503963
FE ; F ; 2017_2019;50;Inactives non retraitées;546,9933744;95713,31194;33,62682588
FE ; F ; 2017_2019;50;Ouvrières;221,1147919;98212,22764;35,46956127
FE ; F ; 2017_2019;50;Professions intermédiaires;127,5072993;98881,59967;38,37815563
FE ; F ; 2017_2019;51;Agricultrices;167,787986;98457,52757;36,01261823
FE ; F ; 2017_2019;51;Artisanes, commerçantes, cheffes d'entreprise;162,3115002;98502,21259;36,6019803
FE ; F ; 2017_2019;51;Cadres et prof. intellectuelles supérieures;131,0436612;98944,5883;37,69589049
FE ; F ; 2017_2019;51;Employées;167,787986;98457,52757;36,10680699
FE ; F ; 2017_2019;51;Ensemble;208,3278921;98261,01945;35,78478733
FE ; F ; 2017_2019;51;Inactives non retraitées;588,7459597;95189,76646;32,81177405
FE ; F ; 2017_2019;51;Ouvrières;242,6139112;97995,06588;34,54816351
FE ; F ; 2017_2019;51;Professions intermédiaires;139,2137519;98755,51841;37,42715306
FE ; F ; 2017_2019;52;Agricultrices;182,7829111;98292,32766;35,07314463
FE ; F ; 2017_2019;52;Artisanes, commerçantes, cheffes d'entreprise;176,662831;98342,33217;35,6614861
FE ; F ; 2017_2019;52;Cadres et prof. intellectuelles supérieures;142,5379169;98814,92769;36,74535338
FE ; F ; 2017_2019;52;Employées;182,7829111;98292,32766;35,16749169
FE ; F ; 2017_2019;52;Ensemble;226,0622784;98056,31433;34,85949266
FE ; F ; 2017_2019;52;Inactives non retraitées;627,1319859;94629,34056;32,0060961
FE ; F ; 2017_2019;52;Ouvrières;264,6992043;97757,31622;33,63218601
FE ; F ; 2017_2019;52;Professions intermédiaires;151,2689487;98618,03715;36,47932944
FE ; F ; 2017_2019;53;Agricultrices;199,2564185;98112,66609;34,13736974
FE ; F ; 2017_2019;53;Artisanes, commerçantes, cheffes d'entreprise;192,3977561;98168,59782;34,72459819
FE ; F ; 2017_2019;53;Cadres et prof. intellectuelles supérieures;154,5298873;98674,07895;35,7978042
FE ; F ; 2017_2019;53;Employées;199,2564185;98112,66609;34,23188957
FE ; F ; 2017_2019;53;Ensemble;245,46396;97834,646;33,93847537
FE ; F ; 2017_2019;53;Inactives non retraitées;664,1797331;94035,8897;31,2080833
FE ; F ; 2017_2019;53;Ouvrières;288,3547382;97498,55338;32,72144641
FE ; F ; 2017_2019;53;Professions intermédiaires;164,2595061;98468,85868;35,53459493
FE ; F ; 2017_2019;54;Agricultrices;217,2754872;97917,1703;33,20552645
FE ; F ; 2017_2019;54;Artisanes, commerçantes, cheffes d'entreprise;209,5733155;97979,72364;33,79153633
FE ; F ; 2017_2019;54;Cadres et prof. intellectuelles supérieures;167,0251242;98521,59801;34,85320812
FE ; F ; 2017_2019;54;Employées;217,2754872;97917,1703;33,30023499
FE ; F ; 2017_2019;54;Ensemble;264,2566236;97594,4972;33,02198709
FE ; F ; 2017_2019;54;Inactives non retraitées;699,5905492;93411,32237;30,41674696
FE ; F ; 2017_2019;54;Ouvrières;313,5905943;97217,41168;31,81607312
FE ; F ; 2017_2019;54;Professions intermédiaires;178,214197;98307,11422;34,59305992
FE ; F ; 2017_2019;55;Agricultrices;237,4134166;97704,42029;32,27783101
FE ; F ; 2017_2019;55;Artisanes, commerçantes, cheffes d'entreprise;228,7336818;97774,38429;32,8625031
FE ; F ; 2017_2019;55;Cadres et prof. intellectuelles supérieures;180,4316197;98357,04219;33,91151913
FE ; F ; 2017_2019;55;Employées;237,4134166;97704,42029;32,37274578
FE ; F ; 2017_2019;55;Ensemble;287,2136093;97336,59728;32,10948108
FE ; F ; 2017_2019;55;Inactives non retraitées;734,7246941;92757,82559;29,63103882
FE ; F ; 2017_2019;55;Ouvrières;341,1451128;96912,54702;30,91615919
FE ; F ; 2017_2019;55;Professions intermédiaires;193,5788399;98131,91698;33,65481973
FE ; F ; 2017_2019;56;Agricultrices;259,7647366;97472,45689;31,35464528
FE ; F ; 2017_2019;56;Artisanes, commerçantes, cheffes d'entreprise;249,959283;97550,74134;31,93784304
FE ; F ; 2017_2019;56;Cadres et prof. intellectuelles supérieures;194,8001028;98179,57498;32,97281684
FE ; F ; 2017_2019;56;Employées;259,7647366;97472,45689;31,44978593
FE ; F ; 2017_2019;56;Ensemble;311,7547831;97057,03332;31,20196952
FE ; F ; 2017_2019;56;Inactives non retraitées;769,3577557;92076,31094;28,85035676
FE ; F ; 2017_2019;56;Ouvrières;371,0599199;96581,93461;30,02198919
FE ; F ; 2017_2019;56;Professions intermédiaires;210,4068484;97941,95436;32,7200947
FE ; F ; 2017_2019;57;Agricultrices;284,8364273;97219,25782;30,43630572
FE ; F ; 2017_2019;57;Artisanes, commerçantes, cheffes d'entreprise;273,7259556;97306,90421;31,01787469
FE ; F ; 2017_2019;57;Cadres et prof. intellectuelles supérieures;210,5092848;97988,32107;32,03717328
FE ; F ; 2017_2019;57;Employées;284,8364273;97219,25782;30,53169415
FE ; F ; 2017_2019;57;Ensemble;338,3762221;96754,45338;30,29954736
FE ; F ; 2017_2019;57;Inactives non retraitées;804,5097841;91367,9147;28,07404014
FE ; F ; 2017_2019;57;Ouvrières;403,9633564;96223,55776;29,13380366
FE ; F ; 2017_2019;57;Professions intermédiaires;229,0902246;97735,87778;31,78908518
FE ; F ; 2017_2019;58;Agricultrices;312,3407121;96942,34196;29,52324705
FE ; F ; 2017_2019;58;Artisanes, commerçantes, cheffes d'entreprise;299,5764931;97040,54995;30,1030117
FE ; F ; 2017_2019;58;Cadres et prof. intellectuelles supérieures;227,2446429;97782,04655;31,10475678
FE ; F ; 2017_2019;58;Employées;312,1664202;96942,34196;29,61890795
FE ; F ; 2017_2019;58;Ensemble;366,7534;96427,05932;29,40242193
FE ; F ; 2017_2019;58;Inactives non retraitées;838,4648288;90632,85089;27,30173033
FE ; F ; 2017_2019;58;Ouvrières;439,1087896;95834,84984;28,2519709
FE ; F ; 2017_2019;58;Professions intermédiaires;249,2477064;97511,97444;30,86207808
FE ; F ; 2017_2019;59;Agricultrices;339,7776004;96639,55156;28,61574909
FE ; F ; 2017_2019;59;Artisanes, commerçantes, cheffes d'entreprise;327,1852743;96749,83928;29,19346422
FE ; F ; 2017_2019;59;Cadres et prof. intellectuelles supérieures;244,8515749;97559,84209;30,17560166
FE ; F ; 2017_2019;59;Employées;341,4277535;96639,72052;28,71165777
FE ; F ; 2017_2019;59;Ensemble;397,0941538;96073,4098;28,51065325
FE ; F ; 2017_2019;59;Inactives non retraitées;870,265704;89872,92631;26,53258134
FE ; F ; 2017_2019;59;Ouvrières;475,976448;95414,03059;27,37657494
FE ; F ; 2017_2019;59;Professions intermédiaires;270,6317084;97268,92808;29,93919331
FE ; F ; 2017_2019;60;Agricultrices;368,4393011;96311,19201;27,71331049
FE ; F ; 2017_2019;60;Artisanes, commerçantes, cheffes d'entreprise;356,2159603;96433,28805;28,28929448
FE ; F ; 2017_2019;60;Cadres et prof. intellectuelles supérieures;263,2301592;97320,96528;29,24966845
FE ; F ; 2017_2019;60;Employées;372,2804439;96309,76569;27,81002319
FE ; F ; 2017_2019;60;Ensemble;428,3842783;95691,9079;27,62431875
FE ; F ; 2017_2019;60;Inactives non retraitées;899,2604258;89090,79305;25,76551242
FE ; F ; 2017_2019;60;Ouvrières;514,0709173;94959,88228;26,50750418
FE ; F ; 2017_2019;60;Professions intermédiaires;293,0111683;97005,68751;29,02043814
FE ; F ; 2017_2019;61;Agricultrices;398,025134;95956,34373;26,81579481
FE ; F ; 2017_2019;61;Artisanes, commerçantes, cheffes d'entreprise;386,3507741;96089,77729;27,39042571
FE ; F ; 2017_2019;61;Cadres et prof. intellectuelles supérieures;282,3607777;97064,78715;28,32686561
FE ; F ; 2017_2019;61;Employées;404,4017351;95951,22327;26,91394133
FE ; F ; 2017_2019;61;Ensemble;459,0637998;95281,97881;26,74316611
FE ; F ; 2017_2019;61;Inactives non retraitées;925,1552488;88289,63481;24,99931396
FE ; F ; 2017_2019;61;Ouvrières;552,9702186;94471,72114;25,64447568
FE ; F ; 2017_2019;61;Professions intermédiaires;316,1976086;96721,45002;28,10572115
FE ; F ; 2017_2019;62;Agricultrices;428,9995375;95574,41336;25,92295493
FE ; F ; 2017_2019;62;Artisanes, commerçantes, cheffes d'entreprise;417,9981081;95718,53369;26,49665927
FE ; F ; 2017_2019;62;Cadres et prof. intellectuelles supérieures;302,8180115;96790,71426;27,40707605
FE ; F ; 2017_2019;62;Employées;438,2278274;95563,19486;26,02322372
FE ; F ; 2017_2019;62;Ensemble;489,7922643;94844,57374;25,86650049
FE ; F ; 2017_2019;62;Inactives non retraitées;949,5729951;87472,81862;24,23275613
FE ; F ; 2017_2019;62;Ouvrières;593,333177;93949,32066;24,7870705
FE ; F ; 2017_2019;62;Professions intermédiaires;340,6222211;96415,6191;27,19487266
FE ; F ; 2017_2019;63;Agricultrices;461,4643612;95164,39957;25,03464343
FE ; F ; 2017_2019;63;Artisanes, commerçantes, cheffes d'entreprise;451,2020776;95318,43203;25,6078797
FE ; F ; 2017_2019;63;Cadres et prof. intellectuelles supérieures;324,9713534;96497,61455;26,49032169
FE ; F ; 2017_2019;63;Employées;473,8147928;95144,41035;25,13776668
FE ; F ; 2017_2019;63;Ensemble;520,6126023;94380,03236;24,99381619
FE ; F ; 2017_2019;63;Inactives non retraitées;973,2414002;86642,20036;23,46506982
FE ; F ; 2017_2019;63;Ouvrières;635,3244303;93391,88817;23,93501823
FE ; F ; 2017_2019;63;Professions intermédiaires;366,4403046;96087,20608;26,28782105
FE ; F ; 2017_2019;64;Agricultrices;496,510239;94725,24978;24,15070497
FE ; F ; 2017_2019;64;Artisanes, commerçantes, cheffes d'entreprise;486,9593268;94888,35328;24,72394668
FE ; F ; 2017_2019;64;Cadres et prof. intellectuelles supérieures;349,9551407;96184,02494;25,57668832
FE ; F ; 2017_2019;64;Employées;512,220575;94693,60206;24,25744017
FE ; F ; 2017_2019;64;Ensemble;556,2617885;93888,67801;24,12461812
FE ; F ; 2017_2019;64;Inactives non retraitées;998,9082591;85798,96259;22,69568605
FE ; F ; 2017_2019;64;Ouvrières;680,4791239;92798,54669;23,08805554
FE ; F ; 2017_2019;64;Professions intermédiaires;394,6078155;95735,10383;25,3845045
FE ; F ; 2017_2019;65;Agricultrices;534,1129035;94254,92922;23,27121404
FE ; F ; 2017_2019;65;Artisanes, commerçantes, cheffes d'entreprise;525,1605799;94426,2856;23,84493139
FE ; F ; 2017_2019;65;Cadres et prof. intellectuelles supérieures;378,2107875;95847,424;24,66650959
FE ; F ; 2017_2019;65;Employées;553,3445201;94208,56194;23,38233149
FE ; F ; 2017_2019;65;Ensemble;593,6888208;93366,41117;23,2595648
FE ; F ; 2017_2019;65;Inactives non retraitées;1026,857556;84941,90967;21,9246826
FE ; F ; 2017_2019;65;Ouvrières;728,8046154;92167,07195;22,24624135
FE ; F ; 2017_2019;65;Professions intermédiaires;425,215488;95357,32563;24,48507059
FE ; F ; 2017_2019;66;Agricultrices;575,2071659;93751,50148;22,39617603
FE ; F ; 2017_2019;66;Artisanes, commerçantes, cheffes d'entreprise;566,6161099;93930,39597;22,97081667
FE ; F ; 2017_2019;66;Cadres et prof. intellectuelles supérieures;410,973381;95484,9187;23,76015516
FE ; F ; 2017_2019;66;Employées;598,0553776;93687,26403;22,51243627
FE ; F ; 2017_2019;66;Ensemble;637,0009348;92812,10523;22,39847896
FE ; F ; 2017_2019;66;Inactives non retraitées;1059,252358;84069,67725;21,15215366
FE ; F ; 2017_2019;66;Ouvrières;781,6317421;91495,35408;21,40956329
FE ; F ; 2017_2019;66;Professions intermédiaires;459,1399667;94951,85151;23,5896295
FE ; F ; 2017_2019;67;Agricultrices;619,7869685;93212,23612;21,52574573
FE ; F ; 2017_2019;67;Artisanes, commerçantes, cheffes d'entreprise;611,2192939;93398,17121;22,10171471
FE ; F ; 2017_2019;67;Cadres et prof. intellectuelles supérieures;448,6990614;95092,50111;22,85820604
FE ; F ; 2017_2019;67;Employées;646,2587747;93126,96231;21,64788315
FE ; F ; 2017_2019;67;Ensemble;680,5605211;92220,89125;21,54207217
FE ; F ; 2017_2019;67;Inactives non retraitées;1096,03341;83179,16721;20,37860706
FE ; F ; 2017_2019;67;Ouvrières;838,9162828;90780,19735;20,57822555
FE ; F ; 2017_2019;67;Professions intermédiaires;496,4747696;94515,88961;22,6984385
FE ; F ; 2017_2019;68;Agricultrices;669,6971171;92634,51883;20,65999154
FE ; F ; 2017_2019;68;Artisanes, commerçantes, cheffes d'entreprise;660,7029058;92827,30357;21,23763543
FE ; F ; 2017_2019;68;Cadres et prof. intellectuelles supérieures;492,9949435;94665,82195;21,96123288
FE ; F ; 2017_2019;68;Employées;699,8084794;92525,12114;20,7886945
FE ; F ; 2017_2019;68;Ensemble;729,8614296;91593,27227;20,68968359
FE ; F ; 2017_2019;68;Inactives non retraitées;1139,988413;82267,49575;19,60443859
FE ; F ; 2017_2019;68;Ouvrières;902,9946768;90018,62749;19,75232014
FE ; F ; 2017_2019;68;Professions intermédiaires;538,7431772;94046,64207;21,8116928
FE ; F ; 2017_2019;69;Agricultrices;725,4771991;92014,14813;19,79928374
FE ; F ; 2017_2019;69;Artisanes, commerçantes, cheffes d'entreprise;715,4969844;92213,99088;20,37888635
FE ; F ; 2017_2019;69;Cadres et prof. intellectuelles supérieures;544,5636448;94199,12423;21,07003704
FE ; F ; 2017_2019;69;Employées;759,1888383;91877,6225;19,93520081
FE ; F ; 2017_2019;69;Ensemble;784,1031743;90924,76831;19,84179985
FE ; F ; 2017_2019;69;Inactives non retraitées;1191,351857;81329,65583;18,83050404
FE ; F ; 2017_2019;69;Ouvrières;974,3720675;89205,76408;18,93230782
FE ; F ; 2017_2019;69;Professions intermédiaires;586,4263486;93539,9722;20,92983831
FE ; F ; 2017_2019;70;Agricultrices;789,4925846;91346,60646;18,94397272
FE ; F ; 2017_2019;70;Artisanes, commerçantes, cheffes d'entreprise;777,8060518;91554,20255;19,52574746
FE ; F ; 2017_2019;70;Cadres et prof. intellectuelles supérieures;605,5148885;93686,15005;20,18540506
FE ; F ; 2017_2019;70;Employées;826,7735109;91180,09784;19,08770442
FE ; F ; 2017_2019;70;Ensemble;850,103026;90211,82431;18,99860958
FE ; F ; 2017_2019;70;Inactives non retraitées;1253,231722;80360,73346;18,05754647
FE ; F ; 2017_2019;70;Ouvrières;1055,938331;88336,56803;18,11859406
FE ; F ; 2017_2019;70;Professions intermédiaires;641,4826608;92991,42916;20,05330041
FE ; F ; 2017_2019;71;Agricultrices;863,6857517;90625,43178;18,09472415
FE ; F ; 2017_2019;71;Artisanes, commerçantes, cheffes d'entreprise;849,3781813;90842,08842;18,67881043
FE ; F ; 2017_2019;71;Cadres et prof. intellectuelles supérieures;677,7304507;93118,86646;19,30837529
FE ; F ; 2017_2019;71;Employées;904,4666124;90426,24495;18,24683213
FE ; F ; 2017_2019;71;Ensemble;924,5803422;89444,93086;18,16150209
FE ; F ; 2017_2019;71;Inactives non retraitées;1327,694202;79353,62726;17,28672147
FE ; F ; 2017_2019;71;Ouvrières;1149,905809;87403,78835;17,31195703
FE ; F ; 2017_2019;71;Professions intermédiaires;705,543262;92394,90526;19,18276937
FE ; F ; 2017_2019;72;Agricultrices;948,9396019;89842,71284;17,25236724
FE ; F ; 2017_2019;72;Artisanes, commerçantes, cheffes d'entreprise;930,8693924;90070,49555;17,83882329
FE ; F ; 2017_2019;72;Cadres et prof. intellectuelles supérieures;762,2867906;92487,77155;18,44012695
FE ; F ; 2017_2019;72;Employées;993,0203208;89608,36975;17,41337496
FE ; F ; 2017_2019;72;Ensemble;1011,766043;88617,94062;17,33098679
FE ; F ; 2017_2019;72;Inactives non retraitées;1414,982108;78300,05375;16,51932452
FE ; F ; 2017_2019;72;Ouvrières;1256,953156;86398,72711;16,51334399
FE ; F ; 2017_2019;72;Professions intermédiaires;779,3713242;91743,01923;18,3190738
FE ; F ; 2017_2019;73;Agricultrices;1046,372808;88990,15976;16,41765023
FE ; F ; 2017_2019;73;Artisanes, commerçantes, cheffes d'entreprise;1023,114169;89232,05687;17,00643973
FE ; F ; 2017_2019;73;Cadres et prof. intellectuelles supérieures;860,3605299;91782,74948;17,58177336
FE ; F ; 2017_2019;73;Employées;1093,382054;88718,54043;16,58802765
FE ; F ; 2017_2019;73;Ensemble;1114,613177;87721,33438;16,50812809
FE ; F ; 2017_2019;73;Inactives non retraitées;1515,650785;77192,122;15,75642494
FE ; F ; 2017_2019;73;Ouvrières;1377,940282;85312,73558;15,7235512
FE ; F ; 2017_2019;73;Professions intermédiaires;863,8935814;91028,00045;17,46296888
FE ; F ; 2017_2019;74;Agricultrices;1157,804202;88058,99092;15,59125662
FE ; F ; 2017_2019;74;Artisanes, commerçantes, cheffes d'entreprise;1127,568103;88319,11105;16,18223359
FE ; F ; 2017_2019;74;Cadres et prof. intellectuelles supérieures;960,5720163;90993,08693;16,73435273
FE ; F ; 2017_2019;74;Employées;1207,169794;87748,50783;15,77140316
FE ; F ; 2017_2019;74;Ensemble;1226,386262;86743,58083;15,69420388
FE ; F ; 2017_2019;74;Inactives non retraitées;1631,163763;76022,159;14,99891258
FE ; F ; 2017_2019;74;Ouvrières;1514,479326;84137,17703;14,94323952
FE ; F ; 2017_2019;74;Professions intermédiaires;960,5720163;90241,6154;16,61514499
FE ; F ; 2017_2019;75;Agricultrices;1286,180643;87039,44022;14,77388735
FE ; F ; 2017_2019;75;Artisanes, commerçantes, cheffes d'entreprise;1246,700282;87323,25293;15,36678018
FE ; F ; 2017_2019;75;Cadres et prof. intellectuelles supérieures;1071,751016;90119,0328;15,89665729
FE ; F ; 2017_2019;75;Employées;1337,098555;86689,23435;14,96411716
FE ; F ; 2017_2019;75;Ensemble;1355,024823;85679,76947;14,8890652
FE ; F ; 2017_2019;75;Inactives non retraitées;1764,341805;74782,11309;14,24762634
FE ; F ; 2017_2019;75;Ouvrières;1669,424357;82862,93688;14,17303195
FE ; F ; 2017_2019;75;Professions intermédiaires;1071,751016;89374,77969;15,77629337
FE ; F ; 2017_2019;76;Agricultrices;1435,375848;85919,95579;13,96638206
FE ; F ; 2017_2019;76;Artisanes, commerçantes, cheffes d'entreprise;1383,759016;86234,59369;14,56077643
FE ; F ; 2017_2019;76;Cadres et prof. intellectuelles supérieures;1200,47709;89153,18115;15,06887563
FE ; F ; 2017_2019;76;Employées;1486,737943;85530,11385;14,16691375
FE ; F ; 2017_2019;76;Ensemble;1500,792967;84518,78733;14,09358705
FE ; F ; 2017_2019;76;Inactives non retraitées;1918,900404;73462,701;13,50351797
FE ; F ; 2017_2019;76;Ouvrières;1846,50572;81479,60283;13,41365705
FE ; F ; 2017_2019;76;Professions intermédiaires;1200,47709;88416,90458;14,94720773
FE ; F ; 2017_2019;77;Agricultrices;1613,218095;84686,6815;13,16977154
FE ; F ; 2017_2019;77;Artisanes, commerçantes, cheffes d'entreprise;1545,627574;85041,31472;13,76508969
FE ; F ; 2017_2019;77;Cadres et prof. intellectuelles supérieures;1353,006485;88082,91764;14,25197206
FE ; F ; 2017_2019;77;Employées;1663,592687;84258,5052;13,38071733
FE ; F ; 2017_2019;77;Ensemble;1673,628871;83250,33531;13,30832539
FE ; F ; 2017_2019;77;Inactives non retraitées;2103,259313;72053,02494;12,76770655
FE ; F ; 2017_2019;77;Ouvrières;2054,061663;79975,0773;12,66600053
FE ; F ; 2017_2019;77;Professions intermédiaires;1353,006485;87355,4799;14,12882582
FE ; F ; 2017_2019;78;Agricultrices;1825,656882;83320,50063;12,38571227
FE ; F ; 2017_2019;78;Artisanes, commerçantes, cheffes d'entreprise;1737,120586;83726,89271;12,98118677
FE ; F ; 2017_2019;78;Cadres et prof. intellectuelles supérieures;1533,874439;86891,15005;13,44744695
FE ; F ; 2017_2019;78;Employées;1872,986509;82856,78686;12,60708378
FE ; F ; 2017_2019;78;Ensemble;1880,938195;81857,03367;12,53484852
FE ; F ; 2017_2019;78;Inactives non retraitées;2322,511546;70537,56298;12,04201392
FE ; F ; 2017_2019;78;Ouvrières;2297,319868;78332,3399;11,93162406
FE ; F ; 2017_2019;78;Professions intermédiaires;1533,874439;86173,55459;13,32261168
FE ; F ; 2017_2019;79;Agricultrices;2079,751054;81799,35418;11,61603784
FE ; F ; 2017_2019;79;Artisanes, commerçantes, cheffes d'entreprise;1963,826794;82272,45562;12,21067207
FE ; F ; 2017_2019;79;Cadres et prof. intellectuelles supérieures;1748,293057;85558,34891;12,65692707
FE ; F ; 2017_2019;79;Employées;2121,111609;81304,89042;11,84771984
FE ; F ; 2017_2019;79;Ensemble;2136,283535;80317,35345;11,77514103
FE ; F ; 2017_2019;79;Inactives non retraitées;2582,463989;68899,31994;11,32834106
FE ; F ; 2017_2019;79;Ouvrières;2582,102954;76532,79549;11,21217683
FE ; F ; 2017_2019;79;Professions intermédiaires;1748,293057;84851,76046;12,53014715
FE ; F ; 2017_2019;80;Agricultrices;2382,876477;80098,13125;10,86275358
FE ; F ; 2017_2019;80;Artisanes, commerçantes, cheffes d'entreprise;2231,291196;80656,7671;11,45527204
FE ; F ; 2017_2019;80;Cadres et prof. intellectuelles supérieures;2001,373155;84062,53824;11,88214471
FE ; F ; 2017_2019;80;Employées;2414,149374;79580,32296;11,10446914
FE ; F ; 2017_2019;80;Ensemble;2436,534543;78601,54706;11,03218256
FE ; F ; 2017_2019;80;Inactives non retraitées;2888,504309;67120,01981;10,62864667
FE ; F ; 2017_2019;80;Ouvrières;2913,620756;74556,63992;10,50936036
FE ; F ; 2017_2019;80;Professions intermédiaires;2001,373155;83368,30303;11,75310887
FE ; F ; 2017_2019;81;Agricultrices;2744,063053;78189,49172;10,12791812
FE ; F ; 2017_2019;81;Artisanes, commerçantes, cheffes d'entreprise;2546,205582;78857,07975;10,71670587
FE ; F ; 2017_2019;81;Cadres et prof. intellectuelles supérieures;2299,104873;82380,13316;11,12480735
FE ; F ; 2017_2019;81;Employées;2759,558193;77659,13509;10,37917953
FE ; F ; 2017_2019;81;Ensemble;2786,575839;76686,39321;10,30769854
FE ; F ; 2017_2019;81;Inactives non retraitées;3247,115034;65181,25515;9,944787328
FE ; F ; 2017_2019;81;Ouvrières;3297,886417;72384,34218;9,824752599
FE ; F ; 2017_2019;81;Professions intermédiaires;2299,104873;81699,79219;10,99313628
FE ; F ; 2017_2019;82;Agricultrices;3174,677518;76043,92276;9,413675957
FE ; F ; 2017_2019;82;Artisanes, commerçantes, cheffes d'entreprise;2917,082038;76849,21639;9,996704571
FE ; F ; 2017_2019;82;Cadres et prof. intellectuelles supérieures;2649,064537;80486,12751;10,38659716
FE ; F ; 2017_2019;82;Employées;3166,720481;75516,08606;9,673727243
FE ; F ; 2017_2019;82;Ensemble;3195,738398;74549,46871;9,603163744
FE ; F ; 2017_2019;82;Inactives non retraitées;3666,61881;63064,74481;9,278543458
FE ; F ; 2017_2019;82;Ouvrières;3742,563041;69997,18879;9,159811648
FE ; F ; 2017_2019;82;Professions intermédiaires;2649,064537;79821,42829;10,2518276
FE ; F ; 2017_2019;83;Agricultrices;3688,636535;73629,77344;8,722328535
FE ; F ; 2017_2019;83;Artisanes, commerçantes, cheffes d'entreprise;3355,079877;74607,4617;9,297078807
FE ; F ; 2017_2019;83;Cadres et prof. intellectuelles supérieures;3061,966719;78353,99804;9,669231998
FE ; F ; 2017_2019;83;Employées;3647,390484;73124,7027;8,990085321
FE ; F ; 2017_2019;83;Ensemble;3673,214265;72167,06271;8,920186968
FE ; F ; 2017_2019;83;Inactives non retraitées;4158,177227;60752,40101;8,631701227
FE ; F ; 2017_2019;83;Ouvrières;4258,659258;67377,49988;8,515952156
FE ; F ; 2017_2019;83;Professions intermédiaires;3061,966719;77706,90714;9,530795155
FE ; F ; 2017_2019;84;Agricultrices;4302,134013;70913,83872;8,056385686
FE ; F ; 2017_2019;84;Artisanes, commerçantes, cheffes d'entreprise;3873,584413;72104,32177;8,61983185
FE ; F ; 2017_2019;84;Cadres et prof. intellectuelles supérieures;3551,158694;75954,8247;8,974652539
FE ; F ; 2017_2019;84;Employées;4215,246652;70457,55925;8,330401497
FE ; F ; 2017_2019;84;Ensemble;4237,292922;69516,21187;8,260339064
FE ; F ; 2017_2019;84;Inactives non retraitées;4734,968234;58226,20851;8,006194767
FE ; F ; 2017_2019;84;Ouvrières;4859,518785;64508,12174;7,894749217
FE ; F ; 2017_2019;84;Professions intermédiaires;3551,158694;75327,5475;8,831842913
FE ; F ; 2017_2019;85;Agricultrices;5030,955296;67863,03034;7,418563573
FE ; F ; 2017_2019;85;Artisanes, commerçantes, cheffes d'entreprise;4485,816923;69311,3;7,967183263
FE ; F ; 2017_2019;85;Cadres et prof. intellectuelles supérieures;4130,422052;73257,54834;8,30509109
FE ; F ; 2017_2019;85;Employées;4883,186309;67487,59934;7,697001565
FE ; F ; 2017_2019;85;Ensemble;4906,687003;66570,60634;7,625841223
FE ; F ; 2017_2019;85;Inactives non retraitées;5409,052614;55469,21603;7,404127536
FE ; F ; 2017_2019;85;Ouvrières;5557,532842;61373,33744;7,297991682
FE ; F ; 2017_2019;85;Professions intermédiaires;4130,422052;72652,54675;8,157023344
FE ; F ; 2017_2019;86;Agricultrices;5893,980901;64448,87163;6,811559647
FE ; F ; 2017_2019;86;Artisanes, commerçantes, cheffes d'entreprise;5208,318181;66202,12197;7,341361468
FE ; F ; 2017_2019;86;Cadres et prof. intellectuelles supérieures;4817,405747;70231,70241;7,662905656
FE ; F ; 2017_2019;86;Employées;5666,843223;64192,05413;7,09215665
FE ; F ; 2017_2019;86;Ensemble;5698,699787;63304,19505;7,01932437
FE ; F ; 2017_2019;86;Inactives non retraitées;6195,484667;52468,85695;6,827522338
FE ; F ; 2017_2019;86;Ouvrières;6368,507551;57962,49406;6,727447092
FE ; F ; 2017_2019;86;Professions intermédiaires;4817,405747;69651,68994;7,508458594
FE ; F ; 2017_2019;87;Agricultrices;6903,905681;60650,26744;6,23817638
FE ; F ; 2017_2019;87;Artisanes, commerçantes, cheffes d'entreprise;6053,169329;62754,10482;6,744731739
FE ; F ; 2017_2019;87;Cadres et prof. intellectuelles supérieures;5531,518793;66848,35634;7,050742592
FE ; F ; 2017_2019;87;Employées;6575,784322;60554,39106;6,518201333
FE ; F ; 2017_2019;87;Ensemble;6616,370061;59696,67902;6,443507517
FE ; F ; 2017_2019;87;Inactives non retraitées;7102,839839;49218,15697;6,278458093
FE ; F ; 2017_2019;87;Ouvrières;7302,161621;54271,14825;6,185026016
FE ; F ; 2017_2019;87;Professions intermédiaires;5626,767948;66296,28542;6,888478616
FE ; F ; 2017_2019;88;Agricultrices;8068,869698;56463,03018;5,700792795
FE ; F ; 2017_2019;88;Artisanes, commerçantes, cheffes d'entreprise;7030,191422;58955,49259;6,179307371
FE ; F ; 2017_2019;88;Cadres et prof. intellectuelles supérieures;6319,248524;63150,62695;6,463592621
FE ; F ; 2017_2019;88;Employées;7615,545038;56572,46491;5,976993369
FE ; F ; 2017_2019;88;Ensemble;7682,96159;55746,92583;5,900039676
FE ; F ; 2017_2019;88;Inactives non retraitées;8136,017478;45722,27011;5,758503793
FE ; F ; 2017_2019;88;Ouvrières;8365,3168;50308,18129;5,672244061
FE ; F ; 2017_2019;88;Professions intermédiaires;6572,522085;62565,94729;6,299186926
FE ; F ; 2017_2019;89;Agricultrices;9391,816747;51907,10185;5,201155991
FE ; F ; 2017_2019;89;Artisanes, commerçantes, cheffes d'entreprise;8147,110576;54810,80861;5,646574264
FE ; F ; 2017_2019;89;Cadres et prof. intellectuelles supérieures;7210,136766;59159,98189;5,899595188
FE ; F ; 2017_2019;89;Employées;8787,463977;52264,16337;5,46969598
FE ; F ; 2017_2019;89;Ensemble;8886,860309;51463,91093;5,391062558
FE ; F ; 2017_2019;89;Inactives non retraitées;9296,484724;42002,29822;5,268510938
FE ; F ; 2017_2019;89;Ouvrières;9562,53457;46099,74255;5,19006239
FE ; F ; 2017_2019;89;Professions intermédiaires;7668,600646;58453,78658;5,742327918
FE ; F ; 2017_2019;90;Agricultrices;10875,31405;47032,08196;4,740271799
FE ; F ; 2017_2019;90;Artisanes, commerçantes, cheffes d'entreprise;9414,43434;50345,31142;5,147410604
FE ; F ; 2017_2019;90;Cadres et prof. intellectuelles supérieures;8558,385675;54894,46628;5,358016902
FE ; F ; 2017_2019;90;Employées;10093,60339;47671,46884;4,996649385
FE ; F ; 2017_2019;90;Ensemble;10228,2166;46890,38505;4,916888141
FE ; F ; 2017_2019;90;Inactives non retraitées;10587,79467;38097,56098;4,808496972
FE ; F ; 2017_2019;90;Ouvrières;10902,21444;41691,43873;4,73884105
FE ; F ; 2017_2019;90;Professions intermédiaires;8933,957092;53971,19913;5,219257975
FE ; F ; 2017_2019;91;Agricultrices;12392,45623;41917,19534;-
FE ; F ; 2017_2019;91;Artisanes, commerçantes, cheffes d'entreprise;10841,75356;45605,58514;-
FE ; F ; 2017_2019;91;Cadres et prof. intellectuelles supérieures;10057,52367;50196,38614;-
FE ; F ; 2017_2019;91;Employées;11532,36805;42859,69984;-
FE ; F ; 2017_2019;91;Ensemble;11705,91083;42094,33491;-
FE ; F ; 2017_2019;91;Inactives non retraitées;12056,27003;34063,86945;-
FE ; F ; 2017_2019;91;Ouvrières;12392,45623;37146,14868;-
FE ; F ; 2017_2019;91;Professions intermédiaires;10389,78173;49149,43535;-
FE ; F ; 2017_2019;92;Agricultrices;14041,43107;36722,62526;-
FE ; F ; 2017_2019;92;Artisanes, commerçantes, cheffes d'entreprise;12437,71123;40661,13999;-
FE ; F ; 2017_2019;92;Cadres et prof. intellectuelles supérieures;11707,21564;45147,87272;-
FE ; F ; 2017_2019;92;Employées;13098,15841;37916,96151;-
FE ; F ; 2017_2019;92;Ensemble;13330,89292;37166,8096;-
FE ; F ; 2017_2019;92;Inactives non retraitées;13752,17139;29957,03736;-
FE ; F ; 2017_2019;92;Ouvrières;14041,43107;32542,82846;-
FE ; F ; 2017_2019;92;Professions intermédiaires;12060,22447;44042,9163;-
FE ; F ; 2017_2019;93;Agricultrices;15858,63182;31566,24314;-
FE ; F ; 2017_2019;93;Artisanes, commerçantes, cheffes d'entreprise;14210,74121;35603,82481;-
FE ; F ; 2017_2019;93;Cadres et prof. intellectuelles supérieures;13504,65799;39862,31391;-
FE ; F ; 2017_2019;93;Employées;14781,89463;32950,53783;-
FE ; F ; 2017_2019;93;Ensemble;15112,97959;32212,14201;-
FE ; F ; 2017_2019;93;Inactives non retraitées;15603,10939;25837,29424;-
FE ; F ; 2017_2019;93;Ouvrières;15858,63182;27973,34963;-
FE ; F ; 2017_2019;93;Professions intermédiaires;13974,01088;38731,24173;-
FE ; F ; 2017_2019;94;Agricultrices;17819,38653;26560,26886;-
FE ; F ; 2017_2019;94;Artisanes, commerçantes, cheffes d'entreprise;16136,57133;30544,25741;-
FE ; F ; 2017_2019;94;Cadres et prof. intellectuelles supérieures;15413,41324;34479,04475;-
FE ; F ; 2017_2019;94;Employées;16537,50469;28079,82405;-
FE ; F ; 2017_2019;94;Ensemble;17026,50816;27343,92756;-
FE ; F ; 2017_2019;94;Inactives non retraitées;17569,8666;21805,87296;-
FE ; F ; 2017_2019;94;Ouvrières;17819,38653;23537,15911;-
FE ; F ; 2017_2019;94;Professions intermédiaires;16133,07143;33318,9338;-
FE ; F ; 2017_2019;95;Agricultrices;19798,82267;21827,39189;-
FE ; F ; 2017_2019;95;Artisanes, commerçantes, cheffes d'entreprise;18114,41747;25615,46153;-
FE ; F ; 2017_2019;95;Cadres et prof. intellectuelles supérieures;17390,57611;29164,6471;-
FE ; F ; 2017_2019;95;Employées;18515,72965;23436,12183;-
FE ; F ; 2017_2019;95;Ensemble;19061,3925;22688,21151;-
FE ; F ; 2017_2019;95;Inactives non retraitées;19549,06698;17974,61017;-
FE ; F ; 2017_2019;95;Ouvrières;19798,82267;19342,98175;-
FE ; F ; 2017_2019;95;Professions intermédiaires;18110,91426;27943,56641;-
FE ; F ; 2017_2019;96;Agricultrices;21927,33434;17505,82528;-
FE ; F ; 2017_2019;96;Artisanes, commerçantes, cheffes d'entreprise;20241,14134;20975,36989;-
FE ; F ; 2017_2019;96;Cadres et prof. intellectuelles supérieures;19516,53172;24092,74695;-
FE ; F ; 2017_2019;96;Employées;20642,87948;19096,75287;-
FE ; F ; 2017_2019;96;Ensemble;21176,70884;18363,52246;-
FE ; F ; 2017_2019;96;Inactives non retraitées;21677,31357;14460,74159;-
FE ; F ; 2017_2019;96;Ouvrières;21927,33434;15513,29909;-
FE ; F ; 2017_2019;96;Professions intermédiaires;20237,63442;22882,73106;-
FE ; F ; 2017_2019;97;Agricultrices;24164,71283;13667,26444;-
FE ; F ; 2017_2019;97;Artisanes, commerçantes, cheffes d'entreprise;22477,02913;16729,71562;-
FE ; F ; 2017_2019;97;Cadres et prof. intellectuelles supérieures;21751,7789;19390,67835;-
FE ; F ; 2017_2019;97;Employées;22879,12242;15154,63319;-
FE ; F ; 2017_2019;97;Ensemble;23400,96442;14474,73278;-
FE ; F ; 2017_2019;97;Inactives non retraitées;23914,47102;11326,04129;-
FE ; F ; 2017_2019;97;Ouvrières;24164,71283;12111,64613;-
FE ; F ; 2017_2019;97;Professions intermédiaires;22473,5191;18251,8076;-
FE ; F ; 2017_2019;98;Agricultrices;26482,13515;10364,60924;-
FE ; F ; 2017_2019;98;Artisanes, commerçantes, cheffes d'entreprise;24794,0324;12969,37257;-
FE ; F ; 2017_2019;98;Cadres et prof. intellectuelles supérieures;24068,60209;15172,86087;-
FE ; F ; 2017_2019;98;Employées;25196,22553;11687,38611;-
FE ; F ; 2017_2019;98;Ensemble;25718,33725;11087,50571;-
FE ; F ; 2017_2019;98;Inactives non retraitées;26231,83121;8617,478427;-
FE ; F ; 2017_2019;98;Ouvrières;26482,13515;9184,901627;-
FE ; F ; 2017_2019;98;Professions intermédiaires;24790,5215;14149,98413;-
FE ; F ; 2017_2019;99;Agricultrices;28912,61044;7619,83941;-
FE ; F ; 2017_2019;99;Artisanes, commerçantes, cheffes d'entreprise;27224,15064;9753,742132;-
FE ; F ; 2017_2019;99;Cadres et prof. intellectuelles supérieures;26498,56689;11520,96536;-
FE ; F ; 2017_2019;99;Employées;27626,42884;8742,605947;-
FE ; F ; 2017_2019;99;Ensemble;28148,94005;8235,983597;-
FE ; F ; 2017_2019;99;Inactives non retraitées;28662,25355;6356,956031;-
FE ; F ; 2017_2019;99;Ouvrières;28912,61044;6752,543564;-
FE ; F ; 2017_2019;99;Professions intermédiaires;27220,639;10642,12927;-
FE ; F ; 2017_2019;100;Agricultrices;31187,65661;5416,744926;-
FE ; F ; 2017_2019;100;Artisanes, commerçantes, cheffes d'entreprise;29498,89976;7098,368682;-
FE ; F ; 2017_2019;100;Cadres et prof. intellectuelles supérieures;28773,18836;8468,074647;-
FE ; F ; 2017_2019;100;Employées;29901,24873;6327,336136;-
FE ; F ; 2017_2019;100;Ensemble;30423,86204;5917,641512;-
FE ; F ; 2017_2019;100;Inactives non retraitées;30937,25568;4534,909175;-
FE ; F ; 2017_2019;100;Ouvrières;31187,65661;4800,206949;-
FE ; F ; 2017_2019;100;Professions intermédiaires;29495,3875;7745,273683;-
FE ; F ; 2017_2019;101;Agricultrices;33505,01479;3727,389119;-
FE ; F ; 2017_2019;101;Artisanes, commerçantes, cheffes d'entreprise;31816,01045;5004,42802;-
FE ; F ; 2017_2019;101;Cadres et prof. intellectuelles supérieures;31090,19271;6031,539579;-
FE ; F ; 2017_2019;101;Employées;32218,41839;4435,38362;-
FE ; F ; 2017_2019;101;Ensemble;32741,36623;4117,266422;-
FE ; F ; 2017_2019;101;Inactives non retraitées;33254,57717;3131,932729;-
FE ; F ; 2017_2019;101;Ouvrières;33505,01479;3303,134889;-
FE ; F ; 2017_2019;101;Professions intermédiaires;31812,49768;5460,775198;-
FE ; F ; 2017_2019;102;Agricultrices;35491,02207;2478,526843;-
FE ; F ; 2017_2019;102;Artisanes, commerçantes, cheffes d'entreprise;33801,81589;3412,218678;-
FE ; F ; 2017_2019;102;Cadres et prof. intellectuelles supérieures;33075,9114;4156,3223;-
FE ; F ; 2017_2019;102;Employées;34204,27192;3006,373168;-
FE ; F ; 2017_2019;102;Ensemble;34727,17397;2769,217144;-
FE ; F ; 2017_2019;102;Inactives non retraitées;35240,55452;2090,421743;-
FE ; F ; 2017_2019;102;Ouvrières;35491,02207;2196,419056;-
FE ; F ; 2017_2019;102;Professions intermédiaires;33798,30269;3723,566215;-
FE ; F ; 2017_2019;103;Agricultrices;37410,14545;1598,872334;-
FE ; F ; 2017_2019;103;Artisanes, commerçantes, cheffes d'entreprise;35720,76993;2258,826803;-
FE ; F ; 2017_2019;103;Cadres et prof. intellectuelles supérieures;34994,79267;2781,580819;-
FE ; F ; 2017_2019;103;Employées;36123,2663;1978,065115;-
FE ; F ; 2017_2019;103;Ensemble;36646,22411;1807,546289;-
FE ; F ; 2017_2019;103;Inactives non retraitées;37159,65279;1353,745529;-
FE ; F ; 2017_2019;103;Ouvrières;37410,14545;1416,887484;-
FE ; F ; 2017_2019;103;Professions intermédiaires;35717,25638;2465,064034;-
FE ; F ; 2017_2019;104;Agricultrices;39059,6973;1000,731868;-
FE ; F ; 2017_2019;104;Artisanes, commerçantes, cheffes d'entreprise;37370,24522;1451,956478;-
FE ; F ; 2017_2019;104;Cadres et prof. intellectuelles supérieures;36644,23507;1808,172378;-
FE ; F ; 2017_2019;104;Employées;37772,75984;1263,523386;-
FE ; F ; 2017_2019;104;Ensemble;38297,00356;1145,148825;-
FE ; F ; 2017_2019;104;Inactives non retraitées;38809,19329;850,6983907;-
FE ; F ; 2017_2019;104;Ouvrières;39059,6973;886,8278153;-
FE ; F ; 2017_2019;104;Professions intermédiaires;37366,73152;1584,610793;-
FE ; F ; 2017_2019;105;Agricultrices;40727,16249;609,8490298;-
FE ; F ; 2017_2019;105;Artisanes, commerçantes, cheffes d'entreprise;39037,64059;909,3567813;-
FE ; F ; 2017_2019;105;Cadres et prof. intellectuelles supérieures;38311,60043;1145,581442;-
FE ; F ; 2017_2019;105;Employées;39440,17184;786,2557318;-
FE ; F ; 2017_2019;105;Ensemble;39965,74039;706,5911387;-
FE ; F ; 2017_2019;105;Inactives non retraitées;40476,64812;520,5492079;-
FE ; F ; 2017_2019;105;Ouvrières;40727,16249;540,435555;-
FE ; F ; 2017_2019;105;Professions intermédiaires;39034,12674;992,4935325;-
FE ; F ; 2009_2013;30;Agricultrices;18,38673605;100000;55,97310767
FE ; F ; 2009_2013;30;Artisanes, commerçantes, cheffes d'entreprise;17,77861419;100000;56,35643397
FE ; F ; 2009_2013;30;Cadres et prof. intellectuelles supérieures;12,95155306;100000;58,0460816
FE ; F ; 2009_2013;30;Employées;25,66414716;100000;55,9758743
FE ; F ; 2009_2013;30;Ensemble;30,47171365;100000;55,391098
FE ; F ; 2009_2013;30;Inactives non retraitées;140,5790068;100000;52,22974574
FE ; F ; 2009_2013;30;Ouvrières;34,4472096;100000;54,69462148
FE ; F ; 2009_2013;30;Professions intermédiaires;17,43498119;100000;56,87480818
FE ; F ; 2009_2013;31;Agricultrices;20,38073276;99981,61326;54,98340119
FE ; F ; 2009_2013;31;Artisanes, commerçantes, cheffes d'entreprise;19,70666156;99982,22139;55,36645514
FE ; F ; 2009_2013;31;Cadres et prof. intellectuelles supérieures;14,46806519;99987,04845;57,05360044
FE ; F ; 2009_2013;31;Employées;28,21623536;99974,33585;54,99024372
FE ; F ; 2009_2013;31;Ensemble;32,80732077;99969,52829;54,40798176
FE ; F ; 2009_2013;31;Inactives non retraitées;147,8915451;99859,42099;51,30327317
FE ; F ; 2009_2013;31;Ouvrières;37,64335939;99965,55279;53,71346874
FE ; F ; 2009_2013;31;Professions intermédiaires;19,3257624;99982,56502;55,88472602
FE ; F ; 2009_2013;32;Agricultrices;22,59097355;99961,23628;53,99460949
FE ; F ; 2009_2013;32;Artisanes, commerçantes, cheffes d'entreprise;21,84380098;99962,51823;54,37736817
FE ; F ; 2009_2013;32;Cadres et prof. intellectuelles supérieures;16,16214745;99972,58226;56,06185619
FE ; F ; 2009_2013;32;Employées;31,02210772;99946,12686;54,00576428
FE ; F ; 2009_2013;32;Ensemble;35,32194836;99936,73096;53,42583742
FE ; F ; 2009_2013;32;Inactives non retraitées;155,5844618;99711,73735;50,37925875
FE ; F ; 2009_2013;32;Ouvrières;41,13606072;99927,9224;52,73369591
FE ; F ; 2009_2013;32;Professions intermédiaires;21,42159423;99963,24263;54,89552826
FE ; F ; 2009_2013;33;Agricultrices;25,57837126;99938,65406;53,00681016
FE ; F ; 2009_2013;33;Artisanes, commerçantes, cheffes d'entreprise;24,73239367;99940,68261;53,38924885
FE ; F ; 2009_2013;33;Cadres et prof. intellectuelles supérieures;18,50729824;99956,42454;55,07091845
FE ; F ; 2009_2013;33;Employées;34,10700098;99915,12146;53,0225232
FE ; F ; 2009_2013;33;Ensemble;38,99696858;99901,43136;52,44471513
FE ; F ; 2009_2013;33;Inactives non retraitées;163,6775431;99556,60138;49,45776318
FE ; F ; 2009_2013;33;Ouvrières;44,95282884;99886,81599;51,75539741
FE ; F ; 2009_2013;33;Professions intermédiaires;24,25435491;99941,82891;53,90729028
FE ; F ; 2009_2013;34;Agricultrices;28,47807686;99913,09138;52,0203719
FE ; F ; 2009_2013;34;Artisanes, commerçantes, cheffes d'entreprise;27,53619457;99915,96489;52,40245656
FE ; F ; 2009_2013;34;Cadres et prof. intellectuelles supérieures;20,76606694;99937,92531;54,08111248
FE ; F ; 2009_2013;34;Employées;37,66503578;99881,04341;52,04061376
FE ; F ; 2009_2013;34;Ensemble;42,67198879;99862,47283;51,46517496
FE ; F ; 2009_2013;34;Inactives non retraitées;172,9555852;99393,64958;48,53884715
FE ; F ; 2009_2013;34;Ouvrières;49,34168443;99841,91404;50,77867338
FE ; F ; 2009_2013;34;Professions intermédiaires;27,0039627;99917,58866;52,92036831
FE ; F ; 2009_2013;35;Agricultrices;30,86826929;99884,63806;51,03519053
FE ; F ; 2009_2013;35;Artisanes, commerçantes, cheffes d'entreprise;29,71488592;99888,45184;51,41689017
FE ; F ; 2009_2013;35;Cadres et prof. intellectuelles supérieures;22,54362823;99917,17213;53,09234533
FE ; F ; 2009_2013;35;Employées;40,05670041;99843,42318;51,06022227
FE ; F ; 2009_2013;35;Ensemble;45,43751684;99819,85953;50,48714555
FE ; F ; 2009_2013;35;Inactives non retraitées;183,1672869;99221,74272;47,62294325
FE ; F ; 2009_2013;35;Ouvrières;54,27986309;99792,65036;49,80374081
FE ; F ; 2009_2013;35;Professions intermédiaires;29,14054333;99890,60695;51,93466277
FE ; F ; 2009_2013;36;Agricultrices;34,75230081;99853,8054;50,05094907
FE ; F ; 2009_2013;36;Artisanes, commerçantes, cheffes d'entreprise;33,33080058;99858,7701;50,43217318
FE ; F ; 2009_2013;36;Cadres et prof. intellectuelles supérieures;25,4131608;99894,64717;52,10431697
FE ; F ; 2009_2013;36;Employées;44,38990225;99803,4292;50,0806835
FE ; F ; 2009_2013;36;Ensemble;50,40354415;99774,50386;49,51009608
FE ; F ; 2009_2013;36;Inactives non retraitées;194,2260921;99040,00094;46,71033297
FE ; F ; 2009_2013;36;Ouvrières;59,78742568;99738,48304;48,83078889
FE ; F ; 2009_2013;36;Professions intermédiaires;32,68656797;99861,49829;50,94980123
FE ; F ; 2009_2013;37;Agricultrices;40,78519852;99819,1039;49,06834897
FE ; F ; 2009_2013;37;Artisanes, commerçantes, cheffes d'entreprise;38,98790655;99825,48637;49,44898824
FE ; F ; 2009_2013;37;Cadres et prof. intellectuelles supérieures;29,86030189;99869,26079;51,11756169
FE ; F ; 2009_2013;37;Employées;51,36046258;99759,12656;49,10292414
FE ; F ; 2009_2013;37;Ensemble;58,3703865;99724,21398;48,53506351
FE ; F ; 2009_2013;37;Inactives non retraitées;206,0792422;98847,63942;45,80123318
FE ; F ; 2009_2013;37;Ouvrières;68,79710463;99678,85197;47,86000103
FE ; F ; 2009_2013;37;Professions intermédiaires;38,23433087;99828,85699;49,96646041
FE ; F ; 2009_2013;38;Agricultrices;45,45220282;99778,39248;48,08836976
FE ; F ; 2009_2013;38;Artisanes, commerçantes, cheffes d'entreprise;43,31851198;99786,5665;48,46827488
FE ; F ; 2009_2013;38;Cadres et prof. intellectuelles supérieures;33,31402701;99839,43952;50,13283011
FE ; F ; 2009_2013;38;Employées;56,49799757;99707,88981;48,12815659
FE ; F ; 2009_2013;38;Ensemble;64,26059754;99666,00457;47,56341016
FE ; F ; 2009_2013;38;Inactives non retraitées;218,7585094;98643,93495;44,89581492
FE ; F ; 2009_2013;38;Ouvrières;75,29803169;99610,27581;46,89294999
FE ; F ; 2009_2013;38;Professions intermédiaires;42,48123242;99790,68809;48,98557206
FE ; F ; 2009_2013;39;Agricultrices;50,18506104;99733,041;47,11023693
FE ; F ; 2009_2013;39;Artisanes, commerçantes, cheffes d'entreprise;47,69921758;99743,34045;47,48927972
FE ; F ; 2009_2013;39;Cadres et prof. intellectuelles supérieures;36,82062541;99806,17899;49,14953694
FE ; F ; 2009_2013;39;Employées;61,65013987;99651,55685;47,15536341
FE ; F ; 2009_2013;39;Ensemble;70,17054531;99601,9586;46,59399435
FE ; F ; 2009_2013;39;Inactives non retraitées;232,327851;98428,14295;43,99424366
FE ; F ; 2009_2013;39;Ouvrières;81,78793889;99535,27123;45,92828606
FE ; F ; 2009_2013;39;Professions intermédiaires;46,77726579;99748,29578;48,00639058
FE ; F ; 2009_2013;40;Agricultrices;55,9693612;99682,98992;46,1338911
FE ; F ; 2009_2013;40;Artisanes, commerçantes, cheffes d'entreprise;53,06410047;99695,76365;46,51194254
FE ; F ; 2009_2013;40;Cadres et prof. intellectuelles supérieures;41,10427945;99769,42973;48,16764077
FE ; F ; 2009_2013;40;Employées;68,01197281;99590,12152;46,18445269
FE ; F ; 2009_2013;40;Ensemble;77,46128398;99532,06736;45,62671257
FE ; F ; 2009_2013;40;Inactives non retraitées;246,8255508;98199,46696;43,09669256
FE ; F ; 2009_2013;40;Ouvrières;89,84378112;99453,86338;44,96588061
FE ; F ; 2009_2013;40;Professions intermédiaires;52,03845383;99701,63625;47,02885717
FE ; F ; 2009_2013;41;Agricultrices;61,82748992;99627,19798;45,1597264
FE ; F ; 2009_2013;41;Artisanes, commerçantes, cheffes d'entreprise;58,48173109;99642,86099;45,53663679
FE ; F ; 2009_2013;41;Cadres et prof. intellectuelles supérieures;45,44862677;99728,42022;47,18744788
FE ; F ; 2009_2013;41;Employées;74,36982421;99522,38832;45,21588502
FE ; F ; 2009_2013;41;Ensemble;84,75202264;99454,96854;44,662083
FE ; F ; 2009_2013;41;Inactives non retraitées;262,2990484;97957,08559;42,20332942
FE ; F ; 2009_2013;41;Ouvrières;97,84889948;99364,51027;44,00631599
FE ; F ; 2009_2013;41;Professions intermédiaires;57,35137006;99649,75306;46,053343
FE ; F ; 2009_2013;42;Agricultrices;68,98339934;99565,60099;44,1876648
FE ; F ; 2009_2013;42;Artisanes, commerçantes, cheffes d'entreprise;65,10748669;99584,58812;44,56328298
FE ; F ; 2009_2013;42;Cadres et prof. intellectuelles supérieures;50,75456236;99683,09502;46,20890367
FE ; F ; 2009_2013;42;Employées;82,18238515;99448,37369;44,24953702
FE ; F ; 2009_2013;42;Ensemble;93,70549748;99370,67845;43,69996713
FE ; F ; 2009_2013;42;Inactives non retraitées;278,8015773;97700,14508;41,31431947
FE ; F ; 2009_2013;42;Ouvrières;107,7152821;99267,28319;43,04941786
FE ; F ; 2009_2013;42;Professions intermédiaires;63,8490601;99592,60257;45,07977038
FE ; F ; 2009_2013;43;Agricultrices;78,69177486;99496,91725;43,218168
FE ; F ; 2009_2013;43;Artisanes, commerçantes, cheffes d'entreprise;74,11375489;99519,7511;43,59231592
FE ; F ; 2009_2013;43;Cadres et prof. intellectuelles supérieures;57,9496716;99632,50131;45,23236871
FE ; F ; 2009_2013;43;Employées;92,8781694;99366,64464;43,28593226
FE ; F ; 2009_2013;43;Ensemble;105,9540391;99277,56266;42,74095481
FE ; F ; 2009_2013;43;Inactives non retraitées;303,4014965;97427,75554;40,42982648
FE ; F ; 2009_2013;43;Ouvrières;121,2805009;99160,35716;42,09583866
FE ; F ; 2009_2013;43;Professions intermédiaires;72,68125113;99529,01362;44,10857178
FE ; F ; 2009_2013;44;Agricultrices;88,55000595;99418,62136;42,25220392
FE ; F ; 2009_2013;44;Artisanes, commerçantes, cheffes d'entreprise;83,22778049;99445,99328;42,62464779
FE ; F ; 2009_2013;44;Cadres et prof. intellectuelles supérieures;65,26857507;99574,7646;44,25859592
FE ; F ; 2009_2013;44;Employées;103,5663438;99274,35472;42,32617281
FE ; F ; 2009_2013;44;Ensemble;118,2025807;99172,37407;41,78628861
FE ; F ; 2009_2013;44;Inactives non retraitées;326,0209936;97132,15827;39,55286448
FE ; F ; 2009_2013;44;Ouvrières;134,7412839;99040,09498;41,1469547
FE ; F ; 2009_2013;44;Professions intermédiaires;81,61911677;99456,67469;43,14065376
FE ; F ; 2009_2013;45;Agricultrices;98,76997782;99330,58617;41,28965141
FE ; F ; 2009_2013;45;Artisanes, commerçantes, cheffes d'entreprise;92,65049465;99363,22658;41,66015288
FE ; F ; 2009_2013;45;Cadres et prof. intellectuelles supérieures;72,86781479;99509,77357;43,28750174
FE ; F ; 2009_2013;45;Employées;114,503816;99171,5399;41,37005393
FE ; F ; 2009_2013;45;Ensemble;130,742819;99055,14976;40,83573953
FE ; F ; 2009_2013;45;Inactives non retraitées;347,6965112;96815,48704;38,6822369
FE ; F ; 2009_2013;45;Ouvrières;148,4367399;98906,64708;40,20247144
FE ; F ; 2009_2013;45;Professions intermédiaires;90,8597045;99375,49903;42,17589354
FE ; F ; 2009_2013;46;Agricultrices;109,1269543;99232,47737;40,33047351
FE ; F ; 2009_2013;46;Artisanes, commerçantes, cheffes d'entreprise;102,1723928;99271,16606;40,69878702
FE ; F ; 2009_2013;46;Cadres et prof. intellectuelles supérieures;80,58212344;99437,26297;42,3190674
FE ; F ; 2009_2013;46;Employées;125,4362555;99057,98471;40,41747852
FE ; F ; 2009_2013;46;Ensemble;143,2830574;98925,64227;39,88919922
FE ; F ; 2009_2013;46;Inactives non retraitées;367,8219822;96478,86297;37,81720296
FE ; F ; 2009_2013;46;Ouvrières;162,0403629;98759,83328;39,26223539
FE ; F ; 2009_2013;46;Professions intermédiaires;100,1975591;99285,20675;41,21424928
FE ; F ; 2009_2013;47;Agricultrices;126,0658325;99124,18799;39,37453301
FE ; F ; 2009_2013;47;Artisanes, commerçantes, cheffes d'entreprise;119,0831093;99169,73834;39,74041247
FE ; F ; 2009_2013;47;Cadres et prof. intellectuelles supérieures;93,17812373;99357,13431;41,3531965
FE ; F ; 2009_2013;47;Employées;143,6908906;98933,73008;39,46824037
FE ; F ; 2009_2013;47;Ensemble;164,1952206;98783,89858;38,9464357
FE ; F ; 2009_2013;47;Inactives non retraitées;406,9944862;96123,9925;36,95681648
FE ; F ; 2009_2013;47;Ouvrières;184,9727399;98599,80249;38,32595932
FE ; F ; 2009_2013;47;Professions intermédiaires;115,5366148;99185,72539;40,25558637
FE ; F ; 2009_2013;48;Agricultrices;138,5825733;98999,22626;38,4242335
FE ; F ; 2009_2013;48;Artisanes, commerçantes, cheffes d'entreprise;132,0534838;99051,64393;38,78779301
FE ; F ; 2009_2013;48;Cadres et prof. intellectuelles supérieures;102,5283344;99264,5552;40,39176457
FE ; F ; 2009_2013;48;Employées;156,6521149;98791,57132;38,52503424
FE ; F ; 2009_2013;48;Ensemble;179,0668548;98621,70014;38,01048906
FE ; F ; 2009_2013;48;Inactives non retraitées;428,7668472;95732,77315;36,10784336
FE ; F ; 2009_2013;48;Ouvrières;200,9563899;98417,41973;37,39698327
FE ; F ; 2009_2013;48;Professions intermédiaires;126,7788336;99071,12957;39,30215011
FE ; F ; 2009_2013;49;Agricultrices;150,3892211;98862,03058;37,47755669
FE ; F ; 2009_2013;49;Artisanes, commerçantes, cheffes d'entreprise;144,506512;98920,84278;37,83908137
FE ; F ; 2009_2013;49;Cadres et prof. intellectuelles supérieures;111,3709291;99162,7809;39,43322008
FE ; F ; 2009_2013;49;Employées;168,6498578;98636,81224;37,58547921
FE ; F ; 2009_2013;49;Ensemble;192,8391408;98445,10137;37,07867534
FE ; F ; 2009_2013;49;Inactives non retraitées;446,623567;95322,30276;35,26332849
FE ; F ; 2009_2013;49;Ouvrières;215,6168374;98219,64364;36,47228622
FE ; F ; 2009_2013;49;Professions intermédiaires;137,3442588;98945,52834;38,35204017
FE ; F ; 2009_2013;50;Agricultrices;165,6468388;98713,35274;36,53400378
FE ; F ; 2009_2013;50;Artisanes, commerçantes, cheffes d'entreprise;160,4550418;98777,89572;36,89384044
FE ; F ; 2009_2013;50;Cadres et prof. intellectuelles supérieures;122,7905692;99052,34239;38,47718619
FE ; F ; 2009_2013;50;Employées;184,3366004;98470,46139;36,64897415
FE ; F ; 2009_2013;50;Ensemble;210,8304266;98255,26068;36,15031569
FE ; F ; 2009_2013;50;Inactives non retraitées;472,7794427;94896,57089;34,42152938
FE ; F ; 2009_2013;50;Ouvrières;234,892605;98007,86555;35,55109654
FE ; F ; 2009_2013;50;Professions intermédiaires;151,0314256;98809,63234;37,40478694
FE ; F ; 2009_2013;51;Agricultrices;182,5949275;98549,83719;35,59462162
FE ; F ; 2009_2013;51;Artisanes, commerçantes, cheffes d'entreprise;178,267139;98619,40161;35,9531336
FE ; F ; 2009_2013;51;Cadres et prof. intellectuelles supérieures;135,4905798;98930,71546;37,52449063
FE ; F ; 2009_2013;51;Employées;201,6754371;98288,94429;35,71665639
FE ; F ; 2009_2013;51;Ensemble;230,7125399;98048,10869;35,22669258
FE ; F ; 2009_2013;51;Inactives non retraitées;501,2434215;94447,91941;33,58504034
FE ; F ; 2009_2013;51;Ouvrières;256,1444232;97777,65232;34,63480005
FE ; F ; 2009_2013;51;Professions intermédiaires;166,222232;98660,39874;36,46136537
FE ; F ; 2009_2013;52;Agricultrices;199,754308;98369,89019;34,65973448
FE ; F ; 2009_2013;52;Artisanes, commerçantes, cheffes d'entreprise;196,5186544;98443,59562;35,01734069
FE ; F ; 2009_2013;52;Cadres et prof. intellectuelles supérieures;148,377189;98796,67366;36,57540176
FE ; F ; 2009_2013;52;Employées;219,0146461;98090,71963;34,78883368
FE ; F ; 2009_2013;52;Ensemble;250,5946533;97821,89941;34,30815292
FE ; F ; 2009_2013;52;Inactives non retraitées;527,8118417;93974,50543;32,75423121
FE ; F ; 2009_2013;52;Ouvrières;277,2633058;97527,20032;33,72374298
FE ; F ; 2009_2013;52;Professions intermédiaires;181,5677646;98496,40323;35,52207318
FE ; F ; 2009_2013;53;Agricultrices;217,2640483;98173,3921;33,72910737
FE ; F ; 2009_2013;53;Artisanes, commerçantes, cheffes d'entreprise;215,3393948;98250,13559;34,0862918
FE ; F ; 2009_2013;53;Cadres et prof. intellectuelles supérieures;161,5552968;98650,08193;35,62975196
FE ; F ; 2009_2013;53;Employées;236,5175851;97875,88659;33,86519356
FE ; F ; 2009_2013;53;Ensemble;270,661072;97576,76296;33,3943433
FE ; F ; 2009_2013;53;Inactives non retraitées;553,0693035;93478,49686;31,92802925
FE ; F ; 2009_2013;53;Ouvrières;298,4603357;97256,79318;32,81750652
FE ; F ; 2009_2013;53;Professions intermédiaires;197,1972577;98317,56551;34,58668713
FE ; F ; 2009_2013;54;Agricultrices;234,3123221;97960,09661;32,80254815
FE ; F ; 2009_2013;54;Artisanes, commerçantes, cheffes d'entreprise;233,911854;98038,56435;33,15985141
FE ; F ; 2009_2013;54;Cadres et prof. intellectuelles supérieures;174,4220628;98490,7075;34,68740685
FE ; F ; 2009_2013;54;Employées;253,3168869;97644,39291;32,94548059
FE ; F ; 2009_2013;54;Ensemble;289,9167722;97312,66065;32,48497409
FE ; F ; 2009_2013;54;Inactives non retraitées;575,2164834;92961,49599;31,10559544
FE ; F ; 2009_2013;54;Ouvrières;318,6486607;96966,52023;31,91574697
FE ; F ; 2009_2013;54;Professions intermédiaires;212,3775668;98123,68597;33,65502589
FE ; F ; 2009_2013;55;Agricultrices;254,0282173;97730,56403;31,87958908
FE ; F ; 2009_2013;55;Artisanes, commerçantes, cheffes d'entreprise;255,3658074;97809,24052;32,2375981
FE ; F ; 2009_2013;55;Cadres et prof. intellectuelles supérieures;189,3107462;98318,91797;33,74801506
FE ; F ; 2009_2013;55;Employées;272,7911556;97397,04317;32,029149
FE ; F ; 2009_2013;55;Ensemble;312,2255427;97030,53493;31,57942732
FE ; F ; 2009_2013;55;Inactives non retraitées;601,931195;92426,76614;30,28555511
FE ; F ; 2009_2013;55;Ouvrières;342,0724159;96657,53771;31,01777117
FE ; F ; 2009_2013;55;Professions intermédiaires;229,9456271;97915,29327;32,72665374
FE ; F ; 2009_2013;56;Agricultrices;277,2390822;97482,30082;30,96077848
FE ; F ; 2009_2013;56;Artisanes, commerçantes, cheffes d'entreprise;280,6007723;97559,46917;31,32013266
FE ; F ; 2009_2013;56;Cadres et prof. intellectuelles supérieures;206,8495346;98132,7897;32,81202485
FE ; F ; 2009_2013;56;Employées;295,7609046;97131,35265;31,11676068
FE ; F ; 2009_2013;56;Ensemble;338,5241691;96727,58081;30,67833517
FE ; F ; 2009_2013;56;Inactives non retraitées;634,4380889;91870,4206;29,46895727
FE ; F ; 2009_2013;56;Ouvrières;369,7175106;96326,89893;30,1242386
FE ; F ; 2009_2013;56;Professions intermédiaires;250,6407434;97690,14133;31,80208069
FE ; F ; 2009_2013;57;Agricultrices;295,6223772;97212,04179;30,04685249
FE ; F ; 2009_2013;57;Artisanes, commerçantes, cheffes d'entreprise;301,1885653;97285,71654;30,4082645
FE ; F ; 2009_2013;57;Cadres et prof. intellectuelles supérieures;220,82978;97929,80248;31,88003706
FE ; F ; 2009_2013;57;Employées;313,3556327;96844,07609;30,20906489
FE ; F ; 2009_2013;57;Ensemble;358,658587;96400,13457;29,78254152
FE ; F ; 2009_2013;57;Inactives non retraitées;653,8676997;91287,55966;28,65711329
FE ; F ; 2009_2013;57;Ouvrières;390,5005395;95970,76152;29,23602648
FE ; F ; 2009_2013;57;Professions intermédiaires;266,9406205;97445,29004;30,88198995
FE ; F ; 2009_2013;58;Agricultrices;315,0648159;96924,66124;29,13594107
FE ; F ; 2009_2013;58;Artisanes, commerçantes, cheffes d'entreprise;323,0420082;96992,70309;29,50012739
FE ; F ; 2009_2013;58;Cadres et prof. intellectuelles supérieures;235,6423915;97713,54431;30,95059348
FE ; F ; 2009_2013;58;Employées;331,9022665;96540,60972;29,30402426
FE ; F ; 2009_2013;58;Ensemble;379,8664213;96054,38721;28,88974365
FE ; F ; 2009_2013;58;Inactives non retraitées;674,2433191;90690,6598;27,84572618
FE ; F ; 2009_2013;58;Ouvrières;412,3534152;95595,99518;28,3506409
FE ; F ; 2009_2013;58;Professions intermédiaires;284,1768865;97185,16898;29,96464717
FE ; F ; 2009_2013;59;Agricultrices;341,7310057;96619,28573;28,22802831
FE ; F ; 2009_2013;59;Artisanes, commerçantes, cheffes d'entreprise;352,5544594;96679,37591;28,59573405
FE ; F ; 2009_2013;59;Cadres et prof. intellectuelles supérieures;255,9140167;97483,28978;30,02369847
FE ; F ; 2009_2013;59;Employées;357,8220624;96220,18925;28,40160887
FE ; F ; 2009_2013;59;Ensemble;409,4913448;95689,50885;27,99990455
FE ; F ; 2009_2013;59;Inactives non retraitées;707,9833505;90079,18408;27,0347486
FE ; F ; 2009_2013;59;Ouvrières;443,2029706;95201,80183;27,46802979
FE ; F ; 2009_2013;59;Professions intermédiaires;307,9011631;96908,99119;29,05004244
FE ; F ; 2009_2013;60;Agricultrices;364,8424097;96289,10768;27,32482301
FE ; F ; 2009_2013;60;Artisanes, commerçantes, cheffes d'entreprise;378,6717861;96338,52846;27,69690627
FE ; F ; 2009_2013;60;Cadres et prof. intellectuelles supérieures;273,5841648;97233,81638;29,10073045
FE ; F ; 2009_2013;60;Employées;379,7659582;95875,89218;27,50360104
FE ; F ; 2009_2013;60;Ensemble;434,543787;95297,66859;27,11503317
FE ; F ; 2009_2013;60;Inactives non retraitées;732,1604002;89441,43846;26,22751487
FE ; F ; 2009_2013;60;Ouvrières;468,9537947;94779,86462;26,59031087
FE ; F ; 2009_2013;60;Professions intermédiaires;328,3928425;96610,60728;28,13976411
FE ; F ; 2009_2013;61;Agricultrices;388,1734636;95937,80418;26,4248806
FE ; F ; 2009_2013;61;Artisanes, commerçantes, cheffes d'entreprise;400,5751795;95973,72164;26,8021853
FE ; F ; 2009_2013;61;Cadres et prof. intellectuelles supérieures;291,4781795;96967,80005;28,18056386
FE ; F ; 2009_2013;61;Employées;401,7326415;95511,78818;26,60844853
FE ; F ; 2009_2013;61;Ensemble;459,5962291;94883,55849;26,23337411
FE ; F ; 2009_2013;61;Inactives non retraitées;755,1182035;88786,58366;25,42095866
FE ; F ; 2009_2013;61;Ouvrières;494,582305;94335,39084;25,71559466
FE ; F ; 2009_2013;61;Professions intermédiaires;349,0623288;96293,34496;27,23247755
FE ; F ; 2009_2013;62;Agricultrices;409,1513067;95565,39908;25,5278547
FE ; F ; 2009_2013;62;Artisanes, commerçantes, cheffes d'entreprise;419,8778696;95589,27473;25,90998
FE ; F ; 2009_2013;62;Cadres et prof. intellectuelles supérieures;307,6622347;96685,16007;27,26294417
FE ; F ; 2009_2013;62;Employées;421,0911067;95128,08615;25,71577452
FE ; F ; 2009_2013;62;Ensemble;481,6375731;94447,47724;25,35449839
FE ; F ; 2009_2013;62;Inactives non retraitées;772,2081442;88116,14001;24,61437749
FE ; F ; 2009_2013;62;Ouvrières;516,8677751;93868,82469;24,8434116
FE ; F ; 2009_2013;62;Professions intermédiaires;367,601998;95957,22117;26,32786885
FE ; F ; 2009_2013;63;Agricultrices;440,5503263;95174,392;24,63273135
FE ; F ; 2009_2013;63;Artisanes, commerçantes, cheffes d'entreprise;449,6480307;95187,91652;25,01922898
FE ; F ; 2009_2013;63;Cadres et prof. intellectuelles supérieures;331,7597925;96387,69635;26,34708081
FE ; F ; 2009_2013;63;Employées;450,9472887;94727,51024;24,82451927
FE ; F ; 2009_2013;63;Ensemble;515,6480724;93992,5827;24,47720619
FE ; F ; 2009_2013;63;Inactives non retraitées;807,1204922;87435,7;23,80593091
FE ; F ; 2009_2013;63;Ouvrières;551,858358;93383,64699;23,97248634
FE ; F ; 2009_2013;63;Professions intermédiaires;395,4881514;95604,4805;25,4250077
FE ; F ; 2009_2013;64;Agricultrices;464,8069156;94755,10091;23,74173113
FE ; F ; 2009_2013;64;Artisanes, commerçantes, cheffes d'entreprise;471,8900752;94759,90592;24,13223559
FE ; F ; 2009_2013;64;Cadres et prof. intellectuelles supérieures;350,5576898;96067,92073;25,43478079
FE ; F ; 2009_2013;64;Employées;473,2536016;94300,3391;23,93697187
FE ; F ; 2009_2013;64;Ensemble;540,9888863;93507,91176;23,60407663
FE ; F ; 2009_2013;64;Inactives non retraitées;827,0687741;86729,98855;22,9996369
FE ; F ; 2009_2013;64;Ouvrières;577,4259623;92868,30153;23,10551463
FE ; F ; 2009_2013;64;Professions intermédiaires;416,9437127;95226,37611;24,52595985
FE ; F ; 2009_2013;65;Agricultrices;506,1999389;94314,67264;22,85259966
FE ; F ; 2009_2013;65;Artisanes, commerçantes, cheffes d'entreprise;511,2293778;94312,74333;23,24665314
FE ; F ; 2009_2013;65;Cadres et prof. intellectuelles supérieures;382,3907852;95731,14724;24,52425803
FE ; F ; 2009_2013;65;Employées;512,7065751;93854,05935;23,05079311
FE ; F ; 2009_2013;65;Ensemble;585,8744187;93002,04435;22,73246664
FE ; F ; 2009_2013;65;Inactives non retraitées;875,0131418;86012,67189;22,19144611
FE ; F ; 2009_2013;65;Ouvrières;623,6655798;92332,05584;22,23970673
FE ; F ; 2009_2013;65;Professions intermédiaires;453,7534681;94829,33572;23,62864745
FE ; F ; 2009_2013;66;Agricultrices;550,8607798;93837,25183;21,96886806
FE ; F ; 2009_2013;66;Artisanes, commerçantes, cheffes d'entreprise;553,4282612;93830,58888;22,36610754
FE ; F ; 2009_2013;66;Cadres et prof. intellectuelles supérieures;416,8416174;95365,08016;23,61839651
FE ; F ; 2009_2013;66;Employées;555,0273922;93372,86342;22,1695851
FE ; F ; 2009_2013;66;Ensemble;633,9668856;92457,16916;21,86643524
FE ; F ; 2009_2013;66;Inactives non retraitées;924,8782478;85260,04971;21,38733826
FE ; F ; 2009_2013;66;Ouvrières;673,0431889;91756,21259;21,37927859
FE ; F ; 2009_2013;66;Professions intermédiaires;493,4601976;94399,04432;22,73635197
FE ; F ; 2009_2013;67;Agricultrices;584,9788217;93320,33921;21,09055627
FE ; F ; 2009_2013;67;Artisanes, commerçantes, cheffes d'entreprise;584,6761332;93311,30389;21,49057675
FE ; F ; 2009_2013;67;Cadres et prof. intellectuelles supérieures;443,4505946;94967,55882;22,71725992
FE ; F ; 2009_2013;67;Employées;586,3655549;92854,61845;21,29331913
FE ; F ; 2009_2013;67;Ensemble;669,4488149;91871,02133;21,00594564
FE ; F ; 2009_2013;67;Inactives non retraitées;954,1973375;84471,49806;20,58699165
FE ; F ; 2009_2013;67;Ouvrières;708,809125;91138,65365;20,52414539
FE ; F ; 2009_2013;67;Professions intermédiaires;523,7020051;93933,22261;21,8491032
FE ; F ; 2009_2013;68;Agricultrices;654,5062141;92774,43499;20,21465752
FE ; F ; 2009_2013;68;Artisanes, commerçantes, cheffes d'entreprise;650,7912742;92765,73496;20,61696599
FE ; F ; 2009_2013;68;Cadres et prof. intellectuelles supérieures;497,1248303;94546,42461;21,81844847
FE ; F ; 2009_2013;68;Employées;652,6717356;92310,15095;20,41891225
FE ; F ; 2009_2013;68;Ensemble;744,7357434;91255,99186;20,14751745
FE ; F ; 2009_2013;68;Inactives non retraitées;1036,871666;83665,47327;19,78532466
FE ; F ; 2009_2013;68;Ouvrières;786,3791338;90492,65456;19,67066092
FE ; F ; 2009_2013;68;Professions intermédiaires;585,6268168;93441,29244;20,96412978
FE ; F ; 2009_2013;69;Agricultrices;708,3730059;92167,22055;19,34783537
FE ; F ; 2009_2013;69;Artisanes, commerçantes, cheffes d'entreprise;700,6879437;92162,02365;19,75201832
FE ; F ; 2009_2013;69;Cadres et prof. intellectuelles supérieures;539,1572242;94076,41086;20,92745529
FE ; F ; 2009_2013;69;Employées;702,7125815;91707,66868;19,55305624
FE ; F ; 2009_2013;69;Ensemble;801,3397469;90576,37587;19,29868904
FE ; F ; 2009_2013;69;Inactives non retraitées;1089,476515;82797,96968;18,9926225
FE ; F ; 2009_2013;69;Ouvrières;843,8104953;89781,03921;18,82657295
FE ; F ; 2009_2013;69;Professions intermédiaires;633,5058406;92894,07518;20,08762457
FE ; F ; 2009_2013;70;Agricultrices;763,2694756;91514,33284;18,485868
FE ; F ; 2009_2013;70;Artisanes, commerçantes, cheffes d'entreprise;751,1055769;91516,25547;18,89139492
FE ; F ; 2009_2013;70;Cadres et prof. intellectuelles supérieures;582,2175641;93569,19109;20,04089882
FE ; F ; 2009_2013;70;Employées;753,2758965;91063,22736;18,6914304
FE ; F ; 2009_2013;70;Ensemble;858,4103929;89850,55137;18,45458638
FE ; F ; 2009_2013;70;Inactives non retraitées;1139,798701;81895,90525;18,20182184
FE ; F ; 2009_2013;70;Ouvrières;901,4092764;89023,45737;17,98678544
FE ; F ; 2009_2013;70;Professions intermédiaires;682,302093;92305,58578;19,21569216
FE ; F ; 2009_2013;71;Agricultrices;840,4292148;90815,83187;17,62805022
FE ; F ; 2009_2013;71;Artisanes, commerçantes, cheffes d'entreprise;822,7970881;90828,87177;18,03436309
FE ; F ; 2009_2013;71;Cadres et prof. intellectuelles supérieures;642,5962791;93024,41483;19,15826377
FE ; F ; 2009_2013;71;Employées;825,1745603;90377,27002;17,83329709
FE ; F ; 2009_2013;71;Ensemble;939,6112139;89079,2649;17,6143741
FE ; F ; 2009_2013;71;Inactives non retraitées;1218,325127;80962,45679;17,41167791
FE ; F ; 2009_2013;71;Ouvrières;1003,579989;88220,99167;17,15039478
FE ; F ; 2009_2013;71;Professions intermédiaires;751,0072328;91675,78284;18,34770193
FE ; F ; 2009_2013;72;Agricultrices;940,4159814;90052,58909;16,77745716
FE ; F ; 2009_2013;72;Artisanes, commerçantes, cheffes d'entreprise;915,9066185;90081,53446;17,18398035
FE ; F ; 2009_2013;72;Cadres et prof. intellectuelles supérieures;720,9206577;92426,6434;18,28217028
FE ; F ; 2009_2013;72;Employées;918,5531307;89631,49978;16,98167731
FE ; F ; 2009_2013;72;Ensemble;1045,005075;88242,26614;16,7814506
FE ; F ; 2009_2013;72;Inactives non retraitées;1322,476483;79976,07083;16,62642507
FE ; F ; 2009_2013;72;Ouvrières;1117,28099;87335,62345;16,32425756
FE ; F ; 2009_2013;72;Professions intermédiaires;840,12091;90987,29108;17,48653716
FE ; F ; 2009_2013;73;Agricultrices;1042,953153;89205,72015;15,93673291
FE ; F ; 2009_2013;73;Artisanes, commerçantes, cheffes d'entreprise;1002,232671;89256,47172;16,34282442
FE ; F ; 2009_2013;73;Cadres et prof. intellectuelles supérieures;801,7971957;91760,32063;17,4149273
FE ; F ; 2009_2013;73;Employées;1013,349215;88808,18683;16,13910914
FE ; F ; 2009_2013;73;Ensemble;1151,690679;87320,12998;15,95866956
FE ; F ; 2009_2013;73;Inactives non retraitées;1421,792113;78918,4061;15,84925247
FE ; F ; 2009_2013;73;Ouvrières;1243,807807;86359,83913;15,5087062
FE ; F ; 2009_2013;73;Professions intermédiaires;931,5370383;90222,88782;16,63468988
FE ; F ; 2009_2013;74;Agricultrices;1165,770283;88275,34628;15,10469736
FE ; F ; 2009_2013;74;Artisanes, commerçantes, cheffes d'entreprise;1115,377476;88361,9142;15,50827576
FE ; F ; 2009_2013;74;Cadres et prof. intellectuelles supérieures;899,010415;91024,58896;16,55568831
FE ; F ; 2009_2013;74;Employées;1126,672125;87908,24976;15,30432893
FE ; F ; 2009_2013;74;Ensemble;1279,021502;86314,47218;15,14460548
FE ; F ; 2009_2013;74;Inactives non retraitées;1539,578868;77796,35043;15,07784602
FE ; F ; 2009_2013;74;Ouvrières;1384,608203;85285,68871;14,7040342
FE ; F ; 2009_2013;74;Professions intermédiaires;1041,133858;89382,42821;15,79110525
FE ; F ; 2009_2013;75;Agricultrices;1294,584468;87246,25852;14,2828604
FE ; F ; 2009_2013;75;Artisanes, commerçantes, cheffes d'entreprise;1233,223316;87376,34531;14,68320267
FE ; F ; 2009_2013;75;Cadres et prof. intellectuelles supérieures;1001,7409;90206,26842;15,70587588
FE ; F ; 2009_2013;75;Employées;1244,496361;86917,81202;14,47872339
FE ; F ; 2009_2013;75;Ensemble;1409,483558;85210,49152;14,34081783
FE ; F ; 2009_2013;75;Inactives non retraitées;1655,372426;76598,61426;14,31361114
FE ; F ; 2009_2013;75;Ouvrières;1542,924857;84104,81607;13,91048601
FE ; F ; 2009_2013;75;Professions intermédiaires;1156,190869;88451,83748;14,95724149
FE ; F ; 2009_2013;76;Agricultrices;1486,357869;86116,78201;13,47018922
FE ; F ; 2009_2013;76;Artisanes, commerçantes, cheffes d'entreprise;1409,69696;86298,79985;13,86654031
FE ; F ; 2009_2013;76;Cadres et prof. intellectuelles supérieures;1154,519717;89302,63534;14,86480007
FE ; F ; 2009_2013;76;Employées;1421,148293;85836,12301;13,66118126
FE ; F ; 2009_2013;76;Ensemble;1603,277308;84009,46366;13,54583904
FE ; F ; 2009_2013;76;Inactives non retraitées;1838,434364;75330,62192;13,55454303
FE ; F ; 2009_2013;76;Ouvrières;1721,60415;82807,14196;13,12847781
FE ; F ; 2009_2013;76;Professions intermédiaires;1327,68804;87429,16541;14,13219859
FE ; F ; 2009_2013;77;Agricultrices;1678,47143;84836,77844;12,67342525
FE ; F ; 2009_2013;77;Artisanes, commerçantes, cheffes d'entreprise;1584,857332;85082,24829;13,06481153
FE ; F ; 2009_2013;77;Cadres et prof. intellectuelles supérieures;1309,240313;88271,6188;14,03842161
FE ; F ; 2009_2013;77;Employées;1596,06503;84616,26441;12,85812577
FE ; F ; 2009_2013;77;Ensemble;1793,141422;82662,55899;12,7665551
FE ; F ; 2009_2013;77;Inactives non retraitées;2006,19192;73945,71788;12,80840143
FE ; F ; 2009_2013;77;Ouvrières;1928,819246;81381,53077;12,35845757
FE ; F ; 2009_2013;77;Professions intermédiaires;1499,766666;86268,37884;13,32235478
FE ; F ; 2009_2013;78;Agricultrices;1910,43211;83412,81736;11,88977647
FE ; F ; 2009_2013;78;Artisanes, commerçantes, cheffes d'entreprise;1795,939969;83733,81604;12,27520458
FE ; F ; 2009_2013;78;Cadres et prof. intellectuelles supérieures;1497,160911;87115,93119;13,22465655
FE ; F ; 2009_2013;78;Employées;1806,70226;83265,73381;12,06667846
FE ; F ; 2009_2013;78;Ensemble;2020,829296;81180,3024;11,99965734
FE ; F ; 2009_2013;78;Inactives non retraitées;2204,922524;72462,22486;12,07062322
FE ; F ; 2009_2013;78;Ouvrières;2177,304218;79811,82814;11,60151808
FE ; F ; 2009_2013;78;Professions intermédiaires;1707,898229;84974,55445;12,52520124
FE ; F ; 2009_2013;79;Agricultrices;2202,336099;81819,27211;11,12134657
FE ; F ; 2009_2013;79;Artisanes, commerçantes, cheffes d'entreprise;2061,288101;82230,00697;11,49969154
FE ; F ; 2009_2013;79;Cadres et prof. intellectuelles supérieures;1682,977078;85811,66552;12,42566029
FE ; F ; 2009_2013;79;Employées;2111,084808;81761,36991;11,28869866
FE ; F ; 2009_2013;79;Ensemble;2305,85346;79539,78707;11,24715136
FE ; F ; 2009_2013;79;Inactives non retraitées;2510,607052;70864,48894;11,34277177
FE ; F ; 2009_2013;79;Ouvrières;2488,205591;78074,08184;10,85974071
FE ; F ; 2009_2013;79;Professions intermédiaires;1970,321864;83523,27554;11,74283591
FE ; F ; 2009_2013;80;Agricultrices;2596,781111;80017,33674;10,37179164
FE ; F ; 2009_2013;80;Artisanes, commerçantes, cheffes d'entreprise;2419,873356;80535,00962;10,74172226
FE ; F ; 2009_2013;80;Cadres et prof. intellectuelles supérieures;1891,855328;84367,47486;11,63836101
FE ; F ; 2009_2013;80;Employées;2466,747935;80035,31805;10,53215217
FE ; F ; 2009_2013;80;Ensemble;2689,842123;77705,71614;10,5126154
FE ; F ; 2009_2013;80;Inactives non retraitées;2858,670861;69085,36009;10,63487784
FE ; F ; 2009_2013;80;Ouvrières;2906,620264;76131,43817;10,13684839
FE ; F ; 2009_2013;80;Professions intermédiaires;2325,660726;81877,59818;10,97885797
FE ; F ; 2009_2013;81;Agricultrices;3024,647194;77939,46166;9,648304807
FE ; F ; 2009_2013;81;Artisanes, commerçantes, cheffes d'entreprise;2806,438013;78586,16438;10,00810445
FE ; F ; 2009_2013;81;Cadres et prof. intellectuelles supérieures;2200,943237;82771,36429;10,86278779
FE ; F ; 2009_2013;81;Employées;2882,331089;78061,0485;9,798524549
FE ; F ; 2009_2013;81;Ensemble;3098,300895;75615,55505;9,803204548
FE ; F ; 2009_2013;81;Inactives non retraitées;3254,9893;67110,43703;9,947840563
FE ; F ; 2009_2013;81;Ouvrières;3352,18429;73918,58636;9,440308518
FE ; F ; 2009_2013;81;Professions intermédiaires;2712,589695;79973,40304;10,24026848
FE ; F ; 2009_2013;82;Agricultrices;3505,687683;75582,06792;8,949234035
FE ; F ; 2009_2013;82;Artisanes, commerçantes, cheffes d'entreprise;3239,316251;76380,69239;9,297085777
FE ; F ; 2009_2013;82;Cadres et prof. intellectuelles supérieures;2550,234173;80949,61354;10,1072521
FE ; F ; 2009_2013;82;Employées;3367,929244;75811,07063;9,089332517
FE ; F ; 2009_2013;82;Ensemble;3550,33646;73272,75763;9,116648767
FE ; F ; 2009_2013;82;Inactives non retraitées;3706,252261;64925,99948;9,28253601
FE ; F ; 2009_2013;82;Ouvrières;3845,230348;71440,69912;8,767741204
FE ; F ; 2009_2013;82;Professions intermédiaires;3149,520998;77804,05275;9,52578997
FE ; F ; 2009_2013;83;Agricultrices;4110,772355;72932,39667;8,274364281
FE ; F ; 2009_2013;83;Artisanes, commerçantes, cheffes d'entreprise;3783,756685;73906,48021;8,608329971
FE ; F ; 2009_2013;83;Cadres et prof. intellectuelles supérieures;2993,079913;78885,20884;9,371756173
FE ; F ; 2009_2013;83;Employées;3935,338114;73257,80741;8,406124122
FE ; F ; 2009_2013;83;Ensemble;4115,105784;70671,3282;8,452234909
FE ; F ; 2009_2013;83;Inactives non retraitées;4220,077106;62519,67816;8,639811751
FE ; F ; 2009_2013;83;Ouvrières;4460,213922;68693,63968;8,118363276
FE ; F ; 2009_2013;83;Professions intermédiaires;3645,486597;75353,59777;8,835563095
FE ; F ; 2009_2013;84;Agricultrices;4767,053928;69934,31187;7,629086379
FE ; F ; 2009_2013;84;Artisanes, commerçantes, cheffes d'entreprise;4372,417047;71110,03882;7,946857281
FE ; F ; 2009_2013;84;Cadres et prof. intellectuelles supérieures;3478,502268;76524,1115;8,660915081
FE ; F ; 2009_2013;84;Employées;4598,340686;70374,865;7,750485305
FE ; F ; 2009_2013;84;Ensemble;4716,743916;67763,12829;7,814980689
FE ; F ; 2009_2013;84;Inactives non retraitées;4805,137245;59881,29954;8,020483093
FE ; F ; 2009_2013;84;Ouvrières;5114,477781;65629,75639;7,497363883
FE ; F ; 2009_2013;84;Professions intermédiaires;4219,553557;72606,59246;8,1698487
FE ; F ; 2009_2013;85;Agricultrices;5609,665014;66600,50551;7,010973821
FE ; F ; 2009_2013;85;Artisanes, commerçantes, cheffes d'entreprise;5129,822727;68000,81136;7,310214518
FE ; F ; 2009_2013;85;Cadres et prof. intellectuelles supérieures;4109,282204;73862,21854;7,973042571
FE ; F ; 2009_2013;85;Employées;5373,042024;67138,78895;7,124057129
FE ; F ; 2009_2013;85;Ensemble;5486,438136;64566,91506;7,201840502
FE ; F ; 2009_2013;85;Inactives non retraitées;5471,308548;57003,92091;7,425331852
FE ; F ; 2009_2013;85;Ouvrières;5949,073869;62273,13709;6,901483501
FE ; F ; 2009_2013;85;Professions intermédiaires;4884,020761;69542,91841;7,529766778
FE ; F ; 2009_2013;86;Agricultrices;6575,275965;62864,44025;6,427639516
FE ; F ; 2009_2013;86;Artisanes, commerçantes, cheffes d'entreprise;5998,339218;64512,49029;6,70549263
FE ; F ; 2009_2013;86;Cadres et prof. intellectuelles supérieures;4844,365902;70827,01154;7,314717789
FE ; F ; 2009_2013;86;Employées;6302,261547;63531,3936;6,52857038
FE ; F ; 2009_2013;86;Ensemble;6357,858291;61024,49121;6,619901695
FE ; F ; 2009_2013;86;Inactives non retraitées;6229,836049;53885,06051;6,855109108
FE ; F ; 2009_2013;86;Ouvrières;6890,84301;58568,46216;6,33802822
FE ; F ; 2009_2013;86;Professions intermédiaires;5653,123836;66146,42783;6,916405674
FE ; F ; 2009_2013;87;Agricultrices;7615,733668;58730,92982;5,880019805
FE ; F ; 2009_2013;87;Artisanes, commerçantes, cheffes d'entreprise;6935,721353;60642,81228;6,133376766
FE ; F ; 2009_2013;87;Cadres et prof. intellectuelles supérieures;5654,3607;67395,89194;6,687109501
FE ; F ; 2009_2013;87;Employées;7306,744213;59527,47901;5,967692591
FE ; F ; 2009_2013;87;Ensemble;7283,791555;57144,64053;6,069361693
FE ; F ; 2009_2013;87;Inactives non retraitées;7093,523762;50528,10959;6,310544014
FE ; F ; 2009_2013;87;Ouvrières;7886,994113;54532,60138;5,807094409
FE ; F ; 2009_2013;87;Professions intermédiaires;6543,340143;62407,08836;6,330826367
FE ; F ; 2009_2013;88;Agricultrices;8770,057216;54258,13863;5,364741572
FE ; F ; 2009_2013;88;Artisanes, commerçantes, cheffes d'entreprise;7980,227346;56436,7958;5,590473654
FE ; F ; 2009_2013;88;Cadres et prof. intellectuelles supérieures;6575,702355;63585,08512;6,08788403
FE ; F ; 2009_2013;88;Employées;8425,258181;55177,95838;5,438108727
FE ; F ; 2009_2013;88;Ensemble;8302,873295;52982,34403;5,546171155
FE ; F ; 2009_2013;88;Inactives non retraitées;8076,950817;46943,88613;5,792361813
FE ; F ; 2009_2013;88;Ouvrières;8977,32639;50231,61832;5,304315393
FE ; F ; 2009_2013;88;Professions intermédiaires;7573,741788;58323,58029;5,774077285
FE ; F ; 2009_2013;89;Agricultrices;10132,85355;49499,66883;4,880461401
FE ; F ; 2009_2013;89;Artisanes, commerçantes, cheffes d'entreprise;9322,741827;51933,01119;5,075296095
FE ; F ; 2009_2013;89;Cadres et prof. intellectuelles supérieures;7776,00503;59403,91918;5,516381908
FE ; F ; 2009_2013;89;Employées;9857,40799;50529,07293;4,938437411
FE ; F ; 2009_2013;89;Ensemble;9608,932653;48583,28714;5,048358716
FE ; F ; 2009_2013;89;Inactives non retraitées;9164,425046;43152,25153;5,301316008
FE ; F ; 2009_2013;89;Ouvrières;10367,82739;45722,16199;4,82746604
FE ; F ; 2009_2013;89;Professions intermédiaires;8766,404224;53906,30292;5,247226056
FE ; F ; 2009_2013;90;Agricultrices;11707,41746;44483,93988;4,430751497
FE ; F ; 2009_2013;90;Artisanes, commerçantes, cheffes d'entreprise;10797,66908;47091,43063;4,597099203
FE ; F ; 2009_2013;90;Cadres et prof. intellectuelles supérieures;9128,491906;54784,66743;4,981503957
FE ; F ; 2009_2013;90;Employées;11426,35794;45548,21606;4,47847283
FE ; F ; 2009_2013;90;Ensemble;11026,20933;43914,9518;4,585019476
FE ; F ; 2009_2013;90;Inactives non retraitées;10324,77373;39197,59579;4,836167174
FE ; F ; 2009_2013;90;Ouvrières;11865,67572;40981,76716;4,385863021
FE ; F ; 2009_2013;90;Professions intermédiaires;10146,8792;49180,6585;4,751418664
FE ; F ; 2009_2013;91;Agricultrices;13242,68047;39276,01933;-
FE ; F ; 2009_2013;91;Artisanes, commerçantes, cheffes d'entreprise;12361,71025;42006,65379;-
FE ; F ; 2009_2013;91;Cadres et prof. intellectuelles supérieures;10603,45793;49783,6535;-
FE ; F ; 2009_2013;91;Employées;13082,8937;40343,71386;-
FE ; F ; 2009_2013;91;Ensemble;12511,18229;39072,79729;-
FE ; F ; 2009_2013;91;Inactives non retraitées;11523,8039;35150,53271;-
FE ; F ; 2009_2013;91;Ouvrières;13421,69207;36119,00356;-
FE ; F ; 2009_2013;91;Professions intermédiaires;11744,74219;44190,35649;-
FE ; F ; 2009_2013;92;Agricultrices;14945,97423;34074,82159;-
FE ; F ; 2009_2013;92;Artisanes, commerçantes, cheffes d'entreprise;14119,37604;36813,91297;-
FE ; F ; 2009_2013;92;Cadres et prof. intellectuelles supérieures;12298,22703;44504,86475;-
FE ; F ; 2009_2013;92;Employées;14765,63543;35065,58866;-
FE ; F ; 2009_2013;92;Ensemble;14188,11521;34184,32839;-
FE ; F ; 2009_2013;92;Inactives non retraitées;12868,54452;31099,85425;-
FE ; F ; 2009_2013;92;Ouvrières;15148,01057;31271,22212;-
FE ; F ; 2009_2013;92;Professions intermédiaires;13421,10153;39000,31305;-
FE ; F ; 2009_2013;93;Agricultrices;16701,50331;28982,00754;-
FE ; F ; 2009_2013;93;Artisanes, commerçantes, cheffes d'entreprise;15960,12897;31616,01816;-
FE ; F ; 2009_2013;93;Cadres et prof. intellectuelles supérieures;14121,17681;39031,55544;-
FE ; F ; 2009_2013;93;Employées;16499,98222;29887,93168;-
FE ; F ; 2009_2013;93;Ensemble;15934,59449;29334,21649;-
FE ; F ; 2009_2013;93;Inactives non retraitées;14267,07166;27097,75566;-
FE ; F ; 2009_2013;93;Ouvrières;16927,2705;26534,25409;-
FE ; F ; 2009_2013;93;Professions intermédiaires;15187,12281;33766,04144;-
FE ; F ; 2009_2013;94;Agricultrices;18843,40329;24141,57659;-
FE ; F ; 2009_2013;94;Artisanes, commerçantes, cheffes d'entreprise;18204,5524;26570,06089;-
FE ; F ; 2009_2013;94;Cadres et prof. intellectuelles supérieures;16364,73182;33519,84048;-
FE ; F ; 2009_2013;94;Employées;18616,03794;24956,42826;-
FE ; F ; 2009_2013;94;Ensemble;18073,07911;24659,92805;-
FE ; F ; 2009_2013;94;Inactives non retraitées;16533,80626;23231,69944;-
FE ; F ; 2009_2013;94;Ouvrières;19098,12421;22042,72913;-
FE ; F ; 2009_2013;94;Professions intermédiaires;17352,47871;28637,95126;-
FE ; F ; 2009_2013;95;Agricultrices;20475,59595;19592,48195;-
FE ; F ; 2009_2013;95;Artisanes, commerçantes, cheffes d'entreprise;19974,48523;21733,10023;-
FE ; F ; 2009_2013;95;Cadres et prof. intellectuelles supérieures;18225,2662;28034,40848;-
FE ; F ; 2009_2013;95;Employées;20228,53649;20310,53011;-
FE ; F ; 2009_2013;95;Ensemble;19736,59972;20203,11974;-
FE ; F ; 2009_2013;95;Inactives non retraitées;18413,563;19390,61527;-
FE ; F ; 2009_2013;95;Ouvrières;20752,38049;17832,98134;-
FE ; F ; 2009_2013;95;Professions intermédiaires;19077,23574;23668,55686;-
FE ; F ; 2009_2013;96;Agricultrices;22697,22676;15580,80451;-
FE ; F ; 2009_2013;96;Artisanes, commerçantes, cheffes d'entreprise;22141,74482;17392,02534;-
FE ; F ; 2009_2013;96;Cadres et prof. intellectuelles supérieures;20667,0468;22925,06291;-
FE ; F ; 2009_2013;96;Employées;22423,361;16202,00712;-
FE ; F ; 2009_2013;96;Ensemble;21985,48037;16215,71087;-
FE ; F ; 2009_2013;96;Inactives non retraitées;20880,57119;15820,11211;-
FE ; F ; 2009_2013;96;Ouvrières;23004,04281;14132,2132;-
FE ; F ; 2009_2013;96;Professions intermédiaires;21382,05497;19153,25047;-
FE ; F ; 2009_2013;97;Agricultrices;25164,56454;12044,39398;-
FE ; F ; 2009_2013;97;Artisanes, commerçantes, cheffes d'entreprise;24548,69806;13541,12747;-
FE ; F ; 2009_2013;97;Cadres et prof. intellectuelles supérieures;23384,00518;18187,12943;-
FE ; F ; 2009_2013;97;Employées;24860,92777;12568,97257;-
FE ; F ; 2009_2013;97;Ensemble;24488,32319;12650,60894;-
FE ; F ; 2009_2013;97;Inactives non retraitées;23665,38541;12516,78234;-
FE ; F ; 2009_2013;97;Ouvrières;25504,73351;10881,23282;-
FE ; F ; 2009_2013;97;Professions intermédiaires;23946,76564;15057,89193;-
FE ; F ; 2009_2013;98;Agricultrices;27140,62413;9013,474684;-
FE ; F ; 2009_2013;98;Artisanes, commerçantes, cheffes d'entreprise;26476,39644;10216,95697;-
FE ; F ; 2009_2013;98;Cadres et prof. intellectuelles supérieures;25651,94894;13934,25014;-
FE ; F ; 2009_2013;98;Employées;26813,14414;9444,209378;-
FE ; F ; 2009_2013;98;Ensemble;26516,82386;9552,686936;-
FE ; F ; 2009_2013;98;Inactives non retraitées;25850,34094;9554,637556;-
FE ; F ; 2009_2013;98;Ouvrières;27507,50504;8106,00339;-
FE ; F ; 2009_2013;98;Professions intermédiaires;26048,73293;11452,01384;-
FE ; F ; 2009_2013;99;Agricultrices;29314,24819;6567,161398;-
FE ; F ; 2009_2013;99;Artisanes, commerçantes, cheffes d'entreprise;28596,82418;7511,874939;-
FE ; F ; 2009_2013;99;Cadres et prof. intellectuelles supérieures;28093,70838;10359,84341;-
FE ; F ; 2009_2013;99;Employées;28960,54116;6911,919904;-
FE ; F ; 2009_2013;99;Ensemble;28740,10374;7019,617767;-
FE ; F ; 2009_2013;99;Inactives non retraitées;28215,75262;7084,731173;-
FE ; F ; 2009_2013;99;Ouvrières;29710,51166;5876,2441;-
FE ; F ; 2009_2013;99;Professions intermédiaires;28337,79687;8468,909337;-
FE ; F ; 2009_2013;100;Agricultrices;31442,01405;4642,047407;-
FE ; F ; 2009_2013;100;Artisanes, commerçantes, cheffes d'entreprise;30672,51603;5363,71727;-
FE ; F ; 2009_2013;100;Cadres et prof. intellectuelles supérieures;30463,33551;7449,379214;-
FE ; F ; 2009_2013;100;Employées;31062,63329;4910,190496;-
FE ; F ; 2009_2013;100;Ensemble;30915,56587;5002,172339;-
FE ; F ; 2009_2013;100;Inactives non retraitées;30517,52893;5085,720951;-
FE ; F ; 2009_2013;100;Ouvrières;31867,04018;4130,381911;-
FE ; F ; 2009_2013;100;Professions intermédiaires;30571,72234;6069,007013;-
FM ; F ; 2009_2013;30;Agricultrices;15,35580484;100000;56,02956353
FM ; F ; 2009_2013;30;Artisanes, commerçantes, cheffes d'entreprise;15,46472407;100000;56,30932933
FM ; F ; 2009_2013;30;Cadres et prof. intellectuelles supérieures;12,63607259;100000;57,9952306
FM ; F ; 2009_2013;30;Employées;23,44287249;100000;55,9985548
FM ; F ; 2009_2013;30;Ensemble;30,00295149;100000;55,39637075
FM ; F ; 2009_2013;30;Inactives non retraitées;146,3658298;100000;52,21437479
FM ; F ; 2009_2013;30;Ouvrières;35,35692838;100000;54,66317312
FM ; F ; 2009_2013;30;Professions intermédiaires;15,04807659;100000;56,88352815
FM ; F ; 2009_2013;31;Agricultrices;17,40198357;99984,6442;55,03816864
FM ; F ; 2009_2013;31;Artisanes, commerçantes, cheffes d'entreprise;17,52541643;99984,53528;55,31803876
FM ; F ; 2009_2013;31;Cadres et prof. intellectuelles supérieures;14,18251441;99987,36393;57,00255985
FM ; F ; 2009_2013;31;Employées;25,98871404;99976,55713;55,01168555
FM ; F ; 2009_2013;31;Ensemble;32,2358012;99969,99705;54,41299629
FM ; F ; 2009_2013;31;Inactives non retraitées;153,919107;99853,63417;51,29091082
FM ; F ; 2009_2013;31;Ouvrières;38,70848341;99964,64307;53,68250717
FM ; F ; 2009_2013;31;Professions intermédiaires;17,05325018;99984,95192;55,89208931
FM ; F ; 2009_2013;32;Agricultrices;19,720818;99967,24488;54,04774804
FM ; F ; 2009_2013;32;Artisanes, commerçantes, cheffes d'entreprise;19,86069842;99967,01257;54,32773518
FM ; F ; 2009_2013;32;Cadres et prof. intellectuelles supérieures;15,91821459;99973,18321;56,01064539
FM ; F ; 2009_2013;32;Employées;28,81102808;99950,57451;54,0259861
FM ; F ; 2009_2013;32;Ensemble;34,63482181;99937,77092;53,43054241
FM ; F ; 2009_2013;32;Inactives non retraitées;161,8621746;99699,94035;50,36997903
FM ; F ; 2009_2013;32;Ouvrières;42,37773915;99925,94827;52,70329491
FM ; F ; 2009_2013;32;Professions intermédiaires;19,32561547;99967,90124;54,90162235
FM ; F ; 2009_2013;33;Agricultrices;22,34863978;99947,53053;53,0584088
FM ; F ; 2009_2013;33;Artisanes, commerçantes, cheffes d'entreprise;22,50715944;99947,15842;53,33852719
FM ; F ; 2009_2013;33;Cadres et prof. intellectuelles supérieures;18,32815763;99957,26926;55,0195627
FM ; F ; 2009_2013;33;Employées;31,93983888;99921,77772;53,04155603
FM ; F ; 2009_2013;33;Ensemble;38,43486839;99903,15765;52,44905439
FM ; F ; 2009_2013;33;Inactives non retraitées;170,215148;99538,56386;49,45164115
FM ; F ; 2009_2013;33;Ouvrières;46,39481109;99883,60192;51,72563884
FM ; F ; 2009_2013;33;Professions intermédiaires;21,90077607;99948,58183;53,91223448
FM ; F ; 2009_2013;34;Agricultrices;25,43469173;99925,19361;52,07026928
FM ; F ; 2009_2013;34;Artisanes, commerçantes, cheffes d'entreprise;25,61510086;99924,66316;52,35053488
FM ; F ; 2009_2013;34;Cadres et prof. intellectuelles supérieures;20,65899283;99938,94893;54,02964862
FM ; F ; 2009_2013;34;Employées;35,55952069;99889,86286;52,05850283
FM ; F ; 2009_2013;34;Ensemble;42,23491497;99864,76;51,46922087
FM ; F ; 2009_2013;34;Inactives non retraitées;179,7629782;99369,13414;48,53595886
FM ; F ; 2009_2013;34;Ouvrières;51,00940412;99837,26111;50,74964799
FM ; F ; 2009_2013;34;Professions intermédiaires;24,92498396;99926,69231;52,92404427
FM ; F ; 2009_2013;35;Agricultrices;27,85780582;99899,77795;51,08351657
FM ; F ; 2009_2013;35;Artisanes, commerçantes, cheffes d'entreprise;28,05540217;99899,06735;51,36394796
FM ; F ; 2009_2013;35;Cadres et prof. intellectuelles supérieures;22,46034909;99918,30255;53,04081291
FM ; F ; 2009_2013;35;Employées;38,02368479;99854,34251;51,07702117
FM ; F ; 2009_2013;35;Ensemble;45,02579106;99822,58221;50,49096804
FM ; F ; 2009_2013;35;Inactives non retraitées;190,257036;99190,50523;47,62336567
FM ; F ; 2009_2013;35;Ouvrières;56,20429617;99786,33472;49,7755483
FM ; F ; 2009_2013;35;Professions intermédiaires;27,29953917;99901,7856;51,93723886
FM ; F ; 2009_2013;36;Agricultrices;31,74689615;99871,94806;50,09775128
FM ; F ; 2009_2013;36;Artisanes, commerçantes, cheffes d'entreprise;31,97207795;99871,04027;50,37836236
FM ; F ; 2009_2013;36;Cadres et prof. intellectuelles supérieures;25,43955008;99895,86055;52,05272874
FM ; F ; 2009_2013;36;Employées;42,47609981;99816,37421;50,09644992
FM ; F ; 2009_2013;36;Ensemble;50,17160503;99777,6363;49,51371223
FM ; F ; 2009_2013;36;Inactives non retraitées;201,6090526;99001,78831;46,71414519
FM ; F ; 2009_2013;36;Ouvrières;62,00370014;99730,25051;48,80354002
FM ; F ; 2009_2013;36;Professions intermédiaires;31,11069265;99874,51287;50,95142136
FM ; F ; 2009_2013;37;Agricultrices;37,37371787;99840,24182;49,11366081
FM ; F ; 2009_2013;37;Artisanes, commerçantes, cheffes d'entreprise;37,63881091;99839,10942;49,39447452
FM ; F ; 2009_2013;37;Cadres et prof. intellectuelles supérieures;29,78469302;99870,4475;51,06597409
FM ; F ; 2009_2013;37;Employées;49,11619279;99773,9761;49,11773798
FM ; F ; 2009_2013;37;Ensemble;57,8827371;99727,57626;48,53856653
FM ; F ; 2009_2013;37;Inactives non retraitées;213,7678915;98802,19175;45,80851539
FM ; F ; 2009_2013;37;Ouvrières;70,89191088;99668,41406;47,8338188
FM ; F ; 2009_2013;37;Professions intermédiaires;36,62475362;99843,44122;49,96727764
FM ; F ; 2009_2013;38;Agricultrices;42,19077527;99802,92781;48,13202327
FM ; F ; 2009_2013;38;Artisanes, commerçantes, cheffes d'entreprise;42,49003586;99801,53117;48,41307302
FM ; F ; 2009_2013;38;Cadres et prof. intellectuelles supérieures;33,45605048;99840,70139;50,08118847
FM ; F ; 2009_2013;38;Employées;54,54470448;99724,97093;48,1418746
FM ; F ; 2009_2013;38;Ensemble;64,14554261;99669,85121;47,56667825
FM ; F ; 2009_2013;38;Inactives non retraitées;226,7632434;98590,98438;44,90664907
FM ; F ; 2009_2013;38;Ouvrières;77,91662274;99597,75722;46,86775316
FM ; F ; 2009_2013;38;Professions intermédiaires;41,34527785;99806,87381;48,98558473
FM ; F ; 2009_2013;39;Agricultrices;46,57315549;99760,82018;47,15233912
FM ; F ; 2009_2013;39;Artisanes, commerçantes, cheffes d'entreprise;46,90350045;99759,12546;47,43365249
FM ; F ; 2009_2013;39;Cadres et prof. intellectuelles supérieures;36,7653183;99807,29863;49,09794926
FM ; F ; 2009_2013;39;Employées;59,3228705;99670,57623;47,16814777
FM ; F ; 2009_2013;39;Ensemble;69,63155833;99605,91744;46,59720974
FM ; F ; 2009_2013;39;Inactives non retraitées;240,6605093;98367,41627;44,00871229
FM ; F ; 2009_2013;39;Ouvrières;83,95003611;99520,15401;45,90429941
FM ; F ; 2009_2013;39;Professions intermédiaires;45,31763252;99765,60838;48,00584634
FM ; F ; 2009_2013;40;Agricultrices;52,25225681;99714,35842;46,17430968
FM ; F ; 2009_2013;40;Artisanes, commerçantes, cheffes d'entreprise;52,62288382;99712,33494;46,45591098
FM ; F ; 2009_2013;40;Cadres et prof. intellectuelles supérieures;41,07904373;99770,60416;48,11600692
FM ; F ; 2009_2013;40;Employées;65,65362657;99611,44879;46,19614588
FM ; F ; 2009_2013;40;Ensemble;76,92593905;99536,56029;45,62967871
FM ; F ; 2009_2013;40;Inactives non retraitées;255,5000015;98130,68474;43,11487938
FM ; F ; 2009_2013;40;Ouvrières;92,10727944;99436,60681;44,94286846
FM ; F ; 2009_2013;40;Professions intermédiaires;50,51396365;99720,39696;47,02761131
FM ; F ; 2009_2013;41;Agricultrices;58,03990723;99662,25541;45,19844942
FM ; F ; 2009_2013;41;Artisanes, commerçantes, cheffes d'entreprise;58,45158624;99659,86343;45,48037029
FM ; F ; 2009_2013;41;Cadres et prof. intellectuelles supérieures;45,45483323;99729,61935;47,13578064
FM ; F ; 2009_2013;41;Employées;71,99945362;99546,05026;45,22649525
FM ; F ; 2009_2013;41;Ensemble;84,22031977;99459,99085;44,66480679
FM ; F ; 2009_2013;41;Inactives non retraitées;271,3254317;97879,96084;42,22532007
FM ; F ; 2009_2013;41;Ouvrières;100,1918986;99345,01845;43,98430228
FM ; F ; 2009_2013;41;Professions intermédiaires;55,7692943;99670,02424;46,05137883
FM ; F ; 2009_2013;42;Agricultrices;65,03557353;99604,41153;44,22469779
FM ; F ; 2009_2013;42;Artisanes, commerçantes, cheffes d'entreprise;65,64816879;99601,61066;44,50696983
FM ; F ; 2009_2013;42;Cadres et prof. intellectuelles supérieures;50,8680268;99684,28742;46,15721587
FM ; F ; 2009_2013;42;Employées;79,89150667;99474,37765;44,25908154
FM ; F ; 2009_2013;42;Ensemble;93,30264553;99376,22533;43,70245534
FM ; F ; 2009_2013;42;Inactives non retraitées;288,1891638;97614,38762;41,3401998
FM ; F ; 2009_2013;42;Ouvrières;110,3187337;99245,48279;43,02841519
FM ; F ; 2009_2013;42;Professions intermédiaires;62,27738529;99614,43897;45,07707569
FM ; F ; 2009_2013;43;Agricultrices;74,4676713;99539,63323;43,25347829
FM ; F ; 2009_2013;43;Artisanes, commerçantes, cheffes d'entreprise;75,33707051;99536,22403;43,53620704
FM ; F ; 2009_2013;43;Cadres et prof. intellectuelles supérieures;58,17418343;99633,57999;45,18070708
FM ; F ; 2009_2013;43;Employées;90,61326111;99394,90607;43,29446906
FM ; F ; 2009_2013;43;Ensemble;105,658487;99283,50468;42,74326897
FM ; F ; 2009_2013;43;Inactives non retraitées;313,2568154;97333,07353;40,45968211
FM ; F ; 2009_2013;43;Ouvrières;124,186703;99135,99643;42,07593601
FM ; F ; 2009_2013;43;Professions intermédiaires;71,0735575;99552,4017;44,10516601
FM ; F ; 2009_2013;44;Agricultrices;84,08193362;99465,50839;42,28571215
FM ; F ; 2009_2013;44;Artisanes, commerçantes, cheffes d'entreprise;85,248796;99461,23635;42,56903067
FM ; F ; 2009_2013;44;Cadres et prof. intellectuelles supérieures;65,60804721;99575,61897;44,20700589
FM ; F ; 2009_2013;44;Employées;101,3664907;99304,8411;42,33373517
FM ; F ; 2009_2013;44;Ensemble;118,0143285;99178,60324;41,78847863
FM ; F ; 2009_2013;44;Inactives non retraitées;336,1303333;97028,17104;39,5868231
FM ; F ; 2009_2013;44;Ouvrières;137,903667;99012,88271;41,1282537
FM ; F ; 2009_2013;44;Professions intermédiaires;79,99111942;99481,64627;43,13653541
FM ; F ; 2009_2013;45;Agricultrices;94,07915361;99381,87586;41,32129672
FM ; F ; 2009_2013;45;Artisanes, commerçantes, cheffes d'entreprise;95,58565519;99376,44685;41,60535122
FM ; F ; 2009_2013;45;Cadres et prof. intellectuelles supérieures;73,32753966;99510,28935;43,23602828
FM ; F ; 2009_2013;45;Employées;112,4013609;99204,17927;41,37669094
FM ; F ; 2009_2013;45;Ensemble;130,6627382;99061,55827;40,83785329
FM ; F ; 2009_2013;45;Inactives non retraitées;357,9117159;96702,02993;38,7203352
FM ; F ; 2009_2013;45;Ouvrières;151,8217334;98876,34031;40,1850494
FM ; F ; 2009_2013;45;Professions intermédiaires;89,22332745;99402,06979;42,17106843
FM ; F ; 2009_2013;46;Agricultrices;104,2436408;99288,37824;40,36020805
FM ; F ; 2009_2013;46;Artisanes, commerçantes, cheffes d'entreprise;106,1276805;99281,45722;40,64515801
FM ; F ; 2009_2013;46;Cadres et prof. intellectuelles supérieures;81,16560518;99437,3209;42,26775546
FM ; F ; 2009_2013;46;Employées;123,4655519;99092,67242;40,42325123
FM ; F ; 2009_2013;46;Ensemble;143,3111479;98932,12173;39,89128296
FM ; F ; 2009_2013;46;Inactives non retraitées;377,9967266;96355,92203;37,85941761
FM ; F ; 2009_2013;46;Ouvrières;165,6083314;98726,22454;39,2461518
FM ; F ; 2009_2013;46;Professions intermédiaires;98,56717473;99313,37995;41,20872847
FM ; F ; 2009_2013;47;Agricultrices;120,1659857;99184,87641;39,40232491
FM ; F ; 2009_2013;47;Artisanes, commerçantes, cheffes d'entreprise;122,5812346;99176,09211;39,6883396
FM ; F ; 2009_2013;47;Cadres et prof. intellectuelles supérieures;93,47088317;99356,612;41,30209021
FM ; F ; 2009_2013;47;Employées;141,1069736;98970,32711;39,47322172
FM ; F ; 2009_2013;47;Ensemble;163,5441913;98790,34097;38,94853366
FM ; F ; 2009_2013;47;Inactives non retraitées;415,5339055;95991,6998;37,00306796
FM ; F ; 2009_2013;47;Ouvrières;187,9687246;98562,72568;38,31125451
FM ; F ; 2009_2013;47;Professions intermédiaires;113,2891363;99215,48956;40,24938682
FM ; F ; 2009_2013;48;Agricultrices;133,2998872;99065,68993;38,44973006
FM ; F ; 2009_2013;48;Artisanes, commerçantes, cheffes d'entreprise;136,2449677;99054,52083;38,73704977
FM ; F ; 2009_2013;48;Cadres et prof. intellectuelles supérieures;103,5898756;99263,7425;40,34073176
FM ; F ; 2009_2013;48;Employées;155,2090555;98830,67307;38,5289999
FM ; F ; 2009_2013;48;Ensemble;179,6205982;98628,7751;38,01233607
FM ; F ; 2009_2013;48;Inactives non retraitées;439,8220155;95592,82174;36,15746984
FM ; F ; 2009_2013;48;Ouvrières;205,3442214;98377,45859;37,38340331
FM ; F ; 2009_2013;48;Professions intermédiaires;125,3095927;99103,08919;39,29503672
FM ; F ; 2009_2013;49;Agricultrices;144,7438401;98933,63548;37,50105192
FM ; F ; 2009_2013;49;Artisanes, commerçantes, cheffes d'entreprise;148,2186285;98919,56403;37,78989906
FM ; F ; 2009_2013;49;Cadres et prof. intellectuelles supérieures;112,3860212;99160,91531;39,38256401
FM ; F ; 2009_2013;49;Employées;167,1658424;98677,27892;37,58889335
FM ; F ; 2009_2013;49;Ensemble;193,1763784;98451,61751;37,08073692
FM ; F ; 2009_2013;49;Inactives non retraitées;456,4587908;95172,38347;35,31720089
FM ; F ; 2009_2013;49;Ouvrières;219,705294;98175,44616;36,46032592
FM ; F ; 2009_2013;49;Professions intermédiaires;135,6930774;98978,90351;38,34433895
FM ; F ; 2009_2013;50;Agricultrices;159,5370554;98790,43513;36,55541107
FM ; F ; 2009_2013;50;Artisanes, commerçantes, cheffes d'entreprise;163,6601448;98772,94681;36,84599387
FM ; F ; 2009_2013;50;Cadres et prof. intellectuelles supérieures;123,7745776;99049,4723;38,4268743
FM ; F ; 2009_2013;50;Employées;182,8073473;98512,32421;36,65183436
FM ; F ; 2009_2013;50;Ensemble;210,9493342;98261,43224;36,15250679
FM ; F ; 2009_2013;50;Inactives non retraitées;481,5658743;94737,96076;34,47914858
FM ; F ; 2009_2013;50;Ouvrières;238,7254493;97959,74951;35,54060757
FM ; F ; 2009_2013;50;Professions intermédiaires;149,1672633;98844,59599;37,39644026
FM ; F ; 2009_2013;51;Agricultrices;176,3736137;98632,82778;35,61382368
FM ; F ; 2009_2013;51;Artisanes, commerçantes, cheffes d'entreprise;181,2470746;98611,29486;35,90639493
FM ; F ; 2009_2013;51;Cadres et prof. intellectuelles supérieures;136,7380291;98926,87424;37,47449595
FM ; F ; 2009_2013;51;Employées;200,5524022;98332,23645;35,71895931
FM ; F ; 2009_2013;51;Ensemble;231,0961794;98054,1504;35,22893148
FM ; F ; 2009_2013;51;Inactives non retraitées;510,0395058;94281,73507;33,64599186
FM ; F ; 2009_2013;51;Ouvrières;260,25067;97725,89466;34,62565508
FM ; F ; 2009_2013;51;Professions intermédiaires;164,4884312;98697,15221;36,45230684
FM ; F ; 2009_2013;52;Agricultrices;193,4711076;98458,8655;34,67674805
FM ; F ; 2009_2013;52;Artisanes, commerçantes, cheffes d'entreprise;199,1533583;98432,56478;34,97159239
FM ; F ; 2009_2013;52;Cadres et prof. intellectuelles supérieures;149,8944512;98791,60358;36,525808
FM ; F ; 2009_2013;52;Employées;218,3468155;98135,02879;34,7907385
FM ; F ; 2009_2013;52;Ensemble;251,2430245;97827,55101;34,31053277
FM ; F ; 2009_2013;52;Inactives non retraitées;536,4543193;93800,86097;32,81847946
FM ; F ; 2009_2013;52;Ouvrières;281,5880934;97471,56236;33,71600371
FM ; F ; 2009_2013;52;Professions intermédiaires;179,9873658;98534,80681;35,51236546
FM ; F ; 2009_2013;53;Agricultrices;211,3417925;98268,37604;33,74396759
FM ; F ; 2009_2013;53;Artisanes, commerçantes, cheffes d'entreprise;217,9050408;98236,53302;34,04137847
FM ; F ; 2009_2013;53;Cadres et prof. intellectuelles supérieures;163,6433033;98643,52045;35,58064035
FM ; F ; 2009_2013;53;Employées;236,7739282;97920,75408;33,8668692
FM ; F ; 2009_2013;53;Ensemble;272,0607696;97581,76611;33,39695271
FM ; F ; 2009_2013;53;Inactives non retraitées;562,4162853;93297,6622;31,99548517
FM ; F ; 2009_2013;53;Ouvrières;303,4969811;97197,09405;32,81121206
FM ; F ; 2009_2013;53;Professions intermédiaires;196,142906;98357,45661;34,57639848
FM ; F ; 2009_2013;54;Agricultrices;228,7758625;98060,6939;32,81543373
FM ; F ; 2009_2013;54;Artisanes, commerçantes, cheffes d'entreprise;236,2527263;98022,47066;33,11571834
FM ; F ; 2009_2013;54;Cadres et prof. intellectuelles supérieures;177,0503945;98482,09693;34,63896112
FM ; F ; 2009_2013;54;Employées;254,4872682;97688,90326;32,94724743
FM ; F ; 2009_2013;54;Ensemble;292,0030274;97316,28441;32,48806059
FM ; F ; 2009_2013;54;Inactives non retraitées;584,9229841;92772,94096;31,17645077
FM ; F ; 2009_2013;54;Ouvrières;324,2623486;96902,1038;31,91109624
FM ; F ; 2009_2013;54;Professions intermédiaires;211,8354432;98164,53544;33,64435092
FM ; F ; 2009_2013;55;Agricultrices;247,2239423;97836,3547;31,89067967
FM ; F ; 2009_2013;55;Artisanes, commerçantes, cheffes d'entreprise;255,6910064;97790,8899;32,1941404
FM ; F ; 2009_2013;55;Cadres et prof. intellectuelles supérieures;191,2417986;98307,73399;33,70039831
FM ; F ; 2009_2013;55;Employées;273,115124;97440,29744;32,0313079
FM ; F ; 2009_2013;55;Ensemble;312,9396456;97032,11791;31,58320453
FM ; F ; 2009_2013;55;Inactives non retraitées;607,9500836;92230,2907;30,35988192
FM ; F ; 2009_2013;55;Ouvrières;345,974769;96587,88676;31,01490853
FM ; F ; 2009_2013;55;Professions intermédiaires;228,4132619;97956,58816;32,71577288
FM ; F ; 2009_2013;56;Agricultrices;269,7527068;97594,4798;30,96971646
FM ; F ; 2009_2013;56;Artisanes, commerçantes, cheffes d'entreprise;279,4006926;97540,84739;31,27666894
FM ; F ; 2009_2013;56;Cadres et prof. intellectuelles supérieures;208,5911405;98119,72851;32,76497105
FM ; F ; 2009_2013;56;Employées;295,9974152;97174,17325;31,11902983
FM ; F ; 2009_2013;56;Ensemble;338,6839529;96728,46594;30,68235117
FM ; F ; 2009_2013;56;Inactives non retraitées;638,5051487;91669,57657;29,54558383
FM ; F ; 2009_2013;56;Ouvrières;372,813033;96253,71704;30,12258483
FM ; F ; 2009_2013;56;Professions intermédiaires;248,6985219;97732,84232;31,79067112
FM ; F ; 2009_2013;57;Agricultrices;288,4298489;97331,21605;30,05348408
FM ; F ; 2009_2013;57;Artisanes, commerçantes, cheffes d'entreprise;299,1686111;97268,31759;30,36430102
FM ; F ; 2009_2013;57;Cadres et prof. intellectuelles supérieures;222,9654039;97915,05945;31,83345874
FM ; F ; 2009_2013;57;Employées;314,4162303;96886,54021;30,21141481
FM ; F ; 2009_2013;57;Ensemble;359,2572906;96400,86215;29,78662051
FM ; F ; 2009_2013;57;Inactives non retraitées;657,737528;91084,26161;28,73544618
FM ; F ; 2009_2013;57;Ouvrières;393,7848272;95894,87064;29,23530599
FM ; F ; 2009_2013;57;Professions intermédiaires;265,3747103;97489,78219;30,86993117
FM ; F ; 2009_2013;58;Agricultrices;307,9605817;97050,48377;29,14041804
FM ; F ; 2009_2013;58;Artisanes, commerçantes, cheffes d'entreprise;319,858632;96977,32131;29,45541405
FM ; F ; 2009_2013;58;Cadres et prof. intellectuelles supérieures;238,0085184;97696,74274;30,90459495
FM ; F ; 2009_2013;58;Employées;333,5770018;96581,9132;29,30670401
FM ; F ; 2009_2013;58;Ensemble;380,6231018;96054,53503;28,89401695
FM ; F ; 2009_2013;58;Inactives non retraitées;677,3437758;90485,16624;27,92570137
FM ; F ; 2009_2013;58;Ouvrières;415,4901636;95517,25119;28,35088532
FM ; F ; 2009_2013;58;Professions intermédiaires;282,7928503;97231,06896;29,95207013
FM ; F ; 2009_2013;59;Agricultrices;334,4695847;96751,60654;28,23043626
FM ; F ; 2009_2013;59;Artisanes, commerçantes, cheffes d'entreprise;347,8451579;96667,13098;28,54993206
FM ; F ; 2009_2013;59;Cadres et prof. intellectuelles supérieures;258,4573605;97464,21617;29,978326
FM ; F ; 2009_2013;59;Employées;360,0427874;96259,73815;28,40479163
FM ; F ; 2009_2013;59;Ensemble;410,248631;95688,92927;28,00441445
FM ; F ; 2009_2013;59;Inactives non retraitées;710,0108261;89872,27059;27,11614433
FM ; F ; 2009_2013;59;Ouvrières;446,0239322;95120,38641;27,46917193
FM ; F ; 2009_2013;59;Professions intermédiaires;306,5611773;96956,10645;29,03701266
FM ; F ; 2009_2013;60;Agricultrices;357,8385753;96428,00184;27,32517536
FM ; F ; 2009_2013;60;Artisanes, commerçantes, cheffes d'entreprise;372,6186437;96330,87905;27,64958827
FM ; F ; 2009_2013;60;Cadres et prof. intellectuelles supérieures;276,493484;97212,31273;29,05600797
FM ; F ; 2009_2013;60;Employées;382,8551637;95913,16191;27,50743058
FM ; F ; 2009_2013;60;Ensemble;435,6303188;95296,36675;27,11977544
FM ; F ; 2009_2013;60;Inactives non retraitées;733,5976315;89234,16774;26,31004863
FM ; F ; 2009_2013;60;Ouvrières;471,7418961;94696,12672;26,59223992
FM ; F ; 2009_2013;60;Professions intermédiaires;327,3890549;96658,87667;28,12630259
FM ; F ; 2009_2013;61;Agricultrices;381,4800834;96082,94525;26,42330653
FM ; F ; 2009_2013;61;Artisanes, commerçantes, cheffes d'entreprise;397,7178843;95971,93223;26,75300113
FM ; F ; 2009_2013;61;Cadres et prof. intellectuelles supérieures;294,7597687;96943,52702;28,13656868
FM ; F ; 2009_2013;61;Employées;405,7316575;95545,95341;26,61314894
FM ; F ; 2009_2013;61;Ensemble;461,0120065;94881,22689;26,23843432
FM ; F ; 2009_2013;61;Inactives non retraitées;755,8977924;88579,548;25,5044849
FM ; F ; 2009_2013;61;Ouvrières;497,2950717;94249,40542;25,71828125
FM ; F ; 2009_2013;61;Professions intermédiaires;348,4179328;96342,42608;27,21868749
FM ; F ; 2009_2013;62;Agricultrices;402,1309655;95716,40795;25,52449218
FM ; F ; 2009_2013;62;Artisanes, commerçantes, cheffes d'entreprise;419,7324206;95590,23469;25,85982746
FM ; F ; 2009_2013;62;Cadres et prof. intellectuelles supérieures;310,7377713;96657,77651;27,21974915
FM ; F ; 2009_2013;62;Employées;425,2406068;95158,29323;25,7215668
FM ; F ; 2009_2013;62;Ensemble;482,5036032;94443,81304;25,35995689
FM ; F ; 2009_2013;62;Inactives non retraitées;770,9101346;87909,97715;24,69874112
FM ; F ; 2009_2013;62;Ouvrières;518,52029;93780,70777;24,84681619
FM ; F ; 2009_2013;62;Professions intermédiaires;366,6783782;96006,7518;26,31385385
FM ; F ; 2009_2013;63;Agricultrices;433,2923042;95331,50264;24,62754849
FM ; F ; 2009_2013;63;Artisanes, commerçantes, cheffes d'entreprise;452,7586513;95189,01149;24,96882705
FM ; F ; 2009_2013;63;Cadres et prof. intellectuelles supérieures;334,8698812;96357,42429;26,30459484
FM ; F ; 2009_2013;63;Employées;455,6228427;94753,64153;24,83141246
FM ; F ; 2009_2013;63;Ensemble;516,246782;93988,11824;24,48291286
FM ; F ; 2009_2013;63;Inactives non retraitées;804,1525492;87232,27023;23,89062547
FM ; F ; 2009_2013;63;Ouvrières;552,7349563;93294,43577;23,9763235
FM ; F ; 2009_2013;63;Professions intermédiaires;394,4770515;95654,71579;25,41069616
FM ; F ; 2009_2013;64;Agricultrices;456,5780869;94918,43858;23,73472214
FM ; F ; 2009_2013;64;Artisanes, commerçantes, cheffes d'entreprise;474,4746853;94758,035;24,08238974
FM ; F ; 2009_2013;64;Cadres et prof. intellectuelles supérieures;352,9464877;96034,75229;25,39297697
FM ; F ; 2009_2013;64;Employées;477,4762543;94321,92229;23,94506788
FM ; F ; 2009_2013;64;Ensemble;540,2410223;93502,9076;23,60996099
FM ; F ; 2009_2013;64;Inactives non retraitées;820,8785254;86530,78971;23,08429999
FM ; F ; 2009_2013;64;Ouvrières;576,3325412;92778,76481;23,1095856
FM ; F ; 2009_2013;64;Professions intermédiaires;415,0573915;95277,37989;24,51133252
FM ; F ; 2009_2013;65;Agricultrices;498,2015106;94485,06178;22,84358673
FM ; F ; 2009_2013;65;Artisanes, commerçantes, cheffes d'entreprise;514,9288362;94308,43211;23,19719932
FM ; F ; 2009_2013;65;Cadres et prof. intellectuelles supérieures;385,2495127;95695,80101;24,48291803
FM ; F ; 2009_2013;65;Employées;518,1863217;93871,55751;23,05994842
FM ; F ; 2009_2013;65;Ensemble;585,4506584;92997,76654;22,73820451
FM ; F ; 2009_2013;65;Inactives non retraitées;867,9608958;85820,47704;22,27536244
FM ; F ; 2009_2013;65;Ouvrières;622,3228885;92244,0506;22,24354572
FM ; F ; 2009_2013;65;Professions intermédiaires;452,25119;94881,92408;23,61349264
FM ; F ; 2009_2013;66;Agricultrices;540,0086967;94014,33578;21,95796365
FM ; F ; 2009_2013;66;Artisanes, commerçantes, cheffes d'entreprise;555,1213474;93822,8108;22,31726665
FM ; F ; 2009_2013;66;Cadres et prof. intellectuelles supérieures;417,7542909;95327,1334;23,57760313
FM ; F ; 2009_2013;66;Employées;558,6330944;93385,12794;22,18006435
FM ; F ; 2009_2013;66;Ensemble;630,2021856;92453,3105;21,87210943
FM ; F ; 2009_2013;66;Inactives non retraitées;911,5702191;85075,58885;21,47039669
FM ; F ; 2009_2013;66;Ouvrières;667,4829929;91669,99476;21,38283925
FM ; F ; 2009_2013;66;Professions intermédiaires;489,5251442;94452,81945;22,7207701
FM ; F ; 2009_2013;67;Agricultrices;576,7243171;93506,65019;21,07718236
FM ; F ; 2009_2013;67;Artisanes, commerçantes, cheffes d'entreprise;589,6940156;93301,98035;21,44184613
FM ; F ; 2009_2013;67;Cadres et prof. intellectuelles supérieures;446,3851855;94928,90021;22,67651278
FM ; F ; 2009_2013;67;Employées;593,4244723;92863,44771;21,30466559
FM ; F ; 2009_2013;67;Ensemble;668,4286367;91870,66772;21,01082211
FM ; F ; 2009_2013;67;Inactives non retraitées;943,5510307;84300,06512;20,66791495
FM ; F ; 2009_2013;67;Ouvrières;705,4434567;91058,11313;20,52652515
FM ; F ; 2009_2013;67;Professions intermédiaires;522,1155922;93990,44915;21,83254113
FM ; F ; 2009_2013;68;Agricultrices;644,8064301;92967,3746;20,19944471
FM ; F ; 2009_2013;68;Artisanes, commerçantes, cheffes d'entreprise;655,7610738;92751,78416;20,56903746
FM ; F ; 2009_2013;68;Cadres et prof. intellectuelles supérieures;499,4072169;94505,15166;21,77819125
FM ; F ; 2009_2013;68;Employées;659,9094766;92312,37329;20,43184742
FM ; F ; 2009_2013;68;Ensemble;742,1225973;91256,57787;20,15220954
FM ; F ; 2009_2013;68;Inactives non retraitées;1022,067079;83504,65099;19,86478485
FM ; F ; 2009_2013;68;Ouvrières;780,3897239;90415,74963;19,67235694
FM ; F ; 2009_2013;68;Professions intermédiaires;583,0099172;93499,71036;20,94713052
FM ; F ; 2009_2013;69;Agricultrices;698,6532044;92367,91499;19,33053732
FM ; F ; 2009_2013;69;Artisanes, commerçantes, cheffes d'entreprise;706,6654706;92143,55406;19,70481155
FM ; F ; 2009_2013;69;Cadres et prof. intellectuelles supérieures;541,5242157;94033,18612;20,887499
FM ; F ; 2009_2013;69;Employées;711,1358991;91703,19519;19,56757479
FM ; F ; 2009_2013;69;Ensemble;798,3954666;90579,34218;19,30288181
FM ; F ; 2009_2013;69;Inactives non retraitées;1072,503842;82651,17744;19,06991282
FM ; F ; 2009_2013;69;Ouvrières;836,49352;89710,15441;18,82708548
FM ; F ; 2009_2013;69;Professions intermédiaires;630,9148037;92954,59778;20,06997054
FM ; F ; 2009_2013;70;Agricultrices;754,5360807;91722,58359;18,46654093
FM ; F ; 2009_2013;70;Artisanes, commerçantes, cheffes d'entreprise;759,0791059;91492,40738;18,84504966
FM ; F ; 2009_2013;70;Cadres et prof. intellectuelles supérieures;585,3574164;93523,97364;20,00122572
FM ; F ; 2009_2013;70;Employées;763,8811078;91051,06085;18,70772349
FM ; F ; 2009_2013;70;Ensemble;856,1381395;89856,16082;18,45823548
FM ; F ; 2009_2013;70;Inactives non retraitées;1121,908751;81764,74039;18,27665569
FM ; F ; 2009_2013;70;Ouvrières;893,7214972;88959,73479;17,98590131
FM ; F ; 2009_2013;70;Professions intermédiaires;680,5827091;92368,13346;19,19739892
FM ; F ; 2009_2013;71;Agricultrices;828,3667773;91030,50361;17,60693699
FM ; F ; 2009_2013;71;Artisanes, commerçantes, cheffes d'entreprise;828,8735341;90797,90763;17,98919266
FM ; F ; 2009_2013;71;Cadres et prof. intellectuelles supérieures;643,3052738;92976,52413;19,11899374
FM ; F ; 2009_2013;71;Employées;834,1170617;90355,53899;17,85172828
FM ; F ; 2009_2013;71;Ensemble;933,1803027;89086,86795;17,61762809
FM ; F ; 2009_2013;71;Inactives non retraitées;1192,853799;80847,41461;17,48402964
FM ; F ; 2009_2013;71;Ouvrières;996,1569189;88164,68251;17,14809473
FM ; F ; 2009_2013;71;Professions intermédiaires;746,3572194;91739,49192;18,3289484
FM ; F ; 2009_2013;72;Agricultrices;930,8528904;90276,43716;16,75400527
FM ; F ; 2009_2013;72;Artisanes, commerçantes, cheffes d'entreprise;918,583145;90045,30781;17,13954656
FM ; F ; 2009_2013;72;Cadres et prof. intellectuelles supérieures;723,798045;92378,40124;18,24278358
FM ; F ; 2009_2013;72;Employées;932,1914428;89601,86803;17,00188507
FM ; F ; 2009_2013;72;Ensemble;1040,90804;88255,52685;16,78358097
FM ; F ; 2009_2013;72;Inactives non retraitées;1297,215601;79883,02315;16,69510639
FM ; F ; 2009_2013;72;Ouvrières;1110,279066;87286,42393;16,32063544
FM ; F ; 2009_2013;72;Professions intermédiaires;837,8304311;91054,78759;17,46677652
FM ; F ; 2009_2013;73;Agricultrices;1031,518063;89436,09633;15,91142576
FM ; F ; 2009_2013;73;Artisanes, commerçantes, cheffes d'entreprise;995,6851324;89218,16679;16,29844718
FM ; F ; 2009_2013;73;Cadres et prof. intellectuelles supérieures;803,2300495;91709,76818;17,37578717
FM ; F ; 2009_2013;73;Employées;1027,257701;88766,60708;16,16186653
FM ; F ; 2009_2013;73;Ensemble;1144,737589;87336,86798;15,96012022
FM ; F ; 2009_2013;73;Inactives non retraitées;1390,125832;78846,76812;15,91452423
FM ; F ; 2009_2013;73;Ouvrières;1237,414316;86317,30103;15,50387451
FM ; F ; 2009_2013;73;Professions intermédiaires;927,530454;90291,90288;16,61435495
FM ; F ; 2009_2013;74;Agricultrices;1158,078779;88513,54684;15,07726566
FM ; F ; 2009_2013;74;Artisanes, commerçantes, cheffes d'entreprise;1112,474834;88329,83476;15,46236045
FM ; F ; 2009_2013;74;Cadres et prof. intellectuelles supérieures;903,3095364;90973,12777;16,51648484
FM ; F ; 2009_2013;74;Employées;1146,794185;87854,74527;15,32961374
FM ; F ; 2009_2013;74;Ensemble;1275,182554;86337,09002;15,14493739
FM ; F ; 2009_2013;74;Inactives non retraitées;1508,172949;77750,69882;15,1388749
FM ; F ; 2009_2013;74;Ouvrières;1379,043285;85249,19839;14,69812536
FM ; F ; 2009_2013;74;Professions intermédiaires;1040,407801;89454,41798;15,76990088
FM ; F ; 2009_2013;75;Agricultrices;1280,975431;87488,49024;14,25391805
FM ; F ; 2009_2013;75;Artisanes, commerçantes, cheffes d'entreprise;1224,591957;87347,18758;14,63631047
FM ; F ; 2009_2013;75;Cadres et prof. intellectuelles supérieures;1001,108046;90151,35883;15,6670398
FM ; F ; 2009_2013;75;Employées;1261,270459;86847,23216;14,5074523
FM ; F ; 2009_2013;75;Ensemble;1402,07601;85236,13451;14,3405575
FM ; F ; 2009_2013;75;Inactives non retraitées;1611,160056;76578,08382;14,37069151
FM ; F ; 2009_2013;75;Ouvrières;1533,747335;84073,57505;13,90365318
FM ; F ; 2009_2013;75;Professions intermédiaires;1149,898793;88523,72724;14,93569712
FM ; F ; 2009_2013;76;Agricultrices;1472,953726;86367,78417;13,43887651
FM ; F ; 2009_2013;76;Artisanes, commerçantes, cheffes d'entreprise;1401,270724;86277,54095;13,81776766
FM ; F ; 2009_2013;76;Cadres et prof. intellectuelles supérieures;1153,801026;89248,84632;14,82546985
FM ; F ; 2009_2013;76;Employées;1441,899889;85751,85368;13,69276784
FM ; F ; 2009_2013;76;Ensemble;1595,03054;84041,05912;13,5444822
FM ; F ; 2009_2013;76;Inactives non retraitées;1787,526906;75344,28832;13,60601784
FM ; F ; 2009_2013;76;Ouvrières;1713,266244;82784,09883;13,12022171
FM ; F ; 2009_2013;76;Professions intermédiaires;1321,354114;87505,79396;14,10944039
FM ; F ; 2009_2013;77;Agricultrices;1668,230813;85095,62668;12,63978422
FM ; F ; 2009_2013;77;Artisanes, commerçantes, cheffes d'entreprise;1579,230103;85068,55902;13,01414376
FM ; F ; 2009_2013;77;Cadres et prof. intellectuelles supérieures;1310,253246;88219,09222;13,99852296
FM ; F ; 2009_2013;77;Employées;1623,414091;84515,3978;12,89309232
FM ; F ; 2009_2013;77;Ensemble;1786,577714;82700,57856;12,76402256
FM ; F ; 2009_2013;77;Inactives non retraitées;1951,300179;73997,48889;12,85365566
FM ; F ; 2009_2013;77;Ouvrières;1922,529988;81365,78681;12,34892432
FM ; F ; 2009_2013;77;Professions intermédiaires;1495,719657;86349,53256;13,29837253
FM ; F ; 2009_2013;78;Agricultrices;1903,667595;83676,03522;11,85422232
FM ; F ; 2009_2013;78;Artisanes, commerçantes, cheffes d'entreprise;1793,240453;83725,13073;12,2229648
FM ; F ; 2009_2013;78;Cadres et prof. intellectuelles supérieures;1499,811751;87063,1987;13,18437419
FM ; F ; 2009_2013;78;Employées;1841,477504;83143,36292;12,10585462
FM ; F ; 2009_2013;78;Ensemble;2015,60371;81223,06845;11,99620995
FM ; F ; 2009_2013;78;Inactives non retraitées;2144,397365;72553,57576;12,10946059
FM ; F ; 2009_2013;78;Ouvrières;2172,775765;79801,50516;11,59098988
FM ; F ; 2009_2013;78;Professions intermédiaires;1706,176328;85057,98562;12,50029915
FM ; F ; 2009_2013;79;Agricultrices;2200,062656;82083,12165;11,08426659
FM ; F ; 2009_2013;79;Artisanes, commerçantes, cheffes d'entreprise;2062,257421;82223,73782;11,44615427
FM ; F ; 2009_2013;79;Cadres et prof. intellectuelles supérieures;1688,789157;85757,41461;12,38512588
FM ; F ; 2009_2013;79;Employées;2115,347523;81612,2966;11,33296336
FM ; F ; 2009_2013;79;Ensemble;2302,121701;79585,93327;11,24297991
FM ; F ; 2009_2013;79;Inactives non retraitées;2448,687664;70997,73879;11,37482603
FM ; F ; 2009_2013;79;Ouvrières;2485,719412;78067,5974;10,84842969
FM ; F ; 2009_2013;79;Professions intermédiaires;1971,509239;83606,74641;11,71727835
FM ; F ; 2009_2013;80;Agricultrices;2597,977503;80277,24154;10,33361318
FM ; F ; 2009_2013;80;Artisanes, commerçantes, cheffes d'entreprise;2423,265301;80528,07268;10,68717388
FM ; F ; 2009_2013;80;Cadres et prof. intellectuelles supérieures;1901,577858;84309,15269;11,59787747
FM ; F ; 2009_2013;80;Employées;2482,599924;79885,9129;10,57787567
FM ; F ; 2009_2013;80;Ensemble;2685,19425;77753,76823;10,50790591
FM ; F ; 2009_2013;80;Inactives non retraitées;2796,156801;69259,22592;10,66035162
FM ; F ; 2009_2013;80;Ouvrières;2903,748482;76127,05597;10,12496511
FM ; F ; 2009_2013;80;Professions intermédiaires;2328,356522;81958,43168;10,9529315
FM ; F ; 2009_2013;81;Agricultrices;3030,221304;78191,65687;9,609238815
FM ; F ; 2009_2013;81;Artisanes, commerçantes, cheffes d'entreprise;2812,626552;78576,66384;9,952584051
FM ; F ; 2009_2013;81;Cadres et prof. intellectuelles supérieures;2211,996627;82705,94851;10,82269522
FM ; F ; 2009_2013;81;Employées;2877,675085;77902,66529;9,847167438
FM ; F ; 2009_2013;81;Ensemble;3092,124706;75665,92852;9,797849134
FM ; F ; 2009_2013;81;Inactives non retraitées;3192,93186;67322,62936;9,967006317
FM ; F ; 2009_2013;81;Ouvrières;3348,406364;73916,51774;9,427761059
FM ; F ; 2009_2013;81;Professions intermédiaires;2716,861846;80050,14719;10,21403419
FM ; F ; 2009_2013;82;Agricultrices;3521,734125;75822,27662;8,909519176
FM ; F ; 2009_2013;82;Artisanes, commerçantes, cheffes d'entreprise;3253,418481;76366,59573;9,240614287
FM ; F ; 2009_2013;82;Cadres et prof. intellectuelles supérieures;2566,140208;80876,49572;10,06750813
FM ; F ; 2009_2013;82;Employées;3323,940538;75660,8797;9,138932987
FM ; F ; 2009_2013;82;Ensemble;3547,01039;73326,24365;9,110477713
FM ; F ; 2009_2013;82;Inactives non retraitées;3646,009357;65173,06368;9,295742355
FM ; F ; 2009_2013;82;Ouvrières;3845,463006;71441,49236;8,754377247
FM ; F ; 2009_2013;82;Professions intermédiaires;3160,01678;77875,29528;9,499285268
FM ; F ; 2009_2013;83;Agricultrices;4136,033196;73152,01763;8,234742245
FM ; F ; 2009_2013;83;Artisanes, commerçantes, cheffes d'entreprise;3803,926891;73882,07079;8,551359999
FM ; F ; 2009_2013;83;Cadres et prof. intellectuelles supérieures;3011,81363;78801,09144;9,332658636
FM ; F ; 2009_2013;83;Employées;3880,468892;73145,95705;8,453150074
FM ; F ; 2009_2013;83;Ensemble;4110,788606;70725,35417;8,445510968
FM ; F ; 2009_2013;83;Inactives non retraitées;4163,378617;62796,84768;8,647490771
FM ; F ; 2009_2013;83;Ouvrières;4460,588513;68694,2362;8,104486924
FM ; F ; 2009_2013;83;Professions intermédiaires;3658,935843;75414,42288;8,809259515
FM ; F ; 2009_2013;84;Agricultrices;4805,679261;70126,4259;7,590028683
FM ; F ; 2009_2013;84;Artisanes, commerçantes, cheffes d'entreprise;4401,74179;71071,65083;7,889510478
FM ; F ; 2009_2013;84;Cadres et prof. intellectuelles supérieures;3501,726952;76427,74943;8,622469484
FM ; F ; 2009_2013;84;Employées;4483,066723;70307,55094;7,794414597
FM ; F ; 2009_2013;84;Ensemble;4713,185452;67817,98437;7,807571619
FM ; F ; 2009_2013;84;Inactives non retraitées;4754,162651;60182,37715;8,023159046
FM ; F ; 2009_2013;84;Ouvrières;5117,118988;65630,06899;7,482872981
FM ; F ; 2009_2013;84;Professions intermédiaires;4236,626712;72655,05753;8,143826251
FM ; F ; 2009_2013;85;Agricultrices;5664,491127;66756,37479;6,973194854
FM ; F ; 2009_2013;85;Artisanes, commerçantes, cheffes d'entreprise;5169,914642;67943,26028;7,252776385
FM ; F ; 2009_2013;85;Cadres et prof. intellectuelles supérieures;4137,35421;73751,45833;7,935361444
FM ; F ; 2009_2013;85;Employées;5254,846637;67155,61652;7,16024377
FM ; F ; 2009_2013;85;Ensemble;5482,619959;64621,59699;7,19375866
FM ; F ; 2009_2013;85;Inactives non retraitées;5428,779025;57321,20906;7,423632223
FM ; F ; 2009_2013;85;Ouvrières;5953,322748;62271,70027;6,886431042
FM ; F ; 2009_2013;85;Professions intermédiaires;4905,526271;69576,93396;7,504113808
FM ; F ; 2009_2013;86;Agricultrices;6653,934856;62974,96587;6,391908877
FM ; F ; 2009_2013;86;Artisanes, commerçantes, cheffes d'entreprise;6055,15679;64430,65172;6,648180805
FM ; F ; 2009_2013;86;Cadres et prof. intellectuelles supérieures;4880,959155;70700,09926;7,277845222
FM ; F ; 2009_2013;86;Employées;6159,491901;63626,69186;6,557372082
FM ; F ; 2009_2013;86;Ensemble;6357,509145;61078,64042;6,611043235
FM ; F ; 2009_2013;86;Inactives non retraitées;6199,123562;54209,36728;6,8497794
FM ; F ; 2009_2013;86;Ouvrières;6901,135803;58564,46497;6,322354434
FM ; F ; 2009_2013;86;Professions intermédiaires;5680,034996;66163,81919;6,891219662
FM ; F ; 2009_2013;87;Agricultrices;7716,777698;58784,65266;5,847539708
FM ; F ; 2009_2013;87;Artisanes, commerçantes, cheffes d'entreprise;7007,10262;60529,27473;6,076685188
FM ; F ; 2009_2013;87;Cadres et prof. intellectuelles supérieures;5696,628261;67249,2563;6,651302155
FM ; F ; 2009_2013;87;Employées;7219,875879;59707,61093;5,987784077
FM ; F ; 2009_2013;87;Ensemble;7282,542606;57195,56027;6,059875464
FM ; F ; 2009_2013;87;Inactives non retraitées;7078,7801;50848,86162;6,302468442
FM ; F ; 2009_2013;87;Ouvrières;7898,923927;54522,85171;5,79101135
FM ; F ; 2009_2013;87;Professions intermédiaires;6576,826986;62405,6911;6,306215245
FM ; F ; 2009_2013;88;Agricultrices;8911,851848;54248,3717;5,336514442
FM ; F ; 2009_2013;88;Artisanes, commerçantes, cheffes d'entreprise;8082,163585;56287,92634;5,534569155
FM ; F ; 2009_2013;88;Cadres et prof. intellectuelles supérieures;6635,771347;63418,31616;6,053090501
FM ; F ; 2009_2013;88;Employées;8319,658878;55396,79553;5,45373579
FM ; F ; 2009_2013;88;Ensemble;8314,899593;53030,26922;5,535851644
FM ; F ; 2009_2013;88;Inactives non retraitées;8083,26003;47249,38253;5,782593307
FM ; F ; 2009_2013;88;Ouvrières;9006,570444;50216,13313;5,287669587
FM ; F ; 2009_2013;88;Professions intermédiaires;7615,208926;58301,37677;5,750161701
FM ; F ; 2009_2013;89;Agricultrices;10236,19015;49413,83718;4,858626561
FM ; F ; 2009_2013;89;Artisanes, commerçantes, cheffes d'entreprise;9454,30913;51738,64405;5,021213478
FM ; F ; 2009_2013;89;Cadres et prof. intellectuelles supérieures;7851,726038;59210,0217;5,483307996
FM ; F ; 2009_2013;89;Employées;9720,364337;50787,97111;4,948642559
FM ; F ; 2009_2013;89;Ensemble;9628,721886;48620,85558;5,037896692
FM ; F ; 2009_2013;89;Inactives non retraitées;9180,120213;43430,09207;5,291120974
FM ; F ; 2009_2013;89;Ouvrières;10409,12924;45693,38172;4,811045493
FM ; F ; 2009_2013;89;Professions intermédiaires;8817,535738;53861,60512;5,22414321
FM ; F ; 2009_2013;90;Agricultrices;11757,33063;44355,74285;4,412678638
FM ; F ; 2009_2013;90;Artisanes, commerçantes, cheffes d'entreprise;10950,96438;46847,1127;4,545502419
FM ; F ; 2009_2013;90;Cadres et prof. intellectuelles supérieures;9212,206815;54561,01301;4,95052708
FM ; F ; 2009_2013;90;Employées;11242,96432;45851,19528;4,48146049
FM ; F ; 2009_2013;90;Ensemble;11043,59748;43939,28862;4,574665753
FM ; F ; 2009_2013;90;Inactives non retraitées;10340,86254;39443,15741;4,825950207
FM ; F ; 2009_2013;90;Ouvrières;11908,47312;40937,09857;4,370017561
FM ; F ; 2009_2013;90;Professions intermédiaires;10209,69185;49112,33884;4,729328827
FM ; F ; 2009_2013;91;Agricultrices;13308,93742;39140,69151;-
FM ; F ; 2009_2013;91;Artisanes, commerçantes, cheffes d'entreprise;12550,39101;41716,90208;-
FM ; F ; 2009_2013;91;Cadres et prof. intellectuelles supérieures;10706,30606;49534,73965;-
FM ; F ; 2009_2013;91;Employées;12863,99082;40696,16176;-
FM ; F ; 2009_2013;91;Ensemble;12539,05451;39086,81045;-
FM ; F ; 2009_2013;91;Inactives non retraitées;11553,12387;35364,39472;-
FM ; F ; 2009_2013;91;Ouvrières;13480,02608;36062,11519;-
FM ; F ; 2009_2013;91;Professions intermédiaires;11821,64844;44098,12039;-
FM ; F ; 2009_2013;92;Agricultrices;15034,83914;33931,48137;-
FM ; F ; 2009_2013;92;Artisanes, commerçantes, cheffes d'entreprise;14350,5855;36481,26775;-
FM ; F ; 2009_2013;92;Cadres et prof. intellectuelles supérieures;12426,28559;44231,39882;-
FM ; F ; 2009_2013;92;Employées;14682,54509;35461,01124;-
FM ; F ; 2009_2013;92;Ensemble;14235,7384;34185,69398;-
FM ; F ; 2009_2013;92;Inactives non retraitées;12916,75769;31278,70239;-
FM ; F ; 2009_2013;92;Ouvrières;15228,11456;31200,93266;-
FM ; F ; 2009_2013;92;Professions intermédiaires;13519,47651;38884,99562;-
FM ; F ; 2009_2013;93;Agricultrices;16786,76532;28829,93773;-
FM ; F ; 2009_2013;93;Artisanes, commerçantes, cheffes d'entreprise;16207,70439;31245,99223;-
FM ; F ; 2009_2013;93;Cadres et prof. intellectuelles supérieures;14251,97277;38735,07888;-
FM ; F ; 2009_2013;93;Employées;16550,95409;30254,43228;-
FM ; F ; 2009_2013;93;Ensemble;15977,66925;29319,10802;-
FM ; F ; 2009_2013;93;Inactives non retraitées;14312,09354;27238,5082;-
FM ; F ; 2009_2013;93;Ouvrières;17002,56204;26449,61889;-
FM ; F ; 2009_2013;93;Professions intermédiaires;15282,85919;33627,94777;-
FM ; F ; 2009_2013;94;Agricultrices;18948,08685;23990,32374;-
FM ; F ; 2009_2013;94;Artisanes, commerçantes, cheffes d'entreprise;18491,84139;26181,73418;-
FM ; F ; 2009_2013;94;Cadres et prof. intellectuelles supérieures;16518,21864;33214,56598;-
FM ; F ; 2009_2013;94;Employées;18845,62964;25247,03508;-
FM ; F ; 2009_2013;94;Ensemble;18133,62822;24634,59791;-
FM ; F ; 2009_2013;94;Inactives non retraitées;16587,89938;23340,10743;-
FM ; F ; 2009_2013;94;Ouvrières;19191,66773;21952,50603;-
FM ; F ; 2009_2013;94;Professions intermédiaires;17466,60927;28488,63587;-
FM ; F ; 2009_2013;95;Agricultrices;20615,86301;19444,61636;-
FM ; F ; 2009_2013;95;Artisanes, commerçantes, cheffes d'entreprise;20310,40448;21340,24942;-
FM ; F ; 2009_2013;95;Cadres et prof. intellectuelles supérieures;18414,07038;27728,11136;-
FM ; F ; 2009_2013;95;Employées;20504,38771;20489,07235;-
FM ; F ; 2009_2013;95;Ensemble;19832,06851;20167,45151;-
FM ; F ; 2009_2013;95;Inactives non retraitées;18491,74861;19468,47389;-
FM ; F ; 2009_2013;95;Ouvrières;20880,88343;17739,45401;-
FM ; F ; 2009_2013;95;Professions intermédiaires;19224,52869;23512,63716;-
FM ; F ; 2009_2013;96;Agricultrices;22816,98168;15435,94089;-
FM ; F ; 2009_2013;96;Artisanes, commerçantes, cheffes d'entreprise;22478,9099;17005,95845;-
FM ; F ; 2009_2013;96;Cadres et prof. intellectuelles supérieures;20840,21164;22622,23741;-
FM ; F ; 2009_2013;96;Employées;22693,60436;16287,91352;-
FM ; F ; 2009_2013;96;Ensemble;22060,91608;16167,82871;-
FM ; F ; 2009_2013;96;Inactives non retraitées;20928,12435;15868,41264;-
FM ; F ; 2009_2013;96;Ouvrières;23110,29786;14035,2993;-
FM ; F ; 2009_2013;96;Professions intermédiaires;21509,50373;18992,44348;-
FM ; F ; 2009_2013;97;Agricultrices;25333,07909;11913,92509;-
FM ; F ; 2009_2013;97;Artisanes, commerçantes, cheffes d'entreprise;24957,72711;13183,20437;-
FM ; F ; 2009_2013;97;Cadres et prof. intellectuelles supérieures;23604,56783;17907,71526;-
FM ; F ; 2009_2013;97;Employées;25196,09658;12591,59887;-
FM ; F ; 2009_2013;97;Ensemble;24611,24571;12601,05759;-
FM ; F ; 2009_2013;97;Inactives non retraitées;23704,14174;12547,45151;-
FM ; F ; 2009_2013;97;Ouvrières;25658,74013;10791,69983;-
FM ; F ; 2009_2013;97;Professions intermédiaires;24119,98345;14907,26314;-
FM ; F ; 2009_2013;98;Agricultrices;27298,99075;8895,761021;-
FM ; F ; 2009_2013;98;Artisanes, commerçantes, cheffes d'entreprise;26894,5105;9892,976199;-
FM ; F ; 2009_2013;98;Cadres et prof. intellectuelles supérieures;25861,92601;13680,67646;-
FM ; F ; 2009_2013;98;Employées;27151,37805;9419,007456;-
FM ; F ; 2009_2013;98;Ensemble;26630,51265;9499,780343;-
FM ; F ; 2009_2013;98;Inactives non retraitées;25971,0224;9573,18582;-
FM ; F ; 2009_2013;98;Ouvrières;27649,92392;8022,685612;-
FM ; F ; 2009_2013;98;Professions intermédiaires;26210,60148;11311,63374;-
FM ; F ; 2009_2013;99;Agricultrices;29472,45203;6467,308043;-
FM ; F ; 2009_2013;99;Artisanes, commerçantes, cheffes d'entreprise;29035,76831;7232,308677;-
FM ; F ; 2009_2013;99;Cadres et prof. intellectuelles supérieures;28301,13716;10142,59004;-
FM ; F ; 2009_2013;99;Employées;29313,08686;6861,617133;-
FM ; F ; 2009_2013;99;Ensemble;28853,78213;6969,940137;-
FM ; F ; 2009_2013;99;Inactives non retraitées;28420,52316;7086,931586;-
FM ; F ; 2009_2013;99;Ouvrières;29851,32542;5804,419144;-
FM ; F ; 2009_2013;99;Professions intermédiaires;28497,40166;8346,786499;-
FM ; F ; 2009_2013;100;Agricultrices;31675,95484;4561,233782;-
FM ; F ; 2009_2013;100;Artisanes, commerçantes, cheffes d'entreprise;31206,62254;5132,352286;-
FM ; F ; 2009_2013;100;Cadres et prof. intellectuelles supérieures;30741,8519;7272,121721;-
FM ; F ; 2009_2013;100;Employées;31504,67477;4850,265343;-
FM ; F ; 2009_2013;100;Ensemble;31104,14218;4958,848796;-
FM ; F ; 2009_2013;100;Inactives non retraitées;30772,65299;5072,788553;-
FM ; F ; 2009_2013;100;Ouvrières;32083,15463;4071,723096;-
FM ; F ; 2009_2013;100;Professions intermédiaires;30803,45408;5968,169224;-
FM ; F ; 2000_2008;30;Agricultrices;32;100000;54,5
FM ; F ; 2000_2008;30;Artisanes, commerçantes, cheffes d'entreprise;38;100000;55,2
FM ; F ; 2000_2008;30;Cadres et prof. intellectuelles supérieures;13;100000;56,7
FM ; F ; 2000_2008;30;Employées;25;100000;54,8
FM ; F ; 2000_2008;30;Ensemble;37,6945076;100000;54,23736756
FM ; F ; 2000_2008;30;Inactives non retraitées;138;100000;51,62166636
FM ; F ; 2000_2008;30;Ouvrières;47;100000;53,5
FM ; F ; 2000_2008;30;Professions intermédiaires;15;100000;56,1
FM ; F ; 2000_2008;31;Agricultrices;35;99968;53,5
FM ; F ; 2000_2008;31;Artisanes, commerçantes, cheffes d'entreprise;41;99962;54,2
FM ; F ; 2000_2008;31;Cadres et prof. intellectuelles supérieures;15;99987;55,7
FM ; F ; 2000_2008;31;Employées;29;99975;53,8
FM ; F ; 2000_2008;31;Ensemble;41,41047559;99962,30549;53,25781978
FM ; F ; 2000_2008;31;Inactives non retraitées;143;99862;50,69288373
FM ; F ; 2000_2008;31;Ouvrières;51;99953;52,6
FM ; F ; 2000_2008;31;Professions intermédiaires;17;99985;55,1
FM ; F ; 2000_2008;32;Agricultrices;37;99933;52,6
FM ; F ; 2000_2008;32;Artisanes, commerçantes, cheffes d'entreprise;44;99921;53,3
FM ; F ; 2000_2008;32;Cadres et prof. intellectuelles supérieures;17;99971;54,7
FM ; F ; 2000_2008;32;Employées;31;99946;52,9
FM ; F ; 2000_2008;32;Ensemble;43,59074171;99920,91063;52,27988324
FM ; F ; 2000_2008;32;Inactives non retraitées;142;99720;49,76534528
FM ; F ; 2000_2008;32;Ouvrières;53;99902;51,6
FM ; F ; 2000_2008;32;Professions intermédiaires;19;99968;54,1
FM ; F ; 2000_2008;33;Agricultrices;42;99896;51,6
FM ; F ; 2000_2008;33;Artisanes, commerçantes, cheffes d'entreprise;48;99877;52,3
FM ; F ; 2000_2008;33;Cadres et prof. intellectuelles supérieures;19;99954;53,7
FM ; F ; 2000_2008;33;Employées;34;99915;51,9
FM ; F ; 2000_2008;33;Ensemble;48,09266666;99877,35436;51,30268236
FM ; F ; 2000_2008;33;Inactives non retraitées;147;99578;48,83594455
FM ; F ; 2000_2008;33;Ouvrières;57;99849;50,6
FM ; F ; 2000_2008;33;Professions intermédiaires;21;99949;53,1
FM ; F ; 2000_2008;34;Agricultrices;47;99854;50,6
FM ; F ; 2000_2008;34;Artisanes, commerçantes, cheffes d'entreprise;54;99829;51,3
FM ; F ; 2000_2008;34;Cadres et prof. intellectuelles supérieures;23;99935;52,7
FM ; F ; 2000_2008;34;Employées;40;99881;50,9
FM ; F ; 2000_2008;34;Ensemble;54,14688077;99829,32068;50,32736706
FM ; F ; 2000_2008;34;Inactives non retraitées;155;99432;47,9
FM ; F ; 2000_2008;34;Ouvrières;63;99792;49,6
FM ; F ; 2000_2008;34;Professions intermédiaires;24;99928;52,2
FM ; F ; 2000_2008;35;Agricultrices;51;99807;49,6
FM ; F ; 2000_2008;35;Artisanes, commerçantes, cheffes d'entreprise;59;99775;50,3
FM ; F ; 2000_2008;35;Cadres et prof. intellectuelles supérieures;26;99913;51,7
FM ; F ; 2000_2008;35;Employées;44;99841;49,9
FM ; F ; 2000_2008;35;Ensemble;59,44366134;99775,26621;49,35463252
FM ; F ; 2000_2008;35;Inactives non retraitées;162;99277;47
FM ; F ; 2000_2008;35;Ouvrières;68;99729;48,7
FM ; F ; 2000_2008;35;Professions intermédiaires;27;99904;51,2
FM ; F ; 2000_2008;36;Agricultrices;57;99756;48,7
FM ; F ; 2000_2008;36;Artisanes, commerçantes, cheffes d'entreprise;66;99716;49,4
FM ; F ; 2000_2008;36;Cadres et prof. intellectuelles supérieures;29;99887;50,7
FM ; F ; 2000_2008;36;Employées;50;99797;48,9
FM ; F ; 2000_2008;36;Ensemble;66,08896184;99715,95614;48,38398818
FM ; F ; 2000_2008;36;Inactives non retraitées;172;99116;46,1
FM ; F ; 2000_2008;36;Ouvrières;75;99661;47,7
FM ; F ; 2000_2008;36;Professions intermédiaires;31;99876;50,2
FM ; F ; 2000_2008;37;Agricultrices;61;99699;47,7
FM ; F ; 2000_2008;37;Artisanes, commerçantes, cheffes d'entreprise;71;99650;48,4
FM ; F ; 2000_2008;37;Cadres et prof. intellectuelles supérieures;32;99858;49,7
FM ; F ; 2000_2008;37;Employées;54;99747;48
FM ; F ; 2000_2008;37;Ensemble;71,00284501;99650,0549;47,4159858
FM ; F ; 2000_2008;37;Inactives non retraitées;178;98945;45,1
FM ; F ; 2000_2008;37;Ouvrières;79;99586;46,7
FM ; F ; 2000_2008;37;Professions intermédiaires;34;99845;49,2
FM ; F ; 2000_2008;38;Agricultrices;69;99638;46,7
FM ; F ; 2000_2008;38;Artisanes, commerçantes, cheffes d'entreprise;80;99579;47,4
FM ; F ; 2000_2008;38;Cadres et prof. intellectuelles supérieures;37;99825;48,8
FM ; F ; 2000_2008;38;Employées;62;99693;47
FM ; F ; 2000_2008;38;Ensemble;80,27949734;99579,30053;46,44967642
FM ; F ; 2000_2008;38;Inactives non retraitées;195;98769;44,2
FM ; F ; 2000_2008;38;Ouvrières;89;99507;45,8
FM ; F ; 2000_2008;38;Professions intermédiaires;40;99811;48,2
FM ; F ; 2000_2008;39;Agricultrices;79;99569;45,7
FM ; F ; 2000_2008;39;Artisanes, commerçantes, cheffes d'entreprise;91;99499;46,5
FM ; F ; 2000_2008;39;Cadres et prof. intellectuelles supérieures;44;99788;47,8
FM ; F ; 2000_2008;39;Employées;72;99631;46
FM ; F ; 2000_2008;39;Ensemble;91,41791613;99499,35877;45,48699594
FM ; F ; 2000_2008;39;Inactives non retraitées;215;98576;43,3
FM ; F ; 2000_2008;39;Ouvrières;100;99419;44,8
FM ; F ; 2000_2008;39;Professions intermédiaires;47;99771;47,2
FM ; F ; 2000_2008;40;Agricultrices;85;99491;44,8
FM ; F ; 2000_2008;40;Artisanes, commerçantes, cheffes d'entreprise;99;99408;45,5
FM ; F ; 2000_2008;40;Cadres et prof. intellectuelles supérieures;48;99744;46,8
FM ; F ; 2000_2008;40;Employées;78;99559;45
FM ; F ; 2000_2008;40;Ensemble;98,67655555;99408,39853;44,52861726
FM ; F ; 2000_2008;40;Inactives non retraitées;225;98364;42,4
FM ; F ; 2000_2008;40;Ouvrières;107;99319;43,9
FM ; F ; 2000_2008;40;Professions intermédiaires;52;99724;46,3
FM ; F ; 2000_2008;41;Agricultrices;93;99406;43,8
FM ; F ; 2000_2008;41;Artisanes, commerçantes, cheffes d'entreprise;109;99310;44,6
FM ; F ; 2000_2008;41;Cadres et prof. intellectuelles supérieures;54;99697;45,8
FM ; F ; 2000_2008;41;Employées;87;99481;44,1
FM ; F ; 2000_2008;41;Ensemble;108,8335116;99310,30574;43,57259996
FM ; F ; 2000_2008;41;Inactives non retraitées;242;98142;41,5
FM ; F ; 2000_2008;41;Ouvrières;117;99213;42,9
FM ; F ; 2000_2008;41;Professions intermédiaires;58;99673;45,3
FM ; F ; 2000_2008;42;Agricultrices;103;99313;42,9
FM ; F ; 2000_2008;42;Artisanes, commerçantes, cheffes d'entreprise;120;99202;43,6
FM ; F ; 2000_2008;42;Cadres et prof. intellectuelles supérieures;61;99643;44,8
FM ; F ; 2000_2008;42;Employées;97;99395;43,1
FM ; F ; 2000_2008;42;Ensemble;120,2911846;99202,22285;42,62007322
FM ; F ; 2000_2008;42;Inactives non retraitées;260;97905;40,6
FM ; F ; 2000_2008;42;Ouvrières;129;99096;42
FM ; F ; 2000_2008;42;Professions intermédiaires;66;99615;44,3
FM ; F ; 2000_2008;43;Agricultrices;114;99211;41,9
FM ; F ; 2000_2008;43;Artisanes, commerçantes, cheffes d'entreprise;133;99083;42,7
FM ; F ; 2000_2008;43;Cadres et prof. intellectuelles supérieures;68;99582;43,9
FM ; F ; 2000_2008;43;Employées;108;99298;42,2
FM ; F ; 2000_2008;43;Ensemble;132,5330319;99082,89132;41,67140316
FM ; F ; 2000_2008;43;Inactives non retraitées;280;97650;39,7
FM ; F ; 2000_2008;43;Ouvrières;141;98969;41
FM ; F ; 2000_2008;43;Professions intermédiaires;75;99549;43,3
FM ; F ; 2000_2008;44;Agricultrices;126;99098;41
FM ; F ; 2000_2008;44;Artisanes, commerçantes, cheffes d'entreprise;147;98952;41,7
FM ; F ; 2000_2008;44;Cadres et prof. intellectuelles supérieures;76;99515;42,9
FM ; F ; 2000_2008;44;Employées;120;99191;41,2
FM ; F ; 2000_2008;44;Ensemble;146,7294843;98951,57376;40,72670483
FM ; F ; 2000_2008;44;Inactives non retraitées;302;97377;38,8
FM ; F ; 2000_2008;44;Ouvrières;155;98829;40,1
FM ; F ; 2000_2008;44;Professions intermédiaires;85;99474;42,4
FM ; F ; 2000_2008;45;Agricultrices;135;98973;40
FM ; F ; 2000_2008;45;Artisanes, commerçantes, cheffes d'entreprise;158;98806;40,8
FM ; F ; 2000_2008;45;Cadres et prof. intellectuelles supérieures;83;99439;41,9
FM ; F ; 2000_2008;45;Employées;130;99072;40,3
FM ; F ; 2000_2008;45;Ensemble;157,8307351;98806,38263;39,78655072
FM ; F ; 2000_2008;45;Inactives non retraitées;317;97083;37,9
FM ; F ; 2000_2008;45;Ouvrières;165;98677;39,1
FM ; F ; 2000_2008;45;Professions intermédiaires;94;99390;41,4
FM ; F ; 2000_2008;46;Agricultrices;153;98840;39,1
FM ; F ; 2000_2008;46;Artisanes, commerçantes, cheffes d'entreprise;178;98650;39,8
FM ; F ; 2000_2008;46;Cadres et prof. intellectuelles supérieures;96;99356;41
FM ; F ; 2000_2008;46;Employées;149;98943;39,3
FM ; F ; 2000_2008;46;Ensemble;172,5980865;98650,43579;38,84944539
FM ; F ; 2000_2008;46;Inactives non retraitées;350;96775;37,1
FM ; F ; 2000_2008;46;Ouvrières;185;98514;38,2
FM ; F ; 2000_2008;46;Professions intermédiaires;109;99296;40,4
FM ; F ; 2000_2008;47;Agricultrices;160;98689;38,1
FM ; F ; 2000_2008;47;Artisanes, commerçantes, cheffes d'entreprise;187;98474;38,9
FM ; F ; 2000_2008;47;Cadres et prof. intellectuelles supérieures;102;99261;40
FM ; F ; 2000_2008;47;Employées;157;98796;38,4
FM ; F ; 2000_2008;47;Ensemble;187,3654378;98480,16702;37,91661473
FM ; F ; 2000_2008;47;Inactives non retraitées;360;96436;36,2
FM ; F ; 2000_2008;47;Ouvrières;194;98331;37,3
FM ; F ; 2000_2008;47;Professions intermédiaires;117;99188;39,5
FM ; F ; 2000_2008;48;Agricultrices;176;98530;37,2
FM ; F ; 2000_2008;48;Artisanes, commerçantes, cheffes d'entreprise;202;98290;38
FM ; F ; 2000_2008;48;Cadres et prof. intellectuelles supérieures;114;99160;39
FM ; F ; 2000_2008;48;Employées;174;98640;37,4
FM ; F ; 2000_2008;48;Ensemble;206,0205366;98295,64923;36,98779072
FM ; F ; 2000_2008;48;Inactives non retraitées;388;96089;35,3
FM ; F ; 2000_2008;48;Ouvrières;212;98140;36,3
FM ; F ; 2000_2008;48;Professions intermédiaires;132;99072;38,5
FM ; F ; 2000_2008;49;Agricultrices;192;98357;36,2
FM ; F ; 2000_2008;49;Artisanes, commerçantes, cheffes d'entreprise;217;98092;37,1
FM ; F ; 2000_2008;49;Cadres et prof. intellectuelles supérieures;126;99047;38,1
FM ; F ; 2000_2008;49;Employées;191;98469;36,5
FM ; F ; 2000_2008;49;Ensemble;224,7355383;98093,14;36,06415048
FM ; F ; 2000_2008;49;Inactives non retraitées;414;95716;34,4
FM ; F ; 2000_2008;49;Ouvrières;229;97933;35,4
FM ; F ; 2000_2008;49;Professions intermédiaires;147;98941;37,6
FM ; F ; 2000_2008;50;Agricultrices;207;98168;35,3
FM ; F ; 2000_2008;50;Artisanes, commerçantes, cheffes d'entreprise;230;97879;36,1
FM ; F ; 2000_2008;50;Cadres et prof. intellectuelles supérieures;137;98923;37,1
FM ; F ; 2000_2008;50;Employées;207;98280;35,6
FM ; F ; 2000_2008;50;Ensemble;241,6377565;97872,68986;35,145382
FM ; F ; 2000_2008;50;Inactives non retraitées;436;95320;33,6
FM ; F ; 2000_2008;50;Ouvrières;245;97708;34,5
FM ; F ; 2000_2008;50;Professions intermédiaires;162;98795;36,6
FM ; F ; 2000_2008;51;Agricultrices;218;97965;34,4
FM ; F ; 2000_2008;51;Artisanes, commerçantes, cheffes d'entreprise;239;97653;35,2
FM ; F ; 2000_2008;51;Cadres et prof. intellectuelles supérieures;145;98787;36,2
FM ; F ; 2000_2008;51;Employées;218;98077;34,6
FM ; F ; 2000_2008;51;Ensemble;253,4932331;97636,19248;34,23051222
FM ; F ; 2000_2008;51;Inactives non retraitées;449;94904;32,7
FM ; F ; 2000_2008;51;Ouvrières;256;97469;33,6
FM ; F ; 2000_2008;51;Professions intermédiaires;174;98635;35,7
FM ; F ; 2000_2008;52;Agricultrices;236;97751;33,5
FM ; F ; 2000_2008;52;Artisanes, commerçantes, cheffes d'entreprise;253;97420;34,3
FM ; F ; 2000_2008;52;Cadres et prof. intellectuelles supérieures;158;98644;35,2
FM ; F ; 2000_2008;52;Employées;236;97863;33,7
FM ; F ; 2000_2008;52;Ensemble;271,6459412;97388,69134;33,31750477
FM ; F ; 2000_2008;52;Inactives non retraitées;472;94478;31,9
FM ; F ; 2000_2008;52;Ouvrières;273;97219;32,7
FM ; F ; 2000_2008;52;Professions intermédiaires;190;98464;34,8
FM ; F ; 2000_2008;53;Agricultrices;254;97521;32,5
FM ; F ; 2000_2008;53;Artisanes, commerçantes, cheffes d'entreprise;269;97174;33,4
FM ; F ; 2000_2008;53;Cadres et prof. intellectuelles supérieures;171;98488;34,3
FM ; F ; 2000_2008;53;Employées;254;97632;32,8
FM ; F ; 2000_2008;53;Ensemble;291,4464479;97124,13892;32,40825694
FM ; F ; 2000_2008;53;Inactives non retraitées;497;94032;31
FM ; F ; 2000_2008;53;Ouvrières;291;96954;31,8
FM ; F ; 2000_2008;53;Professions intermédiaires;208;98276;33,8
FM ; F ; 2000_2008;54;Agricultrices;268;97273;31,6
FM ; F ; 2000_2008;54;Artisanes, commerçantes, cheffes d'entreprise;279;96912;32,5
FM ; F ; 2000_2008;54;Cadres et prof. intellectuelles supérieures;182;98319;33,4
FM ; F ; 2000_2008;54;Employées;268;97384;31,9
FM ; F ; 2000_2008;54;Ensemble;305,5916683;96841,07406;31,50298574
FM ; F ; 2000_2008;54;Inactives non retraitées;512;93565;30,2
FM ; F ; 2000_2008;54;Ouvrières;304;96672;30,9
FM ; F ; 2000_2008;54;Professions intermédiaires;223;98072;32,9
FM ; F ; 2000_2008;55;Agricultrices;288;97012;30,7
FM ; F ; 2000_2008;55;Artisanes, commerçantes, cheffes d'entreprise;294;96642;31,6
FM ; F ; 2000_2008;55;Cadres et prof. intellectuelles supérieures;196;98140;32,4
FM ; F ; 2000_2008;55;Employées;288;97123;31
FM ; F ; 2000_2008;55;Ensemble;326,0725326;96545,13581;30,59955134
FM ; F ; 2000_2008;55;Inactives non retraitées;537;93086;29,3
FM ; F ; 2000_2008;55;Ouvrières;323;96378;29,9
FM ; F ; 2000_2008;55;Professions intermédiaires;242;97853;32
FM ; F ; 2000_2008;56;Agricultrices;305;96733;29,8
FM ; F ; 2000_2008;56;Artisanes, commerçantes, cheffes d'entreprise;307;96358;30,7
FM ; F ; 2000_2008;56;Cadres et prof. intellectuelles supérieures;209;97948;31,5
FM ; F ; 2000_2008;56;Employées;305;96843;30,1
FM ; F ; 2000_2008;56;Ensemble;343,1772826;96230,32864;29,69965448
FM ; F ; 2000_2008;56;Inactives non retraitées;556;92586;28,5
FM ; F ; 2000_2008;56;Ouvrières;338;96067;29
FM ; F ; 2000_2008;56;Professions intermédiaires;260;97616;31
FM ; F ; 2000_2008;57;Agricultrices;331;96438;28,9
FM ; F ; 2000_2008;57;Artisanes, commerçantes, cheffes d'entreprise;328;96062;29,8
FM ; F ; 2000_2008;57;Cadres et prof. intellectuelles supérieures;228;97743;30,5
FM ; F ; 2000_2008;57;Employées;331;96548;29,1
FM ; F ; 2000_2008;57;Ensemble;370,672849;95900,08801;28,80192792
FM ; F ; 2000_2008;57;Inactives non retraitées;590;92071;27,7
FM ; F ; 2000_2008;57;Ouvrières;363;95742;28,1
FM ; F ; 2000_2008;57;Professions intermédiaires;286;97362;30,1
FM ; F ; 2000_2008;58;Agricultrices;349;96119;28
FM ; F ; 2000_2008;58;Artisanes, commerçantes, cheffes d'entreprise;342;95747;28,9
FM ; F ; 2000_2008;58;Cadres et prof. intellectuelles supérieures;242;97520;29,6
FM ; F ; 2000_2008;58;Employées;349;96229;28,2
FM ; F ; 2000_2008;58;Ensemble;389,412344;95544,61242;27,90908606
FM ; F ; 2000_2008;58;Inactives non retraitées;610;91528;26,8
FM ; F ; 2000_2008;58;Ouvrières;380;95394;27,2
FM ; F ; 2000_2008;58;Professions intermédiaires;306;97084;29,2
FM ; F ; 2000_2008;59;Agricultrices;372;95783;27,1
FM ; F ; 2000_2008;59;Artisanes, commerçantes, cheffes d'entreprise;359;95420;28
FM ; F ; 2000_2008;59;Cadres et prof. intellectuelles supérieures;260;97283;28,7
FM ; F ; 2000_2008;59;Employées;372;95893;27,3
FM ; F ; 2000_2008;59;Ensemble;413,0386827;95172,54991;27,01819236
FM ; F ; 2000_2008;59;Inactives non retraitées;637;90970;26
FM ; F ; 2000_2008;59;Ouvrières;402;95032;26,3
FM ; F ; 2000_2008;59;Professions intermédiaires;330;96787;28,3
FM ; F ; 2000_2008;60;Agricultrices;403;95427;26,2
FM ; F ; 2000_2008;60;Artisanes, commerçantes, cheffes d'entreprise;383;95077;27,1
FM ; F ; 2000_2008;60;Cadres et prof. intellectuelles supérieures;283;97031;27,8
FM ; F ; 2000_2008;60;Employées;403;95536;26,4
FM ; F ; 2000_2008;60;Ensemble;444,7868732;94779,45046;26,13025079
FM ; F ; 2000_2008;60;Inactives non retraitées;675;90391;25,2
FM ; F ; 2000_2008;60;Ouvrières;431;94650;25,5
FM ; F ; 2000_2008;60;Professions intermédiaires;358;96468;27,4
FM ; F ; 2000_2008;61;Agricultrices;430;95042;25,3
FM ; F ; 2000_2008;61;Artisanes, commerçantes, cheffes d'entreprise;403;94712;26,2
FM ; F ; 2000_2008;61;Cadres et prof. intellectuelles supérieures;303;96756;26,8
FM ; F ; 2000_2008;61;Employées;430;95151;25,6
FM ; F ; 2000_2008;61;Ensemble;472,085264;94357,88391;25,24699397
FM ; F ; 2000_2008;61;Inactives non retraitées;705;89781;24,3
FM ; F ; 2000_2008;61;Ouvrières;455;94242;24,6
FM ; F ; 2000_2008;61;Professions intermédiaires;382;96122;26,5
FM ; F ; 2000_2008;62;Agricultrices;469;94633;24,4
FM ; F ; 2000_2008;62;Artisanes, commerçantes, cheffes d'entreprise;434;94330;25,3
FM ; F ; 2000_2008;62;Cadres et prof. intellectuelles supérieures;333;96463;25,9
FM ; F ; 2000_2008;62;Employées;469;94742;24,7
FM ; F ; 2000_2008;62;Ensemble;512,0438072;93912,43424;24,36674664
FM ; F ; 2000_2008;62;Inactives non retraitées;752;89148;23,5
FM ; F ; 2000_2008;62;Ouvrières;492;93813;23,7
FM ; F ; 2000_2008;62;Professions intermédiaires;418;95755;25,6
FM ; F ; 2000_2008;63;Agricultrices;500;94190;23,5
FM ; F ; 2000_2008;63;Artisanes, commerçantes, cheffes d'entreprise;457;93921;24,4
FM ; F ; 2000_2008;63;Cadres et prof. intellectuelles supérieures;357;96142;25
FM ; F ; 2000_2008;63;Employées;500;94298;23,8
FM ; F ; 2000_2008;63;Ensemble;543,4850416;93431,56144;23,49215722
FM ; F ; 2000_2008;63;Inactives non retraitées;786;88477;22,7
FM ; F ; 2000_2008;63;Ouvrières;520;93352;22,8
FM ; F ; 2000_2008;63;Professions intermédiaires;447;95355;24,7
FM ; F ; 2000_2008;64;Agricultrices;546;93719;22,6
FM ; F ; 2000_2008;64;Artisanes, commerçantes, cheffes d'entreprise;492;93492;23,5
FM ; F ; 2000_2008;64;Cadres et prof. intellectuelles supérieures;392;95798;24,1
FM ; F ; 2000_2008;64;Employées;546;93826;22,9
FM ; F ; 2000_2008;64;Ensemble;590,5323923;92923,77488;22,62053127
FM ; F ; 2000_2008;64;Inactives non retraitées;841;87782;21,9
FM ; F ; 2000_2008;64;Ouvrières;577;92867;21,9
FM ; F ; 2000_2008;64;Professions intermédiaires;489;94929;23,8
FM ; F ; 2000_2008;65;Agricultrices;590;93207;21,8
FM ; F ; 2000_2008;65;Artisanes, commerçantes, cheffes d'entreprise;517;93032;22,6
FM ; F ; 2000_2008;65;Cadres et prof. intellectuelles supérieures;419;95423;23,2
FM ; F ; 2000_2008;65;Employées;580;93314;22
FM ; F ; 2000_2008;65;Ensemble;624,6668058;92375,02989;21,75490636
FM ; F ; 2000_2008;65;Inactives non retraitées;876;87043;21
FM ; F ; 2000_2008;65;Ouvrières;641;92331;21
FM ; F ; 2000_2008;65;Professions intermédiaires;521;94465;22,9
FM ; F ; 2000_2008;66;Agricultrices;651;92658;20,9
FM ; F ; 2000_2008;66;Artisanes, commerçantes, cheffes d'entreprise;573;92551;21,7
FM ; F ; 2000_2008;66;Cadres et prof. intellectuelles supérieures;461;95023;22,3
FM ; F ; 2000_2008;66;Employées;641;92772;21,2
FM ; F ; 2000_2008;66;Ensemble;679,3659267;91797,99374;20,89165627
FM ; F ; 2000_2008;66;Inactives non retraitées;937;86281;20,2
FM ; F ; 2000_2008;66;Ouvrières;712;91739;20,2
FM ; F ; 2000_2008;66;Professions intermédiaires;571;93973;22,1
FM ; F ; 2000_2008;67;Agricultrices;719;92054;20
FM ; F ; 2000_2008;67;Artisanes, commerçantes, cheffes d'entreprise;636;92020;20,8
FM ; F ; 2000_2008;67;Cadres et prof. intellectuelles supérieures;507;94585;21,4
FM ; F ; 2000_2008;67;Employées;708;92177;20,3
FM ; F ; 2000_2008;67;Ensemble;739,1398027;91174,34945;20,03455789
FM ; F ; 2000_2008;67;Inactives non retraitées;1004;85472;19,4
FM ; F ; 2000_2008;67;Ouvrières;790;91086;19,3
FM ; F ; 2000_2008;67;Professions intermédiaires;625;93436;21,2
FM ; F ; 2000_2008;68;Agricultrices;794;91393;19,2
FM ; F ; 2000_2008;68;Artisanes, commerçantes, cheffes d'entreprise;706;91435;20
FM ; F ; 2000_2008;68;Cadres et prof. intellectuelles supérieures;562;94105;20,5
FM ; F ; 2000_2008;68;Employées;781;91525;19,4
FM ; F ; 2000_2008;68;Ensemble;809,7844451;90500,44354;19,18374398
FM ; F ; 2000_2008;68;Inactives non retraitées;1082;84614;18,6
FM ; F ; 2000_2008;68;Ouvrières;869;90366;18,5
FM ; F ; 2000_2008;68;Professions intermédiaires;676;92852;20,3
FM ; F ; 2000_2008;69;Agricultrices;877;90667;18,3
FM ; F ; 2000_2008;69;Artisanes, commerçantes, cheffes d'entreprise;784;90789;19,1
FM ; F ; 2000_2008;69;Cadres et prof. intellectuelles supérieures;632;93576;19,6
FM ; F ; 2000_2008;69;Employées;862;90810;18,6
FM ; F ; 2000_2008;69;Ensemble;899,109912;89767,58503;18,3403592
FM ; F ; 2000_2008;69;Inactives non retraitées;1181;83699;17,8
FM ; F ; 2000_2008;69;Ouvrières;968;89581;17,6
FM ; F ; 2000_2008;69;Professions intermédiaires;731;92225;19,4
FM ; F ; 2000_2008;70;Agricultrices;970;89872;17,5
FM ; F ; 2000_2008;70;Artisanes, commerçantes, cheffes d'entreprise;871;90078;18,3
FM ; F ; 2000_2008;70;Cadres et prof. intellectuelles supérieures;698;92985;18,7
FM ; F ; 2000_2008;70;Employées;954;90027;17,7
FM ; F ; 2000_2008;70;Ensemble;980,1338327;88960,47577;17,50675527
FM ; F ; 2000_2008;70;Inactives non retraitées;1269;82710;17
FM ; F ; 2000_2008;70;Ouvrières;1062;88714;16,8
FM ; F ; 2000_2008;70;Professions intermédiaires;792;91551;18,6
FM ; F ; 2000_2008;71;Agricultrices;1071;89000;16,7
FM ; F ; 2000_2008;71;Artisanes, commerçantes, cheffes d'entreprise;967;89293;17,4
FM ; F ; 2000_2008;71;Cadres et prof. intellectuelles supérieures;790;92335;17,9
FM ; F ; 2000_2008;71;Employées;1053;89169;16,9
FM ; F ; 2000_2008;71;Ensemble;1095,567119;88088,54405;16,68004336
FM ; F ; 2000_2008;71;Inactives non retraitées;1394;81661;16,3
FM ; F ; 2000_2008;71;Ouvrières;1191;87772;16
FM ; F ; 2000_2008;71;Professions intermédiaires;856;90826;17,7
FM ; F ; 2000_2008;72;Agricultrices;1183;88046;15,8
FM ; F ; 2000_2008;72;Artisanes, commerçantes, cheffes d'entreprise;1073;88430;16,6
FM ; F ; 2000_2008;72;Cadres et prof. intellectuelles supérieures;896;91606;17
FM ; F ; 2000_2008;72;Employées;1162;88230;16,1
FM ; F ; 2000_2008;72;Ensemble;1225,696234;87123,47493;15,86480865
FM ; F ; 2000_2008;72;Inactives non retraitées;1532;80523;15,5
FM ; F ; 2000_2008;72;Ouvrières;1338;86727;15,2
FM ; F ; 2000_2008;72;Professions intermédiaires;925;90049;16,9
FM ; F ; 2000_2008;73;Agricultrices;1307;87004;15
FM ; F ; 2000_2008;73;Artisanes, commerçantes, cheffes d'entreprise;1191;87481;15,8
FM ; F ; 2000_2008;73;Cadres et prof. intellectuelles supérieures;990;90785;16,2
FM ; F ; 2000_2008;73;Employées;1283;87204;15,3
FM ; F ; 2000_2008;73;Ensemble;1335,295193;86055,60578;15,06167601
FM ; F ; 2000_2008;73;Inactives non retraitées;1639;79289;14,7
FM ; F ; 2000_2008;73;Ouvrières;1463;85566;14,4
FM ; F ; 2000_2008;73;Professions intermédiaires;1012;89215;16,1
FM ; F ; 2000_2008;74;Agricultrices;1443;85867;14,2
FM ; F ; 2000_2008;74;Artisanes, commerçantes, cheffes d'entreprise;1321;86439;15
FM ; F ; 2000_2008;74;Cadres et prof. intellectuelles supérieures;1142;89886;15,3
FM ; F ; 2000_2008;74;Employées;1417;86085;14,5
FM ; F ; 2000_2008;74;Ensemble;1518,444687;84906,50941;14,26551571
FM ; F ; 2000_2008;74;Inactives non retraitées;1829;77990;14
FM ; F ; 2000_2008;74;Ouvrières;1671;84314;13,6
FM ; F ; 2000_2008;74;Professions intermédiaires;1157;88312;15,2
FM ; F ; 2000_2008;75;Agricultrices;1593;84628;13,4
FM ; F ; 2000_2008;75;Artisanes, commerçantes, cheffes d'entreprise;1466;85297;14,2
FM ; F ; 2000_2008;75;Cadres et prof. intellectuelles supérieures;1288;88860;14,5
FM ; F ; 2000_2008;75;Employées;1564;84865;13,7
FM ; F ; 2000_2008;75;Ensemble;1687,246568;83617,25103;13,48546955
FM ; F ; 2000_2008;75;Inactives non retraitées;1994;76564;13,2
FM ; F ; 2000_2008;75;Ouvrières;1863;82906;12,8
FM ; F ; 2000_2008;75;Professions intermédiaires;1291;87291;14,4
FM ; F ; 2000_2008;76;Agricultrices;1824;83280;12,6
FM ; F ; 2000_2008;76;Artisanes, commerçantes, cheffes d'entreprise;1666;84046;13,4
FM ; F ; 2000_2008;76;Cadres et prof. intellectuelles supérieures;1488;87715;13,7
FM ; F ; 2000_2008;76;Employées;1784;83538;12,9
FM ; F ; 2000_2008;76;Ensemble;1918,8025;82206,42183;12,71690761
FM ; F ; 2000_2008;76;Inactives non retraitées;2223;75037;12,5
FM ; F ; 2000_2008;76;Ouvrières;2126;81361;12,1
FM ; F ; 2000_2008;76;Professions intermédiaires;1491;86163;13,6
FM ; F ; 2000_2008;77;Agricultrices;2080;81761;11,9
FM ; F ; 2000_2008;77;Artisanes, commerçantes, cheffes d'entreprise;1886;82646;12,6
FM ; F ; 2000_2008;77;Cadres et prof. intellectuelles supérieures;1713;86410;12,9
FM ; F ; 2000_2008;77;Employées;2026;82048;12,1
FM ; F ; 2000_2008;77;Ensemble;2173,273365;80629,04295;11,96569366
FM ; F ; 2000_2008;77;Inactives non retraitées;2467;73369;11,8
FM ; F ; 2000_2008;77;Ouvrières;2417;79631;11,3
FM ; F ; 2000_2008;77;Professions intermédiaires;1716;84879;12,8
FM ; F ; 2000_2008;78;Agricultrices;2381;80060;11,1
FM ; F ; 2000_2008;78;Artisanes, commerçantes, cheffes d'entreprise;2142;81087;11,9
FM ; F ; 2000_2008;78;Cadres et prof. intellectuelles supérieures;1979;84930;12,1
FM ; F ; 2000_2008;78;Employées;2310;80386;11,4
FM ; F ; 2000_2008;78;Ensemble;2468,766043;78876,75344;11,23151798
FM ; F ; 2000_2008;78;Inactives non retraitées;2745;71559;11,1
FM ; F ; 2000_2008;78;Ouvrières;2755;77706;10,6
FM ; F ; 2000_2008;78;Professions intermédiaires;1983;83422;12
FM ; F ; 2000_2008;79;Agricultrices;2734;78154;10,4
FM ; F ; 2000_2008;79;Artisanes, commerçantes, cheffes d'entreprise;2443;79350;11,1
FM ; F ; 2000_2008;79;Cadres et prof. intellectuelles supérieures;2298;83249;11,4
FM ; F ; 2000_2008;79;Employées;2643;78529;10,7
FM ; F ; 2000_2008;79;Ensemble;2814,424382;76929,47093;10,51581655
FM ; F ; 2000_2008;79;Inactives non retraitées;3113;69595;10,4
FM ; F ; 2000_2008;79;Ouvrières;3151;75565;9,9
FM ; F ; 2000_2008;79;Professions intermédiaires;2302;81768;11,3
FM ; F ; 2000_2008;80;Agricultrices;3143;76017;9,7
FM ; F ; 2000_2008;80;Artisanes, commerçantes, cheffes d'entreprise;2788;77412;10,4
FM ; F ; 2000_2008;80;Cadres et prof. intellectuelles supérieures;2671;81336;10,6
FM ; F ; 2000_2008;80;Employées;3026;76453;10
FM ; F ; 2000_2008;80;Ensemble;3211,618663;74764,34915;9,820347036
FM ; F ; 2000_2008;80;Inactives non retraitées;3530;67429;9,7
FM ; F ; 2000_2008;80;Ouvrières;3605;73184;9,2
FM ; F ; 2000_2008;80;Professions intermédiaires;2676;79885;10,5
FM ; F ; 2000_2008;81;Agricultrices;3630;73628;9
FM ; F ; 2000_2008;81;Artisanes, commerçantes, cheffes d'entreprise;3198;75254;9,7
FM ; F ; 2000_2008;81;Cadres et prof. intellectuelles supérieures;3068;79164;9,9
FM ; F ; 2000_2008;81;Employées;3483;74140;9,3
FM ; F ; 2000_2008;81;Ensemble;3681,015066;72363,20336;9,146204431
FM ; F ; 2000_2008;81;Inactives non retraitées;4002;65049;9,1
FM ; F ; 2000_2008;81;Ouvrières;4143;70546;8,6
FM ; F ; 2000_2008;81;Professions intermédiaires;3074;77747;9,8
FM ; F ; 2000_2008;82;Agricultrices;4189;70955;8,4
FM ; F ; 2000_2008;82;Artisanes, commerçantes, cheffes d'entreprise;3667;72847;9
FM ; F ; 2000_2008;82;Cadres et prof. intellectuelles supérieures;3523;76735;9,3
FM ; F ; 2000_2008;82;Employées;4004;71557;8,6
FM ; F ; 2000_2008;82;Ensemble;4214,749645;69699,50294;8,495744206
FM ; F ; 2000_2008;82;Inactives non retraitées;4536;62446;8,5
FM ; F ; 2000_2008;82;Ouvrières;4753;67623;8
FM ; F ; 2000_2008;82;Professions intermédiaires;3530;75357;9,1
FM ; F ; 2000_2008;83;Agricultrices;4874;67983;7,7
FM ; F ; 2000_2008;83;Artisanes, commerçantes, cheffes d'entreprise;4241;70176;8,4
FM ; F ; 2000_2008;83;Cadres et prof. intellectuelles supérieures;4045;74032;8,6
FM ; F ; 2000_2008;83;Employées;4643;68692;8
FM ; F ; 2000_2008;83;Ensemble;4864,635416;66761,84339;7,869574569
FM ; F ; 2000_2008;83;Inactives non retraitées;5139;59613;7,9
FM ; F ; 2000_2008;83;Ouvrières;5495;64409;7,4
FM ; F ; 2000_2008;83;Professions intermédiaires;4053;72697;8,5
FM ; F ; 2000_2008;84;Agricultrices;5646;64670;7,1
FM ; F ; 2000_2008;84;Artisanes, commerçantes, cheffes d'entreprise;4887;67200;7,7
FM ; F ; 2000_2008;84;Cadres et prof. intellectuelles supérieures;4642;71037;8
FM ; F ; 2000_2008;84;Employées;5363;65502;7,3
FM ; F ; 2000_2008;84;Ensemble;5591,995694;63514,12311;7,271976045
FM ; F ; 2000_2008;84;Inactives non retraitées;5822;56550;7,3
FM ; F ; 2000_2008;84;Ouvrières;6322;60870;6,8
FM ; F ; 2000_2008;84;Professions intermédiaires;4651;69751;7,8
FM ; F ; 2000_2008;85;Agricultrices;6580;61018;6,5
FM ; F ; 2000_2008;85;Artisanes, commerçantes, cheffes d'entreprise;5670;63916;7,1
FM ; F ; 2000_2008;85;Cadres et prof. intellectuelles supérieures;5325;67740;7,3
FM ; F ; 2000_2008;85;Employées;6232;61990;6,8
FM ; F ; 2000_2008;85;Ensemble;6466,381177;59962,41608;6,702711331
FM ; F ; 2000_2008;85;Inactives non retraitées;6592;53258;6,7
FM ; F ; 2000_2008;85;Ouvrières;7311;57022;6,2
FM ; F ; 2000_2008;85;Professions intermédiaires;5389;66507;7,2
FM ; F ; 2000_2008;86;Agricultrices;7484;57004;6
FM ; F ; 2000_2008;86;Artisanes, commerçantes, cheffes d'entreprise;6427;60292;6,6
FM ; F ; 2000_2008;86;Cadres et prof. intellectuelles supérieures;6108;64132;6,8
FM ; F ; 2000_2008;86;Employées;7071;58127;6,2
FM ; F ; 2000_2008;86;Ensemble;7300,958769;56085,01769;6,166098581
FM ; F ; 2000_2008;86;Inactives non retraitées;7462;49747;6,2
FM ; F ; 2000_2008;86;Ouvrières;8249;52853;5,7
FM ; F ; 2000_2008;86;Professions intermédiaires;6166;62923;6,6
FM ; F ; 2000_2008;87;Agricultrices;8739;52737;5,5
FM ; F ; 2000_2008;87;Artisanes, commerçantes, cheffes d'entreprise;7488;56417;6
FM ; F ; 2000_2008;87;Cadres et prof. intellectuelles supérieures;7001;60216;6,2
FM ; F ; 2000_2008;87;Employées;8242;54016;5,7
FM ; F ; 2000_2008;87;Ensemble;8466,793996;51990,27367;5,651739327
FM ; F ; 2000_2008;87;Inactives non retraitées;8443;46035;5,7
FM ; F ; 2000_2008;87;Ouvrières;9549;48493;5,2
FM ; F ; 2000_2008;87;Professions intermédiaires;7252;59043;6
FM ; F ; 2000_2008;88;Agricultrices;9914;48129;5
FM ; F ; 2000_2008;88;Artisanes, commerçantes, cheffes d'entreprise;8487;52192;5,5
FM ; F ; 2000_2008;88;Cadres et prof. intellectuelles supérieures;8023;56000;5,7
FM ; F ; 2000_2008;88;Employées;9337;49565;5,2
FM ; F ; 2000_2008;88;Ensemble;9544,596992;47588,3643;5,174523513
FM ; F ; 2000_2008;88;Inactives non retraitées;9550;42148;5,3
FM ; F ; 2000_2008;88;Ouvrières;10736;43863;4,8
FM ; F ; 2000_2008;88;Professions intermédiaires;8297;54761;5,5
FM ; F ; 2000_2008;89;Agricultrices;11352;43357;4,6
FM ; F ; 2000_2008;89;Artisanes, commerçantes, cheffes d'entreprise;9725;47763;5
FM ; F ; 2000_2008;89;Cadres et prof. intellectuelles supérieures;9190;51507;5,1
FM ; F ; 2000_2008;89;Employées;10686;44937;4,7
FM ; F ; 2000_2008;89;Ensemble;10866,66776;43046,24672;4,720524524
FM ; F ; 2000_2008;89;Inactives non retraitées;10797;38123;4,8
FM ; F ; 2000_2008;89;Ouvrières;12182;39153;4,4
FM ; F ; 2000_2008;89;Professions intermédiaires;9595;50217;5
FM ; F ; 2000_2008;90;Agricultrices;12860;38435;4,2
FM ; F ; 2000_2008;90;Artisanes, commerçantes, cheffes d'entreprise;11095;43118;4,5
FM ; F ; 2000_2008;90;Cadres et prof. intellectuelles supérieures;10524;46773;4,7
FM ; F ; 2000_2008;90;Employées;12164;40135;4,3
FM ; F ; 2000_2008;90;Ensemble;12312,57587;38368,5541;4,296026083
FM ; F ; 2000_2008;90;Inactives non retraitées;12203;34007;4,4
FM ; F ; 2000_2008;90;Ouvrières;13740;34384;4
FM ; F ; 2000_2008;90;Professions intermédiaires;11043;45399;4,5
FM ; F ; 2000_2008;91;Agricultrices;14536;33492;-
FM ; F ; 2000_2008;91;Artisanes, commerçantes, cheffes d'entreprise;12681;38334;-
FM ; F ; 2000_2008;91;Cadres et prof. intellectuelles supérieures;12071;41851;-
FM ; F ; 2000_2008;91;Employées;13812;35253;-
FM ; F ; 2000_2008;91;Ensemble;13914,0013;33644,39677;-
FM ; F ; 2000_2008;91;Inactives non retraitées;13788;29857;-
FM ; F ; 2000_2008;91;Ouvrières;15447;29659;-
FM ; F ; 2000_2008;91;Professions intermédiaires;12681;40385;-
FM ; F ; 2000_2008;92;Agricultrices;16351;28624;-
FM ; F ; 2000_2008;92;Artisanes, commerçantes, cheffes d'entreprise;14489;33473;-
FM ; F ; 2000_2008;92;Cadres et prof. intellectuelles supérieures;13786;36799;-
FM ; F ; 2000_2008;92;Employées;15604;30383;-
FM ; F ; 2000_2008;92;Ensemble;15648,34698;28963,11496;-
FM ; F ; 2000_2008;92;Inactives non retraitées;15313;25740;-
FM ; F ; 2000_2008;92;Ouvrières;17274;25078;-
FM ; F ; 2000_2008;92;Professions intermédiaires;14489;35264;-
FM ; F ; 2000_2008;93;Agricultrices;18308;23944;-
FM ; F ; 2000_2008;93;Artisanes, commerçantes, cheffes d'entreprise;16465;28623;-
FM ; F ; 2000_2008;93;Cadres et prof. intellectuelles supérieures;15672;31726;-
FM ; F ; 2000_2008;93;Employées;17538;25642;-
FM ; F ; 2000_2008;93;Ensemble;17528,53055;24430,86624;-
FM ; F ; 2000_2008;93;Inactives non retraitées;16957;21799;-
FM ; F ; 2000_2008;93;Ouvrières;19217;20746;-
FM ; F ; 2000_2008;93;Professions intermédiaires;16465;30155;-
FM ; F ; 2000_2008;94;Agricultrices;20235;19560;-
FM ; F ; 2000_2008;94;Artisanes, commerçantes, cheffes d'entreprise;18450;23910;-
FM ; F ; 2000_2008;94;Cadres et prof. intellectuelles supérieures;17576;26754;-
FM ; F ; 2000_2008;94;Employées;19447;21145;-
FM ; F ; 2000_2008;94;Ensemble;19369,41398;20148,49439;-
FM ; F ; 2000_2008;94;Inactives non retraitées;18568;18102;-
FM ; F ; 2000_2008;94;Ouvrières;21100;16759;-
FM ; F ; 2000_2008;94;Professions intermédiaires;18450;25190;-
FM ; F ; 2000_2008;95;Agricultrices;22265;15602;-
FM ; F ; 2000_2008;95;Artisanes, commerçantes, cheffes d'entreprise;20300;19499;-
FM ; F ; 2000_2008;95;Cadres et prof. intellectuelles supérieures;19607;22051;-
FM ; F ; 2000_2008;95;Employées;21456;17033;-
FM ; F ; 2000_2008;95;Ensemble;21308,55242;16245,8491;-
FM ; F ; 2000_2008;95;Inactives non retraitées;20278;14741;-
FM ; F ; 2000_2008;95;Ouvrières;23066;13223;-
FM ; F ; 2000_2008;95;Professions intermédiaires;20300;20542;-
FM ; F ; 2000_2008;96;Agricultrices;24604;12128;-
FM ; F ; 2000_2008;96;Artisanes, commerçantes, cheffes d'entreprise;22433;15540;-
FM ; F ; 2000_2008;96;Cadres et prof. intellectuelles supérieures;21943;17728;-
FM ; F ; 2000_2008;96;Employées;23761;13378;-
FM ; F ; 2000_2008;96;Ensemble;23548,83172;12784,09383;-
FM ; F ; 2000_2008;96;Inactives non retraitées;22283;11752;-
FM ; F ; 2000_2008;96;Ouvrières;25326;10173;-
FM ; F ; 2000_2008;96;Professions intermédiaires;22433;16372;-
FM ; F ; 2000_2008;97;Agricultrices;26641;9144;-
FM ; F ; 2000_2008;97;Artisanes, commerçantes, cheffes d'entreprise;24290;12054;-
FM ; F ; 2000_2008;97;Cadres et prof. intellectuelles supérieures;24025;13838;-
FM ; F ; 2000_2008;97;Employées;25770;10200;-
FM ; F ; 2000_2008;97;Ensemble;25491,25121;9773,589085;-
FM ; F ; 2000_2008;97;Inactives non retraitées;24029;9133;-
FM ; F ; 2000_2008;97;Ouvrières;27264;7597;-
FM ; F ; 2000_2008;97;Professions intermédiaires;24290;12699;-
FM ; F ; 2000_2008;98;Agricultrices;28693;6708;-
FM ; F ; 2000_2008;98;Artisanes, commerçantes, cheffes d'entreprise;26120;9126;-
FM ; F ; 2000_2008;98;Cadres et prof. intellectuelles supérieures;26120;10513;-
FM ; F ; 2000_2008;98;Employées;27788;7571;-
FM ; F ; 2000_2008;98;Ensemble;27463,70219;7282,178939;-
FM ; F ; 2000_2008;98;Inactives non retraitées;26120;6939;-
FM ; F ; 2000_2008;98;Ouvrières;29213;5525;-
FM ; F ; 2000_2008;98;Professions intermédiaires;26120;9615;-
FM ; F ; 2000_2008;99;Agricultrices;30932;4783;-
FM ; F ; 2000_2008;99;Artisanes, commerçantes, cheffes d'entreprise;28379;6743;-
FM ; F ; 2000_2008;99;Cadres et prof. intellectuelles supérieures;28379;7767;-
FM ; F ; 2000_2008;99;Employées;29978;5467;-
FM ; F ; 2000_2008;99;Ensemble;29593,31361;5282,223002;-
FM ; F ; 2000_2008;99;Inactives non retraitées;28379;5126;-
FM ; F ; 2000_2008;99;Ouvrières;31349;3911;-
FM ; F ; 2000_2008;99;Professions intermédiaires;28379;7103;-
FM ; F ; 2000_2008;100;Agricultrices;32632;3304;-
FM ; F ; 2000_2008;100;Artisanes, commerçantes, cheffes d'entreprise;30122;4829;-
FM ; F ; 2000_2008;100;Cadres et prof. intellectuelles supérieures;30122;5563;-
FM ; F ; 2000_2008;100;Employées;31640;3828;-
FM ; F ; 2000_2008;100;Ensemble;31206,28028;3719,038184;-
FM ; F ; 2000_2008;100;Inactives non retraitées;30122;3671;-
FM ; F ; 2000_2008;100;Ouvrières;32952;2685;-
FM ; F ; 2000_2008;100;Professions intermédiaires;30122;5087;-
FM ; F ; 1991_1999;30;Agricultrices;40;100000;53,7
FM ; F ; 1991_1999;30;Artisanes, commerçantes, cheffes d'entreprise;49;100000;53,6
FM ; F ; 1991_1999;30;Cadres et prof. intellectuelles supérieures;33;100000;54,7
FM ; F ; 1991_1999;30;Employées;49;100000;53,5
FM ; F ; 1991_1999;30;Ensemble;59,41200903;100000;52,81099588
FM ; F ; 1991_1999;30;Inactives non retraitées;97;100000;51,8
FM ; F ; 1991_1999;30;Ouvrières;58;100000;52
FM ; F ; 1991_1999;30;Professions intermédiaires;37;100000;54,4
FM ; F ; 1991_1999;31;Agricultrices;42;99960;52,7
FM ; F ; 1991_1999;31;Artisanes, commerçantes, cheffes d'entreprise;51;99951;52,7
FM ; F ; 1991_1999;31;Cadres et prof. intellectuelles supérieures;34;99967;53,7
FM ; F ; 1991_1999;31;Employées;51;99951;52,5
FM ; F ; 1991_1999;31;Ensemble;61,85883624;99940,58799;51,84239061
FM ; F ; 1991_1999;31;Inactives non retraitées;100;99903;50,8
FM ; F ; 1991_1999;31;Ouvrières;60;99942;51
FM ; F ; 1991_1999;31;Professions intermédiaires;38;99963;53,4
FM ; F ; 1991_1999;32;Agricultrices;45;99918;51,7
FM ; F ; 1991_1999;32;Artisanes, commerçantes, cheffes d'entreprise;54;99901;51,7
FM ; F ; 1991_1999;32;Cadres et prof. intellectuelles supérieures;37;99933;52,8
FM ; F ; 1991_1999;32;Employées;55;99900;51,6
FM ; F ; 1991_1999;32;Ensemble;66,29199109;99878,76591;50,87447956
FM ; F ; 1991_1999;32;Inactives non retraitées;108;99803;49,9
FM ; F ; 1991_1999;32;Ouvrières;65;99881;50,1
FM ; F ; 1991_1999;32;Professions intermédiaires;41;99924;52,5
FM ; F ; 1991_1999;33;Agricultrices;48;99873;50,7
FM ; F ; 1991_1999;33;Artisanes, commerçantes, cheffes d'entreprise;58;99847;50,7
FM ; F ; 1991_1999;33;Cadres et prof. intellectuelles supérieures;39;99896;51,8
FM ; F ; 1991_1999;33;Employées;58;99846;50,6
FM ; F ; 1991_1999;33;Ensemble;70,32880731;99812,55428;49,90822764
FM ; F ; 1991_1999;33;Inactives non retraitées;114;99695;48,9
FM ; F ; 1991_1999;33;Ouvrières;69;99817;49,1
FM ; F ; 1991_1999;33;Professions intermédiaires;44;99883;51,5
FM ; F ; 1991_1999;34;Agricultrices;51;99825;49,8
FM ; F ; 1991_1999;34;Artisanes, commerçantes, cheffes d'entreprise;61;99789;49,8
FM ; F ; 1991_1999;34;Cadres et prof. intellectuelles supérieures;42;99857;50,8
FM ; F ; 1991_1999;34;Employées;62;99788;49,6
FM ; F ; 1991_1999;34;Ensemble;75,19634568;99742,3573;48,9433522
FM ; F ; 1991_1999;34;Inactives non retraitées;122;99582;48
FM ; F ; 1991_1999;34;Ouvrières;73;99748;48,1
FM ; F ; 1991_1999;34;Professions intermédiaires;47;99840;50,5
FM ; F ; 1991_1999;35;Agricultrices;54;99774;48,8
FM ; F ; 1991_1999;35;Artisanes, commerçantes, cheffes d'entreprise;65;99728;48,8
FM ; F ; 1991_1999;35;Cadres et prof. intellectuelles supérieures;44;99815;49,8
FM ; F ; 1991_1999;35;Employées;66;99726;48,7
FM ; F ; 1991_1999;35;Ensemble;79,79313883;99667,3547;47,98018351
FM ; F ; 1991_1999;35;Inactives non retraitées;130;99460;47,1
FM ; F ; 1991_1999;35;Ouvrières;78;99675;47,2
FM ; F ; 1991_1999;35;Professions intermédiaires;50;99793;49,5
FM ; F ; 1991_1999;36;Agricultrices;58;99720;47,8
FM ; F ; 1991_1999;36;Artisanes, commerçantes, cheffes d'entreprise;70;99663;47,8
FM ; F ; 1991_1999;36;Cadres et prof. intellectuelles supérieures;48;99771;48,8
FM ; F ; 1991_1999;36;Employées;71;99661;47,7
FM ; F ; 1991_1999;36;Ensemble;86,0884589;99587,82699;47,01849898
FM ; F ; 1991_1999;36;Inactives non retraitées;140;99331;46,1
FM ; F ; 1991_1999;36;Ouvrières;84;99597;46,2
FM ; F ; 1991_1999;36;Professions intermédiaires;54;99743;48,6
FM ; F ; 1991_1999;37;Agricultrices;62;99662;46,8
FM ; F ; 1991_1999;37;Artisanes, commerçantes, cheffes d'entreprise;75;99593;46,9
FM ; F ; 1991_1999;37;Cadres et prof. intellectuelles supérieures;51;99723;47,9
FM ; F ; 1991_1999;37;Employées;76;99590;46,7
FM ; F ; 1991_1999;37;Ensemble;92,17461302;99502,09336;46,05901136
FM ; F ; 1991_1999;37;Inactives non retraitées;150;99193;45,2
FM ; F ; 1991_1999;37;Ouvrières;90;99513;45,2
FM ; F ; 1991_1999;37;Professions intermédiaires;57;99690;47,6
FM ; F ; 1991_1999;38;Agricultrices;66;99600;45,9
FM ; F ; 1991_1999;38;Artisanes, commerçantes, cheffes d'entreprise;80;99518;45,9
FM ; F ; 1991_1999;38;Cadres et prof. intellectuelles supérieures;54;99672;46,9
FM ; F ; 1991_1999;38;Employées;80;99515;45,8
FM ; F ; 1991_1999;38;Ensemble;97,54185034;99410,37769;45,10150524
FM ; F ; 1991_1999;38;Inactives non retraitées;158;99044;44,3
FM ; F ; 1991_1999;38;Ouvrières;95;99424;44,3
FM ; F ; 1991_1999;38;Professions intermédiaires;61;99633;46,6
FM ; F ; 1991_1999;39;Agricultrices;75;99534;44,9
FM ; F ; 1991_1999;39;Artisanes, commerçantes, cheffes d'entreprise;90;99438;44,9
FM ; F ; 1991_1999;39;Cadres et prof. intellectuelles supérieures;61;99618;45,9
FM ; F ; 1991_1999;39;Employées;91;99435;44,8
FM ; F ; 1991_1999;39;Ensemble;106,5502999;99313,41097;44,14554104
FM ; F ; 1991_1999;39;Inactives non retraitées;179;98888;43,3
FM ; F ; 1991_1999;39;Ouvrières;108;99329;43,3
FM ; F ; 1991_1999;39;Professions intermédiaires;69;99572;45,6
FM ; F ; 1991_1999;40;Agricultrices;78;99460;43,9
FM ; F ; 1991_1999;40;Artisanes, commerçantes, cheffes d'entreprise;94;99349;44
FM ; F ; 1991_1999;40;Cadres et prof. intellectuelles supérieures;64;99557;44,9
FM ; F ; 1991_1999;40;Employées;95;99344;43,8
FM ; F ; 1991_1999;40;Ensemble;115,5587494;99207,59223;43,19262841
FM ; F ; 1991_1999;40;Inactives non retraitées;188;98710;42,4
FM ; F ; 1991_1999;40;Ouvrières;113;99222;42,4
FM ; F ; 1991_1999;40;Professions intermédiaires;72;99504;44,7
FM ; F ; 1991_1999;41;Agricultrices;89;99382;43
FM ; F ; 1991_1999;41;Artisanes, commerçantes, cheffes d'entreprise;105;99255;43
FM ; F ; 1991_1999;41;Cadres et prof. intellectuelles supérieures;71;99494;44
FM ; F ; 1991_1999;41;Employées;105;99250;42,9
FM ; F ; 1991_1999;41;Ensemble;127,6132595;99092,94918;42,24259902
FM ; F ; 1991_1999;41;Inactives non retraitées;205;98525;41,5
FM ; F ; 1991_1999;41;Ouvrières;125;99110;41,4
FM ; F ; 1991_1999;41;Professions intermédiaires;80;99433;43,7
FM ; F ; 1991_1999;42;Agricultrices;96;99293;42
FM ; F ; 1991_1999;42;Artisanes, commerçantes, cheffes d'entreprise;111;99151;42,1
FM ; F ; 1991_1999;42;Cadres et prof. intellectuelles supérieures;76;99422;43
FM ; F ; 1991_1999;42;Employées;111;99146;41,9
FM ; F ; 1991_1999;42;Ensemble;134,912409;98966,49344;41,29657506
FM ; F ; 1991_1999;42;Inactives non retraitées;215;98323;40,6
FM ; F ; 1991_1999;42;Ouvrières;133;98985;40,5
FM ; F ; 1991_1999;42;Professions intermédiaires;86;99353;42,7
FM ; F ; 1991_1999;43;Agricultrices;110;99198;41,1
FM ; F ; 1991_1999;43;Artisanes, commerçantes, cheffes d'entreprise;124;99041;41,1
FM ; F ; 1991_1999;43;Cadres et prof. intellectuelles supérieures;86;99346;42
FM ; F ; 1991_1999;43;Employées;124;99035;41
FM ; F ; 1991_1999;43;Ensemble;150,4913312;98832,97536;40,35236453
FM ; F ; 1991_1999;43;Inactives non retraitées;239;98111;39,7
FM ; F ; 1991_1999;43;Ouvrières;150;98853;39,5
FM ; F ; 1991_1999;43;Professions intermédiaires;96;99268;41,8
FM ; F ; 1991_1999;44;Agricultrices;119;99089;40,1
FM ; F ; 1991_1999;44;Artisanes, commerçantes, cheffes d'entreprise;131;98918;40,2
FM ; F ; 1991_1999;44;Cadres et prof. intellectuelles supérieures;92;99261;41,1
FM ; F ; 1991_1999;44;Employées;132;98912;40
FM ; F ; 1991_1999;44;Ensemble;159,1027729;98684,2403;39,41318287
FM ; F ; 1991_1999;44;Inactives non retraitées;250;97877;38,8
FM ; F ; 1991_1999;44;Ouvrières;159;98706;38,6
FM ; F ; 1991_1999;44;Professions intermédiaires;103;99172;40,8
FM ; F ; 1991_1999;45;Agricultrices;131;98971;39,1
FM ; F ; 1991_1999;45;Artisanes, commerçantes, cheffes d'entreprise;142;98788;39,2
FM ; F ; 1991_1999;45;Cadres et prof. intellectuelles supérieures;100;99170;40,1
FM ; F ; 1991_1999;45;Employées;142;98782;39,1
FM ; F ; 1991_1999;45;Ensemble;171,3645796;98527,23093;38,47599026
FM ; F ; 1991_1999;45;Inactives non retraitées;268;97632;37,8
FM ; F ; 1991_1999;45;Ouvrières;172;98549;37,6
FM ; F ; 1991_1999;45;Professions intermédiaires;112;99070;39,9
FM ; F ; 1991_1999;46;Agricultrices;143;98842;38,2
FM ; F ; 1991_1999;46;Artisanes, commerçantes, cheffes d'entreprise;152;98648;38,3
FM ; F ; 1991_1999;46;Cadres et prof. intellectuelles supérieures;108;99071;39,1
FM ; F ; 1991_1999;46;Employées;152;98642;38,1
FM ; F ; 1991_1999;46;Ensemble;183,2972766;98358,39016;37,54203766
FM ; F ; 1991_1999;46;Inactives non retraitées;284;97371;37
FM ; F ; 1991_1999;46;Ouvrières;185;98379;36,7
FM ; F ; 1991_1999;46;Professions intermédiaires;121;98959;38,9
FM ; F ; 1991_1999;47;Agricultrices;160;98700;37,3
FM ; F ; 1991_1999;47;Artisanes, commerçantes, cheffes d'entreprise;168;98497;37,3
FM ; F ; 1991_1999;47;Cadres et prof. intellectuelles supérieures;120;98964;38,2
FM ; F ; 1991_1999;47;Employées;167;98492;37,2
FM ; F ; 1991_1999;47;Ensemble;201,4670782;98178,10191;36,61097756
FM ; F ; 1991_1999;47;Inactives non retraitées;310;97094;36,1
FM ; F ; 1991_1999;47;Ouvrières;204;98198;35,8
FM ; F ; 1991_1999;47;Professions intermédiaires;134;98839;37,9
FM ; F ; 1991_1999;48;Agricultrices;177;98543;36,3
FM ; F ; 1991_1999;48;Artisanes, commerçantes, cheffes d'entreprise;182;98332;36,4
FM ; F ; 1991_1999;48;Cadres et prof. intellectuelles supérieures;131;98845;37,2
FM ; F ; 1991_1999;48;Employées;181;98327;36,2
FM ; F ; 1991_1999;48;Ensemble;217,9978709;97980,30535;35,68488553
FM ; F ; 1991_1999;48;Inactives non retraitées;334;96793;35,2
FM ; F ; 1991_1999;48;Ouvrières;222;97998;34,8
FM ; F ; 1991_1999;48;Professions intermédiaires;147;98707;37
FM ; F ; 1991_1999;49;Agricultrices;192;98368;35,4
FM ; F ; 1991_1999;49;Artisanes, commerçantes, cheffes d'entreprise;195;98153;35,4
FM ; F ; 1991_1999;49;Cadres et prof. intellectuelles supérieures;141;98716;36,3
FM ; F ; 1991_1999;49;Employées;194;98149;35,3
FM ; F ; 1991_1999;49;Ensemble;232,9155756;97766,71038;34,76284777
FM ; F ; 1991_1999;49;Inactives non retraitées;354;96470;34,3
FM ; F ; 1991_1999;49;Ouvrières;237;97781;33,9
FM ; F ; 1991_1999;49;Professions intermédiaires;158;98562;36,1
FM ; F ; 1991_1999;50;Agricultrices;207;98179;34,4
FM ; F ; 1991_1999;50;Artisanes, commerçantes, cheffes d'entreprise;206;97962;34,5
FM ; F ; 1991_1999;50;Cadres et prof. intellectuelles supérieures;151;98576;35,3
FM ; F ; 1991_1999;50;Employées;205;97959;34,4
FM ; F ; 1991_1999;50;Ensemble;246,3479128;97538,99648;33,84400489
FM ; F ; 1991_1999;50;Inactives non retraitées;372;96129;33,4
FM ; F ; 1991_1999;50;Ouvrières;252;97548;33
FM ; F ; 1991_1999;50;Professions intermédiaires;169;98406;35,1
FM ; F ; 1991_1999;51;Agricultrices;228;97976;33,5
FM ; F ; 1991_1999;51;Artisanes, commerçantes, cheffes d'entreprise;227;97760;33,6
FM ; F ; 1991_1999;51;Cadres et prof. intellectuelles supérieures;167;98428;34,4
FM ; F ; 1991_1999;51;Employées;226;97758;33,5
FM ; F ; 1991_1999;51;Ensemble;269,8801536;97298,7112;32,92758478
FM ; F ; 1991_1999;51;Inactives non retraitées;400;95771;32,5
FM ; F ; 1991_1999;51;Ouvrières;278;97302;32,1
FM ; F ; 1991_1999;51;Professions intermédiaires;187;98239;34,2
FM ; F ; 1991_1999;52;Agricultrices;242;97753;32,6
FM ; F ; 1991_1999;52;Artisanes, commerçantes, cheffes d'entreprise;241;97538;32,7
FM ; F ; 1991_1999;52;Cadres et prof. intellectuelles supérieures;179;98263;33,4
FM ; F ; 1991_1999;52;Employées;241;97537;32,5
FM ; F ; 1991_1999;52;Ensemble;286,1916951;97036,12129;32,01669028
FM ; F ; 1991_1999;52;Inactives non retraitées;417;95387;31,7
FM ; F ; 1991_1999;52;Ouvrières;296;97032;31,2
FM ; F ; 1991_1999;52;Professions intermédiaires;200;98056;33,2
FM ; F ; 1991_1999;53;Agricultrices;259;97516;31,7
FM ; F ; 1991_1999;53;Artisanes, commerçantes, cheffes d'entreprise;258;97303;31,7
FM ; F ; 1991_1999;53;Cadres et prof. intellectuelles supérieures;193;98088;32,5
FM ; F ; 1991_1999;53;Employées;259;97303;31,6
FM ; F ; 1991_1999;53;Ensemble;306,3989591;96758,41197;31,10858238
FM ; F ; 1991_1999;53;Inactives non retraitées;439;94990;30,8
FM ; F ; 1991_1999;53;Ouvrières;318;96745;30,3
FM ; F ; 1991_1999;53;Professions intermédiaires;216;97859;32,3
FM ; F ; 1991_1999;54;Agricultrices;279;97263;30,8
FM ; F ; 1991_1999;54;Artisanes, commerçantes, cheffes d'entreprise;278;97052;30,8
FM ; F ; 1991_1999;54;Cadres et prof. intellectuelles supérieures;209;97898;31,6
FM ; F ; 1991_1999;54;Employées;278;97051;30,7
FM ; F ; 1991_1999;54;Ensemble;328,1913776;96461,9452;30,20419169
FM ; F ; 1991_1999;54;Inactives non retraitées;462;94573;29,9
FM ; F ; 1991_1999;54;Ouvrières;342;96437;29,4
FM ; F ; 1991_1999;54;Professions intermédiaires;234;97647;31,4
FM ; F ; 1991_1999;55;Agricultrices;301;96992;29,8
FM ; F ; 1991_1999;55;Artisanes, commerçantes, cheffes d'entreprise;299;96783;29,9
FM ; F ; 1991_1999;55;Cadres et prof. intellectuelles supérieures;227;97694;30,6
FM ; F ; 1991_1999;55;Employées;301;96781;29,8
FM ; F ; 1991_1999;55;Ensemble;353,2877626;96145,36541;29,30364565
FM ; F ; 1991_1999;55;Inactives non retraitées;489;94135;29,1
FM ; F ; 1991_1999;55;Ouvrières;370;96107;28,5
FM ; F ; 1991_1999;55;Professions intermédiaires;255;97419;30,4
FM ; F ; 1991_1999;56;Agricultrices;318;96701;28,9
FM ; F ; 1991_1999;56;Artisanes, commerçantes, cheffes d'entreprise;317;96493;29
FM ; F ; 1991_1999;56;Cadres et prof. intellectuelles supérieures;242;97472;29,7
FM ; F ; 1991_1999;56;Employées;319;96489;28,9
FM ; F ; 1991_1999;56;Ensemble;372,7039583;95805,6956;28,40753888
FM ; F ; 1991_1999;56;Inactives non retraitées;507;93675;28,2
FM ; F ; 1991_1999;56;Ouvrières;393;95751;27,6
FM ; F ; 1991_1999;56;Professions intermédiaires;271;97171;29,5
FM ; F ; 1991_1999;57;Agricultrices;342;96393;28
FM ; F ; 1991_1999;57;Artisanes, commerçantes, cheffes d'entreprise;341;96187;28,1
FM ; F ; 1991_1999;57;Cadres et prof. intellectuelles supérieures;263;97236;28,8
FM ; F ; 1991_1999;57;Employées;344;96181;28
FM ; F ; 1991_1999;57;Ensemble;400,2720772;95448,62398;27,51381098
FM ; F ; 1991_1999;57;Inactives non retraitées;535;93200;27,4
FM ; F ; 1991_1999;57;Ouvrières;424;95375;26,7
FM ; F ; 1991_1999;57;Professions intermédiaires;294;96907;28,6
FM ; F ; 1991_1999;58;Agricultrices;367;96064;27,1
FM ; F ; 1991_1999;58;Artisanes, commerçantes, cheffes d'entreprise;366;95859;27,2
FM ; F ; 1991_1999;58;Cadres et prof. intellectuelles supérieures;284;96980;27,9
FM ; F ; 1991_1999;58;Employées;371;95850;27,1
FM ; F ; 1991_1999;58;Ensemble;428,6881151;95066,56979;26,62438368
FM ; F ; 1991_1999;58;Inactives non retraitées;563;92701;26,5
FM ; F ; 1991_1999;58;Ouvrières;456;94971;25,8
FM ; F ; 1991_1999;58;Professions intermédiaires;318;96622;27,7
FM ; F ; 1991_1999;59;Agricultrices;395;95711;26,2
FM ; F ; 1991_1999;59;Artisanes, commerçantes, cheffes d'entreprise;394;95509;26,3
FM ; F ; 1991_1999;59;Cadres et prof. intellectuelles supérieures;308;96705;26,9
FM ; F ; 1991_1999;59;Employées;400;95495;26,2
FM ; F ; 1991_1999;59;Ensemble;460,1529864;94659,03071;25,73901064
FM ; F ; 1991_1999;59;Inactives non retraitées;595;92179;25,7
FM ; F ; 1991_1999;59;Ouvrières;492;94539;24,9
FM ; F ; 1991_1999;59;Professions intermédiaires;345;96315;26,8
FM ; F ; 1991_1999;60;Agricultrices;428;95333;25,3
FM ; F ; 1991_1999;60;Artisanes, commerçantes, cheffes d'entreprise;427;95132;25,4
FM ; F ; 1991_1999;60;Cadres et prof. intellectuelles supérieures;380;96407;26
FM ; F ; 1991_1999;60;Employées;434;95113;25,3
FM ; F ; 1991_1999;60;Ensemble;497,5487578;94223,45435;24,85799698
FM ; F ; 1991_1999;60;Inactives non retraitées;632;91631;24,8
FM ; F ; 1991_1999;60;Ouvrières;534;94074;24
FM ; F ; 1991_1999;60;Professions intermédiaires;377;95982;25,9
FM ; F ; 1991_1999;61;Agricultrices;466;94925;24,4
FM ; F ; 1991_1999;61;Artisanes, commerçantes, cheffes d'entreprise;465;94726;24,5
FM ; F ; 1991_1999;61;Cadres et prof. intellectuelles supérieures;414;96041;25,1
FM ; F ; 1991_1999;61;Employées;474;94700;24,4
FM ; F ; 1991_1999;61;Ensemble;540,916114;93754,64672;23,98229609
FM ; F ; 1991_1999;61;Inactives non retraitées;679;91052;24
FM ; F ; 1991_1999;61;Ouvrières;583;93572;23,2
FM ; F ; 1991_1999;61;Professions intermédiaires;411;95621;25
FM ; F ; 1991_1999;62;Agricultrices;501;94482;23,5
FM ; F ; 1991_1999;62;Artisanes, commerçantes, cheffes d'entreprise;500;94286;23,6
FM ; F ; 1991_1999;62;Cadres et prof. intellectuelles supérieures;446;95643;24,2
FM ; F ; 1991_1999;62;Employées;510;94251;23,5
FM ; F ; 1991_1999;62;Ensemble;580,2165401;93247,51273;23,11272571
FM ; F ; 1991_1999;62;Inactives non retraitées;719;90434;23,1
FM ; F ; 1991_1999;62;Ouvrières;627;93026;22,3
FM ; F ; 1991_1999;62;Professions intermédiaires;443;95227;24,1
FM ; F ; 1991_1999;63;Agricultrices;546;94008;22,7
FM ; F ; 1991_1999;63;Artisanes, commerçantes, cheffes d'entreprise;545;93814;22,7
FM ; F ; 1991_1999;63;Cadres et prof. intellectuelles supérieures;486;95217;23,3
FM ; F ; 1991_1999;63;Employées;556;93770;22,6
FM ; F ; 1991_1999;63;Ensemble;630,5514107;92706,47524;22,2476122
FM ; F ; 1991_1999;63;Inactives non retraitées;773;89784;22,3
FM ; F ; 1991_1999;63;Ouvrières;684;92443;21,4
FM ; F ; 1991_1999;63;Professions intermédiaires;484;94805;23,2
FM ; F ; 1991_1999;64;Agricultrices;591;93495;21,8
FM ; F ; 1991_1999;64;Artisanes, commerçantes, cheffes d'entreprise;589;93303;21,9
FM ; F ; 1991_1999;64;Cadres et prof. intellectuelles supérieures;526;94754;22,4
FM ; F ; 1991_1999;64;Employées;602;93249;21,7
FM ; F ; 1991_1999;64;Ensemble;680,6681037;92121,91325;21,388785
FM ; F ; 1991_1999;64;Inactives non retraitées;824;89090;21,5
FM ; F ; 1991_1999;64;Ouvrières;741;91810;20,6
FM ; F ; 1991_1999;64;Professions intermédiaires;525;94346;22,3
FM ; F ; 1991_1999;65;Agricultrices;649;92942;20,9
FM ; F ; 1991_1999;65;Artisanes, commerçantes, cheffes d'entreprise;648;92754;21
FM ; F ; 1991_1999;65;Cadres et prof. intellectuelles supérieures;579;94256;21,6
FM ; F ; 1991_1999;65;Employées;663;92687;20,9
FM ; F ; 1991_1999;65;Ensemble;746,2245089;91494,86877;20,53536939
FM ; F ; 1991_1999;65;Inactives non retraitées;892;88356;20,6
FM ; F ; 1991_1999;65;Ouvrières;816;91130;19,7
FM ; F ; 1991_1999;65;Professions intermédiaires;579;93851;21,4
FM ; F ; 1991_1999;66;Agricultrices;717;92339;20,1
FM ; F ; 1991_1999;66;Artisanes, commerçantes, cheffes d'entreprise;714;92153;20,1
FM ; F ; 1991_1999;66;Cadres et prof. intellectuelles supérieures;639;93710;20,7
FM ; F ; 1991_1999;66;Employées;731;92073;20
FM ; F ; 1991_1999;66;Ensemble;820,4210078;90812,11164;19,68976146
FM ; F ; 1991_1999;66;Inactives non retraitées;969;87568;19,8
FM ; F ; 1991_1999;66;Ouvrières;900;90386;18,9
FM ; F ; 1991_1999;66;Professions intermédiaires;639;93308;20,5
FM ; F ; 1991_1999;67;Agricultrices;788;91677;19,2
FM ; F ; 1991_1999;67;Artisanes, commerçantes, cheffes d'entreprise;785;91495;19,3
FM ; F ; 1991_1999;67;Cadres et prof. intellectuelles supérieures;702;93112;19,8
FM ; F ; 1991_1999;67;Employées;803;91400;19,1
FM ; F ; 1991_1999;67;Ensemble;897,8709698;90067,06999;18,85263666
FM ; F ; 1991_1999;67;Inactives non retraitées;1047;86719;19
FM ; F ; 1991_1999;67;Ouvrières;988;89573;18,1
FM ; F ; 1991_1999;67;Professions intermédiaires;703;92711;19,7
FM ; F ; 1991_1999;68;Agricultrices;875;90955;18,4
FM ; F ; 1991_1999;68;Artisanes, commerçantes, cheffes d'entreprise;871;90777;18,4
FM ; F ; 1991_1999;68;Cadres et prof. intellectuelles supérieures;779;92458;19
FM ; F ; 1991_1999;68;Employées;891;90666;18,3
FM ; F ; 1991_1999;68;Ensemble;992,893739;89258,38392;18,02344263
FM ; F ; 1991_1999;68;Inactives non retraitées;1144;85811;18,2
FM ; F ; 1991_1999;68;Ouvrières;1097;88688;17,3
FM ; F ; 1991_1999;68;Professions intermédiaires;782;92059;18,8
FM ; F ; 1991_1999;69;Agricultrices;951;90159;17,5
FM ; F ; 1991_1999;69;Artisanes, commerçantes, cheffes d'entreprise;945;89987;17,6
FM ; F ; 1991_1999;69;Cadres et prof. intellectuelles supérieures;846;91738;18,1
FM ; F ; 1991_1999;69;Employées;968;89858;17,5
FM ; F ; 1991_1999;69;Ensemble;1073,466227;88372,14301;17,2041909
FM ; F ; 1991_1999;69;Inactives non retraitées;1221;84830;17,4
FM ; F ; 1991_1999;69;Ouvrières;1190;87715;16,4
FM ; F ; 1991_1999;69;Professions intermédiaires;851;91339;18
FM ; F ; 1991_1999;70;Agricultrices;1066;89302;16,7
FM ; F ; 1991_1999;70;Artisanes, commerçantes, cheffes d'entreprise;1059;89136;16,8
FM ; F ; 1991_1999;70;Cadres et prof. intellectuelles supérieures;948;90962;17,3
FM ; F ; 1991_1999;70;Employées;1084;88989;16,6
FM ; F ; 1991_1999;70;Ensemble;1198,125416;87423,4979;16,39087608
FM ; F ; 1991_1999;70;Inactives non retraitées;1345;83794;16,7
FM ; F ; 1991_1999;70;Ouvrières;1332;86672;15,6
FM ; F ; 1991_1999;70;Professions intermédiaires;955;90562;17,1
FM ; F ; 1991_1999;71;Agricultrices;1176;88350;15,9
FM ; F ; 1991_1999;71;Artisanes, commerçantes, cheffes d'entreprise;1168;88192;15,9
FM ; F ; 1991_1999;71;Cadres et prof. intellectuelles supérieures;1046;90099;16,4
FM ; F ; 1991_1999;71;Employées;1196;88024;15,8
FM ; F ; 1991_1999;71;Ensemble;1315,747604;86376,05476;15,58964079
FM ; F ; 1991_1999;71;Inactives non retraitées;1458;82667;15,9
FM ; F ; 1991_1999;71;Ouvrières;1468;85517;14,9
FM ; F ; 1991_1999;71;Professions intermédiaires;1055;89697;16,3
FM ; F ; 1991_1999;72;Agricultrices;1313;87311;15
FM ; F ; 1991_1999;72;Artisanes, commerçantes, cheffes d'entreprise;1303;87163;15,1
FM ; F ; 1991_1999;72;Cadres et prof. intellectuelles supérieures;1168;89156;15,6
FM ; F ; 1991_1999;72;Employées;1334;86971;15
FM ; F ; 1991_1999;72;Ensemble;1461,729651;85239,56388;14,79749596
FM ; F ; 1991_1999;72;Inactives non retraitées;1598;81461;15,1
FM ; F ; 1991_1999;72;Ouvrières;1636;84262;14,1
FM ; F ; 1991_1999;72;Professions intermédiaires;1180;88750;15,4
FM ; F ; 1991_1999;73;Agricultrices;1487;86164;14,2
FM ; F ; 1991_1999;73;Artisanes, commerçantes, cheffes d'entreprise;1473;86027;14,3
FM ; F ; 1991_1999;73;Cadres et prof. intellectuelles supérieures;1323;88115;14,8
FM ; F ; 1991_1999;73;Employées;1509;85811;14,2
FM ; F ; 1991_1999;73;Ensemble;1646,37014;83993,59191;14,01700396
FM ; F ; 1991_1999;73;Inactives non retraitées;1776;80159;14,4
FM ; F ; 1991_1999;73;Ouvrières;1847;82884;13,3
FM ; F ; 1991_1999;73;Professions intermédiaires;1338;87703;14,6
FM ; F ; 1991_1999;74;Agricultrices;1683;84883;13,5
FM ; F ; 1991_1999;74;Artisanes, commerçantes, cheffes d'entreprise;1666;84760;13,5
FM ; F ; 1991_1999;74;Cadres et prof. intellectuelles supérieures;1497;86949;14
FM ; F ; 1991_1999;74;Employées;1707;84516;13,4
FM ; F ; 1991_1999;74;Ensemble;1853,343949;82610,74649;13,25163868
FM ; F ; 1991_1999;74;Inactives non retraitées;1971;78736;13,6
FM ; F ; 1991_1999;74;Ouvrières;2086;81353;12,6
FM ; F ; 1991_1999;74;Professions intermédiaires;1518;86529;13,8
FM ; F ; 1991_1999;75;Agricultrices;1906;83455;12,7
FM ; F ; 1991_1999;75;Artisanes, commerçantes, cheffes d'entreprise;1886;83347;12,8
FM ; F ; 1991_1999;75;Cadres et prof. intellectuelles supérieures;1697;85647;13,2
FM ; F ; 1991_1999;75;Employées;1932;83074;12,7
FM ; F ; 1991_1999;75;Ensemble;2087,555775;81079,68522;12,50187486
FM ; F ; 1991_1999;75;Inactives non retraitées;2188;77184;12,9
FM ; F ; 1991_1999;75;Ouvrières;2355;79656;11,8
FM ; F ; 1991_1999;75;Professions intermédiaires;1722;85216;13
FM ; F ; 1991_1999;76;Agricultrices;2173;81864;11,9
FM ; F ; 1991_1999;76;Artisanes, commerçantes, cheffes d'entreprise;2148;81776;12
FM ; F ; 1991_1999;76;Cadres et prof. intellectuelles supérieures;1935;84194;12,4
FM ; F ; 1991_1999;76;Employées;2200;81469;11,9
FM ; F ; 1991_1999;76;Ensemble;2365,095622;79387,10157;11,76842281
FM ; F ; 1991_1999;76;Inactives non retraitées;2444;75495;12,2
FM ; F ; 1991_1999;76;Ouvrières;2675;77780;11,1
FM ; F ; 1991_1999;76;Professions intermédiaires;1968;83748;12,3
FM ; F ; 1991_1999;77;Agricultrices;2452;80085;11,2
FM ; F ; 1991_1999;77;Artisanes, commerçantes, cheffes d'entreprise;2422;80019;11,3
FM ; F ; 1991_1999;77;Cadres et prof. intellectuelles supérieures;2186;82565;11,7
FM ; F ; 1991_1999;77;Employées;2480;79676;11,2
FM ; F ; 1991_1999;77;Ensemble;2652,358958;77509,5207;11,0534996
FM ; F ; 1991_1999;77;Inactives non retraitées;2700;73650;11,5
FM ; F ; 1991_1999;77;Ouvrières;3006;75700;10,4
FM ; F ; 1991_1999;77;Professions intermédiaires;2226;82100;11,5
FM ; F ; 1991_1999;78;Agricultrices;2817;78121;10,5
FM ; F ; 1991_1999;78;Artisanes, commerçantes, cheffes d'entreprise;2780;78081;10,6
FM ; F ; 1991_1999;78;Cadres et prof. intellectuelles supérieures;2514;80760;10,9
FM ; F ; 1991_1999;78;Employées;2846;77700;10,5
FM ; F ; 1991_1999;78;Ensemble;3027,381371;75453,68999;10,35466611
FM ; F ; 1991_1999;78;Inactives non retraitées;3036;71661;10,8
FM ; F ; 1991_1999;78;Ouvrières;3438;73424;9,7
FM ; F ; 1991_1999;78;Professions intermédiaires;2564;80273;10,8
FM ; F ; 1991_1999;79;Agricultrices;3242;75921;9,8
FM ; F ; 1991_1999;79;Artisanes, commerçantes, cheffes d'entreprise;3197;75911;9,9
FM ; F ; 1991_1999;79;Cadres et prof. intellectuelles supérieures;2897;78730;10,2
FM ; F ; 1991_1999;79;Employées;3273;75489;9,8
FM ; F ; 1991_1999;79;Ensemble;3460,754605;73169,41903;9,677927702
FM ; F ; 1991_1999;79;Inactives non retraitées;3419;69485;10,1
FM ; F ; 1991_1999;79;Ouvrières;3936;70900;9,1
FM ; F ; 1991_1999;79;Professions intermédiaires;2960;78215;10,1
FM ; F ; 1991_1999;80;Agricultrices;3715;73460;9,1
FM ; F ; 1991_1999;80;Artisanes, commerçantes, cheffes d'entreprise;3661;73484;9,2
FM ; F ; 1991_1999;80;Cadres et prof. intellectuelles supérieures;3326;76449;9,5
FM ; F ; 1991_1999;80;Employées;3746;73018;9,1
FM ; F ; 1991_1999;80;Ensemble;3938,32318;70637,20499;9,024863632
FM ; F ; 1991_1999;80;Inactives non retraitées;3831;67110;9,5
FM ; F ; 1991_1999;80;Ouvrières;4482;68109;8,5
FM ; F ; 1991_1999;80;Professions intermédiaires;3403;75899;9,4
FM ; F ; 1991_1999;81;Agricultrices;4294;70731;8,5
FM ; F ; 1991_1999;81;Artisanes, commerçantes, cheffes d'entreprise;4229;70794;8,5
FM ; F ; 1991_1999;81;Cadres et prof. intellectuelles supérieures;3853;73906;8,8
FM ; F ; 1991_1999;81;Employées;4326;70283;8,5
FM ; F ; 1991_1999;81;Ensemble;4518,48946;67855,28358;8,394863728
FM ; F ; 1991_1999;81;Inactives non retraitées;4330;64539;8,9
FM ; F ; 1991_1999;81;Ouvrières;5145;65057;7,9
FM ; F ; 1991_1999;81;Professions intermédiaires;3949;73316;8,7
FM ; F ; 1991_1999;82;Agricultrices;4904;67694;7,9
FM ; F ; 1991_1999;82;Artisanes, commerçantes, cheffes d'entreprise;4826;67800;7,9
FM ; F ; 1991_1999;82;Cadres et prof. intellectuelles supérieures;4413;71058;8,2
FM ; F ; 1991_1999;82;Employées;4935;67242;7,8
FM ; F ; 1991_1999;82;Ensemble;5121,427588;64789,24974;7,792135441
FM ; F ; 1991_1999;82;Inactives non retraitées;4835;61745;8,3
FM ; F ; 1991_1999;82;Ouvrières;5832;61709;7,3
FM ; F ; 1991_1999;82;Professions intermédiaires;4528;70421;8,1
FM ; F ; 1991_1999;83;Agricultrices;5687;64374;7,3
FM ; F ; 1991_1999;83;Artisanes, commerçantes, cheffes d'entreprise;5595;64528;7,3
FM ; F ; 1991_1999;83;Cadres et prof. intellectuelles supérieures;5135;67923;7,6
FM ; F ; 1991_1999;83;Employées;5717;63924;7,3
FM ; F ; 1991_1999;83;Ensemble;5894,702881;61471,11523;7,212745241
FM ; F ; 1991_1999;83;Inactives non retraitées;5485;58759;7,7
FM ; F ; 1991_1999;83;Ouvrières;6705;58111;6,7
FM ; F ; 1991_1999;83;Professions intermédiaires;5275;67232;7,4
FM ; F ; 1991_1999;84;Agricultrices;6556;60713;6,7
FM ; F ; 1991_1999;84;Artisanes, commerçantes, cheffes d'entreprise;6447;60918;6,7
FM ; F ; 1991_1999;84;Cadres et prof. intellectuelles supérieures;5943;64435;7
FM ; F ; 1991_1999;84;Employées;6583;60270;6,7
FM ; F ; 1991_1999;84;Ensemble;6742,963296;57847,57563;6,664547546
FM ; F ; 1991_1999;84;Inactives non retraitées;6187;55537;7,2
FM ; F ; 1991_1999;84;Ouvrières;7657;54214;6,2
FM ; F ; 1991_1999;84;Professions intermédiaires;6111;63686;6,9
FM ; F ; 1991_1999;85;Agricultrices;7507;56733;6,2
FM ; F ; 1991_1999;85;Artisanes, commerçantes, cheffes d'entreprise;7381;56990;6,2
FM ; F ; 1991_1999;85;Cadres et prof. intellectuelles supérieures;6835;60606;6,4
FM ; F ; 1991_1999;85;Employées;7529;56302;6,2
FM ; F ; 1991_1999;85;Ensemble;7661,79239;53946,93484;6,146428604
FM ; F ; 1991_1999;85;Inactives non retraitées;6939;52101;6,6
FM ; F ; 1991_1999;85;Ouvrières;8678;50063;5,7
FM ; F ; 1991_1999;85;Professions intermédiaires;7035;59794;6,3
FM ; F ; 1991_1999;86;Agricultrices;8644;52474;5,7
FM ; F ; 1991_1999;86;Artisanes, commerçantes, cheffes d'entreprise;8497;52784;5,7
FM ; F ; 1991_1999;86;Cadres et prof. intellectuelles supérieures;7911;56463;5,9
FM ; F ; 1991_1999;86;Employées;8660;52063;5,7
FM ; F ; 1991_1999;86;Ensemble;8755,067322;49813,63269;5,656430489
FM ; F ; 1991_1999;86;Inactives non retraitées;7835;48485;6,1
FM ; F ; 1991_1999;86;Ouvrières;9882;45719;5,3
FM ; F ; 1991_1999;86;Professions intermédiaires;8147;55587;5,8
FM ; F ; 1991_1999;87;Agricultrices;9840;47938;5,2
FM ; F ; 1991_1999;87;Artisanes, commerçantes, cheffes d'entreprise;9673;48299;5,2
FM ; F ; 1991_1999;87;Cadres et prof. intellectuelles supérieures;9056;51996;5,4
FM ; F ; 1991_1999;87;Employées;9846;47555;5,2
FM ; F ; 1991_1999;87;Ensemble;9892,738063;45452,41561;5,199172187
FM ; F ; 1991_1999;87;Inactives non retraitées;8758;44687;5,6
FM ; F ; 1991_1999;87;Ouvrières;11117;41201;4,9
FM ; F ; 1991_1999;87;Professions intermédiaires;9328;51058;5,3
FM ; F ; 1991_1999;88;Agricultrices;11149;43221;4,8
FM ; F ; 1991_1999;88;Artisanes, commerçantes, cheffes d'entreprise;10979;43627;4,8
FM ; F ; 1991_1999;88;Cadres et prof. intellectuelles supérieures;10339;47288;4,9
FM ; F ; 1991_1999;88;Employées;11149;42872;4,8
FM ; F ; 1991_1999;88;Ensemble;11149,02635;40955,92719;4,769981326
FM ; F ; 1991_1999;88;Inactives non retraitées;9782;40773;5,2
FM ; F ; 1991_1999;88;Ouvrières;12465;36621;4,5
FM ; F ; 1991_1999;88;Professions intermédiaires;10651;46295;4,8
FM ; F ; 1991_1999;89;Agricultrices;12556;38402;4,4
FM ; F ; 1991_1999;89;Artisanes, commerçantes, cheffes d'entreprise;12449;38837;4,4
FM ; F ; 1991_1999;89;Cadres et prof. intellectuelles supérieures;11796;42398;4,5
FM ; F ; 1991_1999;89;Employées;12556;38092;4,4
FM ; F ; 1991_1999;89;Ensemble;12556,32965;36389,74008;4,368518915
FM ; F ; 1991_1999;89;Inactives non retraitées;10936;36785;4,8
FM ; F ; 1991_1999;89;Ouvrières;13957;32056;4,1
FM ; F ; 1991_1999;89;Professions intermédiaires;12147;41364;4,4
FM ; F ; 1991_1999;90;Agricultrices;14044;33580;4
FM ; F ; 1991_1999;90;Artisanes, commerçantes, cheffes d'entreprise;14012;34002;4
FM ; F ; 1991_1999;90;Cadres et prof. intellectuelles supérieures;13360;37397;4,1
FM ; F ; 1991_1999;90;Employées;14044;33309;4
FM ; F ; 1991_1999;90;Ensemble;14044,34774;31820,52435;3,995809185
FM ; F ; 1991_1999;90;Inactives non retraitées;12166;32762;4,3
FM ; F ; 1991_1999;90;Ouvrières;15511;27582;3,8
FM ; F ; 1991_1999;90;Professions intermédiaires;13748;36340;4
FM ; F ; 1991_1999;91;Agricultrices;15542;28864;-
FM ; F ; 1991_1999;91;Artisanes, commerçantes, cheffes d'entreprise;15510;29238;-
FM ; F ; 1991_1999;91;Cadres et prof. intellectuelles supérieures;14859;32401;-
FM ; F ; 1991_1999;91;Employées;15542;28631;-
FM ; F ; 1991_1999;91;Ensemble;15543,1034;27351,53926;-
FM ; F ; 1991_1999;91;Inactives non retraitées;13658;28776;-
FM ; F ; 1991_1999;91;Ouvrières;16996;23304;-
FM ; F ; 1991_1999;91;Professions intermédiaires;15379;31344;-
FM ; F ; 1991_1999;92;Agricultrices;17286;24378;-
FM ; F ; 1991_1999;92;Artisanes, commerçantes, cheffes d'entreprise;17254;24703;-
FM ; F ; 1991_1999;92;Cadres et prof. intellectuelles supérieures;16609;27586;-
FM ; F ; 1991_1999;92;Employées;17286;24181;-
FM ; F ; 1991_1999;92;Ensemble;17287,64013;23100,26123;-
FM ; F ; 1991_1999;92;Inactives non retraitées;15411;24846;-
FM ; F ; 1991_1999;92;Ouvrières;18716;19343;-
FM ; F ; 1991_1999;92;Professions intermédiaires;17270;26523;-
FM ; F ; 1991_1999;93;Agricultrices;18988;20164;-
FM ; F ; 1991_1999;93;Artisanes, commerçantes, cheffes d'entreprise;18958;20441;-
FM ; F ; 1991_1999;93;Cadres et prof. intellectuelles supérieures;18335;23005;-
FM ; F ; 1991_1999;93;Employées;18988;20001;-
FM ; F ; 1991_1999;93;Ensemble;18988,79618;19106,7712;-
FM ; F ; 1991_1999;93;Inactives non retraitées;17173;21017;-
FM ; F ; 1991_1999;93;Ouvrières;20355;15723;-
FM ; F ; 1991_1999;93;Professions intermédiaires;18988;21943;-
FM ; F ; 1991_1999;94;Agricultrices;20874;16335;-
FM ; F ; 1991_1999;94;Artisanes, commerçantes, cheffes d'entreprise;20845;16566;-
FM ; F ; 1991_1999;94;Cadres et prof. intellectuelles supérieures;20257;18787;-
FM ; F ; 1991_1999;94;Employées;20874;16203;-
FM ; F ; 1991_1999;94;Ensemble;20877,09037;15478,62536;-
FM ; F ; 1991_1999;94;Inactives non retraitées;19151;17408;-
FM ; F ; 1991_1999;94;Ouvrières;22156;12522;-
FM ; F ; 1991_1999;94;Professions intermédiaires;20874;17776;-
FM ; F ; 1991_1999;95;Agricultrices;22767;12925;-
FM ; F ; 1991_1999;95;Artisanes, commerçantes, cheffes d'entreprise;22741;13113;-
FM ; F ; 1991_1999;95;Cadres et prof. intellectuelles supérieures;22205;14981;-
FM ; F ; 1991_1999;95;Employées;22767;12821;-
FM ; F ; 1991_1999;95;Ensemble;22770,10345;12247,13875;-
FM ; F ; 1991_1999;95;Inactives non retraitées;21190;14074;-
FM ; F ; 1991_1999;95;Ouvrières;23926;9748;-
FM ; F ; 1991_1999;95;Professions intermédiaires;22767;14066;-
FM ; F ; 1991_1999;96;Agricultrices;24743;9983;-
FM ; F ; 1991_1999;96;Artisanes, commerçantes, cheffes d'entreprise;24720;10131;-
FM ; F ; 1991_1999;96;Cadres et prof. intellectuelles supérieures;24253;11654;-
FM ; F ; 1991_1999;96;Employées;24743;9902;-
FM ; F ; 1991_1999;96;Ensemble;24746,10069;9458,45259;-
FM ; F ; 1991_1999;96;Inactives non retraitées;23362;11092;-
FM ; F ; 1991_1999;96;Ouvrières;25745;7416;-
FM ; F ; 1991_1999;96;Professions intermédiaires;24743;10863;-
FM ; F ; 1991_1999;97;Agricultrices;26653;7513;-
FM ; F ; 1991_1999;97;Artisanes, commerçantes, cheffes d'entreprise;26634;7626;-
FM ; F ; 1991_1999;97;Cadres et prof. intellectuelles supérieures;26256;8828;-
FM ; F ; 1991_1999;97;Employées;26653;7452;-
FM ; F ; 1991_1999;97;Ensemble;26659,12686;7117,854388;-
FM ; F ; 1991_1999;97;Inactives non retraitées;25529;8500;-
FM ; F ; 1991_1999;97;Ouvrières;27459;5506;-
FM ; F ; 1991_1999;97;Professions intermédiaires;26653;8175;-
FM ; F ; 1991_1999;98;Agricultrices;28416;5510;-
FM ; F ; 1991_1999;98;Artisanes, commerçantes, cheffes d'entreprise;28403;5595;-
FM ; F ; 1991_1999;98;Cadres et prof. intellectuelles supérieures;28133;6510;-
FM ; F ; 1991_1999;98;Employées;28416;5466;-
FM ; F ; 1991_1999;98;Ensemble;28429,64648;5220,296557;-
FM ; F ; 1991_1999;98;Inactives non retraitées;27611;6330;-
FM ; F ; 1991_1999;98;Ouvrières;28986;3994;-
FM ; F ; 1991_1999;98;Professions intermédiaires;28416;5996;-
FM ; F ; 1991_1999;99;Agricultrices;30680;3945;-
FM ; F ; 1991_1999;99;Artisanes, commerçantes, cheffes d'entreprise;30673;4006;-
FM ; F ; 1991_1999;99;Cadres et prof. intellectuelles supérieures;30527;4679;-
FM ; F ; 1991_1999;99;Employées;30680;3913;-
FM ; F ; 1991_1999;99;Ensemble;30690,88217;3736,184701;-
FM ; F ; 1991_1999;99;Inactives non retraitées;30242;4582;-
FM ; F ; 1991_1999;99;Ouvrières;30986;2837;-
FM ; F ; 1991_1999;99;Professions intermédiaires;30680;4293;-
FM ; F ; 1991_1999;100;Agricultrices;32724;2734;-
FM ; F ; 1991_1999;100;Artisanes, commerçantes, cheffes d'entreprise;32724;2777;-
FM ; F ; 1991_1999;100;Cadres et prof. intellectuelles supérieures;32724;3250;-
FM ; F ; 1991_1999;100;Employées;32724;2712;-
FM ; F ; 1991_1999;100;Ensemble;32724,79014;2589,516657;-
FM ; F ; 1991_1999;100;Inactives non retraitées;32724;3197;-
FM ; F ; 1991_1999;100;Ouvrières;32724;1958;-
FM ; F ; 1991_1999;100;Professions intermédiaires;32724;2976;-
FM ; F ; 1983_1991;30;Agricultrices;32;100000;51,7
FM ; F ; 1983_1991;30;Artisanes, commerçantes, cheffes d'entreprise;63;100000;52,2
FM ; F ; 1983_1991;30;Cadres et prof. intellectuelles supérieures;63;100000;54,5
FM ; F ; 1983_1991;30;Employées;52;100000;52,2
FM ; F ; 1983_1991;30;Ensemble;63;100000;51,3
FM ; F ; 1983_1991;30;Inactives non retraitées;84;100000;50,2
FM ; F ; 1983_1991;30;Ouvrières;48;100000;51,1
FM ; F ; 1983_1991;30;Professions intermédiaires;46;100000;52,9
FM ; F ; 1983_1991;31;Agricultrices;35;99968;50,7
FM ; F ; 1983_1991;31;Artisanes, commerçantes, cheffes d'entreprise;68;99937;51,2
FM ; F ; 1983_1991;31;Cadres et prof. intellectuelles supérieures;68;99937;53,5
FM ; F ; 1983_1991;31;Employées;57;99948;51,3
FM ; F ; 1983_1991;31;Ensemble;68;99937;50,3
FM ; F ; 1983_1991;31;Inactives non retraitées;91;99916;49,2
FM ; F ; 1983_1991;31;Ouvrières;52;99952;50,2
FM ; F ; 1983_1991;31;Professions intermédiaires;50;99954;51,9
FM ; F ; 1983_1991;32;Agricultrices;34;99934;49,7
FM ; F ; 1983_1991;32;Artisanes, commerçantes, cheffes d'entreprise;67;99870;50,2
FM ; F ; 1983_1991;32;Cadres et prof. intellectuelles supérieures;67;99870;52,5
FM ; F ; 1983_1991;32;Employées;56;99891;50,3
FM ; F ; 1983_1991;32;Ensemble;67;99870;49,3
FM ; F ; 1983_1991;32;Inactives non retraitées;91;99825;48,3
FM ; F ; 1983_1991;32;Ouvrières;52;99899;49,2
FM ; F ; 1983_1991;32;Professions intermédiaires;49;99904;51
FM ; F ; 1983_1991;33;Agricultrices;37;99899;48,7
FM ; F ; 1983_1991;33;Artisanes, commerçantes, cheffes d'entreprise;72;99803;49,3
FM ; F ; 1983_1991;33;Cadres et prof. intellectuelles supérieures;72;99803;51,6
FM ; F ; 1983_1991;33;Employées;61;99834;49,3
FM ; F ; 1983_1991;33;Ensemble;72;99803;48,4
FM ; F ; 1983_1991;33;Inactives non retraitées;98;99734;47,3
FM ; F ; 1983_1991;33;Ouvrières;56;99847;48,2
FM ; F ; 1983_1991;33;Professions intermédiaires;53;99855;50
FM ; F ; 1983_1991;34;Agricultrices;40;99862;47,8
FM ; F ; 1983_1991;34;Artisanes, commerçantes, cheffes d'entreprise;79;99730;48,3
FM ; F ; 1983_1991;34;Cadres et prof. intellectuelles supérieures;79;99730;50,6
FM ; F ; 1983_1991;34;Employées;66;99774;48,3
FM ; F ; 1983_1991;34;Ensemble;79;99730;47,4
FM ; F ; 1983_1991;34;Inactives non retraitées;107;99637;46,4
FM ; F ; 1983_1991;34;Ouvrières;61;99791;47,2
FM ; F ; 1983_1991;34;Professions intermédiaires;58;99802;49
FM ; F ; 1983_1991;35;Agricultrices;44;99822;46,8
FM ; F ; 1983_1991;35;Artisanes, commerçantes, cheffes d'entreprise;87;99651;47,4
FM ; F ; 1983_1991;35;Cadres et prof. intellectuelles supérieures;87;99651;49,7
FM ; F ; 1983_1991;35;Employées;73;99708;47,4
FM ; F ; 1983_1991;35;Ensemble;87;99651;46,4
FM ; F ; 1983_1991;35;Inactives non retraitées;117;99531;45,4
FM ; F ; 1983_1991;35;Ouvrières;67;99730;46,3
FM ; F ; 1983_1991;35;Professions intermédiaires;64;99744;48,1
FM ; F ; 1983_1991;36;Agricultrices;48;99778;45,8
FM ; F ; 1983_1991;36;Artisanes, commerçantes, cheffes d'entreprise;94;99565;46,4
FM ; F ; 1983_1991;36;Cadres et prof. intellectuelles supérieures;94;99565;48,7
FM ; F ; 1983_1991;36;Employées;79;99635;46,4
FM ; F ; 1983_1991;36;Ensemble;94;99565;45,5
FM ; F ; 1983_1991;36;Inactives non retraitées;126;99414;44,5
FM ; F ; 1983_1991;36;Ouvrières;73;99663;45,3
FM ; F ; 1983_1991;36;Professions intermédiaires;69;99680;47,1
FM ; F ; 1983_1991;37;Agricultrices;50;99730;44,8
FM ; F ; 1983_1991;37;Artisanes, commerçantes, cheffes d'entreprise;98;99472;45,4
FM ; F ; 1983_1991;37;Cadres et prof. intellectuelles supérieures;98;99472;47,7
FM ; F ; 1983_1991;37;Employées;82;99557;45,5
FM ; F ; 1983_1991;37;Ensemble;98;99472;44,5
FM ; F ; 1983_1991;37;Inactives non retraitées;132;99289;43,5
FM ; F ; 1983_1991;37;Ouvrières;76;99591;44,3
FM ; F ; 1983_1991;37;Professions intermédiaires;72;99612;46,1
FM ; F ; 1983_1991;38;Agricultrices;54;99680;43,8
FM ; F ; 1983_1991;38;Artisanes, commerçantes, cheffes d'entreprise;106;99374;44,5
FM ; F ; 1983_1991;38;Cadres et prof. intellectuelles supérieures;104;99374;46,8
FM ; F ; 1983_1991;38;Employées;89;99475;44,5
FM ; F ; 1983_1991;38;Ensemble;106;99374;43,6
FM ; F ; 1983_1991;38;Inactives non retraitées;142;99158;42,6
FM ; F ; 1983_1991;38;Ouvrières;82;99516;43,4
FM ; F ; 1983_1991;38;Professions intermédiaires;77;99540;45,2
FM ; F ; 1983_1991;39;Agricultrices;59;99626;42,9
FM ; F ; 1983_1991;39;Artisanes, commerçantes, cheffes d'entreprise;116;99270;43,5
FM ; F ; 1983_1991;39;Cadres et prof. intellectuelles supérieures;106;99271;45,8
FM ; F ; 1983_1991;39;Employées;97;99387;43,5
FM ; F ; 1983_1991;39;Ensemble;116;99270;42,6
FM ; F ; 1983_1991;39;Inactives non retraitées;156;99017;41,7
FM ; F ; 1983_1991;39;Ouvrières;90;99434;42,4
FM ; F ; 1983_1991;39;Professions intermédiaires;85;99463;44,2
FM ; F ; 1983_1991;40;Agricultrices;63;99567;41,9
FM ; F ; 1983_1991;40;Artisanes, commerçantes, cheffes d'entreprise;123;99155;42,6
FM ; F ; 1983_1991;40;Cadres et prof. intellectuelles supérieures;105;99166;44,9
FM ; F ; 1983_1991;40;Employées;103;99290;42,6
FM ; F ; 1983_1991;40;Ensemble;123;99155;41,7
FM ; F ; 1983_1991;40;Inactives non retraitées;165;98863;40,7
FM ; F ; 1983_1991;40;Ouvrières;95;99345;41,4
FM ; F ; 1983_1991;40;Professions intermédiaires;90;99379;43,2
FM ; F ; 1983_1991;41;Agricultrices;69;99505;40,9
FM ; F ; 1983_1991;41;Artisanes, commerçantes, cheffes d'entreprise;135;99033;41,6
FM ; F ; 1983_1991;41;Cadres et prof. intellectuelles supérieures;108;99062;43,9
FM ; F ; 1983_1991;41;Employées;114;99188;41,6
FM ; F ; 1983_1991;41;Ensemble;135;99033;40,7
FM ; F ; 1983_1991;41;Inactives non retraitées;181;98700;39,8
FM ; F ; 1983_1991;41;Ouvrières;107;99251;40,5
FM ; F ; 1983_1991;41;Professions intermédiaires;97;99289;42,3
FM ; F ; 1983_1991;42;Agricultrices;75;99437;39,9
FM ; F ; 1983_1991;42;Artisanes, commerçantes, cheffes d'entreprise;146;98900;40,7
FM ; F ; 1983_1991;42;Cadres et prof. intellectuelles supérieures;110;98956;43
FM ; F ; 1983_1991;42;Employées;125;99075;40,7
FM ; F ; 1983_1991;42;Ensemble;146;98900;39,8
FM ; F ; 1983_1991;42;Inactives non retraitées;197;98521;38,9
FM ; F ; 1983_1991;42;Ouvrières;118;99145;39,5
FM ; F ; 1983_1991;42;Professions intermédiaires;103;99193;41,3
FM ; F ; 1983_1991;43;Agricultrices;81;99362;39
FM ; F ; 1983_1991;43;Artisanes, commerçantes, cheffes d'entreprise;157;98755;39,7
FM ; F ; 1983_1991;43;Cadres et prof. intellectuelles supérieures;113;98847;42
FM ; F ; 1983_1991;43;Employées;137;98952;39,7
FM ; F ; 1983_1991;43;Ensemble;159;98755;38,8
FM ; F ; 1983_1991;43;Inactives non retraitées;215;98326;37,9
FM ; F ; 1983_1991;43;Ouvrières;132;99028;38,6
FM ; F ; 1983_1991;43;Professions intermédiaires;110;99092;40,3
FM ; F ; 1983_1991;44;Agricultrices;87;99281;38
FM ; F ; 1983_1991;44;Artisanes, commerçantes, cheffes d'entreprise;163;98600;38,8
FM ; F ; 1983_1991;44;Cadres et prof. intellectuelles supérieures;115;98735;41,1
FM ; F ; 1983_1991;44;Employées;148;98816;38,8
FM ; F ; 1983_1991;44;Ensemble;171;98598;37,9
FM ; F ; 1983_1991;44;Inactives non retraitées;231;98115;37
FM ; F ; 1983_1991;44;Ouvrières;145;98897;37,6
FM ; F ; 1983_1991;44;Professions intermédiaires;115;98983;39,4
FM ; F ; 1983_1991;45;Agricultrices;97;99195;37
FM ; F ; 1983_1991;45;Artisanes, commerçantes, cheffes d'entreprise;175;98439;37,9
FM ; F ; 1983_1991;45;Cadres et prof. intellectuelles supérieures;121;98621;40,1
FM ; F ; 1983_1991;45;Employées;166;98669;37,8
FM ; F ; 1983_1991;45;Ensemble;190;98429;37
FM ; F ; 1983_1991;45;Inactives non retraitées;256;97888;36,1
FM ; F ; 1983_1991;45;Ouvrières;163;98754;36,7
FM ; F ; 1983_1991;45;Professions intermédiaires;125;98869;38,4
FM ; F ; 1983_1991;46;Agricultrices;103;99099;36,1
FM ; F ; 1983_1991;46;Artisanes, commerçantes, cheffes d'entreprise;180;98267;36,9
FM ; F ; 1983_1991;46;Cadres et prof. intellectuelles supérieures;122;98502;39,2
FM ; F ; 1983_1991;46;Employées;177;98506;36,9
FM ; F ; 1983_1991;46;Ensemble;202;98243;36
FM ; F ; 1983_1991;46;Inactives non retraitées;273;97637;35,2
FM ; F ; 1983_1991;46;Ouvrières;177;98593;35,7
FM ; F ; 1983_1991;46;Professions intermédiaires;131;98745;37,5
FM ; F ; 1983_1991;47;Agricultrices;111;98997;35,1
FM ; F ; 1983_1991;47;Artisanes, commerçantes, cheffes d'entreprise;188;98090;36
FM ; F ; 1983_1991;47;Cadres et prof. intellectuelles supérieures;125;98382;38,2
FM ; F ; 1983_1991;47;Employées;192;98331;36
FM ; F ; 1983_1991;47;Ensemble;216;98045;35,1
FM ; F ; 1983_1991;47;Inactives non retraitées;293;97371;34,3
FM ; F ; 1983_1991;47;Ouvrières;194;98418;34,8
FM ; F ; 1983_1991;47;Professions intermédiaires;138;98616;36,5
FM ; F ; 1983_1991;48;Agricultrices;121;98887;34,1
FM ; F ; 1983_1991;48;Artisanes, commerçantes, cheffes d'entreprise;199;97906;35,1
FM ; F ; 1983_1991;48;Cadres et prof. intellectuelles supérieures;130;98260;37,3
FM ; F ; 1983_1991;48;Employées;211;98143;35
FM ; F ; 1983_1991;48;Ensemble;236;97832;34,2
FM ; F ; 1983_1991;48;Inactives non retraitées;320;97086;33,4
FM ; F ; 1983_1991;48;Ouvrières;215;98227;33,9
FM ; F ; 1983_1991;48;Professions intermédiaires;148;98480;35,6
FM ; F ; 1983_1991;49;Agricultrices;130;98768;33,2
FM ; F ; 1983_1991;49;Artisanes, commerçantes, cheffes d'entreprise;209;97711;34,1
FM ; F ; 1983_1991;49;Cadres et prof. intellectuelles supérieures;134;98132;36,3
FM ; F ; 1983_1991;49;Employées;229;97936;34,1
FM ; F ; 1983_1991;49;Ensemble;255;97601;33,3
FM ; F ; 1983_1991;49;Inactives non retraitées;345;96775;32,5
FM ; F ; 1983_1991;49;Ouvrières;236;98016;32,9
FM ; F ; 1983_1991;49;Professions intermédiaires;157;98334;34,6
FM ; F ; 1983_1991;50;Agricultrices;143;98639;32,2
FM ; F ; 1983_1991;50;Artisanes, commerçantes, cheffes d'entreprise;223;97507;33,2
FM ; F ; 1983_1991;50;Cadres et prof. intellectuelles supérieures;140;98001;35,4
FM ; F ; 1983_1991;50;Employées;253;97711;33,2
FM ; F ; 1983_1991;50;Ensemble;280;97352;32,3
FM ; F ; 1983_1991;50;Inactives non retraitées;378;96441;31,6
FM ; F ; 1983_1991;50;Ouvrières;264;97784;32
FM ; F ; 1983_1991;50;Professions intermédiaires;170;98179;33,7
FM ; F ; 1983_1991;51;Agricultrices;158;98498;31,3
FM ; F ; 1983_1991;51;Artisanes, commerçantes, cheffes d'entreprise;235;97289;32,3
FM ; F ; 1983_1991;51;Cadres et prof. intellectuelles supérieures;145;97864;34,4
FM ; F ; 1983_1991;51;Employées;270;97464;32,3
FM ; F ; 1983_1991;51;Ensemble;299;97080;31,4
FM ; F ; 1983_1991;51;Inactives non retraitées;401;96076;30,7
FM ; F ; 1983_1991;51;Ouvrières;283;97527;31,1
FM ; F ; 1983_1991;51;Professions intermédiaires;185;98013;32,7
FM ; F ; 1983_1991;52;Agricultrices;184;98342;30,3
FM ; F ; 1983_1991;52;Artisanes, commerçantes, cheffes d'entreprise;259;97061;31,4
FM ; F ; 1983_1991;52;Cadres et prof. intellectuelles supérieures;157;97722;33,5
FM ; F ; 1983_1991;52;Employées;295;97202;31,3
FM ; F ; 1983_1991;52;Ensemble;328;96789;30,5
FM ; F ; 1983_1991;52;Inactives non retraitées;434;95691;29,9
FM ; F ; 1983_1991;52;Ouvrières;311;97251;30,2
FM ; F ; 1983_1991;52;Professions intermédiaires;207;97831;31,8
FM ; F ; 1983_1991;53;Agricultrices;206;98161;29,4
FM ; F ; 1983_1991;53;Artisanes, commerçantes, cheffes d'entreprise;275;96810;30,4
FM ; F ; 1983_1991;53;Cadres et prof. intellectuelles supérieures;164;97569;32,5
FM ; F ; 1983_1991;53;Employées;316;96915;30,4
FM ; F ; 1983_1991;53;Ensemble;353;96472;29,6
FM ; F ; 1983_1991;53;Inactives non retraitées;462;95276;29
FM ; F ; 1983_1991;53;Ouvrières;335;96949;29,3
FM ; F ; 1983_1991;53;Professions intermédiaires;227;97629;30,9
FM ; F ; 1983_1991;54;Agricultrices;235;97959;28,4
FM ; F ; 1983_1991;54;Artisanes, commerçantes, cheffes d'entreprise;298;96544;29,5
FM ; F ; 1983_1991;54;Cadres et prof. intellectuelles supérieures;175;97409;31,6
FM ; F ; 1983_1991;54;Employées;342;96609;29,5
FM ; F ; 1983_1991;54;Ensemble;383;96131;28,7
FM ; F ; 1983_1991;54;Inactives non retraitées;496;94835;28,1
FM ; F ; 1983_1991;54;Ouvrières;365;96624;28,4
FM ; F ; 1983_1991;54;Professions intermédiaires;251;97408;29,9
FM ; F ; 1983_1991;55;Agricultrices;245;97729;27,5
FM ; F ; 1983_1991;55;Artisanes, commerçantes, cheffes d'entreprise;297;96256;28,6
FM ; F ; 1983_1991;55;Cadres et prof. intellectuelles supérieures;172;97238;30,6
FM ; F ; 1983_1991;55;Employées;355;96278;28,6
FM ; F ; 1983_1991;55;Ensemble;399;95763;27,8
FM ; F ; 1983_1991;55;Inactives non retraitées;511;94365;27,3
FM ; F ; 1983_1991;55;Ouvrières;380;96271;27,5
FM ; F ; 1983_1991;55;Professions intermédiaires;266;97163;29
FM ; F ; 1983_1991;56;Agricultrices;272;97489;26,6
FM ; F ; 1983_1991;56;Artisanes, commerçantes, cheffes d'entreprise;329;95970;27,7
FM ; F ; 1983_1991;56;Cadres et prof. intellectuelles supérieures;194;97071;29,7
FM ; F ; 1983_1991;56;Employées;383;95937;27,7
FM ; F ; 1983_1991;56;Ensemble;432;95381;26,9
FM ; F ; 1983_1991;56;Inactives non retraitées;547;93883;26,4
FM ; F ; 1983_1991;56;Ouvrières;413;95905;26,6
FM ; F ; 1983_1991;56;Professions intermédiaires;294;96905;28,1
FM ; F ; 1983_1991;57;Agricultrices;299;97224;25,6
FM ; F ; 1983_1991;57;Artisanes, commerçantes, cheffes d'entreprise;361;95654;26,8
FM ; F ; 1983_1991;57;Cadres et prof. intellectuelles supérieures;216;96883;28,7
FM ; F ; 1983_1991;57;Employées;409;95570;26,8
FM ; F ; 1983_1991;57;Ensemble;463;94969;26,1
FM ; F ; 1983_1991;57;Inactives non retraitées;580;93369;25,5
FM ; F ; 1983_1991;57;Ouvrières;443;95509;25,7
FM ; F ; 1983_1991;57;Professions intermédiaires;321;96620;27,2
FM ; F ; 1983_1991;58;Agricultrices;332;96933;24,7
FM ; F ; 1983_1991;58;Artisanes, commerçantes, cheffes d'entreprise;401;95308;25,9
FM ; F ; 1983_1991;58;Cadres et prof. intellectuelles supérieures;245;96674;27,8
FM ; F ; 1983_1991;58;Employées;442;95179;26
FM ; F ; 1983_1991;58;Ensemble;502;94530;25,2
FM ; F ; 1983_1991;58;Inactives non retraitées;622;92828;24,7
FM ; F ; 1983_1991;58;Ouvrières;482;95086;24,8
FM ; F ; 1983_1991;58;Professions intermédiaires;354;96311;26,3
FM ; F ; 1983_1991;59;Agricultrices;374;96612;23,8
FM ; F ; 1983_1991;59;Artisanes, commerçantes, cheffes d'entreprise;453;94926;25
FM ; F ; 1983_1991;59;Cadres et prof. intellectuelles supérieures;281;96437;26,9
FM ; F ; 1983_1991;59;Employées;485;94759;25,1
FM ; F ; 1983_1991;59;Ensemble;553;94056;24,3
FM ; F ; 1983_1991;59;Inactives non retraitées;678;92251;23,8
FM ; F ; 1983_1991;59;Ouvrières;532;94628;23,9
FM ; F ; 1983_1991;59;Professions intermédiaires;398;95969;25,4
FM ; F ; 1983_1991;60;Agricultrices;403;96250;22,9
FM ; F ; 1983_1991;60;Artisanes, commerçantes, cheffes d'entreprise;488;94496;24,1
FM ; F ; 1983_1991;60;Cadres et prof. intellectuelles supérieures;308;96166;25,9
FM ; F ; 1983_1991;60;Employées;509;94299;24,2
FM ; F ; 1983_1991;60;Ensemble;582;93536;23,4
FM ; F ; 1983_1991;60;Inactives non retraitées;705;91626;23
FM ; F ; 1983_1991;60;Ouvrières;562;94124;23,1
FM ; F ; 1983_1991;60;Professions intermédiaires;427;95587;24,5
FM ; F ; 1983_1991;61;Agricultrices;442;95862;22
FM ; F ; 1983_1991;61;Artisanes, commerçantes, cheffes d'entreprise;535;94035;23,2
FM ; F ; 1983_1991;61;Cadres et prof. intellectuelles supérieures;344;95869;25
FM ; F ; 1983_1991;61;Employées;548;93819;23,3
FM ; F ; 1983_1991;61;Ensemble;626;92992;22,6
FM ; F ; 1983_1991;61;Inactives non retraitées;754;90979;22,2
FM ; F ; 1983_1991;61;Ouvrières;608;93596;22,2
FM ; F ; 1983_1991;61;Professions intermédiaires;463;95179;23,6
FM ; F ; 1983_1991;62;Agricultrices;485;95438;21,1
FM ; F ; 1983_1991;62;Artisanes, commerçantes, cheffes d'entreprise;586;93532;22,4
FM ; F ; 1983_1991;62;Cadres et prof. intellectuelles supérieures;384;95539;24,1
FM ; F ; 1983_1991;62;Employées;596;93305;22,4
FM ; F ; 1983_1991;62;Ensemble;681;92409;21,7
FM ; F ; 1983_1991;62;Inactives non retraitées;815;90293;21,3
FM ; F ; 1983_1991;62;Ouvrières;665;93027;21,3
FM ; F ; 1983_1991;62;Professions intermédiaires;507;94739;22,7
FM ; F ; 1983_1991;63;Agricultrices;531;94975;20,2
FM ; F ; 1983_1991;63;Artisanes, commerçantes, cheffes d'entreprise;642;92984;21,5
FM ; F ; 1983_1991;63;Cadres et prof. intellectuelles supérieures;429;95172;23,2
FM ; F ; 1983_1991;63;Employées;647;92748;21,6
FM ; F ; 1983_1991;63;Ensemble;739;91780;20,9
FM ; F ; 1983_1991;63;Inactives non retraitées;878;89557;20,5
FM ; F ; 1983_1991;63;Ouvrières;725;92409;20,5
FM ; F ; 1983_1991;63;Professions intermédiaires;553;94259;21,8
FM ; F ; 1983_1991;64;Agricultrices;582;94471;19,3
FM ; F ; 1983_1991;64;Artisanes, commerçantes, cheffes d'entreprise;704;92386;20,6
FM ; F ; 1983_1991;64;Cadres et prof. intellectuelles supérieures;478;94765;22,3
FM ; F ; 1983_1991;64;Employées;705;92148;20,7
FM ; F ; 1983_1991;64;Ensemble;805;91102;20
FM ; F ; 1983_1991;64;Inactives non retraitées;950;88770;19,7
FM ; F ; 1983_1991;64;Ouvrières;794;91739;19,6
FM ; F ; 1983_1991;64;Professions intermédiaires;607;93738;20,9
FM ; F ; 1983_1991;65;Agricultrices;692;93921;18,4
FM ; F ; 1983_1991;65;Artisanes, commerçantes, cheffes d'entreprise;772;91736;19,8
FM ; F ; 1983_1991;65;Cadres et prof. intellectuelles supérieures;533;94311;21,4
FM ; F ; 1983_1991;65;Employées;765;91499;19,9
FM ; F ; 1983_1991;65;Ensemble;874;90369;19,2
FM ; F ; 1983_1991;65;Inactives non retraitées;1025;87927;18,9
FM ; F ; 1983_1991;65;Ouvrières;866;91011;18,8
FM ; F ; 1983_1991;65;Professions intermédiaires;663;93170;20
FM ; F ; 1983_1991;66;Agricultrices;767;93271;17,5
FM ; F ; 1983_1991;66;Artisanes, commerçantes, cheffes d'entreprise;835;91028;18,9
FM ; F ; 1983_1991;66;Cadres et prof. intellectuelles supérieures;595;93808;20,5
FM ; F ; 1983_1991;66;Employées;829;90798;19
FM ; F ; 1983_1991;66;Ensemble;945;89579;18,4
FM ; F ; 1983_1991;66;Inactives non retraitées;1101;87026;18,1
FM ; F ; 1983_1991;66;Ouvrières;942;90222;17,9
FM ; F ; 1983_1991;66;Professions intermédiaires;723;92552;19,2
FM ; F ; 1983_1991;67;Agricultrices;877;92556;16,7
FM ; F ; 1983_1991;67;Artisanes, commerçantes, cheffes d'entreprise;933;90267;18,1
FM ; F ; 1983_1991;67;Cadres et prof. intellectuelles supérieures;664;93250;19,6
FM ; F ; 1983_1991;67;Employées;925;90046;18,2
FM ; F ; 1983_1991;67;Ensemble;1054;88733;17,5
FM ; F ; 1983_1991;67;Inactives non retraitées;1219;86068;17,3
FM ; F ; 1983_1991;67;Ouvrières;1057;89372;17,1
FM ; F ; 1983_1991;67;Professions intermédiaires;812;91883;18,3
FM ; F ; 1983_1991;68;Agricultrices;977;91744;15,8
FM ; F ; 1983_1991;68;Artisanes, commerçantes, cheffes d'entreprise;1014;89425;17,3
FM ; F ; 1983_1991;68;Cadres et prof. intellectuelles supérieures;740;92631;18,8
FM ; F ; 1983_1991;68;Employées;1005;89213;17,3
FM ; F ; 1983_1991;68;Ensemble;1145;87798;16,7
FM ; F ; 1983_1991;68;Inactives non retraitées;1315;85018;16,5
FM ; F ; 1983_1991;68;Ouvrières;1154;88428;16,3
FM ; F ; 1983_1991;68;Professions intermédiaires;888;91137;17,5
FM ; F ; 1983_1991;69;Agricultrices;1132;90848;15
FM ; F ; 1983_1991;69;Artisanes, commerçantes, cheffes d'entreprise;1147;88518;16,4
FM ; F ; 1983_1991;69;Cadres et prof. intellectuelles supérieures;826;91945;17,9
FM ; F ; 1983_1991;69;Employées;1136;88317;16,5
FM ; F ; 1983_1991;69;Ensemble;1293;86793;15,9
FM ; F ; 1983_1991;69;Inactives non retraitées;1474;83901;15,7
FM ; F ; 1983_1991;69;Ouvrières;1310;87408;15,5
FM ; F ; 1983_1991;69;Professions intermédiaires;1012;90327;16,6
FM ; F ; 1983_1991;70;Agricultrices;1279;89820;14,2
FM ; F ; 1983_1991;70;Artisanes, commerçantes, cheffes d'entreprise;1265;87503;15,6
FM ; F ; 1983_1991;70;Cadres et prof. intellectuelles supérieures;921;91186;17,1
FM ; F ; 1983_1991;70;Employées;1252;87314;15,7
FM ; F ; 1983_1991;70;Ensemble;1423;85671;15,1
FM ; F ; 1983_1991;70;Inactives non retraitées;1610;82664;15
FM ; F ; 1983_1991;70;Ouvrières;1450;86263;14,7
FM ; F ; 1983_1991;70;Professions intermédiaires;1123;89414;15,8
FM ; F ; 1983_1991;71;Agricultrices;1478;88671;13,3
FM ; F ; 1983_1991;71;Artisanes, commerçantes, cheffes d'entreprise;1427;86396;14,8
FM ; F ; 1983_1991;71;Cadres et prof. intellectuelles supérieures;1027;90347;16,2
FM ; F ; 1983_1991;71;Employées;1411;86221;14,9
FM ; F ; 1983_1991;71;Ensemble;1603;84451;14,3
FM ; F ; 1983_1991;71;Inactives non retraitées;1799;81333;14,2
FM ; F ; 1983_1991;71;Ouvrières;1642;85011;13,9
FM ; F ; 1983_1991;71;Professions intermédiaires;1276;88410;15
FM ; F ; 1983_1991;72;Agricultrices;1695;87360;12,5
FM ; F ; 1983_1991;72;Artisanes, commerçantes, cheffes d'entreprise;1595;85163;14
FM ; F ; 1983_1991;72;Cadres et prof. intellectuelles supérieures;1145;89419;15,4
FM ; F ; 1983_1991;72;Employées;1576;85004;14,1
FM ; F ; 1983_1991;72;Ensemble;1788;83098;13,6
FM ; F ; 1983_1991;72;Inactives non retraitées;1991;79870;13,5
FM ; F ; 1983_1991;72;Ouvrières;1842;83615;13,1
FM ; F ; 1983_1991;72;Professions intermédiaires;1436;87282;14,2
FM ; F ; 1983_1991;73;Agricultrices;1954;85880;11,8
FM ; F ; 1983_1991;73;Artisanes, commerçantes, cheffes d'entreprise;1793;83805;13,3
FM ; F ; 1983_1991;73;Cadres et prof. intellectuelles supérieures;1276;88395;14,6
FM ; F ; 1983_1991;73;Employées;1772;83664;13,4
FM ; F ; 1983_1991;73;Ensemble;2006;81612;12,8
FM ; F ; 1983_1991;73;Inactives non retraitées;2215;78280;12,7
FM ; F ; 1983_1991;73;Ouvrières;2079;82075;12,4
FM ; F ; 1983_1991;73;Professions intermédiaires;1627;86028;13,4
FM ; F ; 1983_1991;74;Agricultrices;2273;84202;11
FM ; F ; 1983_1991;74;Artisanes, commerçantes, cheffes d'entreprise;2032;82302;12,5
FM ; F ; 1983_1991;74;Cadres et prof. intellectuelles supérieures;1423;87267;13,8
FM ; F ; 1983_1991;74;Employées;2007;82182;12,6
FM ; F ; 1983_1991;74;Ensemble;2269;79975;12,1
FM ; F ; 1983_1991;74;Inactives non retraitées;2484;76546;12
FM ; F ; 1983_1991;74;Ouvrières;2365;80368;11,7
FM ; F ; 1983_1991;74;Professions intermédiaires;1859;84629;12,6
FM ; F ; 1983_1991;75;Agricultrices;2651;82288;10,2
FM ; F ; 1983_1991;75;Artisanes, commerçantes, cheffes d'entreprise;2311;80629;11,8
FM ; F ; 1983_1991;75;Cadres et prof. intellectuelles supérieures;1585;86026;13
FM ; F ; 1983_1991;75;Employées;2281;80533;11,9
FM ; F ; 1983_1991;75;Ensemble;2573;78161;11,4
FM ; F ; 1983_1991;75;Inactives non retraitées;2792;74645;11,3
FM ; F ; 1983_1991;75;Ouvrières;2697;78468;10,9
FM ; F ; 1983_1991;75;Professions intermédiaires;2131;83056;11,8
FM ; F ; 1983_1991;76;Agricultrices;3085;80106;9,5
FM ; F ; 1983_1991;76;Artisanes, commerçantes, cheffes d'entreprise;2621;78766;11
FM ; F ; 1983_1991;76;Cadres et prof. intellectuelles supérieures;1820;84662;12,2
FM ; F ; 1983_1991;76;Employées;2586;78696;11,1
FM ; F ; 1983_1991;76;Ensemble;2910;76149;10,7
FM ; F ; 1983_1991;76;Inactives non retraitées;3128;72561;10,7
FM ; F ; 1983_1991;76;Ouvrières;3067;76352;10,2
FM ; F ; 1983_1991;76;Professions intermédiaires;2437;81286;11,1
FM ; F ; 1983_1991;77;Agricultrices;3643;77635;8,8
FM ; F ; 1983_1991;77;Artisanes, commerçantes, cheffes d'entreprise;3017;76702;10,3
FM ; F ; 1983_1991;77;Cadres et prof. intellectuelles supérieures;2123;83121;11,4
FM ; F ; 1983_1991;77;Employées;2975;76661;10,4
FM ; F ; 1983_1991;77;Ensemble;3340;73933;10
FM ; F ; 1983_1991;77;Inactives non retraitées;3556;70292;10
FM ; F ; 1983_1991;77;Ouvrières;3539;74010;9,6
FM ; F ; 1983_1991;77;Professions intermédiaires;2831;79305;10,4
FM ; F ; 1983_1991;78;Agricultrices;4252;74806;8,2
FM ; F ; 1983_1991;78;Artisanes, commerçantes, cheffes d'entreprise;3434;74388;9,7
FM ; F ; 1983_1991;78;Cadres et prof. intellectuelles supérieures;2452;81356;10,6
FM ; F ; 1983_1991;78;Employées;3385;74380;9,7
FM ; F ; 1983_1991;78;Ensemble;3788;71464;9,3
FM ; F ; 1983_1991;78;Inactives non retraitées;3994;67792;9,4
FM ; F ; 1983_1991;78;Ouvrières;4036;71390;8,9
FM ; F ; 1983_1991;78;Professions intermédiaires;3251;77060;9,7
FM ; F ; 1983_1991;79;Agricultrices;4998;71626;7,5
FM ; F ; 1983_1991;79;Artisanes, commerçantes, cheffes d'entreprise;3942;71833;9
FM ; F ; 1983_1991;79;Cadres et prof. intellectuelles supérieures;2859;79361;9,9
FM ; F ; 1983_1991;79;Employées;3884;71862;9,1
FM ; F ; 1983_1991;79;Ensemble;4331;68757;8,7
FM ; F ; 1983_1991;79;Inactives non retraitées;4521;65084;8,8
FM ; F ; 1983_1991;79;Ouvrières;4638;68509;8,3
FM ; F ; 1983_1991;79;Professions intermédiaires;3767;74555;9
FM ; F ; 1983_1991;80;Agricultrices;5895;68046;6,9
FM ; F ; 1983_1991;80;Artisanes, commerçantes, cheffes d'entreprise;4545;69002;8,4
FM ; F ; 1983_1991;80;Cadres et prof. intellectuelles supérieures;3353;77092;9,2
FM ; F ; 1983_1991;80;Employées;4477;69071;8,5
FM ; F ; 1983_1991;80;Ensemble;4973;65779;8,1
FM ; F ; 1983_1991;80;Inactives non retraitées;5139;62142;8,2
FM ; F ; 1983_1991;80;Ouvrières;5351;65331;7,7
FM ; F ; 1983_1991;80;Professions intermédiaires;4385;71747;8,3
FM ; F ; 1983_1991;81;Agricultrices;6881;64034;6,3
FM ; F ; 1983_1991;81;Artisanes, commerçantes, cheffes d'entreprise;5196;65865;7,8
FM ; F ; 1983_1991;81;Cadres et prof. intellectuelles supérieures;3905;74507;8,5
FM ; F ; 1983_1991;81;Employées;5117;65978;7,9
FM ; F ; 1983_1991;81;Ensemble;5659;62507;7,5
FM ; F ; 1983_1991;81;Inactives non retraitées;5788;58948;7,6
FM ; F ; 1983_1991;81;Ouvrières;6115;61835;7,1
FM ; F ; 1983_1991;81;Professions intermédiaires;5062;68600;7,7
FM ; F ; 1983_1991;82;Agricultrices;8028;59628;5,8
FM ; F ; 1983_1991;82;Artisanes, commerçantes, cheffes d'entreprise;5951;62443;7,2
FM ; F ; 1983_1991;82;Cadres et prof. intellectuelles supérieures;4562;71598;7,9
FM ; F ; 1983_1991;82;Employées;5860;62602;7,3
FM ; F ; 1983_1991;82;Ensemble;6450;58970;7
FM ; F ; 1983_1991;82;Inactives non retraitées;6530;55536;7,1
FM ; F ; 1983_1991;82;Ouvrières;6996;58054;6,6
FM ; F ; 1983_1991;82;Professions intermédiaires;5854;65128;7,1
FM ; F ; 1983_1991;83;Agricultrices;9343;54841;5,3
FM ; F ; 1983_1991;83;Artisanes, commerçantes, cheffes d'entreprise;6820;58727;6,7
FM ; F ; 1983_1991;83;Cadres et prof. intellectuelles supérieures;5339;68332;7,2
FM ; F ; 1983_1991;83;Employées;6715;58933;6,7
FM ; F ; 1983_1991;83;Ensemble;7351;55167;6,5
FM ; F ; 1983_1991;83;Inactives non retraitées;7369;51909;6,6
FM ; F ; 1983_1991;83;Ouvrières;7998;53992;6,1
FM ; F ; 1983_1991;83;Professions intermédiaires;6774;61315;6,6
FM ; F ; 1983_1991;84;Agricultrices;10623;49717;4,9
FM ; F ; 1983_1991;84;Artisanes, commerçantes, cheffes d'entreprise;7661;54722;6,1
FM ; F ; 1983_1991;84;Cadres et prof. intellectuelles supérieures;6131;64684;6,7
FM ; F ; 1983_1991;84;Employées;7544;54976;6,2
FM ; F ; 1983_1991;84;Ensemble;8210;51111;6
FM ; F ; 1983_1991;84;Inactives non retraitées;8152;48084;6,1
FM ; F ; 1983_1991;84;Ouvrières;8955;49674;5,6
FM ; F ; 1983_1991;84;Professions intermédiaires;7681;57162;6,1
FM ; F ; 1983_1991;85;Agricultrices;12184;44436;4,4
FM ; F ; 1983_1991;85;Artisanes, commerçantes, cheffes d'entreprise;8717;50530;5,7
FM ; F ; 1983_1991;85;Cadres et prof. intellectuelles supérieures;7139;60718;6,1
FM ; F ; 1983_1991;85;Employées;8585;50829;5,7
FM ; F ; 1983_1991;85;Ensemble;9287;46915;5,5
FM ; F ; 1983_1991;85;Inactives non retraitées;9138;44164;5,6
FM ; F ; 1983_1991;85;Ouvrières;10144;45226;5,2
FM ; F ; 1983_1991;85;Professions intermédiaires;8818;52771;5,6
FM ; F ; 1983_1991;86;Agricultrices;13844;39022;4,1
FM ; F ; 1983_1991;86;Artisanes, commerçantes, cheffes d'entreprise;9866;46125;5,2
FM ; F ; 1983_1991;86;Cadres et prof. intellectuelles supérieures;8274;56383;5,6
FM ; F ; 1983_1991;86;Employées;9720;46465;5,3
FM ; F ; 1983_1991;86;Ensemble;10446;42558;5,1
FM ; F ; 1983_1991;86;Inactives non retraitées;10192;40129;5,2
FM ; F ; 1983_1991;86;Ouvrières;11417;40638;4,8
FM ; F ; 1983_1991;86;Professions intermédiaires;10064;48118;5,1
FM ; F ; 1983_1991;87;Agricultrices;15723;33620;3,7
FM ; F ; 1983_1991;87;Artisanes, commerçantes, cheffes d'entreprise;11209;41575;4,8
FM ; F ; 1983_1991;87;Cadres et prof. intellectuelles supérieures;9633;51718;5,1
FM ; F ; 1983_1991;87;Employées;11048;41949;4,8
FM ; F ; 1983_1991;87;Ensemble;11793;38112;4,7
FM ; F ; 1983_1991;87;Inactives non retraitées;11419;36039;4,8
FM ; F ; 1983_1991;87;Ouvrières;12886;35998;4,4
FM ; F ; 1983_1991;87;Professions intermédiaires;11522;43276;4,7
FM ; F ; 1983_1991;88;Agricultrices;17491;28333;3,4
FM ; F ; 1983_1991;88;Artisanes, commerçantes, cheffes d'entreprise;12521;36914;4,4
FM ; F ; 1983_1991;88;Cadres et prof. intellectuelles supérieures;11023;46736;4,6
FM ; F ; 1983_1991;88;Employées;12347;37314;4,4
FM ; F ; 1983_1991;88;Ensemble;13091;33618;4,3
FM ; F ; 1983_1991;88;Inactives non retraitées;12589;31923;4,4
FM ; F ; 1983_1991;88;Ouvrières;14288;31360;4
FM ; F ; 1983_1991;88;Professions intermédiaires;12958;38290;4,3
FM ; F ; 1983_1991;89;Agricultrices;19441;23377;3,1
FM ; F ; 1983_1991;89;Artisanes, commerçantes, cheffes d'entreprise;14028;32292;4
FM ; F ; 1983_1991;89;Cadres et prof. intellectuelles supérieures;12646;41584;4,2
FM ; F ; 1983_1991;89;Employées;13842;32707;4
FM ; F ; 1983_1991;89;Ensemble;14575;29217;3,9
FM ; F ; 1983_1991;89;Inactives non retraitées;13936;27905;4
FM ; F ; 1983_1991;89;Ouvrières;15877;26879;3,7
FM ; F ; 1983_1991;89;Professions intermédiaires;14575;33328;3,9
FM ; F ; 1983_1991;90;Agricultrices;21436;18833;2,9
FM ; F ; 1983_1991;90;Artisanes, commerçantes, cheffes d'entreprise;15639;27762;3,6
FM ; F ; 1983_1991;90;Cadres et prof. intellectuelles supérieures;14422;36326;3,8
FM ; F ; 1983_1991;90;Employées;15443;28180;3,7
FM ; F ; 1983_1991;90;Ensemble;16153;24959;3,6
FM ; F ; 1983_1991;90;Inactives non retraitées;15372;24016;3,7
FM ; F ; 1983_1991;90;Ouvrières;17549;22611;3,4
FM ; F ; 1983_1991;90;Professions intermédiaires;16153;28471;3,6
FM ; F ; 1983_1991;91;Agricultrices;22974;14796;-
FM ; F ; 1983_1991;91;Artisanes, commerçantes, cheffes d'entreprise;17250;23421;-
FM ; F ; 1983_1991;91;Cadres et prof. intellectuelles supérieures;16245;31087;-
FM ; F ; 1983_1991;91;Employées;17015;23828;-
FM ; F ; 1983_1991;91;Ensemble;17718;20927;-
FM ; F ; 1983_1991;91;Inactives non retraitées;16945;20324;-
FM ; F ; 1983_1991;91;Ouvrières;19091;18643;-
FM ; F ; 1983_1991;91;Professions intermédiaires;17718;23872;-
FM ; F ; 1983_1991;92;Agricultrices;24710;11397;-
FM ; F ; 1983_1991;92;Artisanes, commerçantes, cheffes d'entreprise;19186;19380;-
FM ; F ; 1983_1991;92;Cadres et prof. intellectuelles supérieures;18417;26037;-
FM ; F ; 1983_1991;92;Employées;18912;19774;-
FM ; F ; 1983_1991;92;Ensemble;19604;17219;-
FM ; F ; 1983_1991;92;Inactives non retraitées;18842;16880;-
FM ; F ; 1983_1991;92;Ouvrières;20949;15084;-
FM ; F ; 1983_1991;92;Professions intermédiaires;19604;19642;-
FM ; F ; 1983_1991;93;Agricultrices;26437;8580;-
FM ; F ; 1983_1991;93;Artisanes, commerçantes, cheffes d'entreprise;21213;15662;-
FM ; F ; 1983_1991;93;Cadres et prof. intellectuelles supérieures;20709;21242;-
FM ; F ; 1983_1991;93;Employées;20908;16034;-
FM ; F ; 1983_1991;93;Ensemble;21576;13844;-
FM ; F ; 1983_1991;93;Inactives non retraitées;20841;13700;-
FM ; F ; 1983_1991;93;Ouvrières;22866;11924;-
FM ; F ; 1983_1991;93;Professions intermédiaires;21576;15792;-
FM ; F ; 1983_1991;94;Agricultrices;28401;6312;-
FM ; F ; 1983_1991;94;Artisanes, commerçantes, cheffes d'entreprise;23538;12340;-
FM ; F ; 1983_1991;94;Cadres et prof. intellectuelles supérieures;23312;16843;-
FM ; F ; 1983_1991;94;Employées;23210;12682;-
FM ; F ; 1983_1991;94;Ensemble;23844;10857;-
FM ; F ; 1983_1991;94;Inactives non retraitées;23146;10845;-
FM ; F ; 1983_1991;94;Ouvrières;25061;9198;-
FM ; F ; 1983_1991;94;Professions intermédiaires;23844;12384;-
FM ; F ; 1983_1991;95;Agricultrices;29761;4519;-
FM ; F ; 1983_1991;95;Artisanes, commerçantes, cheffes d'entreprise;25458;9435;-
FM ; F ; 1983_1991;95;Cadres et prof. intellectuelles supérieures;25511;12916;-
FM ; F ; 1983_1991;95;Employées;25132;9738;-
FM ; F ; 1983_1991;95;Ensemble;25703;8268;-
FM ; F ; 1983_1991;95;Inactives non retraitées;25074;8334;-
FM ; F ; 1983_1991;95;Ouvrières;26791;6893;-
FM ; F ; 1983_1991;95;Professions intermédiaires;25703;9431;-
FM ; F ; 1983_1991;96;Agricultrices;30654;3174;-
FM ; F ; 1983_1991;96;Artisanes, commerçantes, cheffes d'entreprise;27047;7033;-
FM ; F ; 1983_1991;96;Cadres et prof. intellectuelles supérieures;27235;9621;-
FM ; F ; 1983_1991;96;Employées;26750;7291;-
FM ; F ; 1983_1991;96;Ensemble;27235;6143;-
FM ; F ; 1983_1991;96;Inactives non retraitées;26700;6245;-
FM ; F ; 1983_1991;96;Ouvrières;28153;5046;-
FM ; F ; 1983_1991;96;Professions intermédiaires;27235;7007;-
FM ; F ; 1983_1991;97;Agricultrices;31792;2201;-
FM ; F ; 1983_1991;97;Artisanes, commerçantes, cheffes d'entreprise;28916;5131;-
FM ; F ; 1983_1991;97;Cadres et prof. intellectuelles supérieures;29056;7001;-
FM ; F ; 1983_1991;97;Employées;28667;5341;-
FM ; F ; 1983_1991;97;Ensemble;29056;4470;-
FM ; F ; 1983_1991;97;Inactives non retraitées;28628;4577;-
FM ; F ; 1983_1991;97;Ouvrières;29788;3625;-
FM ; F ; 1983_1991;97;Professions intermédiaires;29056;5099;-
FM ; F ; 1983_1991;98;Agricultrices;33119;1501;-
FM ; F ; 1983_1991;98;Artisanes, commerçantes, cheffes d'entreprise;31037;3647;-
FM ; F ; 1983_1991;98;Cadres et prof. intellectuelles supérieures;31138;4967;-
FM ; F ; 1983_1991;98;Employées;30859;3810;-
FM ; F ; 1983_1991;98;Ensemble;31138;3171;-
FM ; F ; 1983_1991;98;Inactives non retraitées;30831;3267;-
FM ; F ; 1983_1991;98;Ouvrières;31659;2545;-
FM ; F ; 1983_1991;98;Professions intermédiaires;31138;3617;-
FM ; F ; 1983_1991;99;Agricultrices;33955;1004;-
FM ; F ; 1983_1991;99;Artisanes, commerçantes, cheffes d'entreprise;32772;2515;-
FM ; F ; 1983_1991;99;Cadres et prof. intellectuelles supérieures;32841;3420;-
FM ; F ; 1983_1991;99;Employées;32694;2634;-
FM ; F ; 1983_1991;99;Ensemble;32841;2184;-
FM ; F ; 1983_1991;99;Inactives non retraitées;32679;2260;-
FM ; F ; 1983_1991;99;Ouvrières;33114;1740;-
FM ; F ; 1983_1991;99;Professions intermédiaires;32841;2491;-
FM ; F ; 1983_1991;100;Agricultrices;38779;663;-
FM ; F ; 1983_1991;100;Artisanes, commerçantes, cheffes d'entreprise;38779;1691;-
FM ; F ; 1983_1991;100;Cadres et prof. intellectuelles supérieures;38779;2297;-
FM ; F ; 1983_1991;100;Employées;38779;1773;-
FM ; F ; 1983_1991;100;Ensemble;38779;1467;-
FM ; F ; 1983_1991;100;Inactives non retraitées;38779;1521;-
FM ; F ; 1983_1991;100;Ouvrières;38779;1164;-
FM ; F ; 1983_1991;100;Professions intermédiaires;38779;1673;-
FM ; F ; 1976_1984;30;Agricultrices;44;100000;50,6
FM ; F ; 1976_1984;30;Artisanes, commerçantes, cheffes d'entreprise;65;100000;50,8
FM ; F ; 1976_1984;30;Cadres et prof. intellectuelles supérieures;47;100000;52,4
FM ; F ; 1976_1984;30;Employées;60;100000;50,4
FM ; F ; 1976_1984;30;Ensemble;65;100000;49,8
FM ; F ; 1976_1984;30;Inactives non retraitées;76;100000;49,1
FM ; F ; 1976_1984;30;Ouvrières;63;100000;49,2
FM ; F ; 1976_1984;30;Professions intermédiaires;50;100000;51,2
FM ; F ; 1976_1984;31;Agricultrices;46;99956;49,6
FM ; F ; 1976_1984;31;Artisanes, commerçantes, cheffes d'entreprise;70;99935;49,8
FM ; F ; 1976_1984;31;Cadres et prof. intellectuelles supérieures;50;99953;51,4
FM ; F ; 1976_1984;31;Employées;63;99940;49,5
FM ; F ; 1976_1984;31;Ensemble;70;99935;48,8
FM ; F ; 1976_1984;31;Inactives non retraitées;81;99924;48,1
FM ; F ; 1976_1984;31;Ouvrières;67;99937;48,2
FM ; F ; 1976_1984;31;Professions intermédiaires;53;99950;50,3
FM ; F ; 1976_1984;32;Agricultrices;48;99910;48,6
FM ; F ; 1976_1984;32;Artisanes, commerçantes, cheffes d'entreprise;72;99865;48,9
FM ; F ; 1976_1984;32;Cadres et prof. intellectuelles supérieures;52;99903;50,4
FM ; F ; 1976_1984;32;Employées;66;99877;48,5
FM ; F ; 1976_1984;32;Ensemble;72;99865;47,9
FM ; F ; 1976_1984;32;Inactives non retraitées;84;99842;47,2
FM ; F ; 1976_1984;32;Ouvrières;69;99871;47,3
FM ; F ; 1976_1984;32;Professions intermédiaires;55;99898;49,3
FM ; F ; 1976_1984;33;Agricultrices;54;99862;47,6
FM ; F ; 1976_1984;33;Artisanes, commerçantes, cheffes d'entreprise;82;99793;47,9
FM ; F ; 1976_1984;33;Cadres et prof. intellectuelles supérieures;59;99851;49,5
FM ; F ; 1976_1984;33;Employées;74;99811;47,5
FM ; F ; 1976_1984;33;Ensemble;82;99793;46,9
FM ; F ; 1976_1984;33;Inactives non retraitées;95;99758;46,2
FM ; F ; 1976_1984;33;Ouvrières;78;99802;46,3
FM ; F ; 1976_1984;33;Professions intermédiaires;62;99843;48,3
FM ; F ; 1976_1984;34;Agricultrices;58;99808;46,7
FM ; F ; 1976_1984;34;Artisanes, commerçantes, cheffes d'entreprise;88;99711;47
FM ; F ; 1976_1984;34;Cadres et prof. intellectuelles supérieures;63;99793;48,5
FM ; F ; 1976_1984;34;Employées;80;99737;46,6
FM ; F ; 1976_1984;34;Ensemble;88;99711;46
FM ; F ; 1976_1984;34;Inactives non retraitées;103;99663;45,2
FM ; F ; 1976_1984;34;Ouvrières;84;99723;45,3
FM ; F ; 1976_1984;34;Professions intermédiaires;67;99781;47,3
FM ; F ; 1976_1984;35;Agricultrices;64;99749;45,7
FM ; F ; 1976_1984;35;Artisanes, commerçantes, cheffes d'entreprise;96;99623;46
FM ; F ; 1976_1984;35;Cadres et prof. intellectuelles supérieures;69;99730;47,5
FM ; F ; 1976_1984;35;Employées;87;99657;45,6
FM ; F ; 1976_1984;35;Ensemble;96;99623;45
FM ; F ; 1976_1984;35;Inactives non retraitées;112;99561;44,3
FM ; F ; 1976_1984;35;Ouvrières;92;99640;44,4
FM ; F ; 1976_1984;35;Professions intermédiaires;73;99714;46,4
FM ; F ; 1976_1984;36;Agricultrices;67;99686;44,7
FM ; F ; 1976_1984;36;Artisanes, commerçantes, cheffes d'entreprise;101;99528;45
FM ; F ; 1976_1984;36;Cadres et prof. intellectuelles supérieures;73;99662;46,6
FM ; F ; 1976_1984;36;Employées;92;99570;44,7
FM ; F ; 1976_1984;36;Ensemble;101;99528;44
FM ; F ; 1976_1984;36;Inactives non retraitées;118;99449;43,3
FM ; F ; 1976_1984;36;Ouvrières;97;99548;43,4
FM ; F ; 1976_1984;36;Professions intermédiaires;77;99642;45,4
FM ; F ; 1976_1984;37;Agricultrices;76;99619;43,8
FM ; F ; 1976_1984;37;Artisanes, commerçantes, cheffes d'entreprise;115;99427;44,1
FM ; F ; 1976_1984;37;Cadres et prof. intellectuelles supérieures;82;99589;45,6
FM ; F ; 1976_1984;37;Employées;104;99479;43,7
FM ; F ; 1976_1984;37;Ensemble;115;99427;43,1
FM ; F ; 1976_1984;37;Inactives non retraitées;134;99332;42,4
FM ; F ; 1976_1984;37;Ouvrières;110;99452;42,5
FM ; F ; 1976_1984;37;Professions intermédiaires;87;99566;44,4
FM ; F ; 1976_1984;38;Agricultrices;80;99542;42,8
FM ; F ; 1976_1984;38;Artisanes, commerçantes, cheffes d'entreprise;120;99313;43,1
FM ; F ; 1976_1984;38;Cadres et prof. intellectuelles supérieures;86;99508;44,6
FM ; F ; 1976_1984;38;Employées;109;99375;42,7
FM ; F ; 1976_1984;38;Ensemble;120;99313;42,1
FM ; F ; 1976_1984;38;Inactives non retraitées;140;99199;41,4
FM ; F ; 1976_1984;38;Ouvrières;115;99343;41,5
FM ; F ; 1976_1984;38;Professions intermédiaires;91;99479;43,5
FM ; F ; 1976_1984;39;Agricultrices;84;99463;41,8
FM ; F ; 1976_1984;39;Artisanes, commerçantes, cheffes d'entreprise;127;99194;42,2
FM ; F ; 1976_1984;39;Cadres et prof. intellectuelles supérieures;91;99422;43,7
FM ; F ; 1976_1984;39;Employées;115;99266;41,8
FM ; F ; 1976_1984;39;Ensemble;127;99194;41,2
FM ; F ; 1976_1984;39;Inactives non retraitées;148;99060;40,5
FM ; F ; 1976_1984;39;Ouvrières;121;99229;40,6
FM ; F ; 1976_1984;39;Professions intermédiaires;96;99389;42,5
FM ; F ; 1976_1984;40;Agricultrices;93;99379;40,9
FM ; F ; 1976_1984;40;Artisanes, commerçantes, cheffes d'entreprise;139;99068;41,2
FM ; F ; 1976_1984;40;Cadres et prof. intellectuelles supérieures;100;99332;42,7
FM ; F ; 1976_1984;40;Employées;127;99152;40,8
FM ; F ; 1976_1984;40;Ensemble;140;99068;40,2
FM ; F ; 1976_1984;40;Inactives non retraitées;163;98913;39,6
FM ; F ; 1976_1984;40;Ouvrières;134;99108;39,6
FM ; F ; 1976_1984;40;Professions intermédiaires;106;99293;41,6
FM ; F ; 1976_1984;41;Agricultrices;102;99287;39,9
FM ; F ; 1976_1984;41;Artisanes, commerçantes, cheffes d'entreprise;147;98930;40,3
FM ; F ; 1976_1984;41;Cadres et prof. intellectuelles supérieures;108;99232;41,7
FM ; F ; 1976_1984;41;Employées;139;99026;39,9
FM ; F ; 1976_1984;41;Ensemble;154;98930;39,3
FM ; F ; 1976_1984;41;Inactives non retraitées;181;98752;38,6
FM ; F ; 1976_1984;41;Ouvrières;149;98976;38,7
FM ; F ; 1976_1984;41;Professions intermédiaires;115;99188;40,6
FM ; F ; 1976_1984;42;Agricultrices;106;99185;38,9
FM ; F ; 1976_1984;42;Artisanes, commerçantes, cheffes d'entreprise;146;98785;39,4
FM ; F ; 1976_1984;42;Cadres et prof. intellectuelles supérieures;111;99125;40,8
FM ; F ; 1976_1984;42;Employées;144;98888;38,9
FM ; F ; 1976_1984;42;Ensemble;161;98777;38,4
FM ; F ; 1976_1984;42;Inactives non retraitées;190;98573;37,7
FM ; F ; 1976_1984;42;Ouvrières;157;98828;37,7
FM ; F ; 1976_1984;42;Professions intermédiaires;119;99074;39,7
FM ; F ; 1976_1984;43;Agricultrices;117;99080;38
FM ; F ; 1976_1984;43;Artisanes, commerçantes, cheffes d'entreprise;155;98641;38,4
FM ; F ; 1976_1984;43;Cadres et prof. intellectuelles supérieures;121;99015;39,8
FM ; F ; 1976_1984;43;Employées;159;98745;38
FM ; F ; 1976_1984;43;Ensemble;179;98618;37,4
FM ; F ; 1976_1984;43;Inactives non retraitées;210;98387;36,8
FM ; F ; 1976_1984;43;Ouvrières;175;98673;36,8
FM ; F ; 1976_1984;43;Professions intermédiaires;130;98956;38,7
FM ; F ; 1976_1984;44;Agricultrices;128;98963;37
FM ; F ; 1976_1984;44;Artisanes, commerçantes, cheffes d'entreprise;162;98488;37,5
FM ; F ; 1976_1984;44;Cadres et prof. intellectuelles supérieures;130;98895;38,9
FM ; F ; 1976_1984;44;Employées;173;98588;37,1
FM ; F ; 1976_1984;44;Ensemble;196;98442;36,5
FM ; F ; 1976_1984;44;Inactives non retraitées;231;98180;35,8
FM ; F ; 1976_1984;44;Ouvrières;193;98501;35,8
FM ; F ; 1976_1984;44;Professions intermédiaires;141;98827;37,8
FM ; F ; 1976_1984;45;Agricultrices;138;98837;36,1
FM ; F ; 1976_1984;45;Artisanes, commerçantes, cheffes d'entreprise;168;98329;36,5
FM ; F ; 1976_1984;45;Cadres et prof. intellectuelles supérieures;138;98767;37,9
FM ; F ; 1976_1984;45;Employées;185;98418;36,1
FM ; F ; 1976_1984;45;Ensemble;211;98249;35,6
FM ; F ; 1976_1984;45;Inactives non retraitées;251;97953;34,9
FM ; F ; 1976_1984;45;Ouvrières;210;98311;34,9
FM ; F ; 1976_1984;45;Professions intermédiaires;150;98688;36,8
FM ; F ; 1976_1984;46;Agricultrices;154;98700;35,1
FM ; F ; 1976_1984;46;Artisanes, commerçantes, cheffes d'entreprise;180;98163;35,6
FM ; F ; 1976_1984;46;Cadres et prof. intellectuelles supérieures;152;98631;37
FM ; F ; 1976_1984;46;Employées;206;98236;35,2
FM ; F ; 1976_1984;46;Ensemble;236;98041;34,6
FM ; F ; 1976_1984;46;Inactives non retraitées;281;97707;34
FM ; F ; 1976_1984;46;Ouvrières;236;98105;34
FM ; F ; 1976_1984;46;Professions intermédiaires;166;98540;35,9
FM ; F ; 1976_1984;47;Agricultrices;164;98549;34,2
FM ; F ; 1976_1984;47;Artisanes, commerçantes, cheffes d'entreprise;186;97987;34,7
FM ; F ; 1976_1984;47;Cadres et prof. intellectuelles supérieures;160;98481;36
FM ; F ; 1976_1984;47;Employées;219;98034;34,3
FM ; F ; 1976_1984;47;Ensemble;253;97810;33,7
FM ; F ; 1976_1984;47;Inactives non retraitées;302;97433;33,1
FM ; F ; 1976_1984;47;Ouvrières;254;97874;33,1
FM ; F ; 1976_1984;47;Professions intermédiaires;176;98377;34,9
FM ; F ; 1976_1984;48;Agricultrices;180;98387;33,2
FM ; F ; 1976_1984;48;Artisanes, commerçantes, cheffes d'entreprise;197;97805;33,7
FM ; F ; 1976_1984;48;Cadres et prof. intellectuelles supérieures;174;98323;35,1
FM ; F ; 1976_1984;48;Employées;239;97819;33,3
FM ; F ; 1976_1984;48;Ensemble;279;97562;32,8
FM ; F ; 1976_1984;48;Inactives non retraitées;333;97139;32,2
FM ; F ; 1976_1984;48;Ouvrières;281;97625;32,2
FM ; F ; 1976_1984;48;Professions intermédiaires;192;98204;34
FM ; F ; 1976_1984;49;Agricultrices;195;98210;32,3
FM ; F ; 1976_1984;49;Artisanes, commerçantes, cheffes d'entreprise;205;97612;32,8
FM ; F ; 1976_1984;49;Cadres et prof. intellectuelles supérieures;185;98152;34,2
FM ; F ; 1976_1984;49;Employées;258;97585;32,4
FM ; F ; 1976_1984;49;Ensemble;302;97290;31,9
FM ; F ; 1976_1984;49;Inactives non retraitées;362;96815;31,3
FM ; F ; 1976_1984;49;Ouvrières;307;97350;31,2
FM ; F ; 1976_1984;49;Professions intermédiaires;205;98016;33
FM ; F ; 1976_1984;50;Agricultrices;211;98018;31,4
FM ; F ; 1976_1984;50;Artisanes, commerçantes, cheffes d'entreprise;215;97412;31,9
FM ; F ; 1976_1984;50;Cadres et prof. intellectuelles supérieures;199;97971;33,2
FM ; F ; 1976_1984;50;Employées;279;97333;31,5
FM ; F ; 1976_1984;50;Ensemble;329;96997;31
FM ; F ; 1976_1984;50;Inactives non retraitées;394;96465;30,4
FM ; F ; 1976_1984;50;Ouvrières;336;97052;30,3
FM ; F ; 1976_1984;50;Professions intermédiaires;222;97814;32,1
FM ; F ; 1976_1984;51;Agricultrices;237;97811;30,4
FM ; F ; 1976_1984;51;Artisanes, commerçantes, cheffes d'entreprise;234;97202;30,9
FM ; F ; 1976_1984;51;Cadres et prof. intellectuelles supérieures;220;97776;32,3
FM ; F ; 1976_1984;51;Employées;305;97061;30,6
FM ; F ; 1976_1984;51;Ensemble;357;96678;30,1
FM ; F ; 1976_1984;51;Inactives non retraitées;426;96085;29,5
FM ; F ; 1976_1984;51;Ouvrières;366;96725;29,4
FM ; F ; 1976_1984;51;Professions intermédiaires;245;97597;31,2
FM ; F ; 1976_1984;52;Agricultrices;254;97579;29,5
FM ; F ; 1976_1984;52;Artisanes, commerçantes, cheffes d'entreprise;242;96975;30
FM ; F ; 1976_1984;52;Cadres et prof. intellectuelles supérieures;233;97560;31,4
FM ; F ; 1976_1984;52;Employées;326;96765;29,7
FM ; F ; 1976_1984;52;Ensemble;379;96333;29,2
FM ; F ; 1976_1984;52;Inactives non retraitées;449;95676;28,7
FM ; F ; 1976_1984;52;Ouvrières;390;96371;28,5
FM ; F ; 1976_1984;52;Professions intermédiaires;265;97358;30,3
FM ; F ; 1976_1984;53;Agricultrices;280;97332;28,6
FM ; F ; 1976_1984;53;Artisanes, commerçantes, cheffes d'entreprise;259;96741;29,1
FM ; F ; 1976_1984;53;Cadres et prof. intellectuelles supérieures;254;97333;30,4
FM ; F ; 1976_1984;53;Employées;353;96450;28,8
FM ; F ; 1976_1984;53;Ensemble;408;95968;28,3
FM ; F ; 1976_1984;53;Inactives non retraitées;481;95246;27,8
FM ; F ; 1976_1984;53;Ouvrières;422;95995;27,7
FM ; F ; 1976_1984;53;Professions intermédiaires;290;97101;29,3
FM ; F ; 1976_1984;54;Agricultrices;310;97059;27,7
FM ; F ; 1976_1984;54;Artisanes, commerçantes, cheffes d'entreprise;278;96490;28,1
FM ; F ; 1976_1984;54;Cadres et prof. intellectuelles supérieures;279;97085;29,5
FM ; F ; 1976_1984;54;Employées;383;96110;27,9
FM ; F ; 1976_1984;54;Ensemble;441;95576;27,4
FM ; F ; 1976_1984;54;Inactives non retraitées;516;94788;26,9
FM ; F ; 1976_1984;54;Ouvrières;457;95591;26,8
FM ; F ; 1976_1984;54;Professions intermédiaires;319;96819;28,4
FM ; F ; 1976_1984;55;Agricultrices;345;96759;26,7
FM ; F ; 1976_1984;55;Artisanes, commerçantes, cheffes d'entreprise;300;96222;27,2
FM ; F ; 1976_1984;55;Cadres et prof. intellectuelles supérieures;307;96814;28,6
FM ; F ; 1976_1984;55;Employées;418;95741;27
FM ; F ; 1976_1984;55;Ensemble;477;95154;26,5
FM ; F ; 1976_1984;55;Inactives non retraitées;555;94299;26,1
FM ; F ; 1976_1984;55;Ouvrières;496;95154;25,9
FM ; F ; 1976_1984;55;Professions intermédiaires;351;96511;27,5
FM ; F ; 1976_1984;56;Agricultrices;363;96426;25,8
FM ; F ; 1976_1984;56;Artisanes, commerçantes, cheffes d'entreprise;328;95934;26,3
FM ; F ; 1976_1984;56;Cadres et prof. intellectuelles supérieures;320;96517;27,7
FM ; F ; 1976_1984;56;Employées;443;95341;26,1
FM ; F ; 1976_1984;56;Ensemble;503;94700;25,7
FM ; F ; 1976_1984;56;Inactives non retraitées;581;93776;25,2
FM ; F ; 1976_1984;56;Ouvrières;524;94682;25
FM ; F ; 1976_1984;56;Professions intermédiaires;377;96172;26,6
FM ; F ; 1976_1984;57;Agricultrices;395;96076;24,9
FM ; F ; 1976_1984;57;Artisanes, commerçantes, cheffes d'entreprise;365;95619;25,4
FM ; F ; 1976_1984;57;Cadres et prof. intellectuelles supérieures;345;96208;26,8
FM ; F ; 1976_1984;57;Employées;477;94919;25,2
FM ; F ; 1976_1984;57;Ensemble;539;94224;24,8
FM ; F ; 1976_1984;57;Inactives non retraitées;619;93231;24,4
FM ; F ; 1976_1984;57;Ouvrières;564;94186;24,2
FM ; F ; 1976_1984;57;Professions intermédiaires;411;95810;25,7
FM ; F ; 1976_1984;58;Agricultrices;447;95696;24
FM ; F ; 1976_1984;58;Artisanes, commerçantes, cheffes d'entreprise;414;95270;24,5
FM ; F ; 1976_1984;58;Cadres et prof. intellectuelles supérieures;387;95876;25,9
FM ; F ; 1976_1984;58;Employées;524;94466;24,3
FM ; F ; 1976_1984;58;Ensemble;588;93716;23,9
FM ; F ; 1976_1984;58;Inactives non retraitées;671;92654;23,5
FM ; F ; 1976_1984;58;Ouvrières;617;93655;23,3
FM ; F ; 1976_1984;58;Professions intermédiaires;456;95416;24,8
FM ; F ; 1976_1984;59;Agricultrices;496;95268;23,1
FM ; F ; 1976_1984;59;Artisanes, commerçantes, cheffes d'entreprise;465;94875;23,6
FM ; F ; 1976_1984;59;Cadres et prof. intellectuelles supérieures;426;95505;25
FM ; F ; 1976_1984;59;Employées;570;93972;23,5
FM ; F ; 1976_1984;59;Ensemble;636;93165;23,1
FM ; F ; 1976_1984;59;Inactives non retraitées;721;92032;22,7
FM ; F ; 1976_1984;59;Ouvrières;670;93077;22,4
FM ; F ; 1976_1984;59;Professions intermédiaires;502;94981;23,9
FM ; F ; 1976_1984;60;Agricultrices;543;94795;22,2
FM ; F ; 1976_1984;60;Artisanes, commerçantes, cheffes d'entreprise;519;94434;22,7
FM ; F ; 1976_1984;60;Cadres et prof. intellectuelles supérieures;461;95099;24,1
FM ; F ; 1976_1984;60;Employées;615;93437;22,6
FM ; F ; 1976_1984;60;Ensemble;683;92573;22,2
FM ; F ; 1976_1984;60;Inactives non retraitées;769;91369;21,8
FM ; F ; 1976_1984;60;Ouvrières;721;92453;21,6
FM ; F ; 1976_1984;60;Professions intermédiaires;548;94505;23,1
FM ; F ; 1976_1984;61;Agricultrices;582;94281;21,4
FM ; F ; 1976_1984;61;Artisanes, commerçantes, cheffes d'entreprise;575;93944;21,8
FM ; F ; 1976_1984;61;Cadres et prof. intellectuelles supérieures;490;94660;23,2
FM ; F ; 1976_1984;61;Employées;653;92862;21,7
FM ; F ; 1976_1984;61;Ensemble;723;91941;21,4
FM ; F ; 1976_1984;61;Inactives non retraitées;812;90666;21
FM ; F ; 1976_1984;61;Ouvrières;766;91786;20,8
FM ; F ; 1976_1984;61;Professions intermédiaires;585;93987;22,2
FM ; F ; 1976_1984;62;Agricultrices;650;93732;20,5
FM ; F ; 1976_1984;62;Artisanes, commerçantes, cheffes d'entreprise;637;93404;20,9
FM ; F ; 1976_1984;62;Cadres et prof. intellectuelles supérieures;542;94197;22,3
FM ; F ; 1976_1984;62;Employées;722;92256;20,9
FM ; F ; 1976_1984;62;Ensemble;797;91276;20,5
FM ; F ; 1976_1984;62;Inactives non retraitées;892;89930;20,2
FM ; F ; 1976_1984;62;Ouvrières;848;91083;19,9
FM ; F ; 1976_1984;62;Professions intermédiaires;651;93437;21,3
FM ; F ; 1976_1984;63;Agricultrices;718;93123;19,6
FM ; F ; 1976_1984;63;Artisanes, commerçantes, cheffes d'entreprise;706;92809;20,1
FM ; F ; 1976_1984;63;Cadres et prof. intellectuelles supérieures;594;93686;21,4
FM ; F ; 1976_1984;63;Employées;789;91590;20
FM ; F ; 1976_1984;63;Ensemble;870;90549;19,7
FM ; F ; 1976_1984;63;Inactives non retraitées;970;89128;19,4
FM ; F ; 1976_1984;63;Ouvrières;927;90311;19,1
FM ; F ; 1976_1984;63;Professions intermédiaires;716;92828;20,5
FM ; F ; 1976_1984;64;Agricultrices;783;92454;18,8
FM ; F ; 1976_1984;64;Artisanes, commerçantes, cheffes d'entreprise;782;92154;19,2
FM ; F ; 1976_1984;64;Cadres et prof. intellectuelles supérieures;642;93130;20,5
FM ; F ; 1976_1984;64;Employées;852;90867;19,2
FM ; F ; 1976_1984;64;Ensemble;936;89761;18,9
FM ; F ; 1976_1984;64;Inactives non retraitées;1040;88264;18,6
FM ; F ; 1976_1984;64;Ouvrières;1001;89474;18,3
FM ; F ; 1976_1984;64;Professions intermédiaires;777;92164;19,6
FM ; F ; 1976_1984;65;Agricultrices;876;91731;17,9
FM ; F ; 1976_1984;65;Artisanes, commerçantes, cheffes d'entreprise;866;91434;18,4
FM ; F ; 1976_1984;65;Cadres et prof. intellectuelles supérieures;712;92532;19,7
FM ; F ; 1976_1984;65;Employées;943;90093;18,4
FM ; F ; 1976_1984;65;Ensemble;1034;88920;18
FM ; F ; 1976_1984;65;Inactives non retraitées;1145;87345;17,8
FM ; F ; 1976_1984;65;Ouvrières;1109;88578;17,4
FM ; F ; 1976_1984;65;Professions intermédiaires;866;91447;18,8
FM ; F ; 1976_1984;66;Agricultrices;963;90927;17,1
FM ; F ; 1976_1984;66;Artisanes, commerçantes, cheffes d'entreprise;948;90642;17,5
FM ; F ; 1976_1984;66;Cadres et prof. intellectuelles supérieures;777;91873;18,8
FM ; F ; 1976_1984;66;Employées;1027;89244;17,5
FM ; F ; 1976_1984;66;Ensemble;1123;88001;17,2
FM ; F ; 1976_1984;66;Inactives non retraitées;1239;86345;17
FM ; F ; 1976_1984;66;Ouvrières;1207;87596;16,6
FM ; F ; 1976_1984;66;Professions intermédiaires;949;90655;17,9
FM ; F ; 1976_1984;67;Agricultrices;1079;90051;16,2
FM ; F ; 1976_1984;67;Artisanes, commerçantes, cheffes d'entreprise;1056;89783;16,7
FM ; F ; 1976_1984;67;Cadres et prof. intellectuelles supérieures;862;91160;18
FM ; F ; 1976_1984;67;Employées;1138;88328;16,7
FM ; F ; 1976_1984;67;Ensemble;1242;87012;16,4
FM ; F ; 1976_1984;67;Inactives non retraitées;1365;85275;16,2
FM ; F ; 1976_1984;67;Ouvrières;1338;86538;15,8
FM ; F ; 1976_1984;67;Professions intermédiaires;1058;89795;17,1
FM ; F ; 1976_1984;68;Agricultrices;1192;89080;15,4
FM ; F ; 1976_1984;68;Artisanes, commerçantes, cheffes d'entreprise;1161;88835;15,9
FM ; F ; 1976_1984;68;Cadres et prof. intellectuelles supérieures;945;90374;17,1
FM ; F ; 1976_1984;68;Employées;1243;87323;15,9
FM ; F ; 1976_1984;68;Ensemble;1354;85932;15,6
FM ; F ; 1976_1984;68;Inactives non retraitées;1482;84112;15,4
FM ; F ; 1976_1984;68;Ouvrières;1463;85380;15,1
FM ; F ; 1976_1984;68;Professions intermédiaires;1164;88845;16,3
FM ; F ; 1976_1984;69;Agricultrices;1353;88018;14,6
FM ; F ; 1976_1984;69;Artisanes, commerçantes, cheffes d'entreprise;1312;87803;15,1
FM ; F ; 1976_1984;69;Cadres et prof. intellectuelles supérieures;1064;89520;16,3
FM ; F ; 1976_1984;69;Employées;1397;86237;15,1
FM ; F ; 1976_1984;69;Ensemble;1517;84768;14,9
FM ; F ; 1976_1984;69;Inactives non retraitées;1653;82865;14,6
FM ; F ; 1976_1984;69;Ouvrières;1643;84131;14,3
FM ; F ; 1976_1984;69;Professions intermédiaires;1310;87811;15,5
FM ; F ; 1976_1984;70;Agricultrices;1551;86827;13,8
FM ; F ; 1976_1984;70;Artisanes, commerçantes, cheffes d'entreprise;1495;86652;14,3
FM ; F ; 1976_1984;70;Cadres et prof. intellectuelles supérieures;1210;88567;15,5
FM ; F ; 1976_1984;70;Employées;1583;85032;14,3
FM ; F ; 1976_1984;70;Ensemble;1714;83483;14,1
FM ; F ; 1976_1984;70;Inactives non retraitées;1861;81495;13,9
FM ; F ; 1976_1984;70;Ouvrières;1861;82749;13,5
FM ; F ; 1976_1984;70;Professions intermédiaires;1487;86661;14,7
FM ; F ; 1976_1984;71;Agricultrices;1780;85480;13
FM ; F ; 1976_1984;71;Artisanes, commerçantes, cheffes d'entreprise;1708;85356;13,5
FM ; F ; 1976_1984;71;Cadres et prof. intellectuelles supérieures;1378;87495;14,7
FM ; F ; 1976_1984;71;Employées;1797;83686;13,6
FM ; F ; 1976_1984;71;Ensemble;1939;82052;13,3
FM ; F ; 1976_1984;71;Inactives non retraitées;2096;79979;13,1
FM ; F ; 1976_1984;71;Ouvrières;2111;81209;12,8
FM ; F ; 1976_1984;71;Professions intermédiaires;1691;85372;13,9
FM ; F ; 1976_1984;72;Agricultrices;2021;83959;12,3
FM ; F ; 1976_1984;72;Artisanes, commerçantes, cheffes d'entreprise;1928;83898;12,7
FM ; F ; 1976_1984;72;Cadres et prof. intellectuelles supérieures;1552;86290;13,9
FM ; F ; 1976_1984;72;Employées;2016;82182;12,8
FM ; F ; 1976_1984;72;Ensemble;2169;80461;12,6
FM ; F ; 1976_1984;72;Inactives non retraitées;2334;78302;12,4
FM ; F ; 1976_1984;72;Ouvrières;2366;79495;12,1
FM ; F ; 1976_1984;72;Professions intermédiaires;1900;83929;13,1
FM ; F ; 1976_1984;73;Agricultrices;2309;82262;11,5
FM ; F ; 1976_1984;73;Artisanes, commerçantes, cheffes d'entreprise;2192;82280;12
FM ; F ; 1976_1984;73;Cadres et prof. intellectuelles supérieures;1761;84950;13,1
FM ; F ; 1976_1984;73;Employées;2278;80525;12,1
FM ; F ; 1976_1984;73;Ensemble;2441;78716;11,9
FM ; F ; 1976_1984;73;Inactives non retraitées;2614;76475;11,7
FM ; F ; 1976_1984;73;Ouvrières;2669;77614;11,3
FM ; F ; 1976_1984;73;Professions intermédiaires;2149;82334;12,4
FM ; F ; 1976_1984;74;Agricultrices;2678;80362;10,8
FM ; F ; 1976_1984;74;Artisanes, commerçantes, cheffes d'entreprise;2530;80476;11,2
FM ; F ; 1976_1984;74;Cadres et prof. intellectuelles supérieures;2028;83455;12,3
FM ; F ; 1976_1984;74;Employées;2610;78691;11,3
FM ; F ; 1976_1984;74;Ensemble;2788;76794;11,2
FM ; F ; 1976_1984;74;Inactives non retraitées;2971;74476;11
FM ; F ; 1976_1984;74;Ouvrières;3054;75542;10,7
FM ; F ; 1976_1984;74;Professions intermédiaires;2466;80564;11,7
FM ; F ; 1976_1984;75;Agricultrices;3077;78210;10,1
FM ; F ; 1976_1984;75;Artisanes, commerçantes, cheffes d'entreprise;2892;78441;10,5
FM ; F ; 1976_1984;75;Cadres et prof. intellectuelles supérieures;2315;81762;11,6
FM ; F ; 1976_1984;75;Employées;2964;76637;10,6
FM ; F ; 1976_1984;75;Ensemble;3153;74653;10,5
FM ; F ; 1976_1984;75;Inactives non retraitées;3342;72264;10,4
FM ; F ; 1976_1984;75;Ouvrières;3461;73235;10
FM ; F ; 1976_1984;75;Professions intermédiaires;2802;78578;11
FM ; F ; 1976_1984;76;Agricultrices;3553;75804;9,4
FM ; F ; 1976_1984;76;Artisanes, commerçantes, cheffes d'entreprise;3323;76172;9,8
FM ; F ; 1976_1984;76;Cadres et prof. intellectuelles supérieures;2658;79869;10,8
FM ; F ; 1976_1984;76;Employées;3382;74365;10
FM ; F ; 1976_1984;76;Ensemble;3583;72299;9,8
FM ; F ; 1976_1984;76;Inactives non retraitées;3778;69848;9,7
FM ; F ; 1976_1984;76;Ouvrières;3939;70700;9,3
FM ; F ; 1976_1984;76;Professions intermédiaires;3199;76376;10,3
FM ; F ; 1976_1984;77;Agricultrices;4079;73110;8,7
FM ; F ; 1976_1984;77;Artisanes, commerçantes, cheffes d'entreprise;3796;73642;9,2
FM ; F ; 1976_1984;77;Cadres et prof. intellectuelles supérieures;3036;77747;10,1
FM ; F ; 1976_1984;77;Employées;3836;71851;9,3
FM ; F ; 1976_1984;77;Ensemble;4048;69709;9,2
FM ; F ; 1976_1984;77;Inactives non retraitées;4244;67210;9,1
FM ; F ; 1976_1984;77;Ouvrières;4455;67915;8,7
FM ; F ; 1976_1984;77;Professions intermédiaires;3631;73933;9,6
FM ; F ; 1976_1984;78;Agricultrices;4712;70128;8,1
FM ; F ; 1976_1984;78;Artisanes, commerçantes, cheffes d'entreprise;4366;70846;8,5
FM ; F ; 1976_1984;78;Cadres et prof. intellectuelles supérieures;3494;75386;9,5
FM ; F ; 1976_1984;78;Employées;4381;69094;8,7
FM ; F ; 1976_1984;78;Ensemble;4602;66887;8,6
FM ; F ; 1976_1984;78;Inactives non retraitées;4798;64357;8,5
FM ; F ; 1976_1984;78;Ouvrières;5069;64890;8,1
FM ; F ; 1976_1984;78;Professions intermédiaires;4148;71248;9
FM ; F ; 1976_1984;79;Agricultrices;5447;66824;7,5
FM ; F ; 1976_1984;79;Artisanes, commerçantes, cheffes d'entreprise;5027;67753;7,9
FM ; F ; 1976_1984;79;Cadres et prof. intellectuelles supérieures;4029;72753;8,8
FM ; F ; 1976_1984;79;Employées;5008;66067;8,1
FM ; F ; 1976_1984;79;Ensemble;5237;63808;8
FM ; F ; 1976_1984;79;Inactives non retraitées;5427;61270;7,9
FM ; F ; 1976_1984;79;Ouvrières;5770;61600;7,6
FM ; F ; 1976_1984;79;Professions intermédiaires;4742;68293;8,4
FM ; F ; 1976_1984;80;Agricultrices;6246;63184;7
FM ; F ; 1976_1984;80;Artisanes, commerçantes, cheffes d'entreprise;5744;64347;7,3
FM ; F ; 1976_1984;80;Cadres et prof. intellectuelles supérieures;4615;69822;8,2
FM ; F ; 1976_1984;80;Employées;5683;62758;7,5
FM ; F ; 1976_1984;80;Ensemble;5914;60467;7,4
FM ; F ; 1976_1984;80;Inactives non retraitées;6092;57945;7,4
FM ; F ; 1976_1984;80;Ouvrières;6516;58046;7
FM ; F ; 1976_1984;80;Professions intermédiaires;5381;65054;7,8
FM ; F ; 1976_1984;81;Agricultrices;7176;59237;6,4
FM ; F ; 1976_1984;81;Artisanes, commerçantes, cheffes d'entreprise;6580;60651;6,8
FM ; F ; 1976_1984;81;Cadres et prof. intellectuelles supérieures;5306;66599;7,6
FM ; F ; 1976_1984;81;Employées;6466;59192;7
FM ; F ; 1976_1984;81;Ensemble;6696;56891;6,9
FM ; F ; 1976_1984;81;Inactives non retraitées;6856;54415;6,9
FM ; F ; 1976_1984;81;Ouvrières;7372;54264;6,5
FM ; F ; 1976_1984;81;Professions intermédiaires;6121;61554;7,2
FM ; F ; 1976_1984;82;Agricultrices;8233;54986;5,9
FM ; F ; 1976_1984;82;Artisanes, commerçantes, cheffes d'entreprise;7533;56660;6,3
FM ; F ; 1976_1984;82;Cadres et prof. intellectuelles supérieures;6105;63065;7
FM ; F ; 1976_1984;82;Employées;7353;55364;6,5
FM ; F ; 1976_1984;82;Ensemble;7577;53082;6,4
FM ; F ; 1976_1984;82;Inactives non retraitées;7712;50684;6,4
FM ; F ; 1976_1984;82;Ouvrières;8332;50263;6
FM ; F ; 1976_1984;82;Professions intermédiaires;6959;57786;6,7
FM ; F ; 1976_1984;83;Agricultrices;9362;50459;5,4
FM ; F ; 1976_1984;83;Artisanes, commerçantes, cheffes d'entreprise;8554;52392;5,8
FM ; F ; 1976_1984;83;Cadres et prof. intellectuelles supérieures;6976;59216;6,4
FM ; F ; 1976_1984;83;Employées;8299;51293;6
FM ; F ; 1976_1984;83;Ensemble;8508;49060;5,9
FM ; F ; 1976_1984;83;Inactives non retraitées;8610;46775;5,9
FM ; F ; 1976_1984;83;Ouvrières;9339;46075;5,6
FM ; F ; 1976_1984;83;Professions intermédiaires;7852;53765;6,2
FM ; F ; 1976_1984;84;Agricultrices;10700;45735;5
FM ; F ; 1976_1984;84;Artisanes, commerçantes, cheffes d'entreprise;9771;47910;5,3
FM ; F ; 1976_1984;84;Cadres et prof. intellectuelles supérieures;8030;55085;5,9
FM ; F ; 1976_1984;84;Employées;9427;47036;5,5
FM ; F ; 1976_1984;84;Ensemble;9616;44886;5,5
FM ; F ; 1976_1984;84;Inactives non retraitées;9676;42748;5,5
FM ; F ; 1976_1984;84;Ouvrières;10528;41772;5,2
FM ; F ; 1976_1984;84;Professions intermédiaires;8916;49543;5,7
FM ; F ; 1976_1984;85;Agricultrices;12015;40842;4,6
FM ; F ; 1976_1984;85;Artisanes, commerçantes, cheffes d'entreprise;10976;43229;4,9
FM ; F ; 1976_1984;85;Cadres et prof. intellectuelles supérieures;9102;50661;5,4
FM ; F ; 1976_1984;85;Employées;10537;42602;5,1
FM ; F ; 1976_1984;85;Ensemble;10696;40570;5,1
FM ; F ; 1976_1984;85;Inactives non retraitées;10704;38612;5,1
FM ; F ; 1976_1984;85;Ouvrières;11674;37375;4,8
FM ; F ; 1976_1984;85;Professions intermédiaires;9964;45126;5,3
FM ; F ; 1976_1984;86;Agricultrices;13431;35935;4,2
FM ; F ; 1976_1984;86;Artisanes, commerçantes, cheffes d'entreprise;12286;38484;4,5
FM ; F ; 1976_1984;86;Cadres et prof. intellectuelles supérieures;10293;46050;5
FM ; F ; 1976_1984;86;Employées;11745;38113;4,7
FM ; F ; 1976_1984;86;Ensemble;11866;36230;4,7
FM ; F ; 1976_1984;86;Inactives non retraitées;11866;34479;4,7
FM ; F ; 1976_1984;86;Ouvrières;12904;33011;4,4
FM ; F ; 1976_1984;86;Professions intermédiaires;11107;40629;4,9
FM ; F ; 1976_1984;87;Agricultrices;15074;31108;3,9
FM ; F ; 1976_1984;87;Artisanes, commerçantes, cheffes d'entreprise;13820;33756;4,1
FM ; F ; 1976_1984;87;Cadres et prof. intellectuelles supérieures;11712;41310;4,6
FM ; F ; 1976_1984;87;Employées;13167;33637;4,3
FM ; F ; 1976_1984;87;Ensemble;13244;31931;4,3
FM ; F ; 1976_1984;87;Inactives non retraitées;13244;30388;4,3
FM ; F ; 1976_1984;87;Ouvrières;14343;28751;4,1
FM ; F ; 1976_1984;87;Professions intermédiaires;12455;36117;4,5
FM ; F ; 1976_1984;88;Agricultrices;16727;26419;3,6
FM ; F ; 1976_1984;88;Artisanes, commerçantes, cheffes d'entreprise;15382;29091;3,8
FM ; F ; 1976_1984;88;Cadres et prof. intellectuelles supérieures;13196;36472;4,2
FM ; F ; 1976_1984;88;Employées;14617;29208;4
FM ; F ; 1976_1984;88;Ensemble;14643;27702;4
FM ; F ; 1976_1984;88;Inactives non retraitées;14643;26363;4
FM ; F ; 1976_1984;88;Ouvrières;15786;24628;3,8
FM ; F ; 1976_1984;88;Professions intermédiaires;13836;31618;4,1
FM ; F ; 1976_1984;89;Agricultrices;18384;22000;3,3
FM ; F ; 1976_1984;89;Artisanes, commerçantes, cheffes d'entreprise;16967;24616;3,5
FM ; F ; 1976_1984;89;Cadres et prof. intellectuelles supérieures;14743;31659;3,8
FM ; F ; 1976_1984;89;Employées;16066;24939;3,6
FM ; F ; 1976_1984;89;Ensemble;16066;23646;3,6
FM ; F ; 1976_1984;89;Inactives non retraitées;16066;22503;3,6
FM ; F ; 1976_1984;89;Ouvrières;17237;20740;3,5
FM ; F ; 1976_1984;89;Professions intermédiaires;15252;27244;3,8
FM ; F ; 1976_1984;90;Agricultrices;20034;17956;3
FM ; F ; 1976_1984;90;Artisanes, commerçantes, cheffes d'entreprise;18626;20440;3,2
FM ; F ; 1976_1984;90;Cadres et prof. intellectuelles supérieures;16545;26992;3,4
FM ; F ; 1976_1984;90;Employées;17724;20932;3,3
FM ; F ; 1976_1984;90;Ensemble;17724;19847;3,3
FM ; F ; 1976_1984;90;Inactives non retraitées;17724;18887;3,3
FM ; F ; 1976_1984;90;Ouvrières;18895;17165;3,2
FM ; F ; 1976_1984;90;Professions intermédiaires;16906;23088;3,4
FM ; F ; 1976_1984;91;Agricultrices;21662;14358;-
FM ; F ; 1976_1984;91;Artisanes, commerçantes, cheffes d'entreprise;20287;16633;-
FM ; F ; 1976_1984;91;Cadres et prof. intellectuelles supérieures;18397;22526;-
FM ; F ; 1976_1984;91;Employées;19401;17222;-
FM ; F ; 1976_1984;91;Ensemble;19401;16329;-
FM ; F ; 1976_1984;91;Inactives non retraitées;19401;15540;-
FM ; F ; 1976_1984;91;Ouvrières;20550;13922;-
FM ; F ; 1976_1984;91;Professions intermédiaires;18593;19185;-
FM ; F ; 1976_1984;92;Agricultrices;23708;11248;-
FM ; F ; 1976_1984;92;Artisanes, commerçantes, cheffes d'entreprise;22365;13258;-
FM ; F ; 1976_1984;92;Cadres et prof. intellectuelles supérieures;20674;18382;-
FM ; F ; 1976_1984;92;Employées;21495;13881;-
FM ; F ; 1976_1984;92;Ensemble;21495;13161;-
FM ; F ; 1976_1984;92;Inactives non retraitées;21495;12525;-
FM ; F ; 1976_1984;92;Ouvrières;22623;11061;-
FM ; F ; 1976_1984;92;Professions intermédiaires;20697;15618;-
FM ; F ; 1976_1984;93;Agricultrices;25656;8581;-
FM ; F ; 1976_1984;93;Artisanes, commerçantes, cheffes d'entreprise;24380;10293;-
FM ; F ; 1976_1984;93;Cadres et prof. intellectuelles supérieures;22930;14582;-
FM ; F ; 1976_1984;93;Employées;23548;10897;-
FM ; F ; 1976_1984;93;Ensemble;23548;10332;-
FM ; F ; 1976_1984;93;Inactives non retraitées;23548;9833;-
FM ; F ; 1976_1984;93;Ouvrières;24626;8558;-
FM ; F ; 1976_1984;93;Professions intermédiaires;22782;12385;-
FM ; F ; 1976_1984;94;Agricultrices;27313;6380;-
FM ; F ; 1976_1984;94;Artisanes, commerçantes, cheffes d'entreprise;26144;7784;-
FM ; F ; 1976_1984;94;Cadres et prof. intellectuelles supérieures;24966;11238;-
FM ; F ; 1976_1984;94;Employées;25377;8331;-
FM ; F ; 1976_1984;94;Ensemble;25377;7899;-
FM ; F ; 1976_1984;94;Inactives non retraitées;25377;7517;-
FM ; F ; 1976_1984;94;Ouvrières;26370;6451;-
FM ; F ; 1976_1984;94;Professions intermédiaires;24668;9564;-
FM ; F ; 1976_1984;95;Agricultrices;28551;4637;-
FM ; F ; 1976_1984;95;Artisanes, commerçantes, cheffes d'entreprise;27529;5749;-
FM ; F ; 1976_1984;95;Cadres et prof. intellectuelles supérieures;26635;8432;-
FM ; F ; 1976_1984;95;Employées;26854;6217;-
FM ; F ; 1976_1984;95;Ensemble;26854;5895;-
FM ; F ; 1976_1984;95;Inactives non retraitées;26854;5610;-
FM ; F ; 1976_1984;95;Ouvrières;27727;4750;-
FM ; F ; 1976_1984;95;Professions intermédiaires;26227;7205;-
FM ; F ; 1976_1984;96;Agricultrices;30197;3313;-
FM ; F ; 1976_1984;96;Artisanes, commerçantes, cheffes d'entreprise;29329;4166;-
FM ; F ; 1976_1984;96;Cadres et prof. intellectuelles supérieures;28698;6186;-
FM ; F ; 1976_1984;96;Employées;28753;4547;-
FM ; F ; 1976_1984;96;Ensemble;28753;4312;-
FM ; F ; 1976_1984;96;Inactives non retraitées;28753;4103;-
FM ; F ; 1976_1984;96;Ouvrières;29498;3433;-
FM ; F ; 1976_1984;96;Professions intermédiaires;28215;5315;-
FM ; F ; 1976_1984;97;Agricultrices;31559;2313;-
FM ; F ; 1976_1984;97;Artisanes, commerçantes, cheffes d'entreprise;30877;2944;-
FM ; F ; 1976_1984;97;Cadres et prof. intellectuelles supérieures;30420;4411;-
FM ; F ; 1976_1984;97;Employées;30420;3240;-
FM ; F ; 1976_1984;97;Ensemble;30420;3072;-
FM ; F ; 1976_1984;97;Inactives non retraitées;30420;2923;-
FM ; F ; 1976_1984;97;Ouvrières;31010;2420;-
FM ; F ; 1976_1984;97;Professions intermédiaires;29992;3815;-
FM ; F ; 1976_1984;98;Agricultrices;34069;1583;-
FM ; F ; 1976_1984;98;Artisanes, commerçantes, cheffes d'entreprise;33576;2035;-
FM ; F ; 1976_1984;98;Cadres et prof. intellectuelles supérieures;33245;3069;-
FM ; F ; 1976_1984;98;Employées;33245;2254;-
FM ; F ; 1976_1984;98;Ensemble;33245;2137;-
FM ; F ; 1976_1984;98;Inactives non retraitées;33245;2034;-
FM ; F ; 1976_1984;98;Ouvrières;33673;1670;-
FM ; F ; 1976_1984;98;Professions intermédiaires;32932;2671;-
FM ; F ; 1976_1984;99;Agricultrices;36212;1044;-
FM ; F ; 1976_1984;99;Artisanes, commerçantes, cheffes d'entreprise;35949;1352;-
FM ; F ; 1976_1984;99;Cadres et prof. intellectuelles supérieures;35771;2049;-
FM ; F ; 1976_1984;99;Employées;35771;1505;-
FM ; F ; 1976_1984;99;Ensemble;35771;1427;-
FM ; F ; 1976_1984;99;Inactives non retraitées;35771;1358;-
FM ; F ; 1976_1984;99;Ouvrières;36001;1107;-
FM ; F ; 1976_1984;99;Professions intermédiaires;35603;1791;-
FM ; F ; 1976_1984;100;Agricultrices;43350;666;-
FM ; F ; 1976_1984;100;Artisanes, commerçantes, cheffes d'entreprise;43350;866;-
FM ; F ; 1976_1984;100;Cadres et prof. intellectuelles supérieures;43350;1316;-
FM ; F ; 1976_1984;100;Employées;43350;967;-
FM ; F ; 1976_1984;100;Ensemble;43350;916;-
FM ; F ; 1976_1984;100;Inactives non retraitées;43350;872;-
FM ; F ; 1976_1984;100;Ouvrières;43350;709;-
FM ; F ; 1976_1984;100;Professions intermédiaires;43350;1154;-
FE ; H; 2020_2022;30;Agriculteurs;51,03285152;100000;52,02506831
FE ; H; 2020_2022;30;Artisans, commerçants, chefs d'entreprise;61,45523896;100000;51,20494605
FE ; H; 2020_2022;30;Cadres et prof. intellectuelles supérieures;33,45039163;100000;53,84991316
FE ; H; 2020_2022;30;Employés;81,06105146;100000;49,84836249
FE ; H; 2020_2022;30;Ensemble;75,43525593;100000;50,07211183
FE ; H; 2020_2022;30;Inactifs non retraités;333,080444;100000;38,27636972
FE ; H; 2020_2022;30;Ouvriers;109,4107996;100000;48,26613149
FE ; H; 2020_2022;30;Professions intermédiaires;46,55882794;100000;52,26172549
FE ; H; 2020_2022;31;Agriculteurs;53,65953249;99948,96715;51,05163174
FE ; H; 2020_2022;31;Artisans, commerçants, chefs d'entreprise;64,61836431;99938,54476;50,23643353
FE ; H; 2020_2022;31;Cadres et prof. intellectuelles supérieures;35,17209646;99966,54961;52,86793219
FE ; H; 2020_2022;31;Employés;85,2332957;99918,93895;48,88880288
FE ; H; 2020_2022;31;Ensemble;79,31793826;99924,56474;49,10991237
FE ; H; 2020_2022;31;Inactifs non retraités;350,2242256;99666,91956;37,40428689
FE ; H; 2020_2022;31;Ouvriers;115,0422166;99890,5892;47,31899769
FE ; H; 2020_2022;31;Professions intermédiaires;48,95522915;99953,44117;51,28606927
FE ; H; 2020_2022;32;Agriculteurs;56,90150038;99895,335;50,07904051
FE ; H; 2020_2022;32;Artisans, commerçants, chefs d'entreprise;68,52243602;99873,96611;49,26891648
FE ; H; 2020_2022;32;Cadres et prof. intellectuelles supérieures;37,29710207;99931,38928;51,8865335
FE ; H; 2020_2022;32;Employés;90,38286737;99833,77474;47,93050796
FE ; H; 2020_2022;32;Ensemble;84,11011959;99845,30664;48,14889626
FE ; H; 2020_2022;32;Inactifs non retraités;371,3838526;99317,86186;36,53574617
FE ; H; 2020_2022;32;Ouvriers;121,9927649;99775,67285;46,37349721
FE ; H; 2020_2022;32;Professions intermédiaires;51,91297541;99904,50874;50,31118878
FE ; H; 2020_2022;33;Agriculteurs;60,55612051;99838,49306;49,10755246
FE ; H; 2020_2022;33;Artisans, commerçants, chefs d'entreprise;72,9234355;99805,53003;48,30269989
FE ; H; 2020_2022;33;Cadres et prof. intellectuelles supérieures;39,69258793;99894,11776;50,90589289
FE ; H; 2020_2022;33;Employés;96,18789964;99743,54212;46,97386812
FE ; H; 2020_2022;33;Ensemble;89,51227126;99761,32663;47,18942845
FE ; H; 2020_2022;33;Inactifs non retraités;395,236772;98949,01136;35,67193983
FE ; H; 2020_2022;33;Ouvriers;129,8280102;99653,95375;45,43013862
FE ; H; 2020_2022;33;Professions intermédiaires;55,24719688;99852,64533;49,33732038
FE ; H; 2020_2022;34;Agriculteurs;64,73262717;99778,03474;48,13730811
FE ; H; 2020_2022;34;Artisans, commerçants, chefs d'entreprise;77,95290587;99732,74841;47,33794958
FE ; H; 2020_2022;34;Cadres et prof. intellectuelles supérieures;42,43015362;99854,4672;49,92610678
FE ; H; 2020_2022;34;Employés;102,8219013;99647,6009;46,0190948
FE ; H; 2020_2022;34;Ensemble;95,68586022;99672,028;46,23170662
FE ; H; 2020_2022;34;Inactifs non retraités;422,4959326;98557,92848;34,81348791
FE ; H; 2020_2022;34;Ouvriers;138,7821431;99524,57501;44,48919634
FE ; H; 2020_2022;34;Professions intermédiaires;59,05755137;99797,47955;48,36459294
FE ; H; 2020_2022;35;Agriculteurs;69,08295463;99713,44579;47,16848884
FE ; H; 2020_2022;35;Artisans, commerçants, chefs d'entreprise;83,1916963;99655,00384;46,37487968
FE ; H; 2020_2022;35;Cadres et prof. intellectuelles supérieures;45,28165326;99812,0988;48,94729949
FE ; H; 2020_2022;35;Employés;109,7320015;99545,14134;45,06646121
FE ; H; 2020_2022;35;Ensemble;102,116386;99576,65597;45,2759862
FE ; H; 2020_2022;35;Inactifs non retraités;450,8895841;98141,52524;33,96119754
FE ; H; 2020_2022;35;Ouvriers;148,1089354;99386,45267;43,55102521
FE ; H; 2020_2022;35;Professions intermédiaires;63,02648789;99738,5416;47,39317276
FE ; H; 2020_2022;36;Agriculteurs;73,87087492;99644,5608;46,20109675
FE ; H; 2020_2022;36;Artisans, commerçants, chefs d'entreprise;88,95715653;99572,09915;45,41349185
FE ; H; 2020_2022;36;Cadres et prof. intellectuelles supérieures;48,16723539;99766,90223;47,96947368
FE ; H; 2020_2022;36;Employés;116,583908;99435,90846;44,11596787
FE ; H; 2020_2022;36;Ensemble;109,3226942;99474,97188;44,32226766
FE ; H; 2020_2022;36;Inactifs non retraités;490,4824852;97699,01532;33,11501861
FE ; H; 2020_2022;36;Ouvriers;157,0852251;99239,25245;42,61562385
FE ; H; 2020_2022;36;Professions intermédiaires;67,67908136;99675,6799;46,42306185
FE ; H; 2020_2022;37;Agriculteurs;79,11700863;99570,95249;45,23525114
FE ; H; 2020_2022;37;Artisans, commerçants, chefs d'entreprise;95,29357967;99483,52264;44,45392637
FE ; H; 2020_2022;37;Cadres et prof. intellectuelles supérieures;51,25641466;99718,84727;46,99259039
FE ; H; 2020_2022;37;Employés;124,0329691;99319,9822;43,16746002
FE ; H; 2020_2022;37;Ensemble;117,2371168;99366,22316;43,37077498
FE ; H; 2020_2022;37;Inactifs non retraités;532,953223;97219,81877;32,27824256
FE ; H; 2020_2022;37;Ouvriers;166,7128186;99083,36225;41,68267202
FE ; H; 2020_2022;37;Professions intermédiaires;72,74256866;99608,22031;45,45450183
FE ; H; 2020_2022;38;Agriculteurs;84,89250484;99492,17493;44,27106825
FE ; H; 2020_2022;38;Artisans, commerçants, chefs d'entreprise;102,2867971;99388,72123;43,49632851
FE ; H; 2020_2022;38;Cadres et prof. intellectuelles supérieures;54,5955453;99667,73497;46,01668946
FE ; H; 2020_2022;38;Employés;132,1825639;99196,79267;42,22106839
FE ; H; 2020_2022;38;Ensemble;126,2946724;99249,72907;42,42168131
FE ; H; 2020_2022;38;Inactifs non retraités;578,6210501;96701,68261;31,45119224
FE ; H; 2020_2022;38;Ouvriers;177,1142592;98918,17758;40,75227842
FE ; H; 2020_2022;38;Professions intermédiaires;78,28589987;99535,76274;44,48759067
FE ; H; 2020_2022;39;Agriculteurs;91,21591802;99407,71353;43,308683
FE ; H; 2020_2022;39;Artisans, commerçants, chefs d'entreprise;109,9588997;99287,05969;42,54086507
FE ; H; 2020_2022;39;Cadres et prof. intellectuelles supérieures;58,1988518;99613,32082;45,04182624
FE ; H; 2020_2022;39;Employés;141,0539681;99065,67181;41,27695115
FE ; H; 2020_2022;39;Ensemble;135,4532623;99124,38195;41,47532539
FE ; H; 2020_2022;39;Inactifs non retraités;627,4173082;96142,14632;30,63423458
FE ; H; 2020_2022;39;Ouvriers;188,3001054;98742,97938;39,82458458
FE ; H; 2020_2022;39;Professions intermédiaires;84,33103572;99457,84027;43,52244547
FE ; H; 2020_2022;40;Agriculteurs;98,08738206;99317,03787;42,34822348
FE ; H; 2020_2022;40;Artisans, commerçants, chefs d'entreprise;118,3091252;99177,88473;41,58769403
FE ; H; 2020_2022;40;Cadres et prof. intellectuelles supérieures;62,07205199;99555,34702;44,06805533
FE ; H; 2020_2022;40;Employés;150,6422038;98925,93575;40,33525617
FE ; H; 2020_2022;40;Ensemble;145,7934383;98990,11474;40,53158127
FE ; H; 2020_2022;40;Inactifs non retraités;679,1003919;95538,93385;29,8276526
FE ; H; 2020_2022;40;Ouvriers;200,2452553;98557,04625;38,89971578
FE ; H; 2020_2022;40;Professions intermédiaires;90,88433453;99373,96644;42,55917938
FE ; H; 2020_2022;41;Agriculteurs;105,7549141;99219,62039;41,38980253
FE ; H; 2020_2022;41;Artisans, commerçants, chefs d'entreprise;127,6349428;99060,54824;40,63695435
FE ; H; 2020_2022;41;Cadres et prof. intellectuelles supérieures;66,38084378;99493,55097;43,09542627
FE ; H; 2020_2022;41;Employés;161,3238542;98776,91154;39,39610976
FE ; H; 2020_2022;41;Ensemble;157,1839407;98845,79365;39,59075993
FE ; H; 2020_2022;41;Inactifs non retraités;735,1044075;94890,12858;29,0315973
FE ; H; 2020_2022;41;Ouvriers;213,4297344;98359,69044;37,97776691
FE ; H; 2020_2022;41;Professions intermédiaires;98,18413765;99283,65107;41,59789419
FE ; H; 2020_2022;42;Agriculteurs;114,3556785;99114,69077;40,43362062
FE ; H; 2020_2022;42;Artisans, commerçants, chefs d'entreprise;138,0994779;98934,11237;39,68888759
FE ; H; 2020_2022;42;Cadres et prof. intellectuelles supérieures;71,22231716;99427,50631;42,12405238
FE ; H; 2020_2022;42;Employés;173,3016261;98617,56082;38,45976778
FE ; H; 2020_2022;42;Ensemble;169,2899498;98690,42393;38,65308822
FE ; H; 2020_2022;42;Inactifs non retraités;796,0588122;94192,58706;28,24659027
FE ; H; 2020_2022;42;Ouvriers;228,095226;98149,76161;37,05899613
FE ; H; 2020_2022;42;Professions intermédiaires;106,3698391;99186,17028;40,63877686
FE ; H; 2020_2022;43;Agriculteurs;124,0559128;99001,34749;39,4799117
FE ; H; 2020_2022;43;Artisans, commerçants, chefs d'entreprise;149,8998286;98797,48488;38,74377353
FE ; H; 2020_2022;43;Cadres et prof. intellectuelles supérieures;76,71595724;99356,69174;41,15407549
FE ; H; 2020_2022;43;Employés;186,8221123;98446,65498;37,52653489
FE ; H; 2020_2022;43;Ensemble;184,4014303;98523,35097;37,71863498
FE ; H; 2020_2022;43;Inactifs non retraités;862,7278455;93442,75867;27,47325412
FE ; H; 2020_2022;43;Ouvriers;244,5352906;97925,88669;36,14371918
FE ; H; 2020_2022;43;Professions intermédiaires;115,6119296;99080,66611;39,68205029
FE ; H; 2020_2022;44;Agriculteurs;134,8401786;98878,53046;38,5289497
FE ; H; 2020_2022;44;Artisans, commerçants, chefs d'entreprise;163,0118604;98649,38762;37,80193757
FE ; H; 2020_2022;44;Cadres et prof. intellectuelles supérieures;82,87584737;99280,4693;40,18567147
FE ; H; 2020_2022;44;Employés;201,8606903;98262,73486;36,59677398
FE ; H; 2020_2022;44;Ensemble;200,6498226;98341,6725;36,78831717
FE ; H; 2020_2022;44;Inactifs non retraités;934,5299694;92636,60197;26,71233616
FE ; H; 2020_2022;44;Ouvriers;262,6837661;97686,42334;35,23231999
FE ; H; 2020_2022;44;Professions intermédiaires;125,9165006;98966,11704;38,72798058
FE ; H; 2020_2022;45;Agriculteurs;147,1565217;98745,20248;37,58097235
FE ; H; 2020_2022;45;Artisans, commerçants, chefs d'entreprise;177,9693536;98488,57742;36,86365982
FE ; H; 2020_2022;45;Cadres et prof. intellectuelles supérieures;90,01107955;99198,18977;39,21900331
FE ; H; 2020_2022;45;Employés;219,0917251;98064,38103;35,6707979
FE ; H; 2020_2022;45;Ensemble;219,3346761;98144,35011;35,86228128
FE ; H; 2020_2022;45;Inactifs non retraités;1014,000796;91770,88516;25,96432587
FE ; H; 2020_2022;45;Ouvriers;283,3806532;97429,81697;34,32511333
FE ; H; 2020_2022;45;Professions intermédiaires;137,7285668;98841,50237;37,77680698
FE ; H; 2020_2022;46;Agriculteurs;160,705751;98599,89247;36,6363567
FE ; H; 2020_2022;46;Artisans, commerçants, chefs d'entreprise;194,3995769;98313,29793;35,92938281
FE ; H; 2020_2022;46;Cadres et prof. intellectuelles supérieures;97,98506006;99108,90041;38,25433656
FE ; H; 2020_2022;46;Employés;238,0789443;97849,53008;34,74912127
FE ; H; 2020_2022;46;Ensemble;238,9610503;97929,08551;34,9411126
FE ; H; 2020_2022;46;Inactifs non retraités;1098,401279;90840,32766;25,23030133
FE ; H; 2020_2022;46;Ouvriers;306,0190775;97153,71971;33,42266049
FE ; H; 2020_2022;46;Professions intermédiaires;150,8028241;98705,36938;36,82890819
FE ; H; 2020_2022;47;Agriculteurs;176,057737;98441,43677;35,6953282
FE ; H; 2020_2022;47;Artisans, commerçants, chefs d'entreprise;212,9768104;98122,1773;34,99936542
FE ; H; 2020_2022;47;Cadres et prof. intellectuelles supérieures;107,2103134;99011,78849;37,29185686
FE ; H; 2020_2022;47;Employés;259,6890021;97616,57095;33,83204904
FE ; H; 2020_2022;47;Ensemble;262,6727673;97695,07314;34,02480825
FE ; H; 2020_2022;47;Inactifs non retraités;1190,858549;89842,53634;24,51050909
FE ; H; 2020_2022;47;Ouvriers;331,6736219;96856,4108;32,52525416
FE ; H; 2020_2022;47;Professions intermédiaires;165,7175021;98556,5189;35,88453111
FE ; H; 2020_2022;48;Agriculteurs;193,2432875;98268,12301;34,75828343
FE ; H; 2020_2022;48;Artisans, commerçants, chefs d'entreprise;233,718345;97913,19981;34,07406505
FE ; H; 2020_2022;48;Cadres et prof. intellectuelles supérieures;117,7922493;98905,63764;36,33188049
FE ; H; 2020_2022;48;Employés;283,9972786;97363,07145;32,9201359
FE ; H; 2020_2022;48;Ensemble;287,1442737;97438,45479;33,11441753
FE ; H; 2020_2022;48;Inactifs non retraités;1290,6492;88772,63881;23,80591242
FE ; H; 2020_2022;48;Ouvriers;360,3910601;96535,16363;31,63349084
FE ; H; 2020_2022;48;Professions intermédiaires;182,5592586;98393,19349;34,94409676
FE ; H; 2020_2022;49;Agriculteurs;212,6170602;98078,22646;33,82558153
FE ; H; 2020_2022;49;Artisans, commerçants, chefs d'entreprise;257,0267396;97684,3587;33,15388895
FE ; H; 2020_2022;49;Cadres et prof. intellectuelles supérieures;130,0636446;98789,13447;35,3747271
FE ; H; 2020_2022;49;Employés;311,571925;97086,56298;32,01389447
FE ; H; 2020_2022;49;Ensemble;317,0348215;97158,66585;32,20977751
FE ; H; 2020_2022;49;Inactifs non retraités;1399,080131;87626,89546;23,11718062
FE ; H; 2020_2022;49;Ouvriers;392,8431797;96187,25953;30,74790746
FE ; H; 2020_2022;49;Professions intermédiaires;201,7362883;98213,56761;34,00800712
FE ; H; 2020_2022;50;Agriculteurs;233,8849055;97869,69542;32,89765372
FE ; H; 2020_2022;50;Artisans, commerçants, chefs d'entreprise;282,5124508;97433,28378;32,2393229
FE ; H; 2020_2022;50;Cadres et prof. intellectuelles supérieures;143,9981783;98660,64572;34,42079667
FE ; H; 2020_2022;50;Employés;342,0492611;96784,06851;31,11395253
FE ; H; 2020_2022;50;Ensemble;349,5873481;96850,63904;31,31221849
FE ; H; 2020_2022;50;Inactifs non retraités;1513,031467;86400,92497;22,44519772
FE ; H; 2020_2022;50;Ouvriers;428,5241097;95809,39444;29,86917491
FE ; H; 2020_2022;50;Professions intermédiaires;223,0612737;98015,4352;33,0767523
FE ; H; 2020_2022;51;Agriculteurs;257,2780169;97640,79297;31,97477675
FE ; H; 2020_2022;51;Artisans, commerçants, chefs d'entreprise;310,4147941;97158,02262;31,33066104
FE ; H; 2020_2022;51;Cadres et prof. intellectuelles supérieures;159,9138728;98518,57619;33,47043347
FE ; H; 2020_2022;51;Employés;375,8413757;96453,01932;30,22074285
FE ; H; 2020_2022;51;Ensemble;385,7246559;96512,06146;30,42206606
FE ; H; 2020_2022;51;Inactifs non retraités;1632,772483;85093,65179;21,79001786
FE ; H; 2020_2022;51;Ouvriers;467,9119271;95398,82809;28,99772238
FE ; H; 2020_2022;51;Professions intermédiaires;246,8520406;97796,80073;32,15069867
FE ; H; 2020_2022;52;Agriculteurs;282,4790063;97389,58467;31,05725301
FE ; H; 2020_2022;52;Artisans, commerçants, chefs d'entreprise;340,3104317;96856,42975;30,42821888
FE ; H; 2020_2022;52;Cadres et prof. intellectuelles supérieures;177,7534246;98361,03132;32,52404307
FE ; H; 2020_2022;52;Employés;412,5029653;96090,50896;29,3347534
FE ; H; 2020_2022;52;Ensemble;423,6259975;96139,79065;29,53986585
FE ; H; 2020_2022;52;Inactifs non retraités;1754,956632;83704,26606;21,1517048
FE ; H; 2020_2022;52;Ouvriers;510,4082098;94952,44559;28,13404405
FE ; H; 2020_2022;52;Professions intermédiaires;272,8707104;97555,38733;31,23025972
FE ; H; 2020_2022;53;Agriculteurs;309,7366197;97114,47954;30,14523175
FE ; H; 2020_2022;53;Artisans, commerçants, chefs d'entreprise;372,4552074;96526,81721;29,53212288
FE ; H; 2020_2022;53;Cadres et prof. intellectuelles supérieures;197,8060924;98186,19121;31,58195861
FE ; H; 2020_2022;53;Employés;452,3906093;95694,13276;28,45626135
FE ; H; 2020_2022;53;Ensemble;463,8338564;95732,5175;28,66553678
FE ; H; 2020_2022;53;Inactifs non retraités;1879,799965;82235,29249;20,52953887
FE ; H; 2020_2022;53;Ouvriers;556,4187726;94467,80052;27,27837922
FE ; H; 2020_2022;53;Professions intermédiaires;301,4094203;97289,18725;30,31571113
FE ; H; 2020_2022;54;Agriculteurs;339,3941706;96813,68044;29,23889268
FE ; H; 2020_2022;54;Artisans, commerçants, chefs d'entreprise;407,2108869;96167,29805;28,64252802
FE ; H; 2020_2022;54;Cadres et prof. intellectuelles supérieures;220,4352585;97991,97295;30,64455347
FE ; H; 2020_2022;54;Employés;495,9801251;95261,22149;27,58557983
FE ; H; 2020_2022;54;Ensemble;506,8321406;95288,47767;27,79911683
FE ; H; 2020_2022;54;Inactifs non retraités;2007,916481;80689,43349;19,92284654
FE ; H; 2020_2022;54;Ouvriers;606,4920139;93942,16394;26,43101051
FE ; H; 2020_2022;54;Professions intermédiaires;332,8519952;96995,94847;29,40736178
FE ; H; 2020_2022;55;Agriculteurs;371,7292156;96485,10045;28,33846572
FE ; H; 2020_2022;55;Artisans, commerçants, chefs d'entreprise;444,8507573;95775,69435;27,75964041
FE ; H; 2020_2022;55;Cadres et prof. intellectuelles supérieures;245,977003;97775,96409;29,71225411
FE ; H; 2020_2022;55;Employés;543,6279747;94788,74477;26,7230808
FE ; H; 2020_2022;55;Ensemble;554,0155702;94805,52504;26,94072943
FE ; H; 2020_2022;55;Inactifs non retraités;2139,316872;79069,25706;19,33107759
FE ; H; 2020_2022;55;Ouvriers;661,0261981;93372,41222;25,59229063
FE ; H; 2020_2022;55;Professions intermédiaires;367,5167795;96673,09552;28,50557166
FE ; H; 2020_2022;56;Agriculteurs;407,3455915;96126,43714;27,44420113
FE ; H; 2020_2022;56;Artisans, commerçants, chefs d'entreprise;486,0270774;95349,63545;26,88368117
FE ; H; 2020_2022;56;Cadres et prof. intellectuelles supérieures;274,9988047;97535,4577;28,78551963
FE ; H; 2020_2022;56;Employés;596,1386316;94273,44663;25,86914901
FE ; H; 2020_2022;56;Ensemble;606,8628494;94280,28767;26,09081677
FE ; H; 2020_2022;56;Inactifs non retraités;2275,64875;77377,7151;18,75367122
FE ; H; 2020_2022;56;Ouvriers;720,9615159;92755,19611;24,76258808
FE ; H; 2020_2022;56;Professions intermédiaires;406,041606;96317,80568;27,61072086
FE ; H; 2020_2022;57;Agriculteurs;446,5429834;95734,87034;26,55645111
FE ; H; 2020_2022;57;Artisans, commerçants, chefs d'entreprise;531,0136997;94886,2104;26,0149813
FE ; H; 2020_2022;57;Cadres et prof. intellectuelles supérieures;307,8840348;97267,23636;27,86489776
FE ; H; 2020_2022;57;Employés;653,8350468;93711,4462;25,02428986
FE ; H; 2020_2022;57;Ensemble;662,9053494;93708,13563;25,25011899
FE ; H; 2020_2022;57;Inactifs non retraités;2416,504217;75616,8701;18,19037679
FE ; H; 2020_2022;57;Ouvriers;786,6495024;92086,46684;23,94241329
FE ; H; 2020_2022;57;Professions intermédiaires;448,7591844;95926,71531;26,72328895
FE ; H; 2020_2022;58;Agriculteurs;490,1710634;95307,37299;25,675569
FE ; H; 2020_2022;58;Artisans, commerçants, chefs d'entreprise;580,7221345;94382,35162;25,15386189
FE ; H; 2020_2022;58;Cadres et prof. intellectuelles supérieures;345,4069834;96967,76607;26,95095428
FE ; H; 2020_2022;58;Employés;717,7982772;93098,72792;24,18898427
FE ; H; 2020_2022;58;Ensemble;724,9606642;93086,93939;24,41862039
FE ; H; 2020_2022;58;Inactifs non retraités;2564,153317;73789,58524;17,64083331
FE ; H; 2020_2022;58;Ouvriers;859,3547925;91362,06911;23,13224951
FE ; H; 2020_2022;58;Professions intermédiaires;496,544316;95496,23537;25,84375276
FE ; H; 2020_2022;59;Agriculteurs;538,8798224;94840,20383;24,80204315
FE ; H; 2020_2022;59;Artisans, commerçants, chefs d'entreprise;635,8024045;93834,25242;24,30078917
FE ; H; 2020_2022;59;Cadres et prof. intellectuelles supérieures;388,2269083;96632,83263;26,04436742
FE ; H; 2020_2022;59;Employés;788,7569782;92430,46686;23,36386769
FE ; H; 2020_2022;59;Ensemble;791,0061772;92412,09569;23,59693851
FE ; H; 2020_2022;59;Inactifs non retraités;2719,26721;71897,50714;17,10507519
FE ; H; 2020_2022;59;Ouvriers;939,9126937;90576,94479;22,3327607
FE ; H; 2020_2022;59;Professions intermédiaires;550,0629698;95022,05424;24,97271882
FE ; H; 2020_2022;60;Agriculteurs;593,3862152;94329,12911;23,93642048
FE ; H; 2020_2022;60;Artisans, commerçants, chefs d'entreprise;696,9579032;93237,65198;23,4562828
FE ; H; 2020_2022;60;Cadres et prof. intellectuelles supérieures;437,0583735;96257,67797;25,14587273
FE ; H; 2020_2022;60;Employés;867,4603415;91701,4151;22,54961694
FE ; H; 2020_2022;60;Ensemble;866,2833051;91681,11031;22,78507997
FE ; H; 2020_2022;60;Inactifs non retraités;2882,400557;69942,42181;16,58320965
FE ; H; 2020_2022;60;Ouvriers;1029,185761;89725,60059;21,54466083
FE ; H; 2020_2022;60;Professions intermédiaires;610,0285135;94499,3731;24,11084427
FE ; H; 2020_2022;61;Agriculteurs;653,6519531;93769,39306;23,07930375
FE ; H; 2020_2022;61;Artisans, commerçants, chefs d'entreprise;763,9797748;92587,8248;22,62091061
FE ; H; 2020_2022;61;Cadres et prof. intellectuelles supérieures;492,0419628;95836,97573;24,25625732
FE ; H; 2020_2022;61;Employés;953,4579735;90905,94169;21,7469376
FE ; H; 2020_2022;61;Ensemble;950,4222832;90886,89215;21,98418815
FE ; H; 2020_2022;61;Inactifs non retraités;3050,108524;67926,40105;16,07539081
FE ; H; 2020_2022;61;Ouvriers;1126,625572;88802,15748;20,76870121
FE ; H; 2020_2022;61;Professions intermédiaires;676,3409284;93922,89998;23,25883005
FE ; H; 2020_2022;62;Agriculteurs;720,1726248;93156,46759;22,23115465
FE ; H; 2020_2022;62;Artisans, commerçants, chefs d'entreprise;837,2660897;91880,47254;21,79506026
FE ; H; 2020_2022;62;Cadres et prof. intellectuelles supérieures;553,6539118;95365,41759;23,37619844
FE ; H; 2020_2022;62;Employés;1046,969302;90039,19174;20,95628151
FE ; H; 2020_2022;62;Ensemble;1041,032874;90023,08288;21,19513567
FE ; H; 2020_2022;62;Inactifs non retraités;3221,467682;65854,5721;15,58113337
FE ; H; 2020_2022;62;Ouvriers;1232,504218;87801,68967;20,00535288
FE ; H; 2020_2022;62;Professions intermédiaires;749,3911236;93287,66097;22,41721023
FE ; H; 2020_2022;63;Agriculteurs;792,5981592;92485,58021;21,39241872
FE ; H; 2020_2022;63;Artisans, commerçants, chefs d'entreprise;916,2098897;91111,1885;20,97908367
FE ; H; 2020_2022;63;Cadres et prof. intellectuelles supérieures;621,642785;94837,42323;22,50634223
FE ; H; 2020_2022;63;Employés;1146,858602;89096,50904;20,17800876
FE ; H; 2020_2022;63;Ensemble;1134,904672;89085,91299;20,41810518
FE ; H; 2020_2022;63;Inactifs non retraités;3391,69603;63733,08835;15,09978267
FE ; H; 2020_2022;63;Ouvriers;1345,524791;86719,53014;19,25499657
FE ; H; 2020_2022;63;Professions intermédiaires;828,6218983;92588,57152;21,58647124
FE ; H; 2020_2022;64;Agriculteurs;870,81561;91752,5412;20,56332927
FE ; H; 2020_2022;64;Artisans, commerçants, chefs d'entreprise;1000,471241;90276,41878;20,17307347
FE ; H; 2020_2022;64;Cadres et prof. intellectuelles supérieures;695,8046059;94247,87323;21,64712645
FE ; H; 2020_2022;64;Employés;1252,210179;88074,69807;19,41210677
FE ; H; 2020_2022;64;Ensemble;1233,49463;88074,8728;19,65249127
FE ; H; 2020_2022;64;Inactifs non retraités;3557,432557;61571,45572;14,62990141
FE ; H; 2020_2022;64;Ouvriers;1464,690287;85552,69736;18,51761086
FE ; H; 2020_2022;64;Professions intermédiaires;913,6328821;91821,36234;20,76683601
FE ; H; 2020_2022;65;Agriculteurs;954,6128226;90953,54575;19,74397101
FE ; H; 2020_2022;65;Artisans, commerçants, chefs d'entreprise;1089,586357;89373,22918;19,37693888
FE ; H; 2020_2022;65;Cadres et prof. intellectuelles supérieures;775,7040985;93592,09219;20,79880353
FE ; H; 2020_2022;65;Employés;1361,83604;86971,81773;18,65826962
FE ; H; 2020_2022;65;Ensemble;1335,413523;86988,47398;18,89793118
FE ; H; 2020_2022;65;Inactifs non retraités;3715,231774;59381,09271;14,16954785
FE ; H; 2020_2022;65;Ouvriers;1588,722187;84299,61532;17,79286818
FE ; H; 2020_2022;65;Professions intermédiaires;1003,824712;90982,45218;19,95831809
FE ; H; 2020_2022;66;Agriculteurs;1044,349144;90085,29154;18,93426607
FE ; H; 2020_2022;66;Artisans, commerçants, chefs d'entreprise;1183,735017;88399,43066;18,59039313
FE ; H; 2020_2022;66;Cadres et prof. intellectuelles supérieures;861,2090539;92866,09449;19,96140199
FE ; H; 2020_2022;66;Employés;1475,242416;85787,40417;17,91587279
FE ; H; 2020_2022;66;Ensemble;1441,670429;85826,81813;18,15371245
FE ; H; 2020_2022;66;Inactifs non retraités;3864,185749;57174,94748;13,71629221
FE ; H; 2020_2022;66;Ouvriers;1717,182065;82960,32862;17,08011091
FE ; H; 2020_2022;66;Professions intermédiaires;1099,104515;90069,14784;19,16069614
FE ; H; 2020_2022;67;Agriculteurs;1139,959261;89144,48657;18,1340928
FE ; H; 2020_2022;67;Artisans, commerçants, chefs d'entreprise;1282,654067;87353,01565;17,81309027
FE ; H; 2020_2022;67;Cadres et prof. intellectuelles supérieures;951,8953502;92066,32328;19,13480475
FE ; H; 2020_2022;67;Employés;1591,497557;84521,832;17,18413283
FE ; H; 2020_2022;67;Ensemble;1549,47613;84589,47827;17,41925744
FE ; H; 2020_2022;67;Inactifs non retraités;4002,355107;54965,60131;13,26761953
FE ; H; 2020_2022;67;Ouvriers;1849,048247;81535,74874;16,37853194
FE ; H; 2020_2022;67;Professions intermédiaires;1198,984772;89079,19377;18,37363262
FE ; H; 2020_2022;68;Agriculteurs;1242,953413;88128,27574;17,34319778
FE ; H; 2020_2022;68;Artisans, commerçants, chefs d'entreprise;1387,912016;86232,57864;17,04453928
FE ; H; 2020_2022;68;Cadres et prof. intellectuelles supérieures;1048,808257;91189,94823;18,31869854
FE ; H; 2020_2022;68;Employés;1712,137398;83176,66911;16,46204079
FE ; H; 2020_2022;68;Ensemble;1660,736491;83278,7845;16,69341264
FE ; H; 2020_2022;68;Inactifs non retraités;4133,914553;52765,68276;12,82077607
FE ; H; 2020_2022;68;Ouvriers;1986,052644;80028,11341;15,68708418
FE ; H; 2020_2022;68;Professions intermédiaires;1304,745241;88011,1478;17,59660305
FE ; H; 2020_2022;69;Agriculteurs;1355,07308;87032,88233;16,56147878
FE ; H; 2020_2022;69;Artisans, commerçants, chefs d'entreprise;1501,313443;85035,74632;16,28443199
FE ; H; 2020_2022;69;Cadres et prof. intellectuelles supérieures;1153,22933;90233,54052;17,51286298
FE ; H; 2020_2022;69;Employés;1838,9702;81752,57025;15,74880331
FE ; H; 2020_2022;69;Ensemble;1773,581269;81895,74334;15,97532811
FE ; H; 2020_2022;69;Inactifs non retraités;4263,087615;50584,39452;12,37363053
FE ; H; 2020_2022;69;Ouvriers;2130,185026;78438,71295;15,00495093
FE ; H; 2020_2022;69;Professions intermédiaires;1417,898406;86862,82654;16,82922907
FE ; H; 2020_2022;70;Agriculteurs;1479,140787;85853,52317;15,78898176
FE ; H; 2020_2022;70;Artisans, commerçants, chefs d'entreprise;1625,824614;83759,09323;15,53263872
FE ; H; 2020_2022;70;Cadres et prof. intellectuelles supérieures;1267,390668;89192,94087;16,71718273
FE ; H; 2020_2022;70;Employés;1975,166633;80249,16484;15,04384484
FE ; H; 2020_2022;70;Ensemble;1896,659779;80443,25577;15,26377946
FE ; H; 2020_2022;70;Inactifs non retraités;4396,516225;48427,93746;11,92461833
FE ; H; 2020_2022;70;Ouvriers;2284,954433;76767,82323;14,33154113
FE ; H; 2020_2022;70;Professions intermédiaires;1541,054315;85631,19991;16,07128251
FE ; H; 2020_2022;71;Agriculteurs;1617,668945;84583,62869;15,02602929
FE ; H; 2020_2022;71;Artisans, commerçants, chefs d'entreprise;1764,016186;82397,31727;14,78934579
FE ; H; 2020_2022;71;Cadres et prof. intellectuelles supérieures;1393,288199;88062,51786;15,93177445
FE ; H; 2020_2022;71;Employés;2123,308595;78664,11012;14,34697313
FE ; H; 2020_2022;71;Ensemble;2032,990194;78917,5209;14,55887845
FE ; H; 2020_2022;71;Inactifs non retraités;4538,552495;46298,79533;11,4729956
FE ; H; 2020_2022;71;Ouvriers;2453,120145;75013,71345;13,6666678
FE ; H; 2020_2022;71;Professions intermédiaires;1676,440503;84311,57661;15,32282613
FE ; H; 2020_2022;72;Agriculteurs;1775,298085;83215,3456;14,27309745
FE ; H; 2020_2022;72;Artisans, commerçants, chefs d'entreprise;1920,725954;80943,81526;14,05491696
FE ; H; 2020_2022;72;Cadres et prof. intellectuelles supérieures;1534,762482;86835,55319;15,15688645
FE ; H; 2020_2022;72;Employés;2288,568582;76993,8283;13,65821221
FE ; H; 2020_2022;72;Ensemble;2186,920759;77313,13543;13,86100114
FE ; H; 2020_2022;72;Inactifs non retraités;4698,147617;44197,5002;11,01845971
FE ; H; 2020_2022;72;Ouvriers;2640,354967;73173,53693;13,01035874
FE ; H; 2020_2022;72;Professions intermédiaires;1828,409166;82898,14319;14,58408403
FE ; H; 2020_2022;73;Agriculteurs;1955,899748;81738,02516;13,5310672
FE ; H; 2020_2022;73;Artisans, commerçants, chefs d'entreprise;2099,875937;79389,10639;13,33016007
FE ; H; 2020_2022;73;Cadres et prof. intellectuelles supérieures;1694,998401;85502,8337;14,3931345
FE ; H; 2020_2022;73;Employés;2474,806786;75231,77174;12,97811086
FE ; H; 2020_2022;73;Ensemble;2357,582315;75622,35843;13,17090766
FE ; H; 2020_2022;73;Inactifs non retraités;4880,192191;42121,0364;10,56164275
FE ; H; 2020_2022;73;Ouvriers;2850,711122;71241,49581;12,36319451
FE ; H; 2020_2022;73;Professions intermédiaires;2000,393189;81382,42594;13,85570714
FE ; H; 2020_2022;74;Agriculteurs;2163,555932;80139,31134;12,80100095
FE ; H; 2020_2022;74;Artisans, commerçants, chefs d'entreprise;2305,574066;77722,03365;12,61608087
FE ; H; 2020_2022;74;Cadres et prof. intellectuelles supérieures;1877,343951;84053,56203;13,64130437
FE ; H; 2020_2022;74;Employés;2685,905475;73369,93075;12,3074444
FE ; H; 2020_2022;74;Ensemble;2555,742765;73839,49908;12,48892006
FE ; H; 2020_2022;74;Inactifs non retraités;5088,724232;40065,44887;10,10351566
FE ; H; 2020_2022;74;Ouvriers;3088,140576;69210,60657;11,7259753
FE ; H; 2020_2022;74;Professions intermédiaires;2195,918184;79754,45743;13,1385334
FE ; H; 2020_2022;75;Agriculteurs;2402,516921;78405,45251;12,08408239
FE ; H; 2020_2022;75;Artisans, commerçants, chefs d'entreprise;2542,093658;75930,0946;11,91381852
FE ; H; 2020_2022;75;Cadres et prof. intellectuelles supérieures;2085,265573;82475,58757;12,90229833
FE ; H; 2020_2022;75;Employés;2925,739935;71399,28376;11,64713448
FE ; H; 2020_2022;75;Ensemble;2783,930396;71952,35142;11,81647622
FE ; H; 2020_2022;75;Inactifs non retraités;5326,983878;38026,62867;9,645221628
FE ; H; 2020_2022;75;Ouvriers;3356,428783;67073,28575;11,09962885
FE ; H; 2020_2022;75;Professions intermédiaires;2418,554246;78003,1148;12,43352256
FE ; H; 2020_2022;76;Agriculteurs;2677,732953;76521,74825;11,38155125
FE ; H; 2020_2022;76;Artisans, commerçants, chefs d'entreprise;2814,465878;73999,88048;11,22457876
FE ; H; 2020_2022;76;Cadres et prof. intellectuelles supérieures;2322,809163;80755,75254;12,17707535
FE ; H; 2020_2022;76;Employés;3198,857683;69310,3264;10,99816972
FE ; H; 2020_2022;76;Ensemble;3045,64554;69949,24804;11,15485904
FE ; H; 2020_2022;76;Inactifs non retraités;5598,712971;36000,95629;9,187931074
FE ; H; 2020_2022;76;Ouvriers;3659,932085;64822,01868;10,48511868
FE ; H; 2020_2022;76;Professions intermédiaires;2672,450106;76116,56716;11,74168718
FE ; H; 2020_2022;77;Agriculteurs;2992,223743;74472,70018;10,6947042
FE ; H; 2020_2022;77;Artisans, commerçants, chefs d'entreprise;3125,756692;71917,17909;10,54963942
FE ; H; 2020_2022;77;Cadres et prof. intellectuelles supérieures;2592,327133;78879,95052;11,46665188
FE ; H; 2020_2022;77;Employés;3507,395837;67093,1877;10,3616115
FE ; H; 2020_2022;77;Ensemble;3345,731729;67818,84189;10,50526874
FE ; H; 2020_2022;77;Inactifs non retraités;5902,840962;33985,36608;8,732845137
FE ; H; 2020_2022;77;Ouvriers;4000,003283;62449,57682;9,883445385
FE ; H; 2020_2022;77;Professions intermédiaires;2959,719169;74082,38988;11,06409407
FE ; H; 2020_2022;78;Agriculteurs;3350,035689;72244,31036;10,02458443
FE ; H; 2020_2022;78;Artisans, commerçants, chefs d'entreprise;3480,253856;69669,22306;9,890035436
FE ; H; 2020_2022;78;Cadres et prof. intellectuelles supérieures;2897,068373;76835,12416;10,77181586
FE ; H; 2020_2022;78;Employés;3854,790953;64739,96403;9,738244234
FE ; H; 2020_2022;78;Ensemble;3687,261671;65549,80538;9,868913426
FE ; H; 2020_2022;78;Inactifs non retraités;6240,376388;31979,26397;8,280668222
FE ; H; 2020_2022;78;Ouvriers;4379,20199;59951,59169;9,295255961
FE ; H; 2020_2022;78;Professions intermédiaires;3283,451631;71889,75918;10,40154787
FE ; H; 2020_2022;79;Agriculteurs;3757,205389;69824,10018;9,372051871
FE ; H; 2020_2022;79;Artisans, commerçants, chefs d'entreprise;3884,49057;67244,55723;9,246644683
FE ; H; 2020_2022;79;Cadres et prof. intellectuelles supérieures;3242,036411;74609,15808;10,09319325
FE ; H; 2020_2022;79;Employés;4246,856426;62244,37375;9,128683822
FE ; H; 2020_2022;79;Ensemble;4070,284152;63132,81253;9,246737448
FE ; H; 2020_2022;79;Inactifs non retraités;6615,719269;29983,63753;7,831806169
FE ; H; 2020_2022;79;Ouvriers;4802,434887;57326,1904;8,720956272
FE ; H; 2020_2022;79;Professions intermédiaires;3648,640235;69529,29371;9,754672336
FE ; H; 2020_2022;80;Agriculteurs;4221,184016;67200,66533;8,737925741
FE ; H; 2020_2022;80;Artisans, commerçants, chefs d'entreprise;4346,679129;64632,44875;8,620346121
FE ; H; 2020_2022;80;Cadres et prof. intellectuelles supérieures;3633,51468;72190,30201;9,431382467
FE ; H; 2020_2022;80;Employés;4691,067526;59600,94457;8,533560446
FE ; H; 2020_2022;80;Ensemble;4504,668189;60563,12766;8,639075199
FE ; H; 2020_2022;80;Inactifs non retraités;7034,963268;28000,00424;7,38664292
FE ; H; 2020_2022;80;Ouvriers;5276,021859;54573,13743;8,160902657
FE ; H; 2020_2022;80;Professions intermédiaires;4061,579836;66992,41993;9,12406297
FE ; H; 2020_2022;81;Agriculteurs;4755,625321;64364,00158;8,123025433
FE ; H; 2020_2022;81;Artisans, commerçants, chefs d'entreprise;4881,697481;61823,08359;8,012071972
FE ; H; 2020_2022;81;Cadres et prof. intellectuelles supérieures;4083,212317;69567,25678;8,786994343
FE ; H; 2020_2022;81;Employés;5201,831097;56805,02401;7,953578878
FE ; H; 2020_2022;81;Ensemble;5006,768943;57834,95972;8,046594252
FE ; H; 2020_2022;81;Inactifs non retraités;7513,173633;26030,21423;6,945613943
FE ; H; 2020_2022;81;Ouvriers;5813,443221;51693,84677;7,615455999
FE ; H; 2020_2022;81;Professions intermédiaires;4534,424203;64271,46931;8,510332727
FE ; H; 2020_2022;82;Agriculteurs;5374,57356;61303,09083;7,528614378
FE ; H; 2020_2022;82;Artisans, commerçants, chefs d'entreprise;5505,002713;58805,06767;7,423270559
FE ; H; 2020_2022;82;Cadres et prof. intellectuelles supérieures;4603,426318;66726,67799;8,161059868
FE ; H; 2020_2022;82;Employés;5793,770569;53850,12261;7,390013193
FE ; H; 2020_2022;82;Ensemble;5589,88457;54939,29692;7,470702767
FE ; H; 2020_2022;82;Inactifs non retraités;8063,821339;24074,51904;6,509841364
FE ; H; 2020_2022;82;Ouvriers;6427,840377;48688,65434;7,085502071
FE ; H; 2020_2022;82;Professions intermédiaires;5079,546809;61357,12825;7,914556536
FE ; H; 2020_2022;83;Agriculteurs;6096,195325;58008,31111;6,956227687
FE ; H; 2020_2022;83;Artisans, commerçants, chefs d'entreprise;6235,745927;55567,8471;6,855728633
FE ; H; 2020_2022;83;Cadres et prof. intellectuelles supérieures;5211,003231;63654,96453;7,554877343
FE ; H; 2020_2022;83;Employés;6485,251773;50730,17005;6,844505865
FE ; H; 2020_2022;83;Ensemble;6283,765179;51868,25363;6,913032129
FE ; H; 2020_2022;83;Inactifs non retraités;8705,736532;22133,19284;6,080826568
FE ; H; 2020_2022;83;Ouvriers;7137,283539;45559,02536;6,572233129
FE ; H; 2020_2022;83;Professions intermédiaires;5713,349496;58240,4642;7,33809392
FE ; H; 2020_2022;84;Agriculteurs;6932,069027;54472,01116;6,40782305
FE ; H; 2020_2022;84;Artisans, commerçants, chefs d'entreprise;7086,129826;52102,77734;6,311665518
FE ; H; 2020_2022;84;Cadres et prof. intellectuelles supérieures;5918,241036;60337,90227;6,970204982
FE ; H; 2020_2022;84;Employés;7287,381296;47440,1908;6,319172638
FE ; H; 2020_2022;84;Ensemble;7082,425834;48608,97437;6,376557693
FE ; H; 2020_2022;84;Inactifs non retraités;9447,572324;20206,33538;5,660688565
FE ; H; 2020_2022;84;Ouvriers;7952,04778;42307,34854;6,077364716
FE ; H; 2020_2022;84;Professions intermédiaires;6446,256935;54912,98293;6,782749605
FE ; H; 2020_2022;85;Agriculteurs;7899,665415;50695,97375;5,885103153
FE ; H; 2020_2022;85;Artisans, commerçants, chefs d'entreprise;8074,3439;48410,7069;5,793028324
FE ; H; 2020_2022;85;Cadres et prof. intellectuelles supérieures;6743,841837;56766,95978;6,4086678
FE ; H; 2020_2022;85;Employés;8217,805571;43983,04321;5,815871158
FE ; H; 2020_2022;85;Ensemble;8029,805552;45166,27982;5,862595963
FE ; H; 2020_2022;85;Inactifs non retraités;10306,94498;18297,32723;5,251283053
FE ; H; 2020_2022;85;Ouvriers;8889,700572;38943,04797;5,602389917
FE ; H; 2020_2022;85;Professions intermédiaires;7294,666288;51373,15096;6,250110346
FE ; H; 2020_2022;86;Agriculteurs;9004,838961;46691,16145;5,38988249
FE ; H; 2020_2022;86;Artisans, commerçants, chefs d'entreprise;9206,560282;44501,85994;5,301862363
FE ; H; 2020_2022;86;Cadres et prof. intellectuelles supérieures;7698,475537;52938,6858;5,872112176
FE ; H; 2020_2022;86;Employés;9282,554475;40368,60223;5,336600682
FE ; H; 2020_2022;86;Ensemble;9108,164867;41539,51537;5,374452069
FE ; H; 2020_2022;86;Inactifs non retraités;11287,72995;16411,43178;4,854726491
FE ; H; 2020_2022;86;Ouvriers;9955,62005;35481,12761;5,149019323
FE ; H; 2020_2022;86;Professions intermédiaires;8264,968339;47625,65103;5,741910196
FE ; H; 2020_2022;87;Agriculteurs;10263,68768;42486,69755;4,923262763
FE ; H; 2020_2022;87;Artisans, commerçants, chefs d'entreprise;10499,13029;40404,76938;4,839477367
FE ; H; 2020_2022;87;Cadres et prof. intellectuelles supérieures;8804,062197;48863,21402;5,361879947
FE ; H; 2020_2022;87;Employés;10499,12625;36621,36474;4,882661985
FE ; H; 2020_2022;87;Ensemble;10355,55687;37756,02783;4,913019647
FE ; H; 2020_2022;87;Inactifs non retraités;12410,27048;14558,95368;4,472440834
FE ; H; 2020_2022;87;Ouvriers;11168,44216;31948,76136;4,71831282
FE ; H; 2020_2022;87;Professions intermédiaires;9374,131224;43689,40606;5,259233896
FE ; H; 2020_2022;88;Agriculteurs;11676,86775;38125,99561;4,486366261
FE ; H; 2020_2022;88;Artisans, commerçants, chefs d'entreprise;11952,12707;36162,61999;4,407184738
FE ; H; 2020_2022;88;Cadres et prof. intellectuelles supérieures;10072,50057;44561,26627;4,879516211
FE ; H; 2020_2022;88;Employés;11870,14402;32776,44142;4,455434993
FE ; H; 2020_2022;88;Ensemble;11739,52376;33846,18089;4,480562403
FE ; H; 2020_2022;88;Inactifs non retraités;13679,85114;12752,14815;4,106124724
FE ; H; 2020_2022;88;Ouvriers;12532,17666;28380,58242;4,311527722
FE ; H; 2020_2022;88;Professions intermédiaires;10626,43266;39593,9038;4,803236942
FE ; H; 2020_2022;89;Agriculteurs;13263,12552;33674,07352;4,079491801
FE ; H; 2020_2022;89;Artisans, commerçants, chefs d'entreprise;13583,41952;31840,4177;4,005441462
FE ; H; 2020_2022;89;Cadres et prof. intellectuelles supérieures;11535,27755;40072,83247;4,426055703
FE ; H; 2020_2022;89;Employés;13417,91589;28885,83062;4,055534181
FE ; H; 2020_2022;89;Ensemble;13306,59729;29872,80044;4,076521898
FE ; H; 2020_2022;89;Inactifs non retraités;15128,65732;11007,67327;3,756855471
FE ; H; 2020_2022;89;Ouvriers;14073,51095;24823,8777;3,929272911
FE ; H; 2020_2022;89;Professions intermédiaires;12044,50761;35386,48428;4,374337273
FE ; H; 2020_2022;90;Agriculteurs;15016,4965;29207,83888;3,703295831
FE ; H; 2020_2022;90;Artisans, commerçants, chefs d'entreprise;15384,61577;27515,40019;3,635038137
FE ; H; 2020_2022;90;Cadres et prof. intellectuelles supérieures;13207,52895;35450,32002;4,003187238
FE ; H; 2020_2022;90;Employés;15141,01419;25009,95416;3,684033912
FE ; H; 2020_2022;90;Ensemble;15020,40924;25897,74719;3,702228509
FE ; H; 2020_2022;90;Inactifs non retraités;16766,2987;9342,360098;3,426530031
FE ; H; 2020_2022;90;Ouvriers;15796,40878;21330,28655;3,572830747
FE ; H; 2020_2022;90;Professions intermédiaires;13630,74723;31124,35648;3,973353175
FE ; H; 2020_2022;91;Agriculteurs;16953,59499;24821,84478;-
FE ; H; 2020_2022;91;Artisans, commerçants, chefs d'entreprise;17369,20742;23282,26159;-
FE ; H; 2020_2022;91;Cadres et prof. intellectuelles supérieures;15130,20047;30768,20874;-
FE ; H; 2020_2022;91;Employés;17062,42896;21223,19345;-
FE ; H; 2020_2022;91;Ensemble;16954,12;22007,79958;-
FE ; H; 2020_2022;91;Inactifs non retraités;18635,94023;7775,992098;-
FE ; H; 2020_2022;91;Ouvriers;17733,42997;17960,86729;-
FE ; H; 2020_2022;91;Professions intermédiaires;15410,7541;26881,87412;-
FE ; H; 2020_2022;92;Agriculteurs;19039,90391;20613,64975;-
FE ; H; 2020_2022;92;Artisans, commerçants, chefs d'entreprise;19456,58191;19238,31728;-
FE ; H; 2020_2022;92;Cadres et prof. intellectuelles supérieures;17493,10737;26112,91708;-
FE ; H; 2020_2022;92;Employés;19149,01691;17602,00115;-
FE ; H; 2020_2022;92;Ensemble;19017,48751;18276,57083;-
FE ; H; 2020_2022;92;Inactifs non retraités;20726,56247;6326,862858;-
FE ; H; 2020_2022;92;Ouvriers;19821,73829;14775,78947;-
FE ; H; 2020_2022;92;Professions intermédiaires;17493,10737;22739,1746;-
FE ; H; 2020_2022;93;Agriculteurs;21279,52122;16688,83064;-
FE ; H; 2020_2022;93;Artisans, commerçants, chefs d'entreprise;21697,97638;15495,19832;-
FE ; H; 2020_2022;93;Cadres et prof. intellectuelles supérieures;19726,12748;21544,95646;-
FE ; H; 2020_2022;93;Employés;21389,09959;14231,39097;-
FE ; H; 2020_2022;93;Ensemble;21289,68394;14800,82625;-
FE ; H; 2020_2022;93;Inactifs non retraités;22973,3735;5015,521676;-
FE ; H; 2020_2022;93;Ouvriers;22064,69018;11846,97115;-
FE ; H; 2020_2022;93;Professions intermédiaires;19726,12748;18761,38638;-
FE ; H; 2020_2022;94;Agriculteurs;23621,24061;13137,52739;-
FE ; H; 2020_2022;94;Artisans, commerçants, chefs d'entreprise;24041,86531;12133,05385;-
FE ; H; 2020_2022;94;Cadres et prof. intellectuelles supérieures;22059,79311;17294,97088;-
FE ; H; 2020_2022;94;Employés;23731,38711;11187,42458;-
FE ; H; 2020_2022;94;Ensemble;23580,86679;11649,77712;-
FE ; H; 2020_2022;94;Inactifs non retraités;25323,87488;3863,287148;-
FE ; H; 2020_2022;94;Ouvriers;24410,48038;9232,973671;-
FE ; H; 2020_2022;94;Professions intermédiaires;22059,79311;15060,49138;-
FE ; H; 2020_2022;95;Agriculteurs;25968,54711;10034,28043;-
FE ; H; 2020_2022;95;Artisans, commerçants, chefs d'entreprise;26391,03103;9216,041385;-
FE ; H; 2020_2022;95;Cadres et prof. intellectuelles supérieures;24400,19781;13479,73609;-
FE ; H; 2020_2022;95;Employés;26079,18047;8532,493548;-
FE ; H; 2020_2022;95;Ensemble;25993,6271;8902,658699;-
FE ; H; 2020_2022;95;Inactifs non retraités;27678,70724;2884,953145;-
FE ; H; 2020_2022;95;Ouvriers;26761,27542;6979,160445;-
FE ; H; 2020_2022;95;Professions intermédiaires;24400,19781;11738,17814;-
FE ; H; 2020_2022;96;Agriculteurs;28225,80508;7428,52359;-
FE ; H; 2020_2022;96;Artisans, commerçants, chefs d'entreprise;28649,60096;6783,833044;-
FE ; H; 2020_2022;96;Cadres et prof. intellectuelles supérieures;26652,58551;10190,65382;-
FE ; H; 2020_2022;96;Employés;28336,782;6307,289157;-
FE ; H; 2020_2022;96;Ensemble;28364,56605;6588,534794;-
FE ; H; 2020_2022;96;Inactifs non retraités;29941,27586;2086,43541;-
FE ; H; 2020_2022;96;Ouvriers;29020,99509;5111,448096;-
FE ; H; 2020_2022;96;Professions intermédiaires;26652,58551;8874,039456;-
FE ; H; 2020_2022;97;Agriculteurs;30615,56928;5331,763001;-
FE ; H; 2020_2022;97;Artisans, commerçants, chefs d'entreprise;31040,36943;4840,291947;-
FE ; H; 2020_2022;97;Cadres et prof. intellectuelles supérieures;29038,62166;7474,581094;-
FE ; H; 2020_2022;97;Employés;30726,80918;4520,006378;-
FE ; H; 2020_2022;97;Ensemble;30683,58619;4719,725491;-
FE ; H; 2020_2022;97;Inactifs non retraités;32335,10521;1461,730028;-
FE ; H; 2020_2022;97;Ouvriers;31412,64365;3628,054995;-
FE ; H; 2020_2022;97;Professions intermédiaires;29038,62166;6508,878502;-
FE ; H; 2020_2022;98;Agriculteurs;32928,23875;3699,413406;-
FE ; H; 2020_2022;98;Artisans, commerçants, chefs d'entreprise;33353,48836;3337,847445;-
FE ; H; 2020_2022;98;Cadres et prof. intellectuelles supérieures;31349,62258;5304,06577;-
FE ; H; 2020_2022;98;Employés;33039,59635;3131,152643;-
FE ; H; 2020_2022;98;Ensemble;32957,66904;3271,544452;-
FE ; H; 2020_2022;98;Inactifs non retraités;34649,59408;989,0780855;-
FE ; H; 2020_2022;98;Ouvriers;33726,15648;2488,387008;-
FE ; H; 2020_2022;98;Professions intermédiaires;31349,62258;4618,789899;-
FE ; H; 2020_2022;99;Agriculteurs;35085,05328;2481,261727;-
FE ; H; 2020_2022;99;Artisans, commerçants, chefs d'entreprise;35510,22754;2224,558886;-
FE ; H; 2020_2022;99;Cadres et prof. intellectuelles supérieures;33506,71682;3641,261169;-
FE ; H; 2020_2022;99;Employés;35196,39114;2096,632449;-
FE ; H; 2020_2022;99;Ensemble;35114,82673;2193,319659;-
FE ; H; 2020_2022;99;Inactifs non retraités;36806,10361;646,3665438;-
FE ; H; 2020_2022;99;Ouvriers;35882,82963;1649,149712;-
FE ; H; 2020_2022;99;Professions intermédiaires;33506,71682;3170,816698;-
FE ; H; 2020_2022;100;Agriculteurs;37459,651;1610,709728;-
FE ; H; 2020_2022;100;Artisans, commerçants, chefs d'entreprise;37884,75831;1434,612964;-
FE ; H; 2020_2022;100;Cadres et prof. intellectuelles supérieures;35881,5631;2421,1941;-
FE ; H; 2020_2022;100;Employés;37570,97134;1358,693491;-
FE ; H; 2020_2022;100;Ensemble;37489,28013;1423,139261;-
FE ; H; 2020_2022;100;Inactifs non retraités;39180,4303;408,464204;-
FE ; H; 2020_2022;100;Ouvriers;38257,30172;1057,38813;-
FE ; H; 2020_2022;100;Professions intermédiaires;35881,5631;2108,380126;-
FE ; H; 2020_2022;101;Agriculteurs;39792,68961;1007,343485;-
FE ; H; 2020_2022;101;Artisans, commerçants, chefs d'entreprise;40217,73856;891,1133097;-
FE ; H; 2020_2022;101;Cadres et prof. intellectuelles supérieures;38214,81839;1552,431811;-
FE ; H; 2020_2022;101;Employés;39903,99466;848,2191492;-
FE ; H; 2020_2022;101;Ensemble;39822,21282;889,6145968;-
FE ; H; 2020_2022;101;Inactifs non retraités;41513,23265;248,4261712;-
FE ; H; 2020_2022;101;Ouvriers;40590,23082;652,8599629;-
FE ; H; 2020_2022;101;Professions intermédiaires;38214,81839;1351,860381;-
FE ; H; 2020_2022;102;Agriculteurs;42266,93702;606,4944189;-
FE ; H; 2020_2022;102;Artisans, commerçants, chefs d'entreprise;42691,93467;532,7276886;-
FE ; H; 2020_2022;102;Cadres et prof. intellectuelles supérieures;40689,25619;959,1728141;-
FE ; H; 2020_2022;102;Employés;42378,22864;509,7458252;-
FE ; H; 2020_2022;102;Ensemble;42295,99484;535,3503788;-
FE ; H; 2020_2022;102;Inactifs non retraités;43987,27244;145,2964368;-
FE ; H; 2020_2022;102;Ouvriers;43064,38198;387,8625971;-
FE ; H; 2020_2022;102;Professions intermédiaires;40689,25619;835,2493913;-
FE ; H; 2020_2022;103;Agriculteurs;44381,18562;350,1478048;-
FE ; H; 2020_2022;103;Artisans, commerçants, chefs d'entreprise;44806,14007;305,2959318;-
FE ; H; 2020_2022;103;Cadres et prof. intellectuelles supérieures;42803,66517;568,8925304;-
FE ; H; 2020_2022;103;Employés;44492,46592;293,7245739;-
FE ; H; 2020_2022;103;Ensemble;44410,2539;308,9186102;-
FE ; H; 2020_2022;103;Inactifs non retraités;46101,34616;81,38449732;-
FE ; H; 2020_2022;103;Ouvriers;45178,54952;220,8319667;-
FE ; H; 2020_2022;103;Professions intermédiaires;42803,66517;495,3926266;-
FE ; H; 2020_2022;104;Agriculteurs;46373,1295;194,7480576;-
FE ; H; 2020_2022;104;Artisans, commerçants, chefs d'entreprise;46798,06316;168,504609;-
FE ; H; 2020_2022;104;Cadres et prof. intellectuelles supérieures;44795,68623;325,3856765;-
FE ; H; 2020_2022;104;Employés;46484,40436;163,039268;-
FE ; H; 2020_2022;104;Ensemble;46400,43193;171,7270711;-
FE ; H; 2020_2022;104;Inactifs non retraités;48093,20589;43,86514849;-
FE ; H; 2020_2022;104;Ouvriers;47170,45439;121,0632873;-
FE ; H; 2020_2022;104;Professions intermédiaires;44795,68623;283,3464255;-
FE ; H; 2020_2022;105;Agriculteurs;48014,29325;104,4372887;-
FE ; H; 2020_2022;105;Artisans, commerçants, chefs d'entreprise;48439,2088;89,64771564;-
FE ; H; 2020_2022;105;Cadres et prof. intellectuelles supérieures;46436,91719;179,6269299;-
FE ; H; 2020_2022;105;Employés;48125,56337;87,25143537;-
FE ; H; 2020_2022;105;Ensemble;48040,39733;92,04496835;-
FE ; H; 2020_2022;105;Inactifs non retraités;49734,29634;22,76899231;-
FE ; H; 2020_2022;105;Ouvriers;48811,58417;63,95718457;-
FE ; H; 2020_2022;105;Professions intermédiaires;46436,91719;156,4194498;-
FE ; H; 2017_2019;30;Agriculteurs;65,8237564;100000;52,07282426
FE ; H; 2017_2019;30;Artisans, commerçants, chefs d'entreprise;64,95693549;100000;52,27306179
FE ; H; 2017_2019;30;Cadres et prof. intellectuelles supérieures;16,4857172;100000;54,60992624
FE ; H; 2017_2019;30;Employés;65,8237564;100000;50,44849243
FE ; H; 2017_2019;30;Ensemble;76,69549477;100000;50,44463409
FE ; H; 2017_2019;30;Inactifs non retraités;299,8632242;100000;38,31094237
FE ; H; 2017_2019;30;Ouvriers;90,66428287;100000;48,53737283
FE ; H; 2017_2019;30;Professions intermédiaires;35,18870316;100000;52,77978395
FE ; H; 2017_2019;31;Agriculteurs;69,67640804;99934,17624;51,10712313
FE ; H; 2017_2019;31;Artisans, commerçants, chefs d'entreprise;68,94461868;99935,04306;51,30703884
FE ; H; 2017_2019;31;Cadres et prof. intellectuelles supérieures;18,8708932;99983,51428;53,61893056
FE ; H; 2017_2019;31;Employés;69,67640804;99934,17624;49,48172139
FE ; H; 2017_2019;31;Ensemble;80,93503838;99923,30451;49,48335255
FE ; H; 2017_2019;31;Inactifs non retraités;333,9878635;99700,13678;37,42616832
FE ; H; 2017_2019;31;Ouvriers;96,71391285;99909,33572;47,58141883
FE ; H; 2017_2019;31;Professions intermédiaires;39,33318325;99964,8113;51,79836301
FE ; H; 2017_2019;32;Agriculteurs;73,18257584;99864,5457;50,14275756
FE ; H; 2017_2019;32;Artisans, commerçants, chefs d'entreprise;72,60788136;99866,14323;50,34243669
FE ; H; 2017_2019;32;Cadres et prof. intellectuelles supérieures;21,30309129;99964,6465;52,62905084
FE ; H; 2017_2019;32;Employés;73,18257584;99864,5457;48,51622252
FE ; H; 2017_2019;32;Ensemble;84,74737338;99842,43154;48,52343436
FE ; H; 2017_2019;32;Inactifs non retraités;368,0954429;99367,15042;36,55158606
FE ; H; 2017_2019;32;Ouvriers;102,3563055;99812,70949;46,62748123
FE ; H; 2017_2019;32;Professions intermédiaires;43,48884867;99925,49195;50,81874497
FE ; H; 2017_2019;33;Agriculteurs;77,00526607;99791,46225;49,1794802
FE ; H; 2017_2019;33;Artisans, commerçants, chefs d'entreprise;76,60335469;99793,63254;49,37901583
FE ; H; 2017_2019;33;Cadres et prof. intellectuelles supérieures;23,96637484;99943,35094;51,64026485
FE ; H; 2017_2019;33;Employés;77,00526607;99791,46225;47,55175394
FE ; H; 2017_2019;33;Ensemble;88,90184777;99757,8177;47,56459158
FE ; H; 2017_2019;33;Inactifs non retraités;405,4165064;99001,38447;35,68662786
FE ; H; 2017_2019;33;Ouvriers;108,5140955;99710,54489;45,67525629
FE ; H; 2017_2019;33;Professions intermédiaires;48,03657635;99882,03551;49,84085508
FE ; H; 2017_2019;34;Agriculteurs;81,49111755;99714,61757;48,21738017
FE ; H; 2017_2019;34;Artisans, commerçants, chefs d'entreprise;81,27910283;99717,18727;48,41687081
FE ; H; 2017_2019;34;Cadres et prof. intellectuelles supérieures;26,99335805;99919,39814;50,65264411
FE ; H; 2017_2019;34;Employés;81,49111755;99714,61757;46,58839952
FE ; H; 2017_2019;34;Ensemble;93,79430972;99669,13116;46,606915
FE ; H; 2017_2019;34;Inactifs non retraités;448,0646149;98600,01651;34,83189629
FE ; H; 2017_2019;34;Ouvriers;115,6886968;99602,34489;44,72487423
FE ; H; 2017_2019;34;Professions intermédiaires;53,22890474;99834,0556;48,86480842
FE ; H; 2017_2019;35;Agriculteurs;86,67209636;99633,35902;47,2567051
FE ; H; 2017_2019;35;Artisans, commerçants, chefs d'entreprise;86,44660233;99636,13803;47,45625562
FE ; H; 2017_2019;35;Cadres et prof. intellectuelles supérieures;28,70952075;99892,42654;49,66632066
FE ; H; 2017_2019;35;Employés;86,67209636;99633,35902;45,62639589
FE ; H; 2017_2019;35;Ensemble;99,75749131;99575,64719;45,65067068
FE ; H; 2017_2019;35;Inactifs non retraités;476,5513181;98158,22473;33,98866813
FE ; H; 2017_2019;35;Ouvriers;123,0438627;99487,11624;43,77667578
FE ; H; 2017_2019;35;Professions intermédiaires;56,6130506;99780,91502;47,89083248
FE ; H; 2017_2019;36;Agriculteurs;92,81090448;99547,00469;46,29769901
FE ; H; 2017_2019;36;Artisans, commerçants, chefs d'entreprise;92,81090448;99550,00598;46,49731543
FE ; H; 2017_2019;36;Cadres et prof. intellectuelles supérieures;32,58907169;99863,7479;48,68058371
FE ; H; 2017_2019;36;Employés;92,81090448;99547,00469;44,66597554
FE ; H; 2017_2019;36;Ensemble;106,5896491;99476,31302;44,69625612
FE ; H; 2017_2019;36;Inactifs non retraités;531,8475239;97690,45041;33,15141716
FE ; H; 2017_2019;36;Ouvriers;132,7246722;99364,70345;42,83060665
FE ; H; 2017_2019;36;Professions intermédiaires;63,3328493;99724,426;46,9179603
FE ; H; 2017_2019;37;Agriculteurs;99,10464149;99454,61422;45,34070824
FE ; H; 2017_2019;37;Artisans, commerçants, chefs d'entreprise;99,10464149;99457,61272;45,5405101
FE ; H; 2017_2019;37;Cadres et prof. intellectuelles supérieures;36,48610792;99831,20324;47,69645343
FE ; H; 2017_2019;37;Employés;99,10464149;99454,61422;43,70746895
FE ; H; 2017_2019;37;Ensemble;114,5049961;99370,28156;43,74394853
FE ; H; 2017_2019;37;Inactifs non retraités;586,5476476;97170,88617;32,32867489
FE ; H; 2017_2019;37;Ouvriers;142,3381134;99232,82197;41,88752898
FE ; H; 2017_2019;37;Professions intermédiaires;69,99290716;99661,26768;45,94769361
FE ; H; 2017_2019;38;Agriculteurs;106,4513932;99356,05008;44,38568756
FE ; H; 2017_2019;38;Artisans, commerçants, chefs d'entreprise;106,4513932;99359,04561;44,58568763
FE ; H; 2017_2019;38;Cadres et prof. intellectuelles supérieures;40,67932389;99794,77872;46,71386237
FE ; H; 2017_2019;38;Employés;106,4513932;99356,05008;42,75082805
FE ; H; 2017_2019;38;Ensemble;122,3424634;99256,49763;42,79409496
FE ; H; 2017_2019;38;Inactifs non retraités;645,1531607;96600,93263;31,51941676
FE ; H; 2017_2019;38;Ouvriers;153,1295267;99091,57584;40,94723589
FE ; H; 2017_2019;38;Professions intermédiaires;77,14393689;99591,51186;44,97987626
FE ; H; 2017_2019;39;Agriculteurs;114,5964612;99250,28418;43,4329871
FE ; H; 2017_2019;39;Artisans, commerçants, chefs d'entreprise;114,6685925;99253,27652;43,6332003
FE ; H; 2017_2019;39;Cadres et prof. intellectuelles supérieures;45,0406601;99754,18287;45,73287298
FE ; H; 2017_2019;39;Employés;114,5964612;99250,28418;41,7963854
FE ; H; 2017_2019;39;Ensemble;130,3499313;99135,06478;41,84651444
FE ; H; 2017_2019;39;Inactifs non retraités;705,4780111;95977,70866;30,7240857
FE ; H; 2017_2019;39;Ouvriers;164,6903969;98939,83738;40,01003436
FE ; H; 2017_2019;39;Professions intermédiaires;84,54649492;99514,68305;44,0146023
FE ; H; 2017_2019;40;Agriculteurs;123,7507661;99136,54687;42,48281686
FE ; H; 2017_2019;40;Artisans, commerçants, chefs d'entreprise;121,9636139;99139,46418;42,68329131
FE ; H; 2017_2019;40;Cadres et prof. intellectuelles supérieures;49,61454218;99709,25293;44,75348065
FE ; H; 2017_2019;40;Employés;123,7507661;99136,54687;40,84433753
FE ; H; 2017_2019;40;Ensemble;139,3235354;99005,84229;40,90113254
FE ; H; 2017_2019;40;Inactifs non retraités;768,0282474;95300,60703;29,94237737
FE ; H; 2017_2019;40;Ouvriers;177,2747236;98776,89297;39,07603574
FE ; H; 2017_2019;40;Professions intermédiaires;92,28963662;99430,54688;43,05184659
FE ; H; 2017_2019;41;Agriculteurs;134,5472913;99013,86463;41,53545482
FE ; H; 2017_2019;41;Artisans, commerçants, chefs d'entreprise;129,955852;99018,55011;41,73541296
FE ; H; 2017_2019;41;Cadres et prof. intellectuelles supérieures;54,62281135;99659,78264;43,77569591
FE ; H; 2017_2019;41;Employés;134,5472913;99013,86463;39,89494534
FE ; H; 2017_2019;41;Ensemble;149,8804716;98867,90385;39,95819695
FE ; H; 2017_2019;41;Inactifs non retraités;835,9015147;94568,67144;29,17412316
FE ; H; 2017_2019;41;Ouvriers;191,7305759;98601,78651;38,1454307
FE ; H; 2017_2019;41;Professions intermédiaires;100,7837399;99338,78279;42,09161569
FE ; H; 2017_2019;42;Agriculteurs;147,2892904;98880,64416;40,59141494
FE ; H; 2017_2019;42;Artisans, commerçants, chefs d'entreprise;138,8235113;98889,86971;40,78972115
FE ; H; 2017_2019;42;Cadres et prof. intellectuelles supérieures;60,1606833;99605,34567;42,79962049
FE ; H; 2017_2019;42;Employés;147,2892904;98880,64416;38,94869523
FE ; H; 2017_2019;42;Ensemble;162,5862809;98719,72017;39,01817638
FE ; H; 2017_2019;42;Inactifs non retraités;910,0256231;93778,17049;28,42004577
FE ; H; 2017_2019;42;Ouvriers;208,412615;98412,73673;37,21870764
FE ; H; 2017_2019;42;Professions intermédiaires;110,1920164;99238,66544;41,13407999
FE ; H; 2017_2019;43;Agriculteurs;157,7651722;98735,00356;39,65128993
FE ; H; 2017_2019;43;Artisans, commerçants, chefs d'entreprise;148,8628844;98752,58732;39,8464256
FE ; H; 2017_2019;43;Cadres et prof. intellectuelles supérieures;66,38510909;99545,42241;41,82538454
FE ; H; 2017_2019;43;Employés;162,4381452;98735,00356;38,0061471
FE ; H; 2017_2019;43;Ensemble;178,6303384;98559,21545;38,08171789
FE ; H; 2017_2019;43;Inactifs non retraités;992,0688645;92924,76511;27,68105068
FE ; H; 2017_2019;43;Ouvriers;227,8764589;98207,63218;36,29643813
FE ; H; 2017_2019;43;Professions intermédiaires;120,7832066;99129,31236;40,17945646
FE ; H; 2017_2019;44;Agriculteurs;168,7067122;98579,23411;38,71394471
FE ; H; 2017_2019;44;Artisans, commerçants, chefs d'entreprise;159,6716666;98605,58137;38,90583057
FE ; H; 2017_2019;44;Cadres et prof. intellectuelles supérieures;73,14767874;99479,33907;40,85316881
FE ; H; 2017_2019;44;Employés;179,7149551;98574,62025;37,06798403
FE ; H; 2017_2019;44;Ensemble;196,3011148;98383,15879;37,14986512
FE ; H; 2017_2019;44;Inactifs non retraités;1078,936836;92002,88744;26,95841743
FE ; H; 2017_2019;44;Ouvriers;249,6202023;97983,8401;35,37933807
FE ; H; 2017_2019;44;Professions intermédiaires;132,2639821;99009,5808;39,22804518
FE ; H; 2017_2019;45;Agriculteurs;180,8014697;98412,92433;37,77936811
FE ; H; 2017_2019;45;Artisans, commerçants, chefs d'entreprise;171,4142321;98448,13619;37,9680515
FE ; H; 2017_2019;45;Cadres et prof. intellectuelles supérieures;80,54765685;99406,57225;39,88307383
FE ; H; 2017_2019;45;Employés;199,4418195;98397,46692;36,13472068
FE ; H; 2017_2019;45;Ensemble;217,2127433;98190,03156;36,22293416
FE ; H; 2017_2019;45;Inactifs non retraités;1171,090069;91010,2344;26,2524542
FE ; H; 2017_2019;45;Ouvriers;273,9835885;97739,25264;34,46787305
FE ; H; 2017_2019;45;Professions intermédiaires;144,7887635;98878,62678;38,27999847
FE ; H; 2017_2019;46;Agriculteurs;193,8260039;98234,99231;36,84779748
FE ; H; 2017_2019;46;Artisans, commerçants, chefs d'entreprise;183,8761921;98279,38208;37,0332459
FE ; H; 2017_2019;46;Cadres et prof. intellectuelles supérieures;88,51171016;99326,50258;38,91522461
FE ; H; 2017_2019;46;Employés;221,4945081;98201,22122;35,20693244
FE ; H; 2017_2019;46;Ensemble;237,8024955;97976,75029;35,30178626
FE ; H; 2017_2019;46;Inactifs non retraités;1266,255003;89944,42258;25,56353715
FE ; H; 2017_2019;46;Ouvriers;300,6880061;97471,46313;33,56256882
FE ; H; 2017_2019;46;Professions intermédiaires;158,1934185;98735,46164;37,33550398
FE ; H; 2017_2019;47;Agriculteurs;208,294318;98044,58735;35,91935679
FE ; H; 2017_2019;47;Artisans, commerçants, chefs d'entreprise;197,5460843;98098,66969;36,10146666
FE ; H; 2017_2019;47;Cadres et prof. intellectuelles supérieures;97,30600996;99238,587;37,94969965
FE ; H; 2017_2019;47;Employés;246,5619294;97983,71091;34,28508697
FE ; H; 2017_2019;47;Ensemble;261,9769799;97743,75914;34,3859349
FE ; H; 2017_2019;47;Inactifs non retraités;1366,809071;88805,49683;24,89138814
FE ; H; 2017_2019;47;Ouvriers;330,5668257;97178,37813;32,6637918
FE ; H; 2017_2019;47;Professions intermédiaires;172,9127393;98579,26864;36,39465987
FE ; H; 2017_2019;48;Agriculteurs;223,8379042;97840,36605;34,99433094
FE ; H; 2017_2019;48;Artisans, commerçants, chefs d'entreprise;212,0806634;97904,87961;35,17292486
FE ; H; 2017_2019;48;Cadres et prof. intellectuelles supérieures;106,8036487;99142,02189;36,98666296
FE ; H; 2017_2019;48;Employés;274,3012094;97742,12038;33,36982989
FE ; H; 2017_2019;48;Ensemble;288,4506112;97487,69299;33,47625475
FE ; H; 2017_2019;48;Inactifs non retraités;1469,23161;87591,69525;24,23632046
FE ; H; 2017_2019;48;Ouvriers;363,0610275;96857,13865;31,77212558
FE ; H; 2017_2019;48;Professions intermédiaires;188,6670538;98408,81252;35,45769987
FE ; H; 2017_2019;49;Agriculteurs;241,0560888;97621,36222;34,07283724
FE ; H; 2017_2019;49;Artisans, commerçants, chefs d'entreprise;228,0608697;97697,24229;34,24767837
FE ; H; 2017_2019;49;Cadres et prof. intellectuelles supérieures;117,3432998;99036,13459;36,0262083
FE ; H; 2017_2019;49;Employés;305,4866971;97474,01256;32,4616155
FE ; H; 2017_2019;49;Ensemble;319,9258779;97206,48914;32,57309655
FE ; H; 2017_2019;49;Inactifs non retraités;1576,196097;86304,77037;23,59771791
FE ; H; 2017_2019;49;Ouvriers;399,1211162;96505,48813;30,88789811
FE ; H; 2017_2019;49;Professions intermédiaires;205,9885209;98223,14752;34,52472332
FE ; H; 2017_2019;50;Agriculteurs;259,5532516;97386,03998;33,15517036
FE ; H; 2017_2019;50;Artisans, commerçants, chefs d'entreprise;245,133718;97474,43311;33,32596246
FE ; H; 2017_2019;50;Cadres et prof. intellectuelles supérieures;128,8050117;98919,92232;35,06853231
FE ; H; 2017_2019;50;Employés;339,626977;97176,24242;31,56108529
FE ; H; 2017_2019;50;Ensemble;352,4131201;96895,50043;31,67764078
FE ; H; 2017_2019;50;Inactifs non retraités;1683,712093;84944,43795;22,97562071
FE ; H; 2017_2019;50;Ouvriers;438,0464633;96120,31435;30,01167224
FE ; H; 2017_2019;50;Professions intermédiaires;224,5812059;98020,81911;33,59598709
FE ; H; 2017_2019;51;Agriculteurs;279,5478032;97133,27135;32,24144962
FE ; H; 2017_2019;51;Artisans, commerçants, chefs d'entreprise;263,5391502;97235,49041;32,40785638
FE ; H; 2017_2019;51;Cadres et prof. intellectuelles supérieures;141,3799036;98792,5085;34,11376059
FE ; H; 2017_2019;51;Employés;376,9133255;96846,20568;30,66864053
FE ; H; 2017_2019;51;Ensemble;388,352064;96554,02797;30,78967176
FE ; H; 2017_2019;51;Inactifs non retraités;1791,697802;83514,21818;22,36908888
FE ; H; 2017_2019;51;Ouvriers;480,079834;95699,26271;29,14371572
FE ; H; 2017_2019;51;Professions intermédiaires;244,6777757;97800,68277;32,67160719
FE ; H; 2017_2019;52;Agriculteurs;301,2298962;96861,73743;31,33183255
FE ; H; 2017_2019;52;Artisans, commerçants, chefs d'entreprise;283,5032695;96979,23683;31,49348945
FE ; H; 2017_2019;52;Cadres et prof. intellectuelles supérieures;155,2726775;98652,83575;33,16205887
FE ; H; 2017_2019;52;Employés;417,4343363;96481,17943;29,78467207
FE ; H; 2017_2019;52;Ensemble;424,935679;96179,05841;29,90971025
FE ; H; 2017_2019;52;Inactifs non retraités;1899,750528;82017,89576;21,77718725
FE ; H; 2017_2019;52;Ouvriers;525,3705974;95239,82985;28,28430376
FE ; H; 2017_2019;52;Professions intermédiaires;266,5062737;97561,38624;31,75174342
FE ; H; 2017_2019;53;Agriculteurs;325,1336007;96569,96091;30,42649856
FE ; H; 2017_2019;53;Artisans, commerçants, chefs d'entreprise;305,5914155;96704,29752;30,58302836
FE ; H; 2017_2019;53;Cadres et prof. intellectuelles supérieures;170,9011982;98499,65485;32,21363057
FE ; H; 2017_2019;53;Employés;461,6771903;96078,43386;28,90952469
FE ; H; 2017_2019;53;Ensemble;464,5790691;95770,35928;29,03734967
FE ; H; 2017_2019;53;Inactifs non retraités;2009,449445;80459,76036;21,19891118
FE ; H; 2017_2019;53;Ouvriers;574,6144697;94739,46778;27,43368598
FE ; H; 2017_2019;53;Professions intermédiaires;290,6240168;97301,37902;30,83658993
FE ; H; 2017_2019;54;Agriculteurs;351,8866249;96255,97952;29,52574802
FE ; H; 2017_2019;54;Artisans, commerçants, chefs d'entreprise;330,4757517;96408,77749;29,67677395
FE ; H; 2017_2019;54;Cadres et prof. intellectuelles supérieures;188,7878581;98331,31776;31,2687783
FE ; H; 2017_2019;54;Employés;510,1928427;95634,86164;28,04361242
FE ; H; 2017_2019;54;Ensemble;509,5055003;95325,43023;28,17288077
FE ; H; 2017_2019;54;Inactifs non retraités;2122,589556;78842,96215;20,633628
FE ; H; 2017_2019;54;Ouvriers;628,624413;94195,08109;26,59223496
FE ; H; 2017_2019;54;Professions intermédiaires;317,7108047;97018,59784;29,92646968
FE ; H; 2017_2019;55;Agriculteurs;382,2408767;95917,26761;28,63001207
FE ; H; 2017_2019;55;Artisans, commerçants, chefs d'entreprise;358,9712343;96090,16986;28,77517368
FE ; H; 2017_2019;55;Cadres et prof. intellectuelles supérieures;209,5941145;98145,68017;30,32792161
FE ; H; 2017_2019;55;Employés;563,6105709;95146,93942;27,18742264
FE ; H; 2017_2019;55;Ensemble;557,8345152;94839,74192;27,31715825
FE ; H; 2017_2019;55;Inactifs non retraités;2241,218133;77169,44967;20,08109308
FE ; H; 2017_2019;55;Ouvriers;688,3609448;93602,94782;25,76045773
FE ; H; 2017_2019;55;Professions intermédiaires;348,6062454;96710,35928;29,02185235
FE ; H; 2017_2019;56;Agriculteurs;417,0540873;95550,6326;27,7398676
FE ; H; 2017_2019;56;Artisans, commerçants, chefs d'entreprise;392,0160493;95745,23379;27,87884041
FE ; H; 2017_2019;56;Cadres et prof. intellectuelles supérieures;234,118728;97939,9726;29,39162066
FE ; H; 2017_2019;56;Employés;622,6216699;94610,68122;26,34152235
FE ; H; 2017_2019;56;Ensemble;612,4533764;94310,69311;26,47039761
FE ; H; 2017_2019;56;Inactifs non retraités;2367,419944;75439,91397;19,54147228
FE ; H; 2017_2019;56;Ouvriers;754,8987715;92958,62168;24,93901175
FE ; H; 2017_2019;56;Professions intermédiaires;384,2916422;96373,22092;28,12337827
FE ; H; 2017_2019;57;Agriculteurs;456,3799092;95152,13478;26,85604236
FE ; H; 2017_2019;57;Artisans, commerçants, chefs d'entreprise;429,7518612;95369,8971;26,98856006
FE ; H; 2017_2019;57;Cadres et prof. intellectuelles supérieures;262,7001369;97710,67678;28,46059342
FE ; H; 2017_2019;57;Employés;686,8674371;94021,61461;25,50655792
FE ; H; 2017_2019;57;Ensemble;671,7290738;93733,08408;25,63351547
FE ; H; 2017_2019;57;Inactifs non retraités;2498,536395;73653,9344;19,01531893
FE ; H; 2017_2019;57;Ouvriers;827,9299249;92256,87819;24,12870806
FE ; H; 2017_2019;57;Professions intermédiaires;424,9680297;96002,86669;27,23187099
FE ; H; 2017_2019;58;Agriculteurs;501,1570198;94717,87956;25,97916987
FE ; H; 2017_2019;58;Artisans, commerçants, chefs d'entreprise;473,1415678;94960,0432;26,10504449
FE ; H; 2017_2019;58;Cadres et prof. intellectuelles supérieures;296,1914277;97453,9907;27,53555637
FE ; H; 2017_2019;58;Employés;757,3314376;93375,81076;24,68296585
FE ; H; 2017_2019;58;Ensemble;739,1785987;93103,45171;24,8068677
FE ; H; 2017_2019;58;Inactifs non retraités;2636,719879;71813,66404;18,50259845
FE ; H; 2017_2019;58;Ouvriers;908,730117;91493,05589;23,33014461
FE ; H; 2017_2019;58;Professions intermédiaires;471,6353349;95594,8852;26,34809163
FE ; H; 2017_2019;59;Agriculteurs;551,421462;94243,19425;25,11002208
FE ; H; 2017_2019;59;Artisans, commerçants, chefs d'entreprise;522,3103287;94510,74776;25,22914548
FE ; H; 2017_2019;59;Cadres et prof. intellectuelles supérieures;334,9721326;97165,34034;26,61735661
FE ; H; 2017_2019;59;Employés;833,5648557;92668,64639;23,87132421
FE ; H; 2017_2019;59;Ensemble;810,0965694;92415,25092;23,99160027
FE ; H; 2017_2019;59;Inactifs non retraités;2778,907651;69920,13889;18,00367205
FE ; H; 2017_2019;59;Ouvriers;996,8550754;90661,63093;22,54409691
FE ; H; 2017_2019;59;Professions intermédiaires;522,3103287;95144,02594;25,47294741
FE ; H; 2017_2019;60;Agriculteurs;607,1323418;93723,51705;24,24925187
FE ; H; 2017_2019;60;Artisans, commerçants, chefs d'entreprise;577,3151736;94017,10836;24,3616118
FE ; H; 2017_2019;60;Cadres et prof. intellectuelles supérieures;379,3872824;96839,86352;25,70681701
FE ; H; 2017_2019;60;Employés;914,9283352;91896,19312;23,07197977
FE ; H; 2017_2019;60;Ensemble;888,7733629;91666,59814;23,18754272
FE ; H; 2017_2019;60;Inactifs non retraités;2921,849494;67977,1228;17,51827789
FE ; H; 2017_2019;60;Ouvriers;1091,646674;89757,86586;21,77109169
FE ; H; 2017_2019;60;Professions intermédiaires;577,3151736;94647,07887;24,60669381
FE ; H; 2017_2019;61;Agriculteurs;667,3795052;93154,49127;23,39737623
FE ; H; 2017_2019;61;Artisans, commerçants, chefs d'entreprise;637,3815485;93474,33333;23,50307175
FE ; H; 2017_2019;61;Cadres et prof. intellectuelles supérieures;429,2213119;96472,4654;24,80471682
FE ; H; 2017_2019;61;Employés;999,4373601;91055,40881;22,28502103
FE ; H; 2017_2019;61;Ensemble;971,591379;90851,88983;22,39547547
FE ; H; 2017_2019;61;Inactifs non retraités;3058,648729;65990,93358;17,04554145
FE ; H; 2017_2019;61;Ouvriers;1190,844276;88778,02711;21,01137817
FE ; H; 2017_2019;61;Professions intermédiaires;637,3815485;94100,66692;23,74957688
FE ; H; 2017_2019;62;Agriculteurs;731,6995755;92532,79729;22,55457464
FE ; H; 2017_2019;62;Artisans, commerçants, chefs d'entreprise;702,1407402;92878,54518;22,65383694
FE ; H; 2017_2019;62;Cadres et prof. intellectuelles supérieures;484,4750682;96058,38502;23,9116429
FE ; H; 2017_2019;62;Employés;1085,805799;90145,36704;21,50999432
FE ; H; 2017_2019;62;Ensemble;1056,265441;89969,1807;21,61520283
FE ; H; 2017_2019;62;Inactifs non retraités;3185,550801;63972,50273;16,5833545
FE ; H; 2017_2019;62;Ouvriers;1293,007971;87720,81905;20,26460652
FE ; H; 2017_2019;62;Professions intermédiaires;702,1407402;93500,88663;22,90192333
FE ; H; 2017_2019;63;Agriculteurs;798,806926;91855,7352;21,7208228
FE ; H; 2017_2019;63;Artisans, commerçants, chefs d'entreprise;770,408454;92226,40707;21,8140235
FE ; H; 2017_2019;63;Cadres et prof. intellectuelles supérieures;544,5257934;95593,00609;23,02805283
FE ; H; 2017_2019;63;Employés;1171,607275;89166,56341;20,7461149
FE ; H; 2017_2019;63;Ensemble;1139,857977;89018,86734;20,8459541
FE ; H; 2017_2019;63;Inactifs non retraités;3296,2168;61934,62616;16,12900774
FE ; H; 2017_2019;63;Ouvriers;1395,305549;86586,58187;19,53006186
FE ; H; 2017_2019;63;Professions intermédiaires;770,408454;92844,37882;22,06386411
FE ; H; 2017_2019;64;Agriculteurs;868,5703563;91121,98523;20,89572739
FE ; H; 2017_2019;64;Artisans, commerçants, chefs d'entreprise;842,0745435;91515,88703;20,98338535
FE ; H; 2017_2019;64;Cadres et prof. intellectuelles supérieures;609,4162254;95072,47751;22,15413305
FE ; H; 2017_2019;64;Employés;1256,252617;88121,88147;19,99205939
FE ; H; 2017_2019;64;Ensemble;1221,173495;88004,17868;20,08630806
FE ; H; 2017_2019;64;Inactifs non retraités;3390,337039;59893,1266;15,67877637
FE ; H; 2017_2019;64;Ouvriers;1497,043127;85378,43449;18,80642196
FE ; H; 2017_2019;64;Professions intermédiaires;842,0745435;92129,09787;21,23516571
FE ; H; 2017_2019;65;Agriculteurs;941,7029547;90330,52668;20,0788117
FE ; H; 2017_2019;65;Artisans, commerçants, chefs d'entreprise;917,8244524;90745,25505;20,16158165
FE ; H; 2017_2019;65;Cadres et prof. intellectuelles supérieures;679,7297364;94493,09041;21,28997176
FE ; H; 2017_2019;65;Employés;1340,463866;87014,84803;19,24640539
FE ; H; 2017_2019;65;Ensemble;1299,003048;86929,49497;19,33462916
FE ; H; 2017_2019;65;Inactifs non retraités;3471,138387;57862,54775;15,22899397
FE ; H; 2017_2019;65;Ouvriers;1599,033851;84100,2825;18,09224104
FE ; H; 2017_2019;65;Professions intermédiaires;917,8244524;91353,30219;20,41550018
FE ; H; 2017_2019;66;Agriculteurs;1020,116429;89479,88144;19,26969199
FE ; H; 2017_2019;66;Artisans, commerçants, chefs d'entreprise;999,5045944;89912,37291;19,34834372
FE ; H; 2017_2019;66;Cadres et prof. intellectuelles supérieures;756,9251553;93850,79278;20,43567642
FE ; H; 2017_2019;66;Employés;1426,672189;85848,44543;18,50790176
FE ; H; 2017_2019;66;Ensemble;1378,656865;85800,27818;18,58909207
FE ; H; 2017_2019;66;Inactifs non retraités;3545,671943;55854,05864;14,77662236
FE ; H; 2017_2019;66;Ouvriers;1704,081606;82755,49052;17,3862433
FE ; H; 2017_2019;66;Professions intermédiaires;999,5045944;90514,83925;19,60461437
FE ; H; 2017_2019;67;Agriculteurs;1104,882537;88567,08247;18,46829122
FE ; H; 2017_2019;67;Artisans, commerçants, chefs d'entreprise;1088,140816;89013,69461;18,54368374
FE ; H; 2017_2019;67;Cadres et prof. intellectuelles supérieures;841,8879287;93140,41252;19,59153896
FE ; H; 2017_2019;67;Employés;1516,053479;84623,66954;17,77577046
FE ; H; 2017_2019;67;Ensemble;1464,160147;84617,38676;17,84895447
FE ; H; 2017_2019;67;Inactifs non retraités;3616,936729;53873,65696;14,31981266
FE ; H; 2017_2019;67;Ouvriers;1813,452078;81345,26943;16,68765538
FE ; H; 2017_2019;67;Professions intermédiaires;1088,140816;89610,13927;18,80254169
FE ; H; 2017_2019;68;Agriculteurs;1199,027975;87588,52024;17,67462388
FE ; H; 2017_2019;68;Artisans, commerçants, chefs d'entreprise;1186,676085;88045,10027;17,74768495
FE ; H; 2017_2019;68;Cadres et prof. intellectuelles supérieures;937,0077052;92356,27463;18,75787815
FE ; H; 2017_2019;68;Employés;1612,38585;83340,72945;17,04940915
FE ; H; 2017_2019;68;Ensemble;1560,820173;83378,45271;17,114175
FE ; H; 2017_2019;68;Inactifs non retraités;3693,429216;51925,08087;13,85718774
FE ; H; 2017_2019;68;Ouvriers;1931,483135;79870,11195;15,99586729
FE ; H; 2017_2019;68;Professions intermédiaires;1186,676085;88635,05477;18,00939063
FE ; H; 2017_2019;69;Agriculteurs;1303,610595;86538,30938;16,88911943
FE ; H; 2017_2019;69;Artisans, commerçants, chefs d'entreprise;1296,104303;87000,29012;16,96082173
FE ; H; 2017_2019;69;Cadres et prof. intellectuelles supérieures;1043,19304;91490,88922;17,93530341
FE ; H; 2017_2019;69;Employés;1716,614182;81996,95532;16,32881654
FE ; H; 2017_2019;69;Ensemble;1661,345258;82077,065;16,38553189
FE ; H; 2017_2019;69;Inactifs non retraités;3776,053747;50007,26476;13,38862128
FE ; H; 2017_2019;69;Ouvriers;2059,080468;78327,4342;15,31090976
FE ; H; 2017_2019;69;Professions intermédiaires;1296,104303;87583,24377;17,2256703
FE ; H; 2017_2019;70;Agriculteurs;1421,448566;85410,18681;16,11219583
FE ; H; 2017_2019;70;Artisans, commerçants, chefs d'entreprise;1419,133004;85872,67561;16,18353831
FE ; H; 2017_2019;70;Cadres et prof. intellectuelles supérieures;1162,692211;90536,46263;17,12437563
FE ; H; 2017_2019;70;Employés;1831,941616;80589,38396;15,61401508
FE ; H; 2017_2019;70;Ensemble;1777,208713;80713,48157;15,66235107
FE ; H; 2017_2019;70;Inactifs non retraités;3870,2579;48118,96357;12,91402224
FE ; H; 2017_2019;70;Ouvriers;2199,796575;76714,60931;14,63280173
FE ; H; 2017_2019;70;Professions intermédiaires;1419,133004;86448,07358;16,45186466
FE ; H; 2017_2019;71;Agriculteurs;1556,029197;84196,12493;15,34452484
FE ; H; 2017_2019;71;Artisans, commerçants, chefs d'entreprise;1556,029197;84654,02813;15,41651042
FE ; H; 2017_2019;71;Cadres et prof. intellectuelles supérieures;1295,718712;89483,80223;16,32582161
FE ; H; 2017_2019;71;Employés;1958,362676;79113,03349;14,90539258
FE ; H; 2017_2019;71;Ensemble;1900,055404;79279,03454;14,94574016
FE ; H; 2017_2019;71;Inactifs non retraités;3974,021612;46256,63558;12,43395078
FE ; H; 2017_2019;71;Ouvriers;2353,255952;75027,04396;13,96193383
FE ; H; 2017_2019;71;Professions intermédiaires;1556,029197;85221,26044;15,68869951
FE ; H; 2017_2019;72;Agriculteurs;1710,729188;82886,00865;14,58706411
FE ; H; 2017_2019;72;Artisans, commerçants, chefs d'entreprise;1710,729188;83336,78674;14,66018751
FE ; H; 2017_2019;72;Cadres et prof. intellectuelles supérieures;1445,410433;88324,34386;15,54013524
FE ; H; 2017_2019;72;Employés;2100,611847;77563,71337;14,20312491
FE ; H; 2017_2019;72;Ensemble;2045,03065;77772,68896;14,23521773
FE ; H; 2017_2019;72;Inactifs non retraités;4094,733426;44418,38688;11,94852809
FE ; H; 2017_2019;72;Ouvriers;2524,673203;73261,46558;13,29841207
FE ; H; 2017_2019;72;Professions intermédiaires;1710,729188;83895,19274;14,93667888
FE ; H; 2017_2019;73;Agriculteurs;1884,566075;81468,0535;13,84095262
FE ; H; 2017_2019;73;Artisans, commerçants, chefs d'entreprise;1884,566075;81911,12;13,91534874
FE ; H; 2017_2019;73;Cadres et prof. intellectuelles supérieures;1612,631122;87047,69458;14,76804825
FE ; H; 2017_2019;73;Employés;2260,157105;75934,40082;13,50787914
FE ; H; 2017_2019;73;Ensemble;2201,954647;76182,21363;13,53240997
FE ; H; 2017_2019;73;Inactifs non retraités;4232,363416;42599,57235;11,45867773
FE ; H; 2017_2019;73;Ouvriers;2715,205866;71411,85299;12,64284943
FE ; H; 2017_2019;73;Professions intermédiaires;1884,566075;82459,97319;14,19665245
FE ; H; 2017_2019;74;Agriculteurs;2081,596275;79932,73421;13,10680467
FE ; H; 2017_2019;74;Artisans, commerçants, chefs d'entreprise;2081,596275;80367,45082;13,18262977
FE ; H; 2017_2019;74;Cadres et prof. intellectuelles supérieures;1800,370751;85643,93637;14,01010589
FE ; H; 2017_2019;74;Employés;2441,91907;74218,16407;12,82023823
FE ; H; 2017_2019;74;Ensemble;2386,893882;74504,71584;12,83709656
FE ; H; 2017_2019;74;Inactifs non retraités;4392,884136;40796,60363;10,96508355
FE ; H; 2017_2019;74;Ouvriers;2929,981804;69472,87417;11,9957097
FE ; H; 2017_2019;74;Professions intermédiaires;2081,596275;80905,96051;13,46933666
FE ; H; 2017_2019;75;Agriculteurs;2304,637633;78268,85739;12,3854354
FE ; H; 2017_2019;75;Artisans, commerçants, chefs d'entreprise;2304,637633;78694,52496;12,46287242
FE ; H; 2017_2019;75;Cadres et prof. intellectuelles supérieures;2010,338168;84102,02799;13,26696414
FE ; H; 2017_2019;75;Employés;2649,481861;72405,81657;12,14113409
FE ; H; 2017_2019;75;Ensemble;2595,618338;72726,36734;12,1509969
FE ; H; 2017_2019;75;Inactifs non retraités;4578,794268;39004,45611;10,46889899
FE ; H; 2017_2019;75;Ouvriers;3172,284764;67437,3316;11,35779072
FE ; H; 2017_2019;75;Professions intermédiaires;2304,637633;79221,82505;12,75567427
FE ; H; 2017_2019;76;Agriculteurs;2558,314095;76465,04385;11,67760833
FE ; H; 2017_2019;76;Artisans, commerçants, chefs d'entreprise;2558,314095;76880,90132;11,75687209
FE ; H; 2017_2019;76;Cadres et prof. intellectuelles supérieures;2245,493957;82411,29282;12,53914677
FE ; H; 2017_2019;76;Employés;2888,835868;70487,43759;11,47156597
FE ; H; 2017_2019;76;Ensemble;2837,060854;70838,66841;11,47479497
FE ; H; 2017_2019;76;Inactifs non retraités;4795,900959;37218,52231;9,971249954
FE ; H; 2017_2019;76;Ouvriers;3447,966284;65298,0274;10,72989644
FE ; H; 2017_2019;76;Professions intermédiaires;2558,314095;77396,04906;12,05658115
FE ; H; 2017_2019;77;Agriculteurs;2845,907983;74508,82785;10,98420185
FE ; H; 2017_2019;77;Artisans, commerçants, chefs d'entreprise;2845,907983;74914,04639;11,06554667
FE ; H; 2017_2019;77;Cadres et prof. intellectuelles supérieures;2507,518588;80560,75222;11,82718033
FE ; H; 2017_2019;77;Employés;3164,386549;68451,17121;10,81281892
FE ; H; 2017_2019;77;Ensemble;3119,416504;68828,93228;10,80984753
FE ; H; 2017_2019;77;Inactifs non retraités;5046,55012;35433,55884;9,473551091
FE ; H; 2017_2019;77;Ouvriers;3760,81992;63046,57343;10,11307139
FE ; H; 2017_2019;77;Professions intermédiaires;2845,907983;75416,01503;11,37312454
FE ; H; 2017_2019;78;Agriculteurs;3160,394982;72388,37517;10,30595905
FE ; H; 2017_2019;78;Artisans, commerçants, chefs d'entreprise;3172,955549;72782,06156;10,38968668
FE ; H; 2017_2019;78;Cadres et prof. intellectuelles supérieures;2800,598127;78540,67638;11,13137686
FE ; H; 2017_2019;78;Employés;3482,044457;66285,11156;10,16615937
FE ; H; 2017_2019;78;Ensemble;3441,320242;66681,87121;10,15790919
FE ; H; 2017_2019;78;Inactifs non retraités;5335,643226;33645,38653;8,977047809
FE ; H; 2017_2019;78;Ouvriers;4116,767107;60675,50534;9,508268447
FE ; H; 2017_2019;78;Professions intermédiaires;3153,911578;73269,74463;10,70627433
FE ; H; 2017_2019;79;Agriculteurs;3544,98913;70100,61659;9,642297687
FE ; H; 2017_2019;79;Artisans, commerçants, chefs d'entreprise;3547,037944;70472,7191;9,730149551
FE ; H; 2017_2019;79;Cadres et prof. intellectuelles supérieures;3130,853044;76341,06767;10,45210428
FE ; H; 2017_2019;79;Employés;3849,64741;63977,0345;9,532920334
FE ; H; 2017_2019;79;Ensemble;3810,07777;64387,13447;9,519933801
FE ; H; 2017_2019;79;Inactifs non retraités;5670,379483;31850,18874;8,48302837
FE ; H; 2017_2019;79;Ouvriers;4523,906605;58177,63609;8,916507986
FE ; H; 2017_2019;79;Professions intermédiaires;3496,221018;70958,88167;10,05493728
FE ; H; 2017_2019;80;Agriculteurs;3990,951252;67615,55736;8,996678867
FE ; H; 2017_2019;80;Artisans, commerçants, chefs d'entreprise;3977,535813;67973,02501;9,08797381
FE ; H; 2017_2019;80;Cadres et prof. intellectuelles supérieures;3506,031867;73950,94103;9,789920847
FE ; H; 2017_2019;80;Employés;4276,79403;61514,14425;8,914597375
FE ; H; 2017_2019;80;Ensemble;4235,70079;61933,93458;8,897017879
FE ; H; 2017_2019;80;Inactifs non retraités;6059,560118;30044,16218;7,992963529
FE ; H; 2017_2019;80;Ouvriers;4992,165893;55545,73417;8,338995417
FE ; H; 2017_2019;80;Professions intermédiaires;3886,567592;68478,00234;9,419216104
FE ; H; 2017_2019;81;Agriculteurs;4509,705153;64917,05342;8,370657229
FE ; H; 2017_2019;81;Artisans, commerçants, chefs d'entreprise;4475,198381;65269,3736;8,464424692
FE ; H; 2017_2019;81;Cadres et prof. intellectuelles supérieures;3935,157848;71358,19747;9,145629863
FE ; H; 2017_2019;81;Employés;4774,315751;58883,311;8,31289052
FE ; H; 2017_2019;81;Ensemble;4736,558529;59310,59842;8,290537239
FE ; H; 2017_2019;81;Inactifs non retraités;6512,683769;28223,61811;7,50854386
FE ; H; 2017_2019;81;Ouvriers;5532,643856;52772,79898;7,777166109
FE ; H; 2017_2019;81;Professions intermédiaires;4334,494732;65816,55849;8,800103761
FE ; H; 2017_2019;82;Agriculteurs;5115,998076;61989,48572;7,765976943
FE ; H; 2017_2019;82;Artisans, commerçants, chefs d'entreprise;5054,078393;62348,43965;7,860970709
FE ; H; 2017_2019;82;Cadres et prof. intellectuelles supérieures;4430,282941;68550,13976;8,520267414
FE ; H; 2017_2019;82;Employés;5356,265476;56072,03581;7,729672657
FE ; H; 2017_2019;82;Ensemble;5327,927292;56501,31721;7,702747991
FE ; H; 2017_2019;82;Inactifs non retraités;7042,601859;26385,50311;7,031617723
FE ; H; 2017_2019;82;Ouvriers;6159,891731;49853,06796;7,232649274
FE ; H; 2017_2019;82;Professions intermédiaires;4852,668462;62963,74323;8,198826407
FE ; H; 2017_2019;83;Agriculteurs;5818,911545;58818,10482;7,184706363
FE ; H; 2017_2019;83;Artisans, commerçants, chefs d'entreprise;5722,727627;59197,30063;7,279419038
FE ; H; 2017_2019;83;Cadres et prof. intellectuelles supérieures;4998,872192;65513,17461;7,915237667
FE ; H; 2017_2019;83;Employés;6030,485919;53068,66871;7,167125585
FE ; H; 2017_2019;83;Ensemble;6014,396736;53490,96811;7,136240996
FE ; H; 2017_2019;83;Inactifs non retraités;7653,20319;24527,27718;6,564344381
FE ; H; 2017_2019;83;Ouvriers;6881,083091;46782,17295;6,70741787
FE ; H; 2017_2019;83;Professions intermédiaires;5448,488006;59908,32152;7,616979871
FE ; H; 2017_2019;84;Agriculteurs;6634,259987;55395,53133;6,628608334
FE ; H; 2017_2019;84;Artisans, commerçants, chefs d'entreprise;6496,613945;55809,60036;6,721287278
FE ; H; 2017_2019;84;Cadres et prof. intellectuelles supérieures;5654,883378;62238,25475;7,331730212
FE ; H; 2017_2019;84;Employés;6811,682741;49868,37012;6,627075287
FE ; H; 2017_2019;84;Ensemble;6819,49064;50273,80907;6,592908645
FE ; H; 2017_2019;84;Inactifs non retraités;8357,272212;22650,15482;6,10836175
FE ; H; 2017_2019;84;Ouvriers;7711,20264;43563,05275;6,203066887
FE ; H; 2017_2019;84;Professions intermédiaires;6136,199821;56644,22381;7,055904882
FE ; H; 2017_2019;85;Agriculteurs;7569,690001;51720,44776;6,099615269
FE ; H; 2017_2019;85;Artisans, commerçants, chefs d'entreprise;7383,643574;52183,86608;6,188282224
FE ; H; 2017_2019;85;Cadres et prof. intellectuelles supérieures;6406,361569;58718,75402;6,771181461
FE ; H; 2017_2019;85;Employés;7705,953398;46471,49496;6,111487235
FE ; H; 2017_2019;85;Ensemble;7721,492802;46845,39137;6,075415975
FE ; H; 2017_2019;85;Inactifs non retraités;9157,0719;20757,21972;5,665408044
FE ; H; 2017_2019;85;Ouvriers;8655,508541;40203,81748;5,721364959
FE ; H; 2017_2019;85;Professions intermédiaires;6923,270833;53168,42105;6,51717368
FE ; H; 2017_2019;86;Agriculteurs;8643,897118;47805,3702;5,599150504
FE ; H; 2017_2019;86;Artisans, commerçants, chefs d'entreprise;8403,23195;48330,7954;5,681629965
FE ; H; 2017_2019;86;Cadres et prof. intellectuelles supérieures;7272,370912;54957,01833;6,234659934
FE ; H; 2017_2019;86;Employés;8730,55115;42890,42321;5,621756722
FE ; H; 2017_2019;86;Ensemble;8772,912989;43228,22785;5,583782248
FE ; H; 2017_2019;86;Inactifs non retraités;10069,18987;18856,46619;5,236487707
FE ; H; 2017_2019;86;Ouvriers;9732,11596;36723,97262;5,263502996
FE ; H; 2017_2019;86;Professions intermédiaires;7828,655511;49487,42726;6,001936723
FE ; H; 2017_2019;87;Agriculteurs;9859,733991;43673,12318;5,128928805
FE ; H; 2017_2019;87;Artisans, commerçants, chefs d'entreprise;9560,342253;44269,44656;5,202871658
FE ; H; 2017_2019;87;Cadres et prof. intellectuelles supérieures;8260,858831;50960,34012;5,723627031
FE ; H; 2017_2019;87;Employés;9886,462676;39145,85288;5,159516457
FE ; H; 2017_2019;87;Ensemble;9944,345685;39435,85303;5,12075035
FE ; H; 2017_2019;87;Inactifs non retraités;11092,27276;16957,77281;4,822796103
FE ; H; 2017_2019;87;Ouvriers;10941,38856;33149,95302;4,83098081
FE ; H; 2017_2019;87;Professions intermédiaires;8858,700019;45613,22706;5,511716582
FE ; H; 2017_2019;88;Agriculteurs;11237,05437;39367,06941;4,689941945
FE ; H; 2017_2019;88;Artisans, commerçants, chefs d'entreprise;10877,7938;40037,13596;4,752865267
FE ; H; 2017_2019;88;Cadres et prof. intellectuelles supérieures;9397,149628;46750,57836;5,239023995
FE ; H; 2017_2019;88;Employés;11191,65188;35275,71274;4,725573105
FE ; H; 2017_2019;88;Ensemble;11295,85442;35514,21548;4,686206368
FE ; H; 2017_2019;88;Inactifs non retraités;12303,35884;15076,77039;4,424495995
FE ; H; 2017_2019;88;Ouvriers;12303,35884;29522,88785;4,424495995
FE ; H; 2017_2019;88;Professions intermédiaires;10037,64909;41572,48811;5,047441262
FE ; H; 2017_2019;89;Agriculteurs;12764,24041;34943,37042;4,283670919
FE ; H; 2017_2019;89;Artisans, commerçants, chefs d'entreprise;12353,79594;35681,97886;4,332975327
FE ; H; 2017_2019;89;Cadres et prof. intellectuelles supérieures;10687,81913;42357,35656;4,782405271
FE ; H; 2017_2019;89;Employés;12636,72526;31327,77778;4,321091097
FE ; H; 2017_2019;89;Ensemble;12766,356;31502,5814;4,282962073
FE ; H; 2017_2019;89;Inactifs non retraités;13808,92016;13221,82123;4,04522857
FE ; H; 2017_2019;89;Ouvriers;13808,92016;25890,58102;4,04522857
FE ; H; 2017_2019;89;Professions intermédiaires;11368,64139;37399,58763;4,61061512
FE ; H; 2017_2019;90;Agriculteurs;14375,43764;30483,11461;3,910452937
FE ; H; 2017_2019;90;Artisans, commerçants, chefs d'entreprise;13996,9772;31273,90001;3,943711337
FE ; H; 2017_2019;90;Cadres et prof. intellectuelles supérieures;12151,62609;37830,2789;4,35470663
FE ; H; 2017_2019;90;Employés;14220,83728;27368,97257;3,946118503
FE ; H; 2017_2019;90;Ensemble;14418,69504;27480,84971;3,909759442
FE ; H; 2017_2019;90;Inactifs non retraités;15459,99349;11396,03049;3,693326244
FE ; H; 2017_2019;90;Ouvriers;15459,99349;22315,37136;3,693326244
FE ; H; 2017_2019;90;Professions intermédiaires;12866,63854;33147,76263;4,202013365
FE ; H; 2017_2019;91;Agriculteurs;16111,65088;26101,03348;-
FE ; H; 2017_2019;91;Artisans, commerçants, chefs d'entreprise;15807,84581;26896,49935;-
FE ; H; 2017_2019;91;Cadres et prof. intellectuelles supérieures;13804,18424;33233,28486;-
FE ; H; 2017_2019;91;Employés;15932,26823;23476,87551;-
FE ; H; 2017_2019;91;Ensemble;16163,20404;23518,4698;-
FE ; H; 2017_2019;91;Inactifs non retraités;17248,43111;9634,20492;-
FE ; H; 2017_2019;91;Ouvriers;17248,43111;18865,4164;-
FE ; H; 2017_2019;91;Professions intermédiaires;14541,70733;28882,75983;-
FE ; H; 2017_2019;92;Agriculteurs;18015,55126;21895,72609;-
FE ; H; 2017_2019;92;Artisans, commerçants, chefs d'entreprise;17846,1892;22644,74221;-
FE ; H; 2017_2019;92;Cadres et prof. intellectuelles supérieures;15717,96184;28645,70099;-
FE ; H; 2017_2019;92;Employés;17815,69643;19736,47674;-
FE ; H; 2017_2019;92;Ensemble;18011,46857;19717,13154;-
FE ; H; 2017_2019;92;Inactifs non retraités;19229,01886;7972,455722;-
FE ; H; 2017_2019;92;Ouvriers;19229,01886;15611,42805;-
FE ; H; 2017_2019;92;Professions intermédiaires;16461,62277;24682,71343;-
FE ; H; 2017_2019;93;Agriculteurs;20075,37654;17951,09033;-
FE ; H; 2017_2019;93;Artisans, commerçants, chefs d'entreprise;20075,37654;18603,51867;-
FE ; H; 2017_2019;93;Cadres et prof. intellectuelles supérieures;17930,53886;24143,18064;-
FE ; H; 2017_2019;93;Employés;19862,59982;16220,28595;-
FE ; H; 2017_2019;93;Ensemble;19965,33829;16165,78659;-
FE ; H; 2017_2019;93;Inactifs non retraités;21400,93892;6439,430708;-
FE ; H; 2017_2019;93;Ouvriers;21400,93892;12609,50361;-
FE ; H; 2017_2019;93;Professions intermédiaires;18654,10533;20619,53825;-
FE ; H; 2017_2019;94;Agriculteurs;22073,57484;14347,34135;-
FE ; H; 2017_2019;94;Artisans, commerçants, chefs d'entreprise;22073,57484;14868,79225;-
FE ; H; 2017_2019;94;Cadres et prof. intellectuelles supérieures;19926,64371;19814,17825;-
FE ; H; 2017_2019;94;Employés;21860,59045;12998,51546;-
FE ; H; 2017_2019;94;Ensemble;22031,373;12938,23261;-
FE ; H; 2017_2019;94;Inactifs non retraités;23400,43104;5061,332075;-
FE ; H; 2017_2019;94;Ouvriers;23400,43104;9910,951442;-
FE ; H; 2017_2019;94;Professions intermédiaires;20650,91641;16773,14787;-
FE ; H; 2017_2019;95;Agriculteurs;24202,23801;11180,37022;-
FE ; H; 2017_2019;95;Artisans, commerçants, chefs d'entreprise;24202,23801;11586,71826;-
FE ; H; 2017_2019;95;Cadres et prof. intellectuelles supérieures;22050,62413;15865,87755;-
FE ; H; 2017_2019;95;Employés;23988,78907;10156,96323;-
FE ; H; 2017_2019;95;Ensemble;24199,09691;10087,76232;-
FE ; H; 2017_2019;95;Inactifs non retraités;25531,98826;3876,958553;-
FE ; H; 2017_2019;95;Ouvriers;25531,98826;7591,746084;-
FE ; H; 2017_2019;95;Professions intermédiaires;22776,47657;13309,33912;-
FE ; H; 2017_2019;96;Agriculteurs;26420,52974;8474,47041;-
FE ; H; 2017_2019;96;Artisans, commerçants, chefs d'entreprise;26420,52974;8782,47313;-
FE ; H; 2017_2019;96;Cadres et prof. intellectuelles supérieures;24261,77195;12367,35252;-
FE ; H; 2017_2019;96;Employés;26206,3721;7720,430748;-
FE ; H; 2017_2019;96;Ensemble;26419,27227;7646,614941;-
FE ; H; 2017_2019;96;Inactifs non retraités;27754,6951;2887,093951;-
FE ; H; 2017_2019;96;Ouvriers;27754,6951;5653,422365;-
FE ; H; 2017_2019;96;Professions intermédiaires;24990,0344;10277,94062;-
FE ; H; 2017_2019;97;Agriculteurs;28764,8552;6235,470435;-
FE ; H; 2017_2019;97;Artisans, commerçants, chefs d'entreprise;28764,8552;6462,097205;-
FE ; H; 2017_2019;97;Cadres et prof. intellectuelles supérieures;26600,08417;9366,813659;-
FE ; H; 2017_2019;97;Employés;28550,10101;5697,185938;-
FE ; H; 2017_2019;97;Ensemble;28770,80262;5626,43492;-
FE ; H; 2017_2019;97;Inactifs non retraités;30102,73688;2085,789827;-
FE ; H; 2017_2019;97;Ouvriers;30102,73688;4084,332225;-
FE ; H; 2017_2019;97;Professions intermédiaires;27330,3752;7709,479721;-
FE ; H; 2017_2019;98;Agriculteurs;30838,18148;4441,846393;-
FE ; H; 2017_2019;98;Artisans, commerçants, chefs d'entreprise;30838,18148;4603,284301;-
FE ; H; 2017_2019;98;Cadres et prof. intellectuelles supérieures;28668,49467;6875,233342;-
FE ; H; 2017_2019;98;Employés;30622,93963;4070,633598;-
FE ; H; 2017_2019;98;Ensemble;30845,54913;4007,664435;-
FE ; H; 2017_2019;98;Inactifs non retraités;32179,10123;1457,910004;-
FE ; H; 2017_2019;98;Ouvriers;32179,10123;2854,836442;-
FE ; H; 2017_2019;98;Professions intermédiaires;29400,44406;5602,449987;-
FE ; H; 2017_2019;99;Agriculteurs;32745,33354;3072,061742;-
FE ; H; 2017_2019;99;Artisans, commerçants, chefs d'entreprise;32745,33354;3183,715135;-
FE ; H; 2017_2019;99;Cadres et prof. intellectuelles supérieures;30571,64776;4904,207437;-
FE ; H; 2017_2019;99;Employés;32529,69498;2824,085929;-
FE ; H; 2017_2019;99;Ensemble;32753,84415;2771,478333;-
FE ; H; 2017_2019;99;Inactifs non retraités;34088,72476;988,7676678;-
FE ; H; 2017_2019;99;Ouvriers;34088,72476;1936,175733;-
FE ; H; 2017_2019;99;Professions intermédiaires;31304,94621;3955,304813;-
FE ; H; 2017_2019;100;Agriculteurs;34288,1226;2066,104878;-
FE ; H; 2017_2019;100;Artisans, commerçants, chefs d'entreprise;34288,1226;2141,196995;-
FE ; H; 2017_2019;100;Cadres et prof. intellectuelles supérieures;32111,24205;3404,910414;-
FE ; H; 2017_2019;100;Employés;34072,1671;1905,41939;-
FE ; H; 2017_2019;100;Ensemble;34293,07996;1863,712639;-
FE ; H; 2017_2019;100;Inactifs non retraités;35633,48827;651,709379;-
FE ; H; 2017_2019;100;Ouvriers;35633,48827;1276,158117;-
FE ; H; 2017_2019;100;Professions intermédiaires;32845,61826;2717,098769;-
FE ; H; 2017_2019;101;Agriculteurs;35704,43706;1357,676304;-
FE ; H; 2017_2019;101;Artisans, commerçants, chefs d'entreprise;35704,43706;1407,020744;-
FE ; H; 2017_2019;101;Cadres et prof. intellectuelles supérieures;33524,8175;2311,55139;-
FE ; H; 2017_2019;101;Employés;35488,20984;1256,201712;-
FE ; H; 2017_2019;101;Ensemble;35705,42642;1224,588174;-
FE ; H; 2017_2019;101;Inactifs non retraités;37051,4955;419,4825939;-
FE ; H; 2017_2019;101;Ouvriers;37051,4955;821,4184639;-
FE ; H; 2017_2019;101;Professions intermédiaires;34260,11773;1824,65088;-
FE ; H; 2017_2019;102;Agriculteurs;37015,62548;872,9256228;-
FE ; H; 2017_2019;102;Artisans, commerçants, chefs d'entreprise;37015,62548;904,6519081;-
FE ; H; 2017_2019;102;Cadres et prof. intellectuelles supérieures;34833,57248;1536,608005;-
FE ; H; 2017_2019;102;Employés;36799,15686;810,3982121;-
FE ; H; 2017_2019;102;Ensemble;37011,56282;787,3437443;-
FE ; H; 2017_2019;102;Inactifs non retraités;38364,18785;264,0580195;-
FE ; H; 2017_2019;102;Ouvriers;38364,18785;517,0706388;-
FE ; H; 2017_2019;102;Professions intermédiaires;35569,69363;1199,52334;-
FE ; H; 2017_2019;103;Agriculteurs;38587,62636;549,8067435;-
FE ; H; 2017_2019;103;Artisans, commerçants, chefs d'entreprise;38587,62636;569,7893459;-
FE ; H; 2017_2019;103;Cadres et prof. intellectuelles supérieures;36403,27378;1001,352542;-
FE ; H; 2017_2019;103;Employés;38370,9296;512,1785029;-
FE ; H; 2017_2019;103;Ensemble;38584,87144;495,9355198;-
FE ; H; 2017_2019;103;Inactifs non retraités;39937,60992;162,7543049;-
FE ; H; 2017_2019;103;Ouvriers;39937,60992;318,7006876;-
FE ; H; 2017_2019;103;Professions intermédiaires;37140,1707;772,856563;-
FE ; H; 2017_2019;104;Agriculteurs;40205,29061;337,6493716;-
FE ; H; 2017_2019;104;Artisans, commerçants, chefs d'entreprise;40205,29061;349,9211621;-
FE ; H; 2017_2019;104;Cadres et prof. intellectuelles supérieures;38019,87768;636,8274344;-
FE ; H; 2017_2019;104;Employés;39988,48867;315,6508501;-
FE ; H; 2017_2019;104;Ensemble;40225,05916;304,5794371;-
FE ; H; 2017_2019;104;Inactifs non retraités;41555,9295;97,75412545;-
FE ; H; 2017_2019;104;Ouvriers;41555,9295;191,4192502;-
FE ; H; 2017_2019;104;Professions intermédiaires;38757,13231;485,8163163;-
FE ; H; 2017_2019;105;Agriculteurs;41893,37664;201,8964605;-
FE ; H; 2017_2019;105;Artisans, commerçants, chefs d'entreprise;41893,37664;209,234342;-
FE ; H; 2017_2019;105;Cadres et prof. intellectuelles supérieures;39706,85802;394,7064228;-
FE ; H; 2017_2019;105;Employés;41676,46501;189,4268457;-
FE ; H; 2017_2019;105;Ensemble;41934,96892;182,0621783;-
FE ; H; 2017_2019;105;Inactifs non retraités;43244,69888;57,13149;-
FE ; H; 2017_2019;105;Ouvriers;43244,69888;111,8732015;-
FE ; H; 2017_2019;105;Professions intermédiaires;40444,48566;297,5278438;-
FE ; H ; 2009_2013;30;Agriculteurs;49,48609116;100000;51,00438998
FE ; H ; 2009_2013;30;Artisans, commerçants, chefs d'entreprise;47,62739972;100000;50,89123469
FE ; H ; 2009_2013;30;Cadres et prof. intellectuelles supérieures;29,29086305;100000;53,83949279
FE ; H ; 2009_2013;30;Employés;74,28409415;100000;49,83392412
FE ; H ; 2009_2013;30;Ensemble;82,1787547;100000;49,32615705
FE ; H ; 2009_2013;30;Inactifs non retraités;534,6571937;100000;37,43135176
FE ; H ; 2009_2013;30;Ouvriers;96,95950753;100000;47,40146269
FE ; H ; 2009_2013;30;Professions intermédiaires;46,97386494;100000;51,51923086
FE ; H ; 2009_2013;31;Agriculteurs;53,05627067;99950,51391;50,02964255
FE ; H ; 2009_2013;31;Artisans, commerçants, chefs d'entreprise;51,29178755;99952,3726;49,91548441
FE ; H ; 2009_2013;31;Cadres et prof. intellectuelles supérieures;31,29659872;99970,70914;52,85526746
FE ; H ; 2009_2013;31;Employés;77,89244001;99925,71591;48,87097032
FE ; H ; 2009_2013;31;Ensemble;86,7165608;99917,82125;48,36672602
FE ; H ; 2009_2013;31;Inactifs non retraités;556,2741587;99465,34281;36,63255693
FE ; H ; 2009_2013;31;Ouvriers;103,7851765;99903,04049;46,44746752
FE ; H ; 2009_2013;31;Professions intermédiaires;50,58797067;99953,02614;50,54344281
FE ; H ; 2009_2013;32;Agriculteurs;56,88402118;99897,48389;49,05620051
FE ; H ; 2009_2013;32;Artisans, commerçants, chefs d'entreprise;55,23810842;99901,10524;48,94110009
FE ; H ; 2009_2013;32;Cadres et prof. intellectuelles supérieures;33,43968014;99939,42171;51,87181454
FE ; H ; 2009_2013;32;Employés;82,83612514;99847,88133;47,90906678
FE ; H ; 2009_2013;32;Ensemble;91,50493877;99831,17595;47,40870438
FE ; H ; 2009_2013;32;Inactifs non retraités;578,7651289;98912,04281;35,83747428
FE ; H ; 2009_2013;32;Ouvriers;111,0913529;99799,35595;45,49572318
FE ; H ; 2009_2013;32;Professions intermédiaires;54,48014082;99902,46193;49,56902465
FE ; H ; 2009_2013;33;Agriculteurs;60,92554492;99840,65819;48,08412153
FE ; H ; 2009_2013;33;Artisans, commerçants, chefs d'entreprise;59,42720776;99845,92176;47,96814917
FE ; H ; 2009_2013;33;Cadres et prof. intellectuelles supérieures;35,69296707;99906,00228;50,88916611
FE ; H ; 2009_2013;33;Employés;86,7710426;99765,17121;46,9487857
FE ; H ; 2009_2013;33;Ensemble;95,55542488;99739,82549;46,45212542
FE ; H ; 2009_2013;33;Inactifs non retraités;601,5495291;98339,5744;35,04609652
FE ; H ; 2009_2013;33;Ouvriers;116,6435793;99688,48749;44,54632121
FE ; H ; 2009_2013;33;Professions intermédiaires;58,61175808;99848,03493;48,59604464
FE ; H ; 2009_2013;34;Agriculteurs;64,40036568;99779,82972;47,1134349
FE ; H ; 2009_2013;34;Artisans, commerçants, chefs d'entreprise;62,52113157;99786,58612;46,99667225
FE ; H ; 2009_2013;34;Cadres et prof. intellectuelles supérieures;38,08962256;99870,34287;49,90733645
FE ; H ; 2009_2013;34;Employés;90,37148786;99678,60393;45,98955903
FE ; H ; 2009_2013;34;Ensemble;99,31363444;99644,51868;45,4965554
FE ; H ; 2009_2013;34;Inactifs non retraités;625,0919513;97748,01315;34,25819201
FE ; H ; 2009_2013;34;Ouvriers;121,659906;99572,20727;43,59834231
FE ; H ; 2009_2013;34;Professions intermédiaires;61,66322762;99789,51224;47,62454434
FE ; H ; 2009_2013;35;Agriculteurs;70,53392547;99715,57115;46,14379568
FE ; H ; 2009_2013;35;Artisans, commerçants, chefs d'entreprise;68,22831873;99724,19841;46,02607349
FE ; H ; 2009_2013;35;Cadres et prof. intellectuelles supérieures;42,02778173;99832,30263;48,92635321
FE ; H ; 2009_2013;35;Employés;97,84920452;99588,52289;45,03115807
FE ; H ; 2009_2013;35;Ensemble;107,3565134;99545,55808;44,5417846
FE ; H ; 2009_2013;35;Inactifs non retraités;649,4896811;97136,99819;33,47368423
FE ; H ; 2009_2013;35;Ouvriers;131,8609444;99451,06782;42,65144862
FE ; H ; 2009_2013;35;Professions intermédiaires;67,29210176;99727,9788;46,6539293
FE ; H ; 2009_2013;36;Agriculteurs;77,10598815;99645,23784;45,17636568
FE ; H ; 2009_2013;36;Artisans, commerçants, chefs d'entreprise;74,36048635;99656,15827;45,05749774
FE ; H ; 2009_2013;36;Cadres et prof. intellectuelles supérieures;46,23322874;99790,34533;47,94692452
FE ; H ; 2009_2013;36;Employés;105,9367624;99491,07632;44,07526386
FE ; H ; 2009_2013;36;Ensemble;116,0691666;99438,68944;43,5896545
FE ; H ; 2009_2013;36;Inactifs non retraités;674,8016985;96506,10341;32,69251363
FE ; H ; 2009_2013;36;Ouvriers;142,8698854;99319,9307;41,70776348
FE ; H ; 2009_2013;36;Professions intermédiaires;73,34012486;99660,86975;45,68534485
FE ; H ; 2009_2013;37;Agriculteurs;84,1755556;99568,4054;44,21122624
FE ; H ; 2009_2013;37;Artisans, commerçants, chefs d'entreprise;80,96596095;99582,05347;44,09102765
FE ; H ; 2009_2013;37;Cadres et prof. intellectuelles supérieures;50,75204317;99744,20903;46,96910218
FE ; H ; 2009_2013;37;Employés;114,6744095;99385,67869;43,12200528
FE ; H ; 2009_2013;37;Ensemble;125,4889062;99323,27179;42,64030744
FE ; H ; 2009_2013;37;Inactifs non retraités;705,465433;95854,87858;31,91462206
FE ; H ; 2009_2013;37;Ouvriers;154,7456242;99178,03243;40,76743657
FE ; H ; 2009_2013;37;Professions intermédiaires;79,8549603;99587,77834;44,71887513
FE ; H ; 2009_2013;38;Agriculteurs;91,63435531;99484,59314;43,24847264
FE ; H ; 2009_2013;38;Artisans, commerçants, chefs d'entreprise;87,93546926;99501,4259;43,1267553
FE ; H ; 2009_2013;38;Cadres et prof. intellectuelles supérieures;55,52589016;99693,5868;45,99295206
FE ; H ; 2009_2013;38;Employés;123,8897307;99271,70875;42,17151196
FE ; H ; 2009_2013;38;Ensemble;135,4228632;99198,6321;41,69388353
FE ; H ; 2009_2013;38;Inactifs non retraités;738,2128419;95178,65555;31,1413683
FE ; H ; 2009_2013;38;Ouvriers;167,2572447;99024,55876;39,83062017
FE ; H ; 2009_2013;38;Professions intermédiaires;86,72883424;99508,25256;43,7546139
FE ; H ; 2009_2013;39;Agriculteurs;98,74400761;99393,43107;42,28813945
FE ; H ; 2009_2013;39;Artisans, commerçants, chefs d'entreprise;94,55974954;99413,92885;42,16471239
FE ; H ; 2009_2013;39;Cadres et prof. intellectuelles supérieures;60,10860184;99638,23105;45,01850425
FE ; H ; 2009_2013;39;Employés;132,5801764;99148,7213;41,22382294
FE ; H ; 2009_2013;39;Ensemble;144,7743164;99064,29447;40,75042315
FE ; H ; 2009_2013;39;Inactifs non retraités;766,9134091;94476,03449;30,37296758
FE ; H ; 2009_2013;39;Ouvriers;179,0508846;98858,93301;38,89735138
FE ; H ; 2009_2013;39;Professions intermédiaires;93,26221732;99421,95022;42,79259471
FE ; H ; 2009_2013;40;Agriculteurs;111,3196334;99295,28601;41,32993773
FE ; H ; 2009_2013;40;Artisans, commerçants, chefs d'entreprise;106,3951088;99319,92329;41,20462098
FE ; H ; 2009_2013;40;Cadres et prof. intellectuelles supérieures;68,05928477;99578,33991;44,04558052
FE ; H ; 2009_2013;40;Employés;148,4918628;99017,26975;40,27855011
FE ; H ; 2009_2013;40;Ensemble;161,9913366;98920,87481;39,80950483
FE ; H ; 2009_2013;40;Inactifs non retraités;834,7050941;93751,48511;29,60770215
FE ; H ; 2009_2013;40;Ouvriers;200,5868106;98681,92522;37,96712236
FE ; H ; 2009_2013;40;Professions intermédiaires;104,9351739;99329,2271;41,83254129
FE ; H ; 2009_2013;41;Agriculteurs;125,2317189;99184,75087;40,37599733
FE ; H ; 2009_2013;41;Artisans, commerçants, chefs d'entreprise;119,4689579;99214,25175;40,24850737
FE ; H ; 2009_2013;41;Cadres et prof. intellectuelles supérieures;76,89150405;99510,5676;43,07557804
FE ; H ; 2009_2013;41;Employés;165,9937793;98870,23716;39,33844943
FE ; H ; 2009_2013;41;Ensemble;180,910859;98760,63157;38,87409741
FE ; H ; 2009_2013;41;Inactifs non retraités;906,9873308;92968,93669;28,85691938
FE ; H ; 2009_2013;41;Ouvriers;224,2617428;98483,98229;37,04343247
FE ; H ; 2009_2013;41;Professions intermédiaires;117,8296259;99224,9958;40,87648445
FE ; H ; 2009_2013;42;Agriculteurs;134,2143488;99060,5401;39,42662429
FE ; H ; 2009_2013;42;Artisans, commerçants, chefs d'entreprise;127,8143305;99095,72152;39,29664936
FE ; H ; 2009_2013;42;Cadres et prof. intellectuelles supérieures;82,74371658;99434,05243;42,10872499
FE ; H ; 2009_2013;42;Employés;176,8299401;98706,11872;38,40385738
FE ; H ; 2009_2013;42;Ensemble;192,5431901;98581,96286;37,94455233
FE ; H ; 2009_2013;42;Inactifs non retraités;940,0432789;92125,72021;28,12104356
FE ; H ; 2009_2013;42;Ouvriers;238,9184192;98263,1204;36,12669344
FE ; H ; 2009_2013;42;Professions intermédiaires;126,0604847;99108,07936;39,92470588
FE ; H ; 2009_2013;43;Agriculteurs;151,4846392;98927,58664;38,47961159
FE ; H ; 2009_2013;43;Artisans, commerçants, chefs d'entreprise;144,0223876;98969,06299;38,34694039
FE ; H ; 2009_2013;43;Cadres et prof. intellectuelles supérieures;93,76353421;99351,777;41,14359616
FE ; H ; 2009_2013;43;Employés;198,4245475;98531,57675;37,4718872
FE ; H ; 2009_2013;43;Ensemble;215,8613466;98392,15;37,01775293
FE ; H ; 2009_2013;43;Inactifs non retraités;1026,548893;91259,69857;27,38790212
FE ; H ; 2009_2013;43;Ouvriers;268,0860998;98028,35171;35,21321347
FE ; H ; 2009_2013;43;Professions intermédiaires;142,0461377;98983,14324;38,97509868
FE ; H ; 2009_2013;44;Agriculteurs;162,8093099;98777,72654;37,53799073
FE ; H ; 2009_2013;44;Artisans, commerçants, chefs d'entreprise;154,5449515;98826,52538;37,40224822
FE ; H ; 2009_2013;44;Cadres et prof. intellectuelles supérieures;101,1656711;99258,62126;40,18221006
FE ; H ; 2009_2013;44;Employés;212,0587641;98336,06591;36,54638845
FE ; H ; 2009_2013;44;Ensemble;230,4893769;98179,75938;36,09783281
FE ; H ; 2009_2013;44;Inactifs non retraités;1068,148763;90322,87315;26,67196841
FE ; H ; 2009_2013;44;Ouvriers;286,4765568;97765,55132;34,30786896
FE ; H ; 2009_2013;44;Professions intermédiaires;152,4243129;98842,5415;38,03054006
FE ; H ; 2009_2013;45;Agriculteurs;181,7546626;98616,90721;36,59920574
FE ; H ; 2009_2013;45;Artisans, commerçants, chefs d'entreprise;172,2697678;98673,79397;36,46014098
FE ; H ; 2009_2013;45;Cadres et prof. intellectuelles supérieures;113,3712472;99158,20561;39,22290183
FE ; H ; 2009_2013;45;Employés;235,438982;98127,53567;35,62405296
FE ; H ; 2009_2013;45;Ensemble;255,6772766;97953,46547;35,18122669
FE ; H ; 2009_2013;45;Inactifs non retraités;1154,713898;89358,09049;25,95994068
FE ; H ; 2009_2013;45;Ouvriers;317,9950302;97485,47594;33,40643533
FE ; H ; 2009_2013;45;Professions intermédiaires;169,9059124;98691,88144;37,08859634
FE ; H ; 2009_2013;46;Agriculteurs;200,8452376;98437,66638;35,66584763
FE ; H ; 2009_2013;46;Artisans, commerçants, chefs d'entreprise;190,0877301;98503,80886;35,52305917
FE ; H ; 2009_2013;46;Cadres et prof. intellectuelles supérieures;125,7598895;99045,78871;38,26741979
FE ; H ; 2009_2013;46;Employés;258,7600207;97896,5052;34,7081238
FE ; H ; 2009_2013;46;Ensemble;280,7557636;97703,02072;34,27140767
FE ; H ; 2009_2013;46;Inactifs non retraités;1235,45362;88326,2602;25,26320556
FE ; H ; 2009_2013;46;Ouvriers;349,3883395;97175,47697;32,51300502
FE ; H ; 2009_2013;46;Professions intermédiaires;187,4793797;98524,1981;36,15171931
FE ; H ; 2009_2013;47;Agriculteurs;224,8301601;98239,95901;34,73762494
FE ; H ; 2009_2013;47;Artisans, commerçants, chefs d'entreprise;212,4885943;98316,5652;34,59071275
FE ; H ; 2009_2013;47;Cadres et prof. intellectuelles supérieures;141,3226984;98921,22884;37,31560545
FE ; H ; 2009_2013;47;Employés;288,1013471;97643,18818;33,79816755
FE ; H ; 2009_2013;47;Ensemble;312,3128756;97428,71385;33,36789752
FE ; H ; 2009_2013;47;Inactifs non retraités;1338,489868;87235,03023;24,57922503
FE ; H ; 2009_2013;47;Ouvriers;388,8466921;96835,95718;31,62699996
FE ; H ; 2009_2013;47;Professions intermédiaires;209,5728632;98339,48554;35,21962363
FE ; H ; 2009_2013;48;Agriculteurs;247,8059444;98019,08596;33,81590159
FE ; H ; 2009_2013;48;Artisans, commerçants, chefs d'entreprise;233,8837967;98107,65372;33,66437058
FE ; H ; 2009_2013;48;Cadres et prof. intellectuelles supérieures;156,3717381;98781,43069;36,36841551
FE ; H ; 2009_2013;48;Employés;315,8425179;97361,87684;32,89582187
FE ; H ; 2009_2013;48;Ensemble;342,0772764;97124,43144;32,47243625
FE ; H ; 2009_2013;48;Inactifs non retraités;1427,366547;86067,39818;23,91267871
FE ; H ; 2009_2013;48;Ouvriers;426,0701543;96459,41377;30,75046057
FE ; H ; 2009_2013;48;Professions intermédiaires;230,6744845;98133,39267;34,29358942
FE ; H ; 2009_2013;49;Agriculteurs;280,078602;97776,18884;32,89990758
FE ; H ; 2009_2013;49;Artisans, commerçants, chefs d'entreprise;263,9930957;97878,19581;32,74329067
FE ; H ; 2009_2013;49;Cadres et prof. intellectuelles supérieures;177,4401343;98626,96445;35,4253745
FE ; H ; 2009_2013;49;Employés;355,0548504;97054,36663;32,00005006
FE ; H ; 2009_2013;49;Ensemble;384,1918998;96792,19083;31,58389836
FE ; H ; 2009_2013;49;Inactifs non retraités;1559,617431;84838,90094;23,25894274
FE ; H ; 2009_2013;49;Ouvriers;478,6566095;96048,42899;29,88203973
FE ; H ; 2009_2013;49;Professions intermédiaires;260,370629;97907,02397;33,37287888
FE ; H ; 2009_2013;50;Agriculteurs;312,1082279;97502,33865;31,99231198
FE ; H ; 2009_2013;50;Artisans, commerçants, chefs d'entreprise;297,2049059;97619,80413;31,82995949
FE ; H ; 2009_2013;50;Cadres et prof. intellectuelles supérieures;198,5386758;98451,96063;34,48834507
FE ; H ; 2009_2013;50;Employés;393,5103495;96709,7704;31,11407263
FE ; H ; 2009_2013;50;Ensemble;425,3996452;96420,32307;30,70570913
FE ; H ; 2009_2013;50;Inactifs non retraités;1678,837386;83515,73865;22,62744042
FE ; H ; 2009_2013;50;Ouvriers;530,0863766;95588,68684;29,02576001
FE ; H ; 2009_2013;50;Professions intermédiaires;289,7708749;97652,10284;32,45999889
FE ; H ; 2009_2013;51;Agriculteurs;345,5160355;97198,02583;31,09247524
FE ; H ; 2009_2013;51;Artisans, commerçants, chefs d'entreprise;332,3512851;97329,67328;30,92484169
FE ; H ; 2009_2013;51;Cadres et prof. intellectuelles supérieures;220,7032;98256,49541;33,55695399
FE ; H ; 2009_2013;51;Employés;433,2629873;96329,20744;30,23699343
FE ; H ; 2009_2013;51;Ensemble;467,9206645;96010,15136;29,83688915
FE ; H ; 2009_2013;51;Inactifs non retraités;1794,283273;82113,6452;22,01380478
FE ; H ; 2009_2013;51;Ouvriers;583,1016581;95081,98423;28,18044156
FE ; H ; 2009_2013;51;Professions intermédiaires;320,3870398;97369,13548;31,55433186
FE ; H ; 2009_2013;52;Agriculteurs;382,2923629;96862,19107;30,2002772
FE ; H ; 2009_2013;52;Artisans, commerçants, chefs d'entreprise;371,3942109;97006,19686;30,02796353
FE ; H ; 2009_2013;52;Cadres et prof. intellectuelles supérieures;245,2288989;98039,64018;32,63117907
FE ; H ; 2009_2013;52;Employés;476,7707463;95911,84864;29,3685692
FE ; H ; 2009_2013;52;Ensemble;514,3998948;95560,90002;28,97715846
FE ; H ; 2009_2013;52;Inactifs non retraités;1915,549732;80640,2938;21,41601152
FE ; H ; 2009_2013;52;Ouvriers;640,9729439;94527,55961;27,34572595
FE ; H ; 2009_2013;52;Professions intermédiaires;354,0638416;97057,17739;30,65575279
FE ; H ; 2009_2013;53;Agriculteurs;423,0005912;96491,89431;29,31617362
FE ; H ; 2009_2013;53;Artisans, commerçants, chefs d'entreprise;414,9807482;96645,92146;29,13990138
FE ; H ; 2009_2013;53;Cadres et prof. intellectuelles supérieures;272,51788;97799,21865;31,71139687
FE ; H ; 2009_2013;53;Employés;524,6602462;95454,569;28,50926073
FE ; H ; 2009_2013;53;Ensemble;565,4959736;95069,33485;28,12698766
FE ; H ; 2009_2013;53;Inactifs non retraités;2043,802692;79095,58887;20,83425758
FE ; H ; 2009_2013;53;Ouvriers;704,491573;93921,66352;26,5221354
FE ; H ; 2009_2013;53;Professions intermédiaires;391,3168238;96713,53302;29,7646794
FE ; H ; 2009_2013;54;Agriculteurs;474,0819225;96083,73302;28,44070798
FE ; H ; 2009_2013;54;Artisans, commerçants, chefs d'entreprise;469,6305009;96244,8595;28,26133026
FE ; H ; 2009_2013;54;Cadres et prof. intellectuelles supérieures;306,7979055;97532,6983;30,79805225
FE ; H ; 2009_2013;54;Employés;584,7667361;94953,75683;27,65962639
FE ; H ; 2009_2013;54;Ensemble;629,6191147;94531,72159;27,28694922
FE ; H ; 2009_2013;54;Inactifs non retraités;2206,476602;77479,0311;20,26895302
FE ; H ; 2009_2013;54;Ouvriers;784,085135;93259,99332;25,71030726
FE ; H ; 2009_2013;54;Professions intermédiaires;438,0900729;96335,0767;28,88161117
FE ; H ; 2009_2013;55;Agriculteurs;529,1670659;95628,21741;27,5761825
FE ; H ; 2009_2013;55;Artisans, commerçants, chefs d'entreprise;529,2925;95792,86428;27,39468034
FE ; H ; 2009_2013;55;Cadres et prof. intellectuelles supérieures;344,0441155;97233,47002;29,89283081
FE ; H ; 2009_2013;55;Employés;649,0422952;94398,49884;26,82232208
FE ; H ; 2009_2013;55;Ensemble;698,0619774;93936,5318;26,45984163
FE ; H ; 2009_2013;55;Inactifs non retraités;2369,765372;75769,4744;19,72627339
FE ; H ; 2009_2013;55;Ouvriers;868,8573405;92528,75557;24,91349109
FE ; H ; 2009_2013;55;Professions intermédiaires;488,4778229;95913,04229;28,00869538
FE ; H ; 2009_2013;56;Agriculteurs;573,5524267;95122,18438;26,72288287
FE ; H ; 2009_2013;56;Artisans, commerçants, chefs d'entreprise;579,149186;95285,83984;26,54044988
FE ; H ; 2009_2013;56;Cadres et prof. intellectuelles supérieures;374,6773175;96898,94399;28,99603038
FE ; H ; 2009_2013;56;Employés;699,5304513;93785,81266;25,99754758
FE ; H ; 2009_2013;56;Ensemble;751,5267467;93280,79659;25,64584615
FE ; H ; 2009_2013;56;Inactifs non retraités;2470,772021;73973,91564;19,20508654
FE ; H ; 2009_2013;56;Ouvriers;934,7748659;91724,81269;24,13185102
FE ; H ; 2009_2013;56;Professions intermédiaires;528,9241727;95444,52835;27,14618324
FE ; H ; 2009_2013;57;Agriculteurs;628,5357532;94576,60879;25,87703676
FE ; H ; 2009_2013;57;Artisans, commerçants, chefs d'entreprise;640,5434279;94733,99267;25,69505407
FE ; H ; 2009_2013;57;Cadres et prof. intellectuelles supérieures;412,5961633;96535,88562;28,10508052
FE ; H ; 2009_2013;57;Employés;762,2945827;93129,75234;25,18068947
FE ; H ; 2009_2013;57;Ensemble;818,0253948;92579,76645;24,84004097
FE ; H ; 2009_2013;57;Inactifs non retraités;2603,594491;72146,18883;18,69162161
FE ; H ; 2009_2013;57;Ouvriers;1016,625405;90867,3922;23,35955805
FE ; H ; 2009_2013;57;Professions intermédiaires;579,0979853;94939,69916;26,29052945
FE ; H ; 2009_2013;58;Agriculteurs;672,7678323;93982,16099;25,04071195
FE ; H ; 2009_2013;58;Artisans, commerçants, chefs d'entreprise;691,7618962;94127,18031;24,8607031
FE ; H ; 2009_2013;58;Cadres et prof. intellectuelles supérieures;443,8112448;96137,58226;27,22152143
FE ; H ; 2009_2013;58;Employés;811,4124563;92419,82928;24,37411498
FE ; H ; 2009_2013;58;Ensemble;869,7346135;91822,44045;24,04491473
FE ; H ; 2009_2013;58;Inactifs non retraités;2680,117902;70267,79463;18,19128485
FE ; H ; 2009_2013;58;Ouvriers;1079,819329;89943,6112;22,59947632
FE ; H ; 2009_2013;58;Professions intermédiaires;619,3284738;94389,90528;25,44366418
FE ; H ; 2009_2013;59;Agriculteurs;729,9317754;93349,87924;24,21031886
FE ; H ; 2009_2013;59;Artisans, commerçants, chefs d'entreprise;757,0260878;93476,04434;24,03387793
FE ; H ; 2009_2013;59;Cadres et prof. intellectuelles supérieures;483,9458507;95710,91286;26,34287218
FE ; H ; 2009_2013;59;Employés;875,5056035;91669,92328;23,57350748
FE ; H ; 2009_2013;59;Ensemble;937,3382021;91023,82891;23,25587648
FE ; H ; 2009_2013;59;Inactifs non retraités;2796,18626;68384,53489;17,69225944
FE ; H ; 2009_2013;59;Ouvriers;1162,395468;88972,3827;21,84617372
FE ; H ; 2009_2013;59;Professions intermédiaires;665,0238638;93805,32172;24,60222605
FE ; H ; 2009_2013;60;Agriculteurs;786,6010307;92668,48881;23,38833709
FE ; H ; 2009_2013;60;Artisans, commerçants, chefs d'entreprise;822,6339469;92768,4063;23,21720851
FE ; H ; 2009_2013;60;Cadres et prof. intellectuelles supérieures;524,2023814;95247,72387;25,47097737
FE ; H ; 2009_2013;60;Employés;938,295215;90867,34796;22,78171775
FE ; H ; 2009_2013;60;Ensemble;1003,367139;90170,62778;22,4759253
FE ; H ; 2009_2013;60;Inactifs non retraités;2897,287132;66472,37592;17,20119886
FE ; H ; 2009_2013;60;Ouvriers;1242,624917;87938,17176;21,10309914
FE ; H ; 2009_2013;60;Professions intermédiaires;714,0786096;93181,49394;23,76693206
FE ; H ; 2009_2013;61;Agriculteurs;837,3579693;91939,55752;22,57376859
FE ; H ; 2009_2013;61;Artisans, commerçants, chefs d'entreprise;882,7715215;92005,26189;22,40978536
FE ; H ; 2009_2013;61;Cadres et prof. intellectuelles supérieures;560,9410928;94748,43304;24,60520044
FE ; H ; 2009_2013;61;Employés;993,4149652;90014,74398;21,99750221
FE ; H ; 2009_2013;61;Ensemble;1061,033624;89265,88534;21,70372704
FE ; H ; 2009_2013;61;Inactifs non retraités;2966,345498;64546,48032;16,71443696
FE ; H ; 2009_2013;61;Ouvriers;1312,105549;86845,43012;20,36863108
FE ; H ; 2009_2013;61;Professions intermédiaires;766,7399738;92516,10483;22,93786725
FE ; H ; 2009_2013;62;Agriculteurs;889,3412444;91169,69431;21,76438801
FE ; H ; 2009_2013;62;Artisans, commerçants, chefs d'entreprise;944,7965938;91193,06564;21,60937448
FE ; H ; 2009_2013;62;Cadres et prof. intellectuelles supérieures;598,9142529;94216,95014;23,74399971
FE ; H ; 2009_2013;62;Employés;1049,434064;89120,52405;21,21822135
FE ; H ; 2009_2013;62;Ensemble;1119,509621;88318,74428;20,93648047
FE ; H ; 2009_2013;62;Inactifs non retraités;3031,232328;62631,80871;16,2254019
FE ; H ; 2009_2013;62;Ouvriers;1382,175787;85705,92642;19,63944235
FE ; H ; 2009_2013;62;Professions intermédiaires;823,2720601;91806,74687;22,11509996
FE ; H ; 2009_2013;63;Agriculteurs;941,9284445;90358,88461;20,95968454
FE ; H ; 2009_2013;63;Artisans, commerçants, chefs d'entreprise;1008,026558;90331,47667;20,81548645
FE ; H ; 2009_2013;63;Cadres et prof. intellectuelles supérieures;637,7254094;93652,6714;22,88706273
FE ; H ; 2009_2013;63;Employés;1105,613568;88185,26291;20,44325416
FE ; H ; 2009_2013;63;Ensemble;1178,003529;87330,00744;20,17352007
FE ; H ; 2009_2013;63;Inactifs non retraités;3090,226165;60733,29308;15,73260606
FE ; H ; 2009_2013;63;Ouvriers;1451,83335;84521,31985;18,91469849
FE ; H ; 2009_2013;63;Professions intermédiaires;883,9588905;91050,92757;21,29867876
FE ; H ; 2009_2013;64;Agriculteurs;1008,878707;89507,76858;20,15898706
FE ; H ; 2009_2013;64;Artisans, commerçants, chefs d'entreprise;1087,299961;89420,91139;20,02744872
FE ; H ; 2009_2013;64;Cadres et prof. intellectuelles supérieures;686,7993663;93055,42451;22,03395612
FE ; H ; 2009_2013;64;Employés;1177,968902;87210,27468;19,67180444
FE ; H ; 2009_2013;64;Ensemble;1253,540543;86301,25687;19,41399768
FE ; H ; 2009_2013;64;Inactifs non retraités;3186,071041;58856,49696;15,23428209
FE ; H ; 2009_2013;64;Ouvriers;1541,950683;83294,21114;18,193354
FE ; H ; 2009_2013;64;Professions intermédiaires;947,7494876;90246,07481;20,48862941
FE ; H ; 2009_2013;65;Agriculteurs;1090,127809;88604,74376;19,36443955
FE ; H ; 2009_2013;65;Artisans, commerçants, chefs d'entreprise;1182,905165;88448,63786;19,24760087
FE ; H ; 2009_2013;65;Cadres et prof. intellectuelles supérieures;746,325481;92416,32045;21,18633171
FE ; H ; 2009_2013;65;Employés;1266,095088;86182,96476;18,90629439
FE ; H ; 2009_2013;65;Ensemble;1345,603068;85219,43563;18,66044938
FE ; H ; 2009_2013;65;Inactifs non retraités;3312,812275;56981,28716;14,73563046
FE ; H ; 2009_2013;65;Ouvriers;1651,6936;82009,85549;17,47827997
FE ; H ; 2009_2013;65;Professions intermédiaires;1025,150276;89390,76809;19,68466824
FE ; H ; 2009_2013;66;Agriculteurs;1168,610817;87638,83881;18,57786329
FE ; H ; 2009_2013;66;Artisans, commerçants, chefs d'entreprise;1278,185789;87402,37435;18,47800723
FE ; H ; 2009_2013;66;Cadres et prof. intellectuelles supérieures;804,7488762;91726,5939;20,34563965
FE ; H ; 2009_2013;66;Employés;1350,021323;85091,80648;18,1487356
FE ; H ; 2009_2013;66;Ensemble;1432,926791;84072,72029;17,9149698
FE ; H ; 2009_2013;66;Inactifs non retraités;3416,84014;55093,60408;14,24052029
FE ; H ; 2009_2013;66;Ouvriers;1754,866004;80655,30395;16,77181591
FE ; H ; 2009_2013;66;Professions intermédiaires;1100,143711;88474,37839;18,88855583
FE ; H ; 2009_2013;67;Agriculteurs;1240,917318;86614,68186;17,79753329
FE ; H ; 2009_2013;67;Artisans, commerçants, chefs d'entreprise;1348,276056;86285,20962;17,71724844
FE ; H ; 2009_2013;67;Cadres et prof. intellectuelles supérieures;859,675629;90988,42517;19,51069927
FE ; H ; 2009_2013;67;Employés;1425,94074;83943,04895;17,39710037
FE ; H ; 2009_2013;67;Ensemble;1511,502396;82868,01975;17,17541012
FE ; H ; 2009_2013;67;Inactifs non retraités;3491,523019;53211,1437;13,74430978
FE ; H ; 2009_2013;67;Ouvriers;1846,597161;79239,91144;16,07139604
FE ; H ; 2009_2013;67;Professions intermédiaires;1169,505171;87501,03308;18,09866863
FE ; H ; 2009_2013;68;Agriculteurs;1349,742836;85539,86527;17,021161
FE ; H ; 2009_2013;68;Artisans, commerçants, chefs d'entreprise;1456,637685;85121,8468;16,9593906
FE ; H ; 2009_2013;68;Cadres et prof. intellectuelles supérieures;940,934855;90206,21985;18,67988243
FE ; H ; 2009_2013;68;Employés;1542,660012;82746,07081;16,64876125
FE ; H ; 2009_2013;68;Ensemble;1632,982608;81615,46765;16,43900104
FE ; H ; 2009_2013;68;Inactifs non retraités;3652,846582;51353,26437;13,24155702
FE ; H ; 2009_2013;68;Ouvriers;1989,712787;77776,66949;15,3737533
FE ; H ; 2009_2013;68;Professions intermédiaires;1273,533225;86477,70397;17,31283822
FE ; H ; 2009_2013;69;Agriculteurs;1452,491499;84385,29707;16,25404625
FE ; H ; 2009_2013;69;Artisans, commerçants, chefs d'entreprise;1556,796962;83881,9299;16,2100791
FE ; H ; 2009_2013;69;Cadres et prof. intellectuelles supérieures;1019,174443;89357,43809;17,8573175
FE ; H ; 2009_2013;69;Employés;1651,066039;81469,58027;15,90961918
FE ; H ; 2009_2013;69;Ensemble;1745,267467;80282,70126;15,71190351
FE ; H ; 2009_2013;69;Inactifs non retraités;3779,783424;49477,40841;12,74358925
FE ; H ; 2009_2013;69;Ouvriers;2120,48318;76229,13715;14,6858568
FE ; H ; 2009_2013;69;Professions intermédiaires;1372,118253;85376,38168;16,53616713
FE ; H ; 2009_2013;70;Agriculteurs;1569,59426;83159,6078;15,4936146
FE ; H ; 2009_2013;70;Artisans, commerçants, chefs d'entreprise;1670,613483;82576,05856;15,46642795
FE ; H ; 2009_2013;70;Cadres et prof. intellectuelles supérieures;1108,841785;88446,72992;17,04118869
FE ; H ; 2009_2013;70;Employés;1774,359179;80124,4637;15,1767073
FE ; H ; 2009_2013;70;Ensemble;1872,862957;78881,55339;14,99098904
FE ; H ; 2009_2013;70;Inactifs non retraités;3926,157454;47607,26953;12,24419099
FE ; H ; 2009_2013;70;Ouvriers;2268,565418;74612,71112;14,0040144
FE ; H ; 2009_2013;70;Professions intermédiaires;1484,583361;84204,91676;15,76621949
FE ; H ; 2009_2013;71;Agriculteurs;1700,683824;81854,33937;14,7406794
FE ; H ; 2009_2013;71;Artisans, commerçants, chefs d'entreprise;1797,316992;81196,5318;14,72920212
FE ; H ; 2009_2013;71;Cadres et prof. intellectuelles supérieures;1210,011567;87465,99562;16,23226727
FE ; H ; 2009_2013;71;Employés;1911,810874;78702,76792;14,45086108
FE ; H ; 2009_2013;71;Ensemble;2014,905573;77404,21;14,27710835
FE ; H ; 2009_2013;71;Inactifs non retraités;4087,409413;45738,13317;11,74456258
FE ; H ; 2009_2013;71;Ouvriers;2432,626228;72920,07296;13,32907893
FE ; H ; 2009_2013;71;Professions intermédiaires;1610,657086;82954,82458;15,00380938
FE ; H ; 2009_2013;72;Agriculteurs;1840,95589;80462,25586;13,995709
FE ; H ; 2009_2013;72;Artisans, commerçants, chefs d'entreprise;1931,520798;79737,17273;13,9987777
FE ; H ; 2009_2013;72;Cadres et prof. intellectuelles supérieures;1319,578645;86407,64695;15,4310853
FE ; H ; 2009_2013;72;Employés;2057,766055;77198,11984;13,73251898
FE ; H ; 2009_2013;72;Ensemble;2165,356494;75844,58826;13,57069407
FE ; H ; 2009_2013;72;Inactifs non retraités;4249,640541;43868,62841;11,24506867
FE ; H ; 2009_2013;72;Ouvriers;2605,123704;71146,20013;12,66140997
FE ; H ; 2009_2013;72;Professions intermédiaires;1745,85809;81618,70682;14,24942533
FE ; H ; 2009_2013;73;Agriculteurs;2056,688063;78980,98122;13,2581961
FE ; H ; 2009_2013;73;Artisans, commerçants, chefs d'entreprise;2141,653679;78197,03266;13,27449249
FE ; H ; 2009_2013;73;Cadres et prof. intellectuelles supérieures;1486,029121;85267,43009;14,63743353
FE ; H ; 2009_2013;73;Employés;2285,403362;75609,56314;13,02103916
FE ; H ; 2009_2013;73;Ensemble;2400,928691;74202,28254;12,87105179
FE ; H ; 2009_2013;73;Inactifs non retraités;4553,86511;42004,36939;10,74415296
FE ; H ; 2009_2013;73;Ouvriers;2877,395519;69292,75361;12,00007809
FE ; H ; 2009_2013;73;Professions intermédiaires;1953,265245;80193,76002;13,50262051
FE ; H ; 2009_2013;74;Agriculteurs;2245,285037;77356,58881;12,53660178
FE ; H ; 2009_2013;74;Artisans, commerçants, chefs d'entreprise;2319,947508;76522,32303;12,56500798
FE ; H ; 2009_2013;74;Cadres et prof. intellectuelles supérieures;1636,047411;84000,33125;13,85823117
FE ; H ; 2009_2013;74;Employés;2479,927215;73881,57964;12,32558247
FE ; H ; 2009_2013;74;Ensemble;2600,807305;72420,73865;12,18767855
FE ; H ; 2009_2013;74;Inactifs non retraités;4765,122905;40091,54707;10,25677113
FE ; H ; 2009_2013;74;Ouvriers;3116,940254;67298,92702;11,3555975
FE ; H ; 2009_2013;74;Professions intermédiaires;2135,621689;78627,36318;12,77161671
FE ; H ; 2009_2013;75;Agriculteurs;2474,073917;75619,7129;11,82454947
FE ; H ; 2009_2013;75;Artisans, commerçants, chefs d'entreprise;2535,983284;74747,0453;11,86343287
FE ; H ; 2009_2013;75;Cadres et prof. intellectuelles supérieures;1818,983732;82626,04601;13,08872947
FE ; H ; 2009_2013;75;Employés;2715,739257;72049,37024;11,63902099
FE ; H ; 2009_2013;75;Ensemble;2842,997019;70537,21479;11,51312071
FE ; H ; 2009_2013;75;Inactifs non retraités;5028,92268;38181,13557;9,769973611
FE ; H ; 2009_2013;75;Ouvriers;3407,192772;65201,25968;10,72093194
FE ; H ; 2009_2013;75;Professions intermédiaires;2357,016941;76948,18016;12,05032222
FE ; H ; 2009_2013;76;Agriculteurs;2768,320151;73748,8253;11,12451903
FE ; H ; 2009_2013;76;Artisans, commerçants, chefs d'entreprise;2827,46221;72851,47273;11,17211569
FE ; H ; 2009_2013;76;Cadres et prof. intellectuelles supérieures;2055,044259;81123,09167;12,33122223
FE ; H ; 2009_2013;76;Employés;3019,26933;70092,69721;10,96393014
FE ; H ; 2009_2013;76;Ensemble;3154,742138;68531,84387;10,85001632
FE ; H ; 2009_2013;76;Inactifs non retraités;5382,557746;36261,03579;9,287314714
FE ; H ; 2009_2013;76;Ouvriers;3780,804038;62979,72707;10,09909966
FE ; H ; 2009_2013;76;Professions intermédiaires;2641,876225;75134,49852;11,34120655
FE ; H ; 2009_2013;77;Agriculteurs;3082,348726;71707,22171;10,44124944
FE ; H ; 2009_2013;77;Artisans, commerçants, chefs d'entreprise;3136,756802;70791,62487;10,49719452
FE ; H ; 2009_2013;77;Cadres et prof. intellectuelles supérieures;2311,938117;79455,97623;11,5899513
FE ; H ; 2009_2013;77;Employés;3339,513557;67976,4099;10,30526658
FE ; H ; 2009_2013;77;Ensemble;3482,374224;66369,84092;10,20345648
FE ; H ; 2009_2013;77;Inactifs non retraités;5726,630383;34309,2646;8,815647615
FE ; H ; 2009_2013;77;Ouvriers;4137,034816;60598,58701;9,495930218
FE ; H ; 2009_2013;77;Professions intermédiaires;2946,948767;73149,53806;10,64895759
FE ; H ; 2009_2013;78;Agriculteurs;3455,931488;69496,95508;9,773320757
FE ; H ; 2009_2013;78;Artisans, commerçants, chefs d'entreprise;3503,956352;68571,06376;9,837128899
FE ; H ; 2009_2013;78;Cadres et prof. intellectuelles supérieures;2621,130078;77619,00323;10,86424531
FE ; H ; 2009_2013;78;Employés;3718,655627;65706,32848;9,661302217
FE ; H ; 2009_2013;78;Ensemble;3869,553007;64058,59468;9,571599125
FE ; H ; 2009_2013;78;Inactifs non retraités;6128,341019;32344,49983;8,351153619
FE ; H ; 2009_2013;78;Ouvriers;4573,135021;58091,60236;8,905733878
FE ; H ; 2009_2013;78;Professions intermédiaires;3310,584738;70993,85865;9,972305823
FE ; H ; 2009_2013;79;Agriculteurs;3950,146791;67095,18792;9,123170597
FE ; H ; 2009_2013;79;Artisans, commerçants, chefs d'entreprise;3989,921122;66168,36362;9,19433391
FE ; H ; 2009_2013;79;Cadres et prof. intellectuelles supérieures;3032,572559;75584,50819;10,15667631
FE ; H ; 2009_2013;79;Employés;4220,075213;63262,93639;9,034448813
FE ; H ; 2009_2013;79;Ensemble;4381,413538;61579,81341;8,956886111
FE ; H ; 2009_2013;79;Inactifs non retraités;6674,443734;30362,31858;7,896352435
FE ; H ; 2009_2013;79;Ouvriers;5148,132933;55434,99495;8,332522744
FE ; H ; 2009_2013;79;Professions intermédiaires;3792,037614;68643,5468;9,313751299
FE ; H ; 2009_2013;80;Agriculteurs;4426,086072;64444,82951;8,498370161
FE ; H ; 2009_2013;80;Artisans, commerçants, chefs d'entreprise;4453,644796;63528,2981;8,576425743
FE ; H ; 2009_2013;80;Cadres et prof. intellectuelles supérieures;3442,177149;73292,35314;9,474317592
FE ; H ; 2009_2013;80;Employés;4693,92582;60593,1929;8,432507734
FE ; H ; 2009_2013;80;Ensemble;4828,618511;58881,74713;8,367306548
FE ; H ; 2009_2013;80;Inactifs non retraités;7121,887894;28335,80271;7,461082634
FE ; H ; 2009_2013;80;Ouvriers;5677,470545;52581,12772;7,784774619
FE ; H ; 2009_2013;80;Professions intermédiaires;4258,436925;66040,55769;8,680852882
FE ; H ; 2009_2013;81;Agriculteurs;4993,115251;61592,44589;7,891934851
FE ; H ; 2009_2013;81;Artisans, commerçants, chefs d'entreprise;5005,165648;60698,97336;7,976193519
FE ; H ; 2009_2013;81;Cadres et prof. intellectuelles supérieures;3937,278846;70769,50051;8,812066295
FE ; H ; 2009_2013;81;Employés;5255,723763;57748,99337;7,847817735
FE ; H ; 2009_2013;81;Ensemble;5391,093002;56038,57218;7,791830504
FE ; H ; 2009_2013;81;Inactifs non retraités;7646,636376;26317,7586;7,03319799
FE ; H ; 2009_2013;81;Ouvriers;6298,988098;49595,84968;7,253356503
FE ; H ; 2009_2013;81;Professions intermédiaires;4815,391505;63228,2622;8,066963817
FE ; H ; 2009_2013;82;Agriculteurs;5765,316209;58517,06408;7,306697849
FE ; H ; 2009_2013;82;Artisans, commerçants, chefs d'entreprise;5757,236797;57660,8892;7,396449737
FE ; H ; 2009_2013;82;Cadres et prof. intellectuelles supérieures;4615,282684;67983,10794;8,173242429
FE ; H ; 2009_2013;82;Employés;6021,710611;54713,8658;7,283157618
FE ; H ; 2009_2013;82;Ensemble;6158,454134;53017,48064;7,235831859
FE ; H ; 2009_2013;82;Inactifs non retraités;8392,430717;24305,3353;6,615529867
FE ; H ; 2009_2013;82;Ouvriers;7145,212515;46471,81301;6,740958562
FE ; H ; 2009_2013;82;Professions intermédiaires;5574,340411;60183,57383;7,4750717
FE ; H ; 2009_2013;83;Agriculteurs;6497,945307;55143,3703;6,753724589
FE ; H ; 2009_2013;83;Artisans, commerçants, chefs d'entreprise;6464,387547;54341,21527;6,848294644
FE ; H ; 2009_2013;83;Cadres et prof. intellectuelles supérieures;5249,811189;64845,49533;7,568712745
FE ; H ; 2009_2013;83;Employés;6733,83331;51419,15514;6,749829951
FE ; H ; 2009_2013;83;Ensemble;6865,912592;49752,42341;6,710691242
FE ; H ; 2009_2013;83;Inactifs non retraités;8989,707785;22265,52688;6,221597427
FE ; H ; 2009_2013;83;Ouvriers;7906,622668;43151,30321;6,259677981
FE ; H ; 2009_2013;83;Professions intermédiaires;6299,586628;56828,73655;6,916356351
FE ; H ; 2009_2013;84;Agriculteurs;7381,929795;51560,18425;6,223076125
FE ; H ; 2009_2013;84;Artisans, commerçants, chefs d'entreprise;7316,991158;50828,38851;6,321590637
FE ; H ; 2009_2013;84;Cadres et prof. intellectuelles supérieures;5970,941279;61441,22926;6,988071411
FE ; H ; 2009_2013;84;Employés;7589,965829;47956,67494;6,237168836
FE ; H ; 2009_2013;84;Ensemble;7715,209935;46336,46551;6,205408276
FE ; H ; 2009_2013;84;Inactifs non retraités;9708,348775;20263,92107;5,836147073
FE ; H ; 2009_2013;84;Ouvriers;8813,627423;39739,49249;5,797098947
FE ; H ; 2009_2013;84;Professions intermédiaires;7176,718822;53248,76106;6,381350948
FE ; H ; 2009_2013;85;Agriculteurs;8373,708898;47754,04765;5,719073407
FE ; H ; 2009_2013;85;Artisans, commerçants, chefs d'entreprise;8271,047715;47109,27982;5,820657547
FE ; H ; 2009_2013;85;Cadres et prof. intellectuelles supérieures;6790,434307;57772,60954;6,431821084
FE ; H ; 2009_2013;85;Employés;8602,394009;44316,7797;5,749449767
FE ; H ; 2009_2013;85;Ensemble;8657,229788;42761,50992;5,724193956
FE ; H ; 2009_2013;85;Inactifs non retraités;10475,86999;18296,62894;5,463661915
FE ; H ; 2009_2013;85;Ouvriers;9806,162357;36237,00168;5,357418092
FE ; H ; 2009_2013;85;Professions intermédiaires;8164,668748;49427,24721;5,874731066
FE ; H ; 2009_2013;86;Agriculteurs;9587,529042;43755,26271;5,241738412
FE ; H ; 2009_2013;86;Artisans, commerçants, chefs d'entreprise;9438,897999;43212,84881;5,345496598
FE ; H ; 2009_2013;86;Cadres et prof. intellectuelles supérieures;7721,508655;53849,59844;5,900387355
FE ; H ; 2009_2013;86;Employés;9748,744731;40504,4757;5,290591209
FE ; H ; 2009_2013;86;Ensemble;9806,502399;39059,54774;5,266718146
FE ; H ; 2009_2013;86;Inactifs non retraités;11419,74805;16379,89788;5,10300476
FE ; H ; 2009_2013;86;Ouvriers;11008,58757;32683,54247;4,939893713
FE ; H ; 2009_2013;86;Professions intermédiaires;9317,498601;45391,6762;5,397027142
FE ; H ; 2009_2013;87;Agriculteurs;10846,00018;39560,21419;4,797583404
FE ; H ; 2009_2013;87;Artisans, commerçants, chefs d'entreprise;10645,64583;39134,03209;4,902640847
FE ; H ; 2009_2013;87;Cadres et prof. intellectuelles supérieures;8779,480341;49691,59704;5,394109037
FE ; H ; 2009_2013;87;Employés;10914,7012;36555,79776;4,862069389
FE ; H ; 2009_2013;87;Ensemble;10979,36673;35229,17226;4,839354595
FE ; H ; 2009_2013;87;Inactifs non retraités;12321,4893;14509,35481;4,760883094
FE ; H ; 2009_2013;87;Ouvriers;12211,90616;29085,54607;4,550977986
FE ; H ; 2009_2013;87;Professions intermédiaires;10508,72571;41162,30741;4,951564038
FE ; H ; 2009_2013;88;Agriculteurs;12202,79487;35269,51329;4,381231817
FE ; H ; 2009_2013;88;Artisans, commerçants, chefs d'entreprise;11945,43773;34967,96163;4,486739726
FE ; H ; 2009_2013;88;Cadres et prof. intellectuelles supérieures;9981,649552;45328,93304;4,913262781
FE ; H ; 2009_2013;88;Employés;12160,65856;32565,84166;4,457768515
FE ; H ; 2009_2013;88;Ensemble;12232,70592;31361,23224;4,43621677
FE ; H ; 2009_2013;88;Inactifs non retraités;13308,92661;12721,58621;4,429931527
FE ; H ; 2009_2013;88;Ouvriers;13479,50493;25533,64648;4,184049211
FE ; H ; 2009_2013;88;Professions intermédiaires;11791,8002;36836,67342;4,533013222
FE ; H ; 2009_2013;89;Agriculteurs;13762,84351;30965,64693;3,990172307
FE ; H ; 2009_2013;89;Artisans, commerçants, chefs d'entreprise;13447,38612;30790,88555;4,095408586
FE ; H ; 2009_2013;89;Cadres et prof. intellectuelles supérieures;11347,61676;40804,3578;4,458068001
FE ; H ; 2009_2013;89;Employés;13597,27904;28605,62085;4,07491113
FE ; H ; 2009_2013;89;Ensemble;13677,83783;27524,90493;4,054521524
FE ; H ; 2009_2013;89;Inactifs non retraités;14374,46503;11028,47964;4,11002039
FE ; H ; 2009_2013;89;Ouvriers;14931,53207;22091,83734;3,835905305
FE ; H ; 2009_2013;89;Professions intermédiaires;13274,43113;32492,96649;4,13899301
FE ; H ; 2009_2013;90;Agriculteurs;15521,62704;26703,89341;3,626975737
FE ; H ; 2009_2013;90;Artisans, commerçants, chefs d'entreprise;15088,51306;26650,31628;3,73169833
FE ; H ; 2009_2013;90;Cadres et prof. intellectuelles supérieures;12975,34519;36174,03566;4,028706322
FE ; H ; 2009_2013;90;Employés;15160,51974;24716,03476;3,716183802
FE ; H ; 2009_2013;90;Ensemble;15250,34015;23760,09307;3,696964745
FE ; H ; 2009_2013;90;Inactifs non retraités;15524,60512;9443,194689;3,799993824
FE ; H ; 2009_2013;90;Ouvriers;16495,84019;18793,18756;3,509197589
FE ; H ; 2009_2013;90;Professions intermédiaires;14894,45053;28179,71003;3,772517567
FE ; H ; 2009_2013;91;Agriculteurs;17504,50728;22559,01467;-
FE ; H ; 2009_2013;91;Artisans, commerçants, chefs d'entreprise;16918,67775;22629,17983;-
FE ; H ; 2009_2013;91;Cadres et prof. intellectuelles supérieures;14913,54286;31480,32966;-
FE ; H ; 2009_2013;91;Employés;16999,4185;20968,95543;-
FE ; H ; 2009_2013;91;Ensemble;17100,1337;20136,59805;-
FE ; H ; 2009_2013;91;Inactifs non retraités;16766,13693;7977,176002;-
FE ; H ; 2009_2013;91;Ouvriers;18331,93247;15693,09338;-
FE ; H ; 2009_2013;91;Professions intermédiaires;16701,07637;23982,49706;-
FE ; H ; 2009_2013;92;Agriculteurs;19385,06925;18610,1703;-
FE ; H ; 2009_2013;92;Artisans, commerçants, chefs d'entreprise;18736,30229;18800,62181;-
FE ; H ; 2009_2013;92;Cadres et prof. intellectuelles supérieures;16907,0271;26785,4972;-
FE ; H ; 2009_2013;92;Employés;18825,71727;17404,35494;-
FE ; H ; 2009_2013;92;Ensemble;18937,2526;16693,21286;-
FE ; H ; 2009_2013;92;Inactifs non retraités;18107,28727;6639,711751;-
FE ; H ; 2009_2013;92;Ouvriers;20131,91612;12816,2461;-
FE ; H ; 2009_2013;92;Professions intermédiaires;18495,32333;19977,16191;-
FE ; H ; 2009_2013;93;Agriculteurs;21180,36403;15002,5759;-
FE ; H ; 2009_2013;93;Artisans, commerçants, chefs d'entreprise;20471,51331;15278,08048;-
FE ; H ; 2009_2013;93;Cadres et prof. intellectuelles supérieures;18871,49024;22256,86593;-
FE ; H ; 2009_2013;93;Employés;20569,2092;14127,86029;-
FE ; H ; 2009_2013;93;Ensemble;20691,07408;13531,97698;-
FE ; H ; 2009_2013;93;Inactifs non retraités;19389,70595;5437,44007;-
FE ; H ; 2009_2013;93;Ouvriers;21830,21705;10236,09018;-
FE ; H ; 2009_2013;93;Professions intermédiaires;20208,21675;16282,32123;-
FE ; H ; 2009_2013;94;Agriculteurs;23385,36385;11824,97571;-
FE ; H ; 2009_2013;94;Artisans, commerçants, chefs d'entreprise;22602,71762;12150,4262;-
FE ; H ; 2009_2013;94;Cadres et prof. intellectuelles supérieures;21240,55906;18056,66365;-
FE ; H ; 2009_2013;94;Employés;22710,58423;11221,87115;-
FE ; H ; 2009_2013;94;Ensemble;22845,13595;10732,0656;-
FE ; H ; 2009_2013;94;Inactifs non retraités;21240,55906;4383,136429;-
FE ; H ; 2009_2013;94;Ouvriers;23937,73712;8001,529479;-
FE ; H ; 2009_2013;94;Professions intermédiaires;22312,01034;12991,95446;-
FE ; H ; 2009_2013;95;Agriculteurs;25781,65485;9059,662115;-
FE ; H ; 2009_2013;95;Artisans, commerçants, chefs d'entreprise;24918,8111;9404,099676;-
FE ; H ; 2009_2013;95;Cadres et prof. intellectuelles supérieures;23813,26271;14221,32734;-
FE ; H ; 2009_2013;95;Employés;25037,73077;8673,31865;-
FE ; H ; 2009_2013;95;Ensemble;25186,06996;8280,31062;-
FE ; H ; 2009_2013;95;Inactifs non retraités;23813,26271;3452,133747;-
FE ; H ; 2009_2013;95;Ouvriers;26231,34593;6086,144387;-
FE ; H ; 2009_2013;95;Professions intermédiaires;24598,31514;10093,18824;-
FE ; H ; 2009_2013;96;Agriculteurs;27964,49788;6723,931298;-
FE ; H ; 2009_2013;96;Artisans, commerçants, chefs d'entreprise;27028,60015;7060,709842;-
FE ; H ; 2009_2013;96;Cadres et prof. intellectuelles supérieures;26191,73508;10834,7653;-
FE ; H ; 2009_2013;96;Employés;27157,58833;6501,716478;-
FE ; H ; 2009_2013;96;Ensemble;27318,48689;6194,825794;-
FE ; H ; 2009_2013;96;Inactifs non retraités;26191,73508;2630,068069;-
FE ; H ; 2009_2013;96;Ouvriers;28308,67412;4489,666799;-
FE ; H ; 2009_2013;96;Professions intermédiaires;26680,96891;7610,433987;-
FE ; H ; 2009_2013;97;Agriculteurs;29806,48801;4843,617673;-
FE ; H ; 2009_2013;97;Artisans, commerçants, chefs d'entreprise;28926,4686;5152,298811;-
FE ; H ; 2009_2013;97;Cadres et prof. intellectuelles supérieures;28342,46388;7996,952279;-
FE ; H ; 2009_2013;97;Employés;29064,51395;4736,007082;-
FE ; H ; 2009_2013;97;Ensemble;29236,71033;4502,493122;-
FE ; H ; 2009_2013;97;Inactifs non retraités;28342,46388;1941,207608;-
FE ; H ; 2009_2013;97;Ouvriers;30173,33475;3218,701656;-
FE ; H ; 2009_2013;97;Professions intermédiaires;28554,42773;5579,896461;-
FE ; H ; 2009_2013;98;Agriculteurs;31795,55483;3399,905352;-
FE ; H ; 2009_2013;98;Artisans, commerçants, chefs d'entreprise;30957,59977;3661,920713;-
FE ; H ; 2009_2013;98;Cadres et prof. intellectuelles supérieures;30592,49139;5730,418967;-
FE ; H ; 2009_2013;98;Employés;31105,33825;3359,509643;-
FE ; H ; 2009_2013;98;Ensemble;31289,62575;3186,11225;-
FE ; H ; 2009_2013;98;Inactifs non retraités;30592,49139;1391,021543;-
FE ; H ; 2009_2013;98;Ouvriers;32186,88224;2247,512031;-
FE ; H ; 2009_2013;98;Professions intermédiaires;30775,04558;3986,588959;-
FE ; H ; 2009_2013;99;Agriculteurs;33940,55105;2318,886582;-
FE ; H ; 2009_2013;99;Artisans, commerçants, chefs d'entreprise;33131,35096;2528,277955;-
FE ; H ; 2009_2013;99;Cadres et prof. intellectuelles supérieures;32950,34717;3977,341038;-
FE ; H ; 2009_2013;99;Employés;33289,46321;2314,522805;-
FE ; H ; 2009_2013;99;Ensemble;33486,69083;2189,189651;-
FE ; H ; 2009_2013;99;Inactifs non retraités;32950,34717;965,4733971;-
FE ; H ; 2009_2013;99;Ouvriers;34358,27824;1524,10798;-
FE ; H ; 2009_2013;99;Professions intermédiaires;33040,84907;2759,71439;-
FE ; H ; 2009_2013;100;Agriculteurs;36038,50299;1531,843698;-
FE ; H ; 2009_2013;100;Artisans, commerçants, chefs d'entreprise;35248,80281;1690,625312;-
FE ; H ; 2009_2013;100;Cadres et prof. intellectuelles supérieures;35217,65014;2666,793358;-
FE ; H ; 2009_2013;100;Employés;35417,02015;1544,030587;-
FE ; H ; 2009_2013;100;Ensemble;35626,85275;1456,102481;-
FE ; H ; 2009_2013;100;Inactifs non retraités;35217,65014;647,346561;-
FE ; H ; 2009_2013;100;Ouvriers;36482,05096;1000,45072;-
FE ; H ; 2009_2013;100;Professions intermédiaires;35233,22648;1847,881324;-
FM ; H ; 2009_2013;30;Agriculteurs;47,32246263;100000;51,0465767
FM ; H ; 2009_2013;30;Artisans, commerçants, chefs d'entreprise;45,07313779;100000;50,90148627
FM ; H ; 2009_2013;30;Cadres et prof. intellectuelles supérieures;25,39702832;100000;53,89826307
FM ; H ; 2009_2013;30;Employés;76,1155294;100000;49,72254972
FM ; H ; 2009_2013;30;Ensemble;81,352554;100000;49,33615652
FM ; H ; 2009_2013;30;Inactifs non retraités;584,6700785;100000;36,97550693
FM ; H ; 2009_2013;30;Ouvriers;97,83080056;100000;47,37685266
FM ; H ; 2009_2013;30;Professions intermédiaires;44,32348726;100000;51,53460585
FM ; H ; 2009_2013;31;Agriculteurs;50,6280301;99952,67754;50,07074464
FM ; H ; 2009_2013;31;Artisans, commerçants, chefs d'entreprise;48,71007788;99954,92686;49,92443951
FM ; H ; 2009_2013;31;Cadres et prof. intellectuelles supérieures;27,52922586;99974,60297;52,91195511
FM ; H ; 2009_2013;31;Employés;80,09295585;99923,88447;48,76042513
FM ; H ; 2009_2013;31;Ensemble;85,49078041;99918,64745;48,37632542
FM ; H ; 2009_2013;31;Inactifs non retraités;607,6681935;99415,32992;36,19296306
FM ; H ; 2009_2013;31;Ouvriers;104,0209735;99902,1692;46,4232472
FM ; H ; 2009_2013;31;Professions intermédiaires;47,89993823;99955,67651;50,55745791
FM ; H ; 2009_2013;32;Agriculteurs;54,16449799;99902,07347;49,09610731
FM ; H ; 2009_2013;32;Artisans, commerçants, chefs d'entreprise;52,64048175;99906,23874;48,9487696
FM ; H ; 2009_2013;32;Cadres et prof. intellectuelles supérieures;29,84043121;99947,08074;51,92652537
FM ; H ; 2009_2013;32;Employés;84,43903573;99843,85248;47,7995101
FM ; H ; 2009_2013;32;Ensemble;89,83950936;99833,22621;47,41771811
FM ; H ; 2009_2013;32;Inactifs non retraités;631,5709441;98811,21458;35,41424082
FM ; H ; 2009_2013;32;Ouvriers;110,6028251;99798,24999;45,4715874
FM ; H ; 2009_2013;32;Professions intermédiaires;51,76497214;99907,79781;49,58168651
FM ; H ; 2009_2013;33;Agriculteurs;57,60814006;99847,96201;48,12271438
FM ; H ; 2009_2013;33;Artisans, commerçants, chefs d'entreprise;56,55439034;99853,64761;47,97455003
FM ; H ; 2009_2013;33;Cadres et prof. intellectuelles supérieures;32,15597105;99917,2561;50,94202509
FM ; H ; 2009_2013;33;Employés;88,33030971;99759,54529;46,83990566
FM ; H ; 2009_2013;33;Ensemble;93,85874056;99743,53653;46,46035626
FM ; H ; 2009_2013;33;Inactifs non retraités;652,5641587;98187,15166;34,63932846
FM ; H ; 2009_2013;33;Ouvriers;116,0635243;99687,87031;44,52193594
FM ; H ; 2009_2013;33;Professions intermédiaires;55,61378511;99856,08056;48,60736575
FM ; H ; 2009_2013;34;Agriculteurs;61,1933551;99790,44146;47,15045296
FM ; H ; 2009_2013;34;Artisans, commerçants, chefs d'entreprise;59,93108816;99797,17599;47,0016971
FM ; H ; 2009_2013;34;Cadres et prof. intellectuelles supérieures;34,60743751;99885,12673;49,95841127
FM ; H ; 2009_2013;34;Employés;92,06558846;99671,42738;45,88131607
FM ; H ; 2009_2013;34;Ensemble;97,74236796;99649,91851;45,50400433
FM ; H ; 2009_2013;34;Inactifs non retraités;673,4038149;97546,4175;33,86685708
FM ; H ; 2009_2013;34;Ouvriers;121,2105224;99572,16905;43,57366971
FM ; H ; 2009_2013;34;Professions intermédiaires;58,93432214;99800,54682;47,63441319
FM ; H ; 2009_2013;35;Agriculteurs;67,58928785;99729,37634;46,17932357
FM ; H ; 2009_2013;35;Artisans, commerçants, chefs d'entreprise;66,07388981;99737,36646;46,02988262
FM ; H ; 2009_2013;35;Cadres et prof. intellectuelles supérieures;38,61682723;99850,55905;48,97570658
FM ; H ; 2009_2013;35;Employés;100,2007562;99579,66429;44,9235959
FM ; H ; 2009_2013;35;Ensemble;106,3055467;99552,51832;44,54852454
FM ; H ; 2009_2013;35;Inactifs non retraités;694,5157104;96889,5362;33,09646397
FM ; H ; 2009_2013;35;Ouvriers;132,109877;99451,4771;42,62654968
FM ; H ; 2009_2013;35;Professions intermédiaires;64,97495751;99741,73004;46,66250276
FM ; H ; 2009_2013;36;Agriculteurs;74,00577828;99661,96996;45,21055696
FM ; H ; 2009_2013;36;Artisans, commerçants, chefs d'entreprise;72,23588119;99671,4661;45,06031646
FM ; H ; 2009_2013;36;Cadres et prof. intellectuelles supérieures;42,64973094;99811,99993;47,99462675
FM ; H ; 2009_2013;36;Employés;108,3570541;99479,88471;43,96865483
FM ; H ; 2009_2013;36;Ensemble;114,8904009;99446,68847;43,59593249
FM ; H ; 2009_2013;36;Inactifs non retraités;716,0675724;96216,62315;32,32793169
FM ; H ; 2009_2013;36;Ouvriers;143,0239334;99320,09188;41,68293806
FM ; H ; 2009_2013;36;Professions intermédiaires;71,03446346;99676,92289;45,69284141
FM ; H ; 2009_2013;37;Agriculteurs;80,8993391;99588,21434;44,24404016
FM ; H ; 2009_2013;37;Artisans, commerçants, chefs d'entreprise;78,86023738;99599,46754;44,09288971
FM ; H ; 2009_2013;37;Cadres et prof. intellectuelles supérieures;46,97696094;99769,43038;47,01510506
FM ; H ; 2009_2013;37;Employés;117,1696734;99372,09124;43,01634965
FM ; H ; 2009_2013;37;Ensemble;124,1685371;99332,43377;42,64607764
FM ; H ; 2009_2013;37;Inactifs non retraités;746,55157;95527,64712;31,5610911
FM ; H ; 2009_2013;37;Ouvriers;154,7952543;99178,04038;40,74264003
FM ; H ; 2009_2013;37;Professions intermédiaires;77,54864422;99606,11793;44,72532215
FM ; H ; 2009_2013;38;Agriculteurs;88,85260696;99507,64814;43,27986228
FM ; H ; 2009_2013;38;Artisans, commerçants, chefs d'entreprise;86,5113163;99520,92316;43,12768891
FM ; H ; 2009_2013;38;Cadres et prof. intellectuelles supérieures;51,94948449;99722,56174;46,03720171
FM ; H ; 2009_2013;38;Employés;127,4354175;99255,65729;42,06681089
FM ; H ; 2009_2013;38;Ensemble;134,981732;99209,09414;41,69909648
FM ; H ; 2009_2013;38;Inactifs non retraités;785,1354264;94814,48397;30,79848318
FM ; H ; 2009_2013;38;Ouvriers;168,4807724;99024,51748;39,80580548
FM ; H ; 2009_2013;38;Professions intermédiaires;85,07247139;99528,87473;43,76003295
FM ; H ; 2009_2013;39;Agriculteurs;95,30952035;99419,233;42,31835176
FM ; H ; 2009_2013;39;Artisans, commerçants, chefs d'entreprise;92,7001782;99434,8263;42,16503155
FM ; H ; 2009_2013;39;Cadres et prof. intellectuelles supérieures;56,07379706;99670,75638;45,06113023
FM ; H ; 2009_2013;39;Employés;135,4843671;99129,17043;41,12048731
FM ; H ; 2009_2013;39;Ensemble;143,4425045;99075,17999;40,75545873
FM ; H ; 2009_2013;39;Inactifs non retraités;809,1086202;94070,06186;30,04220654
FM ; H ; 2009_2013;39;Ouvriers;179,2289878;98857,68021;38,87298379
FM ; H ; 2009_2013;39;Professions intermédiaires;91,15840096;99444,20306;42,79729239
FM ; H ; 2009_2013;40;Agriculteurs;107,97007;99324,477;41,35872366
FM ; H ; 2009_2013;40;Artisans, commerçants, chefs d'entreprise;104,9116818;99342,65004;41,20415487
FM ; H ; 2009_2013;40;Cadres et prof. intellectuelles supérieures;63,89850498;99614,8672;44,08641189
FM ; H ; 2009_2013;40;Employés;152,2014037;98994,8659;40,17627473
FM ; H ; 2009_2013;40;Ensemble;161,0712557;98933,06407;39,81400335
FM ; H ; 2009_2013;40;Inactifs non retraités;881,9981723;93308,93288;29,2872634
FM ; H ; 2009_2013;40;Ouvriers;201,4387067;98680,49859;37,94278054
FM ; H ; 2009_2013;40;Professions intermédiaires;103,1668044;99353,55131;41,83634131
FM ; H ; 2009_2013;41;Agriculteurs;122,1306609;99217,2363;40,40342697
FM ; H ; 2009_2013;41;Artisans, commerçants, chefs d'entreprise;118,5603906;99238,428;40,24742825
FM ; H ; 2009_2013;41;Cadres et prof. intellectuelles supérieures;72,69728348;99551,21479;43,11460046
FM ; H ; 2009_2013;41;Employés;170,7655996;98844,19432;39,23751679
FM ; H ; 2009_2013;41;Ensemble;180,6389054;98773,71134;38,87823573
FM ; H ; 2009_2013;41;Inactifs non retraités;960,4131827;92485,9498;28,54787511
FM ; H ; 2009_2013;41;Ouvriers;226,094203;98481,71787;37,01936626
FM ; H ; 2009_2013;41;Professions intermédiaires;116,5885097;99251,05143;40,8795471
FM ; H ; 2009_2013;42;Agriculteurs;130,6063694;99096,06163;39,45283228
FM ; H ; 2009_2013;42;Artisans, commerçants, chefs d'entreprise;126,6775111;99120,77053;39,29520239
FM ; H ; 2009_2013;42;Cadres et prof. intellectuelles supérieures;78,17183777;99478,84376;42,14596641
FM ; H ; 2009_2013;42;Employés;181,2072753;98675,40244;38,30463559
FM ; H ; 2009_2013;42;Ensemble;191,6036843;98595,28759;37,94859204
FM ; H ; 2009_2013;42;Inactifs non retraités;990,1177921;91597,70255;27,82471144
FM ; H ; 2009_2013;42;Ouvriers;239,9895912;98259,05641;36,10325457
FM ; H ; 2009_2013;42;Professions intermédiaires;124,5706273;99135,33611;39,92726359
FM ; H ; 2009_2013;43;Agriculteurs;146,6514042;98966,63586;38,50442758
FM ; H ; 2009_2013;43;Artisans, commerçants, chefs d'entreprise;142,1233863;98995,2068;38,34504372
FM ; H ; 2009_2013;43;Cadres et prof. intellectuelles supérieures;88,24344332;99401,07932;41,17893846
FM ; H ; 2009_2013;43;Employés;201,962031;98496,59543;37,37417238
FM ; H ; 2009_2013;43;Ensemble;213,4604452;98406,37538;37,02144252
FM ; H ; 2009_2013;43;Inactifs non retraités;1072,554702;90690,7774;27,10296389
FM ; H ; 2009_2013;43;Ouvriers;267,5260063;98023,2449;35,19010706
FM ; H ; 2009_2013;43;Professions intermédiaires;139,7596087;99011,8426;38,97706327
FM ; H ; 2009_2013;44;Agriculteurs;158,30587;98821,4999;37,56097779
FM ; H ; 2009_2013;44;Artisans, commerçants, chefs d'entreprise;153,2988054;98854,51146;37,39961856
FM ; H ; 2009_2013;44;Cadres et prof. intellectuelles supérieures;95,75001755;99313,36439;40,21530827
FM ; H ; 2009_2013;44;Employés;216,4512943;98297,66971;36,44980677
FM ; H ; 2009_2013;44;Ensemble;228,680656;98196,3167;36,10063771
FM ; H ; 2009_2013;44;Inactifs non retraités;1117,788434;89718,0692;26,39680966
FM ; H ; 2009_2013;44;Ouvriers;286,7485216;97761,00723;34,28450228
FM ; H ; 2009_2013;44;Professions intermédiaires;150,7491597;98873,46403;38,0316137
FM ; H ; 2009_2013;45;Agriculteurs;178,1778372;98665,05967;36,62053331
FM ; H ; 2009_2013;45;Artisans, commerçants, chefs d'entreprise;172,4148359;98702,96868;36,45703975
FM ; H ; 2009_2013;45;Cadres et prof. intellectuelles supérieures;108,3197523;99218,27182;39,25385134
FM ; H ; 2009_2013;45;Employés;241,9172136;98084,90313;35,52887399
FM ; H ; 2009_2013;45;Ensemble;255,4794529;97971,76071;35,18338211
FM ; H ; 2009_2013;45;Inactifs non retraités;1214,725144;88715,211;25,69520558
FM ; H ; 2009_2013;45;Ouvriers;320,4833517;97480,67899;33,38309529
FM ; H ; 2009_2013;45;Professions intermédiaires;169,5472549;98724,41312;37,08903259
FM ; H ; 2009_2013;46;Agriculteurs;195,9908219;98489,2604;35,68589945
FM ; H ; 2009_2013;46;Artisans, commerçants, chefs d'entreprise;189,5167682;98532,79012;35,52000566
FM ; H ; 2009_2013;46;Cadres et prof. intellectuelles supérieures;119,7537608;99110,79884;38,29641712
FM ; H ; 2009_2013;46;Employés;264,2636144;97847,61886;34,61503289
FM ; H ; 2009_2013;46;Ensemble;278,9614621;97721,463;34,27349865
FM ; H ; 2009_2013;46;Inactifs non retraités;1290,025633;87637,56503;25,0111698
FM ; H ; 2009_2013;46;Ouvriers;350,0545431;97168,26964;32,49042654
FM ; H ; 2009_2013;46;Professions intermédiaires;186,3647501;98557,02858;36,15202283
FM ; H ; 2009_2013;47;Agriculteurs;221,1811301;98296,23048;34,75597788
FM ; H ; 2009_2013;47;Artisans, commerçants, chefs d'entreprise;213,7285638;98346,05396;34,58744984
FM ; H ; 2009_2013;47;Cadres et prof. intellectuelles supérieures;135,8343565;98992,10993;37,3423335
FM ; H ; 2009_2013;47;Employés;296,1785478;97589,04321;33,7067502
FM ; H ; 2009_2013;47;Ensemble;312,5165078;97448,85777;33,36937596
FM ; H ; 2009_2013;47;Inactifs non retraités;1404,857163;86507,01797;24,33803697
FM ; H ; 2009_2013;47;Ouvriers;392,2491455;96828,1277;31,60456028
FM ; H ; 2009_2013;47;Professions intermédiaires;210,1738583;98373,35302;35,21952325
FM ; H ; 2009_2013;48;Agriculteurs;242,1239411;98078,81777;33,83302195
FM ; H ; 2009_2013;48;Artisans, commerçants, chefs d'entreprise;233,8115011;98135,86035;33,66153144
FM ; H ; 2009_2013;48;Cadres et prof. intellectuelles supérieures;149,4538246;98857,64463;36,39312622
FM ; H ; 2009_2013;48;Employés;322,0121274;97300,0054;32,80687892
FM ; H ; 2009_2013;48;Ensemble;339,625789;97144,31401;32,4739877
FM ; H ; 2009_2013;48;Inactifs non retraités;1483,784873;85291,71793;23,68482348
FM ; H ; 2009_2013;48;Ouvriers;426,3337472;96448,3202;30,72901708
FM ; H ; 2009_2013;48;Professions intermédiaires;229,9227788;98166,59795;34,29370139
FM ; H ; 2009_2013;49;Agriculteurs;275,2385354;97841,34547;32,91513863
FM ; H ; 2009_2013;49;Artisans, commerçants, chefs d'entreprise;265,621028;97906,40742;32,74042042
FM ; H ; 2009_2013;49;Cadres et prof. intellectuelles supérieures;170,7724771;98709,8981;35,44759855
FM ; H ; 2009_2013;49;Employés;363,5500379;96986,68758;31,91286233
FM ; H ; 2009_2013;49;Ensemble;383,260353;96814,38686;31,58465359
FM ; H ; 2009_2013;49;Inactifs non retraités;1626,018292;84026,17232;23,04154834
FM ; H ; 2009_2013;49;Ouvriers;481,1166513;96037,12846;29,86058617
FM ; H ; 2009_2013;49;Professions intermédiaires;261,2032538;97940,89058;33,37273213
FM ; H ; 2009_2013;50;Agriculteurs;306,6503654;97572,04839;32,00598381
FM ; H ; 2009_2013;50;Artisans, commerçants, chefs d'entreprise;298,6002868;97646,34741;31,82761747
FM ; H ; 2009_2013;50;Cadres et prof. intellectuelles supérieures;191,2648129;98541,32876;34,50823684
FM ; H ; 2009_2013;50;Employés;402,2464414;96634,09244;31,02930488
FM ; H ; 2009_2013;50;Ensemble;423,8529753;96443,3357;30,70617077
FM ; H ; 2009_2013;50;Inactifs non retraités;1744,939905;82659,89139;22,42240086
FM ; H ; 2009_2013;50;Ouvriers;532,0274697;95575,07784;29,00494496
FM ; H ; 2009_2013;50;Professions intermédiaires;290,8346415;97685,06579;32,46013108
FM ; H ; 2009_2013;51;Agriculteurs;340,9862778;97272,84334;31,10443217
FM ; H ; 2009_2013;51;Artisans, commerçants, chefs d'entreprise;334,9847605;97354,77514;30,92293946
FM ; H ; 2009_2013;51;Cadres et prof. intellectuelles supérieures;213,8168207;98352,85388;33,57436544
FM ; H ; 2009_2013;51;Employés;444,1972355;96245,38524;30,15462324
FM ; H ; 2009_2013;51;Ensemble;467,8264681;96034,55776;29,83687377
FM ; H ; 2009_2013;51;Inactifs non retraités;1867,769519;81217,52596;21,82060674
FM ; H ; 2009_2013;51;Ouvriers;587,1017608;95066,59217;28,16008462
FM ; H ; 2009_2013;51;Professions intermédiaires;323,2101685;97400,96378;31,55481175
FM ; H ; 2009_2013;52;Agriculteurs;378,3627599;96941,1563;30,21085691
FM ; H ; 2009_2013;52;Artisans, commerçants, chefs d'entreprise;374,9582268;97028,65148;30,02687476
FM ; H ; 2009_2013;52;Cadres et prof. intellectuelles supérieures;238,539652;98142,55893;32,6463069
FM ; H ; 2009_2013;52;Employés;489,4779976;95817,8659;29,28916689
FM ; H ; 2009_2013;52;Ensemble;515,2524936;95585,28268;28,97711465
FM ; H ; 2009_2013;52;Inactifs non retraités;1993,762404;79700,56977;21,23592252
FM ; H ; 2009_2013;52;Ouvriers;646,4017253;94508,45454;27,32638935
FM ; H ; 2009_2013;52;Professions intermédiaires;358,4387733;97086,15396;30,65713081
FM ; H ; 2009_2013;53;Agriculteurs;419,8531782;96574,36706;29,32559768
FM ; H ; 2009_2013;53;Artisans, commerçants, chefs d'entreprise;419,6660382;96664,83457;29,13988675
FM ; H ; 2009_2013;53;Cadres et prof. intellectuelles supérieures;266,1567379;97908,45001;31,72436749
FM ; H ; 2009_2013;53;Employés;539,3855387;95348,85853;28,4332361
FM ; H ; 2009_2013;53;Ensemble;567,4863442;95092,77712;28,12719324
FM ; H ; 2009_2013;53;Inactifs non retraités;2126,905272;78111,52977;20,66792955
FM ; H ; 2009_2013;53;Ouvriers;711,5924549;93897,55026;26,50417682
FM ; H ; 2009_2013;53;Professions intermédiaires;397,5358676;96738,15954;29,76741315
FM ; H ; 2009_2013;54;Agriculteurs;471,5898675;96168,89651;28,44924125
FM ; H ; 2009_2013;54;Artisans, commerçants, chefs d'entreprise;475,4157218;96259,16509;28,26269233
FM ; H ; 2009_2013;54;Cadres et prof. intellectuelles supérieures;300,6496446;97647,86008;30,80902937
FM ; H ; 2009_2013;54;Employés;601,598059;94834,56058;27,58743258
FM ; H ; 2009_2013;54;Ensemble;632,5861205;94553,1386;27,2877222
FM ; H ; 2009_2013;54;Inactifs non retraités;2294,181739;76450,17153;20,11706962
FM ; H ; 2009_2013;54;Ouvriers;792,717886;93229,38237;25,69413024
FM ; H ; 2009_2013;54;Professions intermédiaires;446,3025877;96353,59066;28,8862216
FM ; H ; 2009_2013;55;Agriculteurs;525,7260974;95715,37374;27,58404069
FM ; H ; 2009_2013;55;Artisans, commerçants, chefs d'entreprise;534,5004451;95801,53388;27,39769946
FM ; H ; 2009_2013;55;Cadres et prof. intellectuelles supérieures;337,1217615;97354,28213;29,90193593
FM ; H ; 2009_2013;55;Employés;665,8850631;94264,0377;26,75440253
FM ; H ; 2009_2013;55;Ensemble;699,7730175;93955,00857;26,46143946
FM ; H ; 2009_2013;55;Inactifs non retraités;2453,470529;74696,26565;19,58942853
FM ; H ; 2009_2013;55;Ouvriers;876,2110218;92490,33638;24,89943973
FM ; H ; 2009_2013;55;Professions intermédiaires;497,3065267;95923,56209;28,01571951
FM ; H ; 2009_2013;56;Agriculteurs;569,2638825;95212,17304;26,72982361
FM ; H ; 2009_2013;56;Artisans, commerçants, chefs d'entreprise;583,5701107;95289,47426;26,54492722
FM ; H ; 2009_2013;56;Cadres et prof. intellectuelles supérieures;367,1973195;97026,07966;29,00308285
FM ; H ; 2009_2013;56;Employés;715,9237733;93636,34755;25,93375035
FM ; H ; 2009_2013;56;Ensemble;751,9038434;93297,53677;25,64791437
FM ; H ; 2009_2013;56;Inactifs non retraités;2548,227337;72863,61479;19,08213786
FM ; H ; 2009_2013;56;Ouvriers;940,6029966;91679,92586;24,11953991
FM ; H ; 2009_2013;56;Professions intermédiaires;538,2631138;95446,52796;27,15573984
FM ; H ; 2009_2013;57;Agriculteurs;623,9297669;94670,16453;25,88285801
FM ; H ; 2009_2013;57;Artisans, commerçants, chefs d'entreprise;644,7572597;94733,39337;25,70074478
FM ; H ; 2009_2013;57;Cadres et prof. intellectuelles supérieures;404,8696184;96669,8025;28,10997389
FM ; H ; 2009_2013;57;Employés;779,1488995;92965,98268;25,12075504
FM ; H ; 2009_2013;57;Ensemble;817,7951051;92596,029;24,84222304
FM ; H ; 2009_2013;57;Inactifs non retraités;2678,22286;71006,88424;18,58110904
FM ; H ; 2009_2013;57;Ouvriers;1021,893228;90817,58173;23,34856322
FM ; H ; 2009_2013;57;Professions intermédiaires;589,7309044;94932,7745;26,30270021
FM ; H ; 2009_2013;58;Agriculteurs;669,1595761;94079,48919;25,04536278
FM ; H ; 2009_2013;58;Artisans, commerçants, chefs d'entreprise;696,8746654;94122,59294;24,86752755
FM ; H ; 2009_2013;58;Cadres et prof. intellectuelles supérieures;436,8368192;96278,41584;27,22424529
FM ; H ; 2009_2013;58;Employés;829,8149306;92241,63925;24,31802012
FM ; H ; 2009_2013;58;Ensemble;870,4181911;91838,78321;24,04705664
FM ; H ; 2009_2013;58;Inactifs non retraités;2754,966266;69105,16163;18,09244732
FM ; H ; 2009_2013;58;Ouvriers;1086,289325;89889,52302;22,58962399
FM ; H ; 2009_2013;58;Professions intermédiaires;632,2722971;94372,92659;25,45873555
FM ; H ; 2009_2013;59;Agriculteurs;726,7123179;93449,94728;24,21408525
FM ; H ; 2009_2013;59;Artisans, commerçants, chefs d'entreprise;762,4817007;93466,67643;24,04203917
FM ; H ; 2009_2013;59;Cadres et prof. intellectuelles supérieures;477,3035941;95857,83627;26,3436926
FM ; H ; 2009_2013;59;Employés;894,9674889;91476,20436;23,52150321
FM ; H ; 2009_2013;59;Ensemble;938,141058;91039,40174;23,25820447
FM ; H ; 2009_2013;59;Inactifs non retraités;2869,481694;67201,33774;17,60500905
FM ; H ; 2009_2013;59;Ouvriers;1169,141383;88913,06272;21,83770757
FM ; H ; 2009_2013;59;Professions intermédiaires;677,0876649;93776,23272;24,62072831
FM ; H ; 2009_2013;60;Agriculteurs;783,3388565;92770,835;23,39134012
FM ; H ; 2009_2013;60;Artisans, commerçants, chefs d'entreprise;827,8523185;92754,01013;23,22676381
FM ; H ; 2009_2013;60;Cadres et prof. intellectuelles supérieures;517,6815902;95400,30337;25,47003503
FM ; H ; 2009_2013;60;Employés;958,0878378;90657,52207;22,73391403
FM ; H ; 2009_2013;60;Ensemble;1003,626623;90185,32373;22,47846559
FM ; H ; 2009_2013;60;Inactifs non retraités;2966,497712;65273,00766;17,12510564
FM ; H ; 2009_2013;60;Ouvriers;1248,77336;87873,54331;21,09604154
FM ; H ; 2009_2013;60;Professions intermédiaires;725,0572873;93141,28542;23,78856866
FM ; H ; 2009_2013;61;Agriculteurs;835,085398;92044,125;22,57602025
FM ; H ; 2009_2013;61;Artisans, commerçants, chefs d'entreprise;888,6776084;91986,1439;22,42065223
FM ; H ; 2009_2013;61;Cadres et prof. intellectuelles supérieures;555,3221519;94906,43356;24,60257485
FM ; H ; 2009_2013;61;Employés;1014,462638;89788,94337;21,9538319
FM ; H ; 2009_2013;61;Ensemble;1061,947453;89280,19981;21,70635259
FM ; H ; 2009_2013;61;Inactifs non retraités;3034,135806;63336,68538;16,64865251
FM ; H ; 2009_2013;61;Ouvriers;1319,063093;86776,20191;20,36281468
FM ; H ; 2009_2013;61;Professions intermédiaires;776,3993386;92465,95774;22,96230912
FM ; H ; 2009_2013;62;Agriculteurs;886,9866975;91275,47796;21,76613694
FM ; H ; 2009_2013;62;Artisans, commerçants, chefs d'entreprise;950,1723944;91168,68364;21,62168608
FM ; H ; 2009_2013;62;Cadres et prof. intellectuelles supérieures;593,5347715;94379,39711;23,73996134
FM ; H ; 2009_2013;62;Employés;1070,335151;88878,06809;21,17882782
FM ; H ; 2009_2013;62;Ensemble;1119,648836;88332,091;20,93933682
FM ; H ; 2009_2013;62;Inactifs non retraités;3093,497356;61414,96433;16,16960154
FM ; H ; 2009_2013;62;Ouvriers;1388,146743;85631,56906;19,63500339
FM ; H ; 2009_2013;62;Professions intermédiaires;831,34733;91748,05266;22,14198333
FM ; H ; 2009_2013;63;Agriculteurs;940,7300837;90465,87661;20,96092744
FM ; H ; 2009_2013;63;Artisans, commerçants, chefs d'entreprise;1014,115218;90302,42398;20,82910017
FM ; H ; 2009_2013;63;Cadres et prof. intellectuelles supérieures;633,4702503;93819,22257;22,88170757
FM ; H ; 2009_2013;63;Employés;1127,744148;87926,77489;20,40796479
FM ; H ; 2009_2013;63;Ensemble;1178,860936;87343,08177;20,17643857
FM ; H ; 2009_2013;63;Inactifs non retraités;3150,979652;59515,09403;15,68577556
FM ; H ; 2009_2013;63;Ouvriers;1458,63976;84442,87722;18,91140288
FM ; H ; 2009_2013;63;Professions intermédiaires;890,1531167;90985,30767;21,32760326
FM ; H ; 2009_2013;64;Agriculteurs;1006,826157;89614,83689;20,15998579
FM ; H ; 2009_2013;64;Artisans, commerçants, chefs d'entreprise;1091,932204;89386,65335;20,04249532
FM ; H ; 2009_2013;64;Cadres et prof. intellectuelles supérieures;682,3242988;93224,90571;22,02758045
FM ; H ; 2009_2013;64;Employés;1199,127377;86935,18583;19,64073952
FM ; H ; 2009_2013;64;Ensemble;1252,561868;86313,4283;19,41712812
FM ; H ; 2009_2013;64;Inactifs non retraités;3239,352328;57639,78553;15,19611175
FM ; H ; 2009_2013;64;Ouvriers;1546,491244;83211,15984;18,19133533
FM ; H ; 2009_2013;64;Professions intermédiaires;952,7979295;90175,39912;20,51915671
FM ; H ; 2009_2013;65;Agriculteurs;1089,830968;88712,57127;19,3650262
FM ; H ; 2009_2013;65;Artisans, commerçants, chefs d'entreprise;1188,857862;88410,6117;19,26376186
FM ; H ; 2009_2013;65;Cadres et prof. intellectuelles supérieures;743,4497477;92588,80952;21,17891256
FM ; H ; 2009_2013;65;Employés;1289,504096;85892,72221;18,87911544
FM ; H ; 2009_2013;65;Ensemble;1345,941693;85232,29921;18,66342467
FM ; H ; 2009_2013;65;Inactifs non retraités;3367,133803;55772,62979;14,70484708
FM ; H ; 2009_2013;65;Ouvriers;1657,888775;81924,30654;17,47708178
FM ; H ; 2009_2013;65;Professions intermédiaires;1031,507729;89316,20978;19,7165435
FM ; H ; 2009_2013;66;Agriculteurs;1168,95375;87745,7542;18,57839765
FM ; H ; 2009_2013;66;Artisans, commerçants, chefs d'entreprise;1284,843647;87359,53519;18,49553607
FM ; H ; 2009_2013;66;Cadres et prof. intellectuelles supérieures;802,8256724;91900,45825;20,33754649
FM ; H ; 2009_2013;66;Employés;1374,056089;84785,13204;18,12574267
FM ; H ; 2009_2013;66;Ensemble;1433,068775;84085,12216;17,91805061
FM ; H ; 2009_2013;66;Inactifs non retraités;3467,792106;53894,69072;14,21723163
FM ; H ; 2009_2013;66;Ouvriers;1760,782147;80566,09266;16,77171708
FM ; H ; 2009_2013;66;Professions intermédiaires;1106,614721;88394,90618;18,9220409
FM ; H ; 2009_2013;67;Agriculteurs;1241,251504;86720,04691;17,7981392
FM ; H ; 2009_2013;67;Artisans, commerçants, chefs d'entreprise;1354,326523;86237,10175;17,73626782
FM ; H ; 2009_2013;67;Cadres et prof. intellectuelles supérieures;858,3557612;91162,65778;19,50214296
FM ; H ; 2009_2013;67;Employés;1449,526267;83620,13677;17,37827042
FM ; H ; 2009_2013;67;Ensemble;1510,567497;82880,12453;17,1785619
FM ; H ; 2009_2013;67;Inactifs non retraités;3536,678007;52025,73489;13,7279669
FM ; H ; 2009_2013;67;Ouvriers;1851,088143;79147,49928;16,07232351
FM ; H ; 2009_2013;67;Professions intermédiaires;1175,338382;87416,71513;18,1337781
FM ; H ; 2009_2013;68;Agriculteurs;1352,781857;85643,63303;17,0218355
FM ; H ; 2009_2013;68;Artisans, commerçants, chefs d'entreprise;1465,072238;85069,16981;16,97977265
FM ; H ; 2009_2013;68;Cadres et prof. intellectuelles supérieures;942,1776731;90380,15786;18,67099003
FM ; H ; 2009_2013;68;Employés;1569,37233;82408,04093;16,63387811
FM ; H ; 2009_2013;68;Ensemble;1634,089318;81628,16431;16,44203562
FM ; H ; 2009_2013;68;Inactifs non retraités;3700,339877;50185,75217;13,2312815
FM ; H ; 2009_2013;68;Ouvriers;1996,697728;77682,40931;15,37544747
FM ; H ; 2009_2013;68;Professions intermédiaires;1281,326772;86389,27293;17,34944619
FM ; H ; 2009_2013;69;Agriculteurs;1451,647006;84485,0615;16,25526155
FM ; H ; 2009_2013;69;Artisans, commerçants, chefs d'entreprise;1560,360131;83822,84502;16,23223737
FM ; H ; 2009_2013;69;Cadres et prof. intellectuelles supérieures;1018,504817;89528,61619;17,84857712
FM ; H ; 2009_2013;69;Employés;1672,893503;81114,75193;15,89908772
FM ; H ; 2009_2013;69;Ensemble;1740,370035;80294,2872;15,71517653
FM ; H ; 2009_2013;69;Inactifs non retraités;3811,389503;48328,70877;12,73969699
FM ; H ; 2009_2013;69;Ouvriers;2120,081098;76131,3264;14,68870346
FM ; H ; 2009_2013;69;Professions intermédiaires;1375,443212;85282,34404;16,57463468
FM ; H ; 2009_2013;70;Agriculteurs;1571,025732;83258,63663;15,49470646
FM ; H ; 2009_2013;70;Artisans, commerçants, chefs d'entreprise;1675,86679;82514,90677;15,48953348
FM ; H ; 2009_2013;70;Cadres et prof. intellectuelles supérieures;1110,707595;88616,76292;17,03223632
FM ; H ; 2009_2013;70;Employés;1798,350257;79757,78852;15,1695877
FM ; H ; 2009_2013;70;Ensemble;1869,202042;78896,86948;14,99352302
FM ; H ; 2009_2013;70;Inactifs non retraités;3958,131275;46486,71344;12,24449633
FM ; H ; 2009_2013;70;Ouvriers;2269,600507;74517,28054;14,00686109
FM ; H ; 2009_2013;70;Professions intermédiaires;1489,153302;84109,33383;15,80578877
FM ; H ; 2009_2013;71;Agriculteurs;1702,241006;81950,62203;14,74201761
FM ; H ; 2009_2013;71;Artisans, commerçants, chefs d'entreprise;1801,847437;81132,06685;14,75354185
FM ; H ; 2009_2013;71;Cadres et prof. intellectuelles supérieures;1213,066883;87632,4898;16,22353948
FM ; H ; 2009_2013;71;Employés;1935,352807;78323,46413;14,4473858
FM ; H ; 2009_2013;71;Ensemble;2009,716362;77422,12759;14,27912065
FM ; H ; 2009_2013;71;Inactifs non retraités;4113,914779;44646,70829;11,74912337
FM ; H ; 2009_2013;71;Ouvriers;2431,730956;72826,03597;13,33214349
FM ; H ; 2009_2013;71;Professions intermédiaires;1614,274846;82856,81691;15,04471923
FM ; H ; 2009_2013;72;Agriculteurs;1847,248143;80555,62493;13,99730794
FM ; H ; 2009_2013;72;Artisans, commerçants, chefs d'entreprise;1940,024715;79670,19078;14,02425603
FM ; H ; 2009_2013;72;Cadres et prof. intellectuelles supérieures;1327,335898;86569,44909;15,42275852
FM ; H ; 2009_2013;72;Employés;2085,804979;76807,62876;13,73251189
FM ; H ; 2009_2013;72;Ensemble;2163,834369;75866,16242;13,57197604
FM ; H ; 2009_2013;72;Inactifs non retraités;4280,775313;42809,98076;11,25320999
FM ; H ; 2009_2013;72;Ouvriers;2608,514179;71055,10271;12,66442555
FM ; H ; 2009_2013;72;Professions intermédiaires;1752,708288;81519,28016;14,29156715
FM ; H ; 2009_2013;73;Agriculteurs;2061,541285;79067,56265;13,26073918
FM ; H ; 2009_2013;73;Artisans, commerçants, chefs d'entreprise;2147,506944;78124,56939;13,30171279
FM ; H ; 2009_2013;73;Cadres et prof. intellectuelles supérieures;1494,44126;85420,38172;14,6302241
FM ; H ; 2009_2013;73;Employés;2311,28694;75205,57142;13,02504701
FM ; H ; 2009_2013;73;Ensemble;2395,252647;74224,54432;12,87214631
FM ; H ; 2009_2013;73;Inactifs non retraités;4575,087206;40977,38167;10,75647842
FM ; H ; 2009_2013;73;Ouvriers;2875,778186;69201,62028;12,00362701
FM ; H ; 2009_2013;73;Professions intermédiaires;1957,236782;80090,48498;13,54652531
FM ; H ; 2009_2013;74;Agriculteurs;2248,403729;77437,5522;12,53986917
FM ; H ; 2009_2013;74;Artisans, commerçants, chefs d'entreprise;2322,665422;76446,83884;12,59363709
FM ; H ; 2009_2013;74;Cadres et prof. intellectuelles supérieures;1645,079345;84143,82429;13,85218122
FM ; H ; 2009_2013;74;Employés;2502,531654;73467,35487;12,33321589
FM ; H ; 2009_2013;74;Ensemble;2590,618165;72446,67896;12,18803302
FM ; H ; 2009_2013;74;Inactifs non retraités;4775,530877;39102,63073;10,27219098
FM ; H ; 2009_2013;74;Ouvriers;3110,337116;67211,53518;11,35904575
FM ; H ; 2009_2013;74;Professions intermédiaires;2136,109629;78522,92455;12,81695585
FM ; H ; 2009_2013;75;Agriculteurs;2480,968947;75696,44339;11,82830117
FM ; H ; 2009_2013;75;Artisans, commerçants, chefs d'entreprise;2541,033463;74671,23455;11,89310068
FM ; H ; 2009_2013;75;Cadres et prof. intellectuelles supérieures;1833,098962;82759,59161;13,08387209
FM ; H ; 2009_2013;75;Employés;2740,955914;71628,81106;11,64978066
FM ; H ; 2009_2013;75;Ensemble;2834,17809;70569,86214;11,51217571
FM ; H ; 2009_2013;75;Inactifs non retraités;5039,506485;37235,27252;9,787343922
FM ; H ; 2009_2013;75;Ouvriers;3402,759011;65121,02985;10,7236921
FM ; H ; 2009_2013;75;Professions intermédiaires;2358,894209;76845,58879;12,09671606
FM ; H ; 2009_2013;76;Agriculteurs;2781,307713;73818,43814;11,12922344
FM ; H ; 2009_2013;76;Artisans, commerçants, chefs d'entreprise;2836,790756;72773,81349;11,20318777
FM ; H ; 2009_2013;76;Cadres et prof. intellectuelles supérieures;2076,678378;81242,5264;12,32819102
FM ; H ; 2009_2013;76;Employés;3049,271006;69665,49692;10,97809496
FM ; H ; 2009_2013;76;Ensemble;3149,11807;68569,78657;10,84796823
FM ; H ; 2009_2013;76;Inactifs non retraités;5396,029338;35358,79855;9,30675343
FM ; H ; 2009_2013;76;Ouvriers;3780,880929;62905,11814;10,1014476
FM ; H ; 2009_2013;76;Professions intermédiaires;2646,813431;75032,88265;11,38895849
FM ; H ; 2009_2013;77;Agriculteurs;3098,1691;71765,32022;10,44761689
FM ; H ; 2009_2013;77;Artisans, commerçants, chefs d'entreprise;3146,613876;70709,37267;10,53027762
FM ; H ; 2009_2013;77;Cadres et prof. intellectuelles supérieures;2339,285292;79555,38042;11,5896373
FM ; H ; 2009_2013;77;Employés;3369,895066;67541,20713;10,32337536
FM ; H ; 2009_2013;77;Ensemble;3475,727884;66410,44303;10,20069123
FM ; H ; 2009_2013;77;Inactifs non retraités;5735,019675;33450,82741;8,837592825
FM ; H ; 2009_2013;77;Ouvriers;4171,330153;60526,75053;9,498378806
FM ; H ; 2009_2013;77;Professions intermédiaires;2951,311491;73046,90223;10,69859857
FM ; H ; 2009_2013;78;Agriculteurs;3474,00813;69541,90925;9,781650657
FM ; H ; 2009_2013;78;Artisans, commerçants, chefs d'entreprise;3513,236017;68484,42174;9,872389739
FM ; H ; 2009_2013;78;Cadres et prof. intellectuelles supérieures;2654,620481;77694,35311;10,86724604
FM ; H ; 2009_2013;78;Employés;3748,059055;65265,13932;9,683394547
FM ; H ; 2009_2013;78;Ensemble;3860,448377;64102,19674;9,56800637
FM ; H ; 2009_2013;78;Inactifs non retraités;6129,236041;31532,41587;8,375266185
FM ; H ; 2009_2013;78;Ouvriers;4609,991635;58001,97993;8,911834132
FM ; H ; 2009_2013;78;Professions intermédiaires;3313,087196;70891,06061;10,02394966
FM ; H ; 2009_2013;79;Agriculteurs;3972,776848;67126,01767;9,133696083
FM ; H ; 2009_2013;79;Artisans, commerçants, chefs d'entreprise;4000,120564;66078,40237;9,231859098
FM ; H ; 2009_2013;79;Cadres et prof. intellectuelles supérieures;3075,411226;75631,8629;10,16359718
FM ; H ; 2009_2013;79;Employés;4250,0395;62818,96336;9,060466783
FM ; H ; 2009_2013;79;Ensemble;4370,994455;61627,56453;8,952206151
FM ; H ; 2009_2013;79;Inactifs non retraités;6669,553469;29599,71968;7,922124239
FM ; H ; 2009_2013;79;Ouvriers;5190,449061;55328,09351;8,342523692
FM ; H ; 2009_2013;79;Professions intermédiaires;3793,684013;68542,37796;9,367431711
FM ; H ; 2009_2013;80;Agriculteurs;4408,22342;64459,25078;8,511569515
FM ; H ; 2009_2013;80;Artisans, commerçants, chefs d'entreprise;4419,102872;63435,18661;8,616531971
FM ; H ; 2009_2013;80;Cadres et prof. intellectuelles supérieures;3459,824502;73305,8721;9,486087488
FM ; H ; 2009_2013;80;Employés;4675,246817;60149,1326;8,462632398
FM ; H ; 2009_2013;80;Ensemble;4824,824145;58933,8271;8,36139208
FM ; H ; 2009_2013;80;Inactifs non retraités;7037,776572;27625,55054;7,488252798
FM ; H ; 2009_2013;80;Ouvriers;5666,500464;52456,317;7,799243968
FM ; H ; 2009_2013;80;Professions intermédiaires;4215,541945;65942,09673;8,736815733
FM ; H ; 2009_2013;81;Agriculteurs;4971,565443;61617,74299;7,904081312
FM ; H ; 2009_2013;81;Artisans, commerçants, chefs d'entreprise;4962,148611;60631,92046;8,014910124
FM ; H ; 2009_2013;81;Cadres et prof. intellectuelles supérieures;3959,570302;70769,61757;8,82605163
FM ; H ; 2009_2013;81;Employés;5226,575868;57337,01219;7,877686137
FM ; H ; 2009_2013;81;Ensemble;5386,548969;56090,37358;7,7852657
FM ; H ; 2009_2013;81;Inactifs non retraités;7544,166342;25681,32602;7,055156732
FM ; H ; 2009_2013;81;Ouvriers;6282,743122;49483,87955;7,267735223
FM ; H ; 2009_2013;81;Professions intermédiaires;4761,874847;63162,27998;8,121329191
FM ; H ; 2009_2013;82;Agriculteurs;5740,950962;58554,37657;7,317596043
FM ; H ; 2009_2013;82;Artisans, commerçants, chefs d'entreprise;5705,168001;57623,27446;7,433387336
FM ; H ; 2009_2013;82;Cadres et prof. intellectuelles supérieures;4645,467342;67967,44481;8,189933508
FM ; H ; 2009_2013;82;Employés;5981,16249;54340,24975;7,312125692
FM ; H ; 2009_2013;82;Ensemble;6155,084065;53069,03814;7,228497762
FM ; H ; 2009_2013;82;Inactifs non retraités;8270,207734;23743,88407;6,630839994
FM ; H ; 2009_2013;82;Ouvriers;7124,742823;46374,93451;6,754959401
FM ; H ; 2009_2013;82;Professions intermédiaires;5508,81818;60154,57126;7,527392972
FM ; H ; 2009_2013;83;Agriculteurs;6469,12869;55192,79853;6,763282271
FM ; H ; 2009_2013;83;Artisans, commerçants, chefs d'entreprise;6401,260501;54335,76984;6,883133337
FM ; H ; 2009_2013;83;Cadres et prof. intellectuelles supérieures;5271,93615;64810,03936;7,588929419
FM ; H ; 2009_2013;83;Employés;6678,6683;51090,07111;6,777298556
FM ; H ; 2009_2013;83;Ensemble;6862,022313;49802,59423;6,702599219
FM ; H ; 2009_2013;83;Inactifs non retraités;8846,294428;21780,21553;6,228665661
FM ; H ; 2009_2013;83;Ouvriers;7879,384561;43070,83969;6,273152836
FM ; H ; 2009_2013;83;Professions intermédiaires;6219,876839;56840,7653;6,966238571
FM ; H ; 2009_2013;84;Agriculteurs;7342,913154;51622,30536;6,23106946
FM ; H ; 2009_2013;84;Artisans, commerçants, chefs d'entreprise;7235,91743;50857,59567;6,353873966
FM ; H ; 2009_2013;84;Cadres et prof. intellectuelles supérieures;5982,557721;61393,29547;7,011278929
FM ; H ; 2009_2013;84;Employés;7512,327396;47677,93473;6,262325165
FM ; H ; 2009_2013;84;Ensemble;7705,567486;46385,1291;6,196419103
FM ; H ; 2009_2013;84;Inactifs non retraités;9535,091117;19853,47354;5,833145862
FM ; H ; 2009_2013;84;Ouvriers;8772,681473;39677,1226;5,809716594
FM ; H ; 2009_2013;84;Professions intermédiaires;7075,340212;53305,3397;6,428267671
FM ; H ; 2009_2013;85;Agriculteurs;8342,512771;47831,72431;5,724870889
FM ; H ; 2009_2013;85;Artisans, commerçants, chefs d'entreprise;8188,753143;47177,58204;5,849497985
FM ; H ; 2009_2013;85;Cadres et prof. intellectuelles supérieures;6788,621683;57720,40613;6,457423601
FM ; H ; 2009_2013;85;Employés;8530,253629;44096,21218;5,770983622
FM ; H ; 2009_2013;85;Ensemble;8661,137123;42810,89167;5,713751777
FM ; H ; 2009_2013;85;Inactifs non retraités;10294,53844;17960,42675;5,447965221
FM ; H ; 2009_2013;85;Ouvriers;9772,339689;36196,37502;5,36839566
FM ; H ; 2009_2013;85;Professions intermédiaires;8057,450432;49533,80557;5,917719888
FM ; H ; 2009_2013;86;Agriculteurs;9554,891207;43841,3566;5,245939162
FM ; H ; 2009_2013;86;Artisans, commerçants, chefs d'entreprise;9344,570513;43314,32631;5,371221593
FM ; H ; 2009_2013;86;Cadres et prof. intellectuelles supérieures;7702,885375;53801,98612;5,927720325
FM ; H ; 2009_2013;86;Employés;9685,599355;40334,69344;5,309171996
FM ; H ; 2009_2013;86;Ensemble;9815,042009;39102,98164;5,255553876
FM ; H ; 2009_2013;86;Inactifs non retraités;11215,2602;16111,48371;5,073170047
FM ; H ; 2009_2013;86;Ouvriers;10970,25554;32659,1423;4,949833612
FM ; H ; 2009_2013;86;Professions intermédiaires;9194,734827;45542,64374;5,436323461
FM ; H ; 2009_2013;87;Agriculteurs;10814,53259;39652,36267;4,80013583
FM ; H ; 2009_2013;87;Artisans, commerçants, chefs d'entreprise;10541,40409;39266,78854;4,924875789
FM ; H ; 2009_2013;87;Cadres et prof. intellectuelles supérieures;8740,021603;49657,6808;5,422432975
FM ; H ; 2009_2013;87;Employés;10850,18201;36428,03663;4,878544238
FM ; H ; 2009_2013;87;Ensemble;10995,18866;35265,00757;4,827528219
FM ; H ; 2009_2013;87;Inactifs non retraités;12096,95053;14304,53889;4,71401128
FM ; H ; 2009_2013;87;Ouvriers;12171,43459;29076,35093;4,559752689
FM ; H ; 2009_2013;87;Professions intermédiaires;10372,37776;41355,11841;4,986793222
FM ; H ; 2009_2013;88;Agriculteurs;12166,4035;35364,14499;4,38219507
FM ; H ; 2009_2013;88;Artisans, commerçants, chefs d'entreprise;11824,86363;35127,51769;4,505201305
FM ; H ; 2009_2013;88;Cadres et prof. intellectuelles supérieures;9916,671503;45317,58877;4,941742558
FM ; H ; 2009_2013;88;Employés;12088,20678;32475,52835;4,472298596
FM ; H ; 2009_2013;88;Ensemble;12249,75895;31387,55345;4,423895795
FM ; H ; 2009_2013;88;Inactifs non retraités;13235,70668;12574,1259;4,362739186
FM ; H ; 2009_2013;88;Ouvriers;13429,76022;25537,34189;4,191651108
FM ; H ; 2009_2013;88;Professions intermédiaires;11635,25764;37065,60931;4,563902173
FM ; H ; 2009_2013;89;Agriculteurs;13737,03548;31061,60041;3,98920145
FM ; H ; 2009_2013;89;Artisans, commerçants, chefs d'entreprise;13333,8224;30973,73663;4,109378324
FM ; H ; 2009_2013;89;Cadres et prof. intellectuelles supérieures;11251,6567;40823,59236;4,485745965
FM ; H ; 2009_2013;89;Employés;13540,52021;28549,81933;4,087256706
FM ; H ; 2009_2013;89;Ensemble;13721,48174;27542,65382;4,04146284
FM ; H ; 2009_2013;89;Inactifs non retraités;14481,56468;10909,85148;4,028265682
FM ; H ; 2009_2013;89;Ouvriers;14899,0257;22107,73811;3,841907702
FM ; H ; 2009_2013;89;Professions intermédiaires;13120,02098;32752,93017;4,164845221
FM ; H ; 2009_2013;90;Agriculteurs;15510,67887;26794,65734;3,624465983
FM ; H ; 2009_2013;90;Artisans, commerçants, chefs d'entreprise;14953,61969;26843,75359;3,741617131
FM ; H ; 2009_2013;90;Cadres et prof. intellectuelles supérieures;12854,81401;36230,2619;4,054456003
FM ; H ; 2009_2013;90;Employés;15089,94104;24684,02528;3,727366758
FM ; H ; 2009_2013;90;Ensemble;15291,60971;23763,3936;3,684205201
FM ; H ; 2009_2013;90;Inactifs non retraités;15844,94823;9329,934279;3,710406203
FM ; H ; 2009_2013;90;Ouvriers;16448,92246;18813,90053;3,514528458
FM ; H ; 2009_2013;90;Professions intermédiaires;14713,8456;28455,73886;3,793791698
FM ; H ; 2009_2013;91;Agriculteurs;17513,73136;22638,62409;-
FM ; H ; 2009_2013;91;Artisans, commerçants, chefs d'entreprise;16882,24225;22829,64077;-
FM ; H ; 2009_2013;91;Cadres et prof. intellectuelles supérieures;14786,0352;31572,92911;-
FM ; H ; 2009_2013;91;Employés;16935,99188;20959,22042;-
FM ; H ; 2009_2013;91;Ensemble;17162,332;20129,5882;-
FM ; H ; 2009_2013;91;Inactifs non retraités;17337,09192;7851,611022;-
FM ; H ; 2009_2013;91;Ouvriers;18294,69968;15719,21662;-
FM ; H ; 2009_2013;91;Professions intermédiaires;16611,54363;24268,80538;-
FM ; H ; 2009_2013;92;Agriculteurs;19385,57761;18673,75628;-
FM ; H ; 2009_2013;92;Artisans, commerçants, chefs d'entreprise;18686,59572;18975,48551;-
FM ; H ; 2009_2013;92;Cadres et prof. intellectuelles supérieures;16752,88818;26904,5447;-
FM ; H ; 2009_2013;92;Employés;18746,09004;17409,56855;-
FM ; H ; 2009_2013;92;Ensemble;18996,62112;16674,88144;-
FM ; H ; 2009_2013;92;Inactifs non retraités;18970,85664;6490,370002;-
FM ; H ; 2009_2013;92;Ouvriers;20080,34641;12843,43315;-
FM ; H ; 2009_2013;92;Professions intermédiaires;18386,96516;20237,38219;-
FM ; H ; 2009_2013;93;Agriculteurs;21169,64783;15053,74077;-
FM ; H ; 2009_2013;93;Artisans, commerçants, chefs d'entreprise;20406,33807;15429,61325;-
FM ; H ; 2009_2013;93;Cadres et prof. intellectuelles supérieures;18690,08523;22397,25641;-
FM ; H ; 2009_2013;93;Employés;20471,30771;14145,95515;-
FM ; H ; 2009_2013;93;Ensemble;20744,89536;13507,21739;-
FM ; H ; 2009_2013;93;Inactifs non retraités;20301,61491;5259,091213;-
FM ; H ; 2009_2013;93;Ouvriers;21763,49887;10264,42728;-
FM ; H ; 2009_2013;93;Professions intermédiaires;20079,13227;16516,34177;-
FM ; H ; 2009_2013;94;Agriculteurs;23446,89791;11866,91686;-
FM ; H ; 2009_2013;94;Artisans, commerçants, chefs d'entreprise;22601,4778;12280,99421;-
FM ; H ; 2009_2013;94;Cadres et prof. intellectuelles supérieures;21107,508;18211,1901;-
FM ; H ; 2009_2013;94;Employés;22673,43632;11250,09314;-
FM ; H ; 2009_2013;94;Ensemble;22976,4542;10705,15928;-
FM ; H ; 2009_2013;94;Inactifs non retraités;22112,12759;4191,410767;-
FM ; H ; 2009_2013;94;Ouvriers;23941,20236;8030,528766;-
FM ; H ; 2009_2013;94;Professions intermédiaires;22239,074;13200,00366;-
FM ; H ; 2009_2013;95;Agriculteurs;25844,22613;9084,492979;-
FM ; H ; 2009_2013;95;Artisans, commerçants, chefs d'entreprise;24912,36604;9505,308026;-
FM ; H ; 2009_2013;95;Cadres et prof. intellectuelles supérieures;23666,67517;14367,26169;-
FM ; H ; 2009_2013;95;Employés;24991,68196;8699,310439;-
FM ; H ; 2009_2013;95;Ensemble;25325,6819;8245,493259;-
FM ; H ; 2009_2013;95;Inactifs non retraités;24046,67775;3264,60067;-
FM ; H ; 2009_2013;95;Ouvriers;26233,40428;6107,923624;-
FM ; H ; 2009_2013;95;Professions intermédiaires;24512,90826;10264,44508;-
FM ; H ; 2009_2013;96;Agriculteurs;28026,06216;6736,676071;-
FM ; H ; 2009_2013;96;Artisans, commerçants, chefs d'entreprise;27015,53204;7137,310897;-
FM ; H ; 2009_2013;96;Cadres et prof. intellectuelles supérieures;26033,42622;10967,00854;-
FM ; H ; 2009_2013;96;Employés;27101,54401;6525,206442;-
FM ; H ; 2009_2013;96;Ensemble;27463,74108;6157,265865;-
FM ; H ; 2009_2013;96;Inactifs non retraités;26033,42622;2479,572667;-
FM ; H ; 2009_2013;96;Ouvriers;28309,1758;4505,607326;-
FM ; H ; 2009_2013;96;Professions intermédiaires;26582,351;7748,331075;-
FM ; H ; 2009_2013;97;Agriculteurs;29887,36841;4848,651048;-
FM ; H ; 2009_2013;97;Artisans, commerçants, chefs d'entreprise;28922,35714;5209,128385;-
FM ; H ; 2009_2013;97;Cadres et prof. intellectuelles supérieures;28190,52302;8111,920462;-
FM ; H ; 2009_2013;97;Employés;29014,44005;4756,774746;-
FM ; H ; 2009_2013;97;Ensemble;29402,20192;4466,25031;-
FM ; H ; 2009_2013;97;Inactifs non retraités;28190,52302;1834,054947;-
FM ; H ; 2009_2013;97;Ouvriers;30189,2846;3230,107027;-
FM ; H ; 2009_2013;97;Professions intermédiaires;28458,60108;5688,642512;-
FM ; H ; 2009_2013;98;Agriculteurs;31898,35977;3399,516846;-
FM ; H ; 2009_2013;98;Artisans, commerçants, chefs d'entreprise;30963,77081;3702,52567;-
FM ; H ; 2009_2013;98;Cadres et prof. intellectuelles supérieures;30449,78872;5825,127657;-
FM ; H ; 2009_2013;98;Employés;31062,35317;3376,623189;-
FM ; H ; 2009_2013;98;Ensemble;31477,48426;3153,074376;-
FM ; H ; 2009_2013;98;Inactifs non retraités;30449,78872;1317,025265;-
FM ; H ; 2009_2013;98;Ouvriers;32220,59059;2254,960824;-
FM ; H ; 2009_2013;98;Professions intermédiaires;30467,28166;4069,734433;-
FM ; H ; 2009_2013;99;Agriculteurs;34067,92522;2315,126732;-
FM ; H ; 2009_2013;99;Artisans, commerçants, chefs d'entreprise;33149,27266;2556,084107;-
FM ; H ; 2009_2013;99;Cadres et prof. intellectuelles supérieures;32819,53324;4051,388593;-
FM ; H ; 2009_2013;99;Employés;33254,81321;2327,764569;-
FM ; H ; 2009_2013;99;Ensemble;33699,24531;2160,565886;-
FM ; H ; 2009_2013;99;Inactifs non retraités;32819,53324;915,9938542;-
FM ; H ; 2009_2013;99;Ouvriers;34412,07255;1528,399129;-
FM ; H ; 2009_2013;99;Professions intermédiaires;32838,38757;2829,79698;-
FM ; H ; 2009_2013;100;Agriculteurs;36294,27118;1526,411088;-
FM ; H ; 2009_2013;100;Artisans, commerçants, chefs d'entreprise;35380,268;1708,760817;-
FM ; H ; 2009_2013;100;Cadres et prof. intellectuelles supérieures;35202,01677;2721,741767;-
FM ; H ; 2009_2013;100;Employés;35492,91158;1553,67081;-
FM ; H ; 2009_2013;100;Ensemble;35967,25463;1432,471488;-
FM ; H ; 2009_2013;100;Inactifs non retraités;35202,01677;615,3689468;-
FM ; H ; 2009_2013;100;Ouvriers;36660,90862;1002,445312;-
FM ; H ; 2009_2013;100;Professions intermédiaires;35222,2398;1900,537281;-
FM ; H ; 2000_2008;30;Agriculteurs;93;100000;49,4
FM ; H ; 2000_2008;30;Artisans, commerçants, chefs d'entreprise;73;100000;49,6
FM ; H ; 2000_2008;30;Cadres et prof. intellectuelles supérieures;39;100000;52,1
FM ; H ; 2000_2008;30;Employés;132;100000;46,9
FM ; H ; 2000_2008;30;Ensemble;103,0509002;100000;47,56411996
FM ; H ; 2000_2008;30;Inactifs non retraités;1007;100000;33,8
FM ; H ; 2000_2008;30;Ouvriers;132;100000;45,6
FM ; H ; 2000_2008;30;Professions intermédiaires;47;100000;50
FM ; H ; 2000_2008;31;Agriculteurs;96;99907;48,4
FM ; H ; 2000_2008;31;Artisans, commerçants, chefs d'entreprise;74;99927;48,6
FM ; H ; 2000_2008;31;Cadres et prof. intellectuelles supérieures;41;99961;51,1
FM ; H ; 2000_2008;31;Employés;134;99868;46
FM ; H ; 2000_2008;31;Ensemble;105,5626733;99896,9491;46,61318578
FM ; H ; 2000_2008;31;Inactifs non retraités;972;98993;33,2
FM ; H ; 2000_2008;31;Ouvriers;134;99868;44,7
FM ; H ; 2000_2008;31;Professions intermédiaires;50;99953;49
FM ; H ; 2000_2008;32;Agriculteurs;101;99811;47,5
FM ; H ; 2000_2008;32;Artisans, commerçants, chefs d'entreprise;78;99853;47,7
FM ; H ; 2000_2008;32;Cadres et prof. intellectuelles supérieures;44;99920;50,1
FM ; H ; 2000_2008;32;Employés;141;99734;45,1
FM ; H ; 2000_2008;32;Ensemble;111,4322528;99791,49521;45,6624439
FM ; H ; 2000_2008;32;Inactifs non retraités;967;98031;32,5
FM ; H ; 2000_2008;32;Ouvriers;141;99734;43,7
FM ; H ; 2000_2008;32;Professions intermédiaires;54;99903;48
FM ; H ; 2000_2008;33;Agriculteurs;103;99711;46,5
FM ; H ; 2000_2008;33;Artisans, commerçants, chefs d'entreprise;79;99775;46,7
FM ; H ; 2000_2008;33;Cadres et prof. intellectuelles supérieures;46;99876;49,2
FM ; H ; 2000_2008;33;Employés;142;99593;44,1
FM ; H ; 2000_2008;33;Ensemble;113,6539115;99680,2953;44,71338335
FM ; H ; 2000_2008;33;Inactifs non retraités;930;97083;31,8
FM ; H ; 2000_2008;33;Ouvriers;142;99593;42,8
FM ; H ; 2000_2008;33;Professions intermédiaires;57;99849;47
FM ; H ; 2000_2008;34;Agriculteurs;110;99608;45,6
FM ; H ; 2000_2008;34;Artisans, commerçants, chefs d'entreprise;84;99696;45,8
FM ; H ; 2000_2008;34;Cadres et prof. intellectuelles supérieures;50;99830;48,2
FM ; H ; 2000_2008;34;Employés;151;99452;43,2
FM ; H ; 2000_2008;34;Ensemble;121,6194102;99567,00474;43,76425968
FM ; H ; 2000_2008;34;Inactifs non retraités;932;96180;31,1
FM ; H ; 2000_2008;34;Ouvriers;151;99452;41,9
FM ; H ; 2000_2008;34;Professions intermédiaires;63;99792;46,1
FM ; H ; 2000_2008;35;Agriculteurs;116;99498;44,6
FM ; H ; 2000_2008;35;Artisans, commerçants, chefs d'entreprise;91;99612;44,8
FM ; H ; 2000_2008;35;Cadres et prof. intellectuelles supérieures;55;99780;47,2
FM ; H ; 2000_2008;35;Employés;162;99302;42,3
FM ; H ; 2000_2008;35;Ensemble;131,545917;99445,91194;42,81755033
FM ; H ; 2000_2008;35;Inactifs non retraités;957;95283;30,4
FM ; H ; 2000_2008;35;Ouvriers;162;99302;40,9
FM ; H ; 2000_2008;35;Professions intermédiaires;69;99730;45,1
FM ; H ; 2000_2008;36;Agriculteurs;126;99383;43,7
FM ; H ; 2000_2008;36;Artisans, commerçants, chefs d'entreprise;100;99521;43,8
FM ; H ; 2000_2008;36;Cadres et prof. intellectuelles supérieures;61;99726;46,2
FM ; H ; 2000_2008;36;Employés;176;99142;41,3
FM ; H ; 2000_2008;36;Ensemble;144,4409423;99315,0949;41,87394926
FM ; H ; 2000_2008;36;Inactifs non retraités;1003;94372;29,7
FM ; H ; 2000_2008;36;Ouvriers;176;99142;40
FM ; H ; 2000_2008;36;Professions intermédiaires;78;99661;44,1
FM ; H ; 2000_2008;37;Agriculteurs;132;99258;42,7
FM ; H ; 2000_2008;37;Artisans, commerçants, chefs d'entreprise;107;99422;42,9
FM ; H ; 2000_2008;37;Cadres et prof. intellectuelles supérieures;66;99665;45,3
FM ; H ; 2000_2008;37;Employés;188;98967;40,4
FM ; H ; 2000_2008;37;Ensemble;154,8206913;99171,64324;40,93451988
FM ; H ; 2000_2008;37;Inactifs non retraités;1032;93425;29
FM ; H ; 2000_2008;37;Ouvriers;188;98967;39,1
FM ; H ; 2000_2008;37;Professions intermédiaires;85;99583;43,1
FM ; H ; 2000_2008;38;Agriculteurs;143;99126;41,8
FM ; H ; 2000_2008;38;Artisans, commerçants, chefs d'entreprise;117;99315;41,9
FM ; H ; 2000_2008;38;Cadres et prof. intellectuelles supérieures;74;99598;44,3
FM ; H ; 2000_2008;38;Employés;204;98781;39,5
FM ; H ; 2000_2008;38;Ensemble;169,2276985;99018,10502;39,99799325
FM ; H ; 2000_2008;38;Inactifs non retraités;1086;92461;28,3
FM ; H ; 2000_2008;38;Ouvriers;204;98781;38,1
FM ; H ; 2000_2008;38;Professions intermédiaires;94;99499;42,2
FM ; H ; 2000_2008;39;Agriculteurs;149;98985;40,8
FM ; H ; 2000_2008;39;Artisans, commerçants, chefs d'entreprise;124;99199;41
FM ; H ; 2000_2008;39;Cadres et prof. intellectuelles supérieures;79;99525;43,3
FM ; H ; 2000_2008;39;Employés;216;98580;38,6
FM ; H ; 2000_2008;39;Ensemble;179,528269;98850,53896;39,06579568
FM ; H ; 2000_2008;39;Inactifs non retraités;1112;91457;27,6
FM ; H ; 2000_2008;39;Ouvriers;216;98580;37,2
FM ; H ; 2000_2008;39;Professions intermédiaires;102;99405;41,2
FM ; H ; 2000_2008;40;Agriculteurs;164;98837;39,9
FM ; H ; 2000_2008;40;Artisans, commerçants, chefs d'entreprise;138;99076;40
FM ; H ; 2000_2008;40;Cadres et prof. intellectuelles supérieures;88;99447;42,4
FM ; H ; 2000_2008;40;Employés;238;98367;37,6
FM ; H ; 2000_2008;40;Ensemble;199,3695536;98673,0743;38,13605596
FM ; H ; 2000_2008;40;Inactifs non retraités;1193;90440;26,9
FM ; H ; 2000_2008;40;Ouvriers;238;98367;36,3
FM ; H ; 2000_2008;40;Professions intermédiaires;114;99304;40,3
FM ; H ; 2000_2008;41;Agriculteurs;180;98675;39
FM ; H ; 2000_2008;41;Artisans, commerçants, chefs d'entreprise;153;98939;39,1
FM ; H ; 2000_2008;41;Cadres et prof. intellectuelles supérieures;99;99359;41,4
FM ; H ; 2000_2008;41;Employés;263;98133;36,7
FM ; H ; 2000_2008;41;Ensemble;221,0281372;98476,35023;37,21223953
FM ; H ; 2000_2008;41;Inactifs non retraités;1279;89361;26,3
FM ; H ; 2000_2008;41;Ouvriers;263;98133;35,4
FM ; H ; 2000_2008;41;Professions intermédiaires;128;99190;39,3
FM ; H ; 2000_2008;42;Agriculteurs;197;98498;38
FM ; H ; 2000_2008;42;Artisans, commerçants, chefs d'entreprise;170;98788;38,1
FM ; H ; 2000_2008;42;Cadres et prof. intellectuelles supérieures;111;99260;40,4
FM ; H ; 2000_2008;42;Employés;291;97875;35,8
FM ; H ; 2000_2008;42;Ensemble;245,413771;98258,68979;36,29467125
FM ; H ; 2000_2008;42;Inactifs non retraités;1373;88219;25,6
FM ; H ; 2000_2008;42;Ouvriers;291;97875;34,5
FM ; H ; 2000_2008;42;Professions intermédiaires;144;99063;38,4
FM ; H ; 2000_2008;43;Agriculteurs;214;98304;37,1
FM ; H ; 2000_2008;43;Artisans, commerçants, chefs d'entreprise;186;98620;37,2
FM ; H ; 2000_2008;43;Cadres et prof. intellectuelles supérieures;123;99150;39,5
FM ; H ; 2000_2008;43;Employés;318;97590;34,9
FM ; H ; 2000_2008;43;Ensemble;269,5388972;98017,54943;35,3839625
FM ; H ; 2000_2008;43;Inactifs non retraités;1459;87007;25
FM ; H ; 2000_2008;43;Ouvriers;318;97590;33,6
FM ; H ; 2000_2008;43;Professions intermédiaires;161;98920;37,4
FM ; H ; 2000_2008;44;Agriculteurs;236;98093;36,2
FM ; H ; 2000_2008;44;Artisans, commerçants, chefs d'entreprise;207;98436;36,3
FM ; H ; 2000_2008;44;Cadres et prof. intellectuelles supérieures;138;99028;38,5
FM ; H ; 2000_2008;44;Employés;352;97280;34
FM ; H ; 2000_2008;44;Ensemble;299,5118531;97753,35401;34,47959381
FM ; H ; 2000_2008;44;Inactifs non retraités;1568;85738;24,3
FM ; H ; 2000_2008;44;Ouvriers;352;97280;32,7
FM ; H ; 2000_2008;44;Professions intermédiaires;181;98761;36,5
FM ; H ; 2000_2008;45;Agriculteurs;262;97862;35,3
FM ; H ; 2000_2008;45;Artisans, commerçants, chefs d'entreprise;233;98232;35,4
FM ; H ; 2000_2008;45;Cadres et prof. intellectuelles supérieures;156;98892;37,6
FM ; H ; 2000_2008;45;Employés;394;96937;33,2
FM ; H ; 2000_2008;45;Ensemble;336,3388409;97460,57113;33,58317452
FM ; H ; 2000_2008;45;Inactifs non retraités;1702;84393;23,7
FM ; H ; 2000_2008;45;Ouvriers;391;96937;31,8
FM ; H ; 2000_2008;45;Professions intermédiaires;205;98582;35,5
FM ; H ; 2000_2008;46;Agriculteurs;283;97605;34,4
FM ; H ; 2000_2008;46;Artisans, commerçants, chefs d'entreprise;254;98004;34,4
FM ; H ; 2000_2008;46;Cadres et prof. intellectuelles supérieures;172;98738;36,6
FM ; H ; 2000_2008;46;Employés;427;96556;32,3
FM ; H ; 2000_2008;46;Ensemble;366,6660559;97132,77337;32,69650896
FM ; H ; 2000_2008;46;Inactifs non retraités;1793;82957;23,1
FM ; H ; 2000_2008;46;Ouvriers;428;96559;30,9
FM ; H ; 2000_2008;46;Professions intermédiaires;227;98380;34,6
FM ; H ; 2000_2008;47;Agriculteurs;319;97328;33,5
FM ; H ; 2000_2008;47;Artisans, commerçants, chefs d'entreprise;288;97755;33,5
FM ; H ; 2000_2008;47;Cadres et prof. intellectuelles supérieures;197;98568;35,7
FM ; H ; 2000_2008;47;Employés;483;96143;31,4
FM ; H ; 2000_2008;47;Ensemble;416,0247624;96776,62046;31,81683717
FM ; H ; 2000_2008;47;Inactifs non retraités;1965;81469;22,5
FM ; H ; 2000_2008;47;Ouvriers;487;96146;30
FM ; H ; 2000_2008;47;Professions intermédiaires;260;98157;33,7
FM ; H ; 2000_2008;48;Agriculteurs;344;97018;32,6
FM ; H ; 2000_2008;48;Artisans, commerçants, chefs d'entreprise;314;97473;32,6
FM ; H ; 2000_2008;48;Cadres et prof. intellectuelles supérieures;216;98374;34,8
FM ; H ; 2000_2008;48;Employés;524;95679;30,6
FM ; H ; 2000_2008;48;Ensemble;453,4416797;96374,00576;30,94975606
FM ; H ; 2000_2008;48;Inactifs non retraités;2067;79868;22
FM ; H ; 2000_2008;48;Ouvriers;532;95678;29,2
FM ; H ; 2000_2008;48;Professions intermédiaires;287;97901;32,8
FM ; H ; 2000_2008;49;Agriculteurs;368;96684;31,7
FM ; H ; 2000_2008;49;Artisans, commerçants, chefs d'entreprise;339;97167;31,7
FM ; H ; 2000_2008;49;Cadres et prof. intellectuelles supérieures;236;98161;33,8
FM ; H ; 2000_2008;49;Employés;563;95177;29,7
FM ; H ; 2000_2008;49;Ensemble;488,8817317;95937,00585;30,09073441
FM ; H ; 2000_2008;49;Inactifs non retraités;2152;78217;21,5
FM ; H ; 2000_2008;49;Ouvriers;575;95169;28,4
FM ; H ; 2000_2008;49;Professions intermédiaires;313;97620;31,9
FM ; H ; 2000_2008;50;Agriculteurs;402;96329;30,8
FM ; H ; 2000_2008;50;Artisans, commerçants, chefs d'entreprise;373;96838;30,8
FM ; H ; 2000_2008;50;Cadres et prof. intellectuelles supérieures;262;97930;32,9
FM ; H ; 2000_2008;50;Employés;617;94641;28,9
FM ; H ; 2000_2008;50;Ensemble;537,7876095;95467,98735;29,23856523
FM ; H ; 2000_2008;50;Inactifs non retraités;2284;76534;20,9
FM ; H ; 2000_2008;50;Ouvriers;635;94621;27,5
FM ; H ; 2000_2008;50;Professions intermédiaires;349;97314;31
FM ; H ; 2000_2008;51;Agriculteurs;436;95942;29,9
FM ; H ; 2000_2008;51;Artisans, commerçants, chefs d'entreprise;409;96476;29,9
FM ; H ; 2000_2008;51;Cadres et prof. intellectuelles supérieures;289;97674;32
FM ; H ; 2000_2008;51;Employés;672;94058;28,1
FM ; H ; 2000_2008;51;Ensemble;588,1425306;94954,57235;28,39665681
FM ; H ; 2000_2008;51;Inactifs non retraités;2410;74786;20,4
FM ; H ; 2000_2008;51;Ouvriers;696;94021;26,7
FM ; H ; 2000_2008;51;Professions intermédiaires;386;96975;30,1
FM ; H ; 2000_2008;52;Agriculteurs;458;95524;29,1
FM ; H ; 2000_2008;52;Artisans, commerçants, chefs d'entreprise;434;96081;29,1
FM ; H ; 2000_2008;52;Cadres et prof. intellectuelles supérieures;309;97392;31,1
FM ; H ; 2000_2008;52;Employés;709;93425;27,3
FM ; H ; 2000_2008;52;Ensemble;623,0061933;94396,10412;27,56465771
FM ; H ; 2000_2008;52;Inactifs non retraités;2463;72984;19,9
FM ; H ; 2000_2008;52;Ouvriers;739;93367;25,9
FM ; H ; 2000_2008;52;Professions intermédiaires;413;96601;29,2
FM ; H ; 2000_2008;53;Agriculteurs;489;95086;28,2
FM ; H ; 2000_2008;53;Artisans, commerçants, chefs d'entreprise;467;95665;28,2
FM ; H ; 2000_2008;53;Cadres et prof. intellectuelles supérieures;335;97091;30,2
FM ; H ; 2000_2008;53;Employés;759;92763;26,5
FM ; H ; 2000_2008;53;Ensemble;669,4546268;93808,01055;26,73746383
FM ; H ; 2000_2008;53;Inactifs non retraités;2555;71186;19,4
FM ; H ; 2000_2008;53;Ouvriers;796;92677;25,1
FM ; H ; 2000_2008;53;Professions intermédiaires;449;96202;28,3
FM ; H ; 2000_2008;54;Agriculteurs;512;94620;27,3
FM ; H ; 2000_2008;54;Artisans, commerçants, chefs d'entreprise;492;95218;27,3
FM ; H ; 2000_2008;54;Cadres et prof. intellectuelles supérieures;356;96766;29,3
FM ; H ; 2000_2008;54;Employés;797;92058;25,7
FM ; H ; 2000_2008;54;Ensemble;705,1513956;93180,00848;25,91766538
FM ; H ; 2000_2008;54;Inactifs non retraités;2599;69367;18,9
FM ; H ; 2000_2008;54;Ouvriers;840;91939;24,3
FM ; H ; 2000_2008;54;Professions intermédiaires;478;95770;27,5
FM ; H ; 2000_2008;55;Agriculteurs;553;94135;26,5
FM ; H ; 2000_2008;55;Artisans, commerçants, chefs d'entreprise;535;94750;26,5
FM ; H ; 2000_2008;55;Cadres et prof. intellectuelles supérieures;390;96421;28,4
FM ; H ; 2000_2008;55;Employés;862;91325;24,9
FM ; H ; 2000_2008;55;Ensemble;765,1750026;92522,94835;25,10172204
FM ; H ; 2000_2008;55;Inactifs non retraités;2722;67565;18,4
FM ; H ; 2000_2008;55;Ouvriers;913;91168;23,5
FM ; H ; 2000_2008;55;Professions intermédiaires;524;95312;26,6
FM ; H ; 2000_2008;56;Agriculteurs;590;93615;25,6
FM ; H ; 2000_2008;56;Artisans, commerçants, chefs d'entreprise;575;94243;25,6
FM ; H ; 2000_2008;56;Cadres et prof. intellectuelles supérieures;422;96045;27,5
FM ; H ; 2000_2008;56;Employés;921;90538;24,1
FM ; H ; 2000_2008;56;Ensemble;820,7532808;91814,98588;24,29527516
FM ; H ; 2000_2008;56;Inactifs non retraités;2818;65725;18
FM ; H ; 2000_2008;56;Ouvriers;980;90336;22,7
FM ; H ; 2000_2008;56;Professions intermédiaires;569;94812;25,7
FM ; H ; 2000_2008;57;Agriculteurs;629;93063;24,8
FM ; H ; 2000_2008;57;Artisans, commerçants, chefs d'entreprise;619;93701;24,8
FM ; H ; 2000_2008;57;Cadres et prof. intellectuelles supérieures;458;95640;26,6
FM ; H ; 2000_2008;57;Employés;985;89704;23,3
FM ; H ; 2000_2008;57;Ensemble;881,0766353;91061,41137;23,49632959
FM ; H ; 2000_2008;57;Inactifs non retraités;2919;63873;17,5
FM ; H ; 2000_2008;57;Ouvriers;1054;89450;21,9
FM ; H ; 2000_2008;57;Professions intermédiaires;617;94273;24,9
FM ; H ; 2000_2008;58;Agriculteurs;655;92478;23,9
FM ; H ; 2000_2008;58;Artisans, commerçants, chefs d'entreprise;648;93121;23,9
FM ; H ; 2000_2008;58;Cadres et prof. intellectuelles supérieures;483;95202;25,8
FM ; H ; 2000_2008;58;Employés;1026;88821;22,6
FM ; H ; 2000_2008;58;Ensemble;921,1098003;90259,09055;22,70519049
FM ; H ; 2000_2008;58;Inactifs non retraités;2946;62009;17
FM ; H ; 2000_2008;58;Ouvriers;1103;88507;21,2
FM ; H ; 2000_2008;58;Professions intermédiaires;652;93691;24
FM ; H ; 2000_2008;59;Agriculteurs;699;91872;23,1
FM ; H ; 2000_2008;59;Artisans, commerçants, chefs d'entreprise;696;92517;23,1
FM ; H ; 2000_2008;59;Cadres et prof. intellectuelles supérieures;523;94742;24,9
FM ; H ; 2000_2008;59;Employés;1096;87909;21,8
FM ; H ; 2000_2008;59;Ensemble;987,2787369;89427,70522;21,91627454
FM ; H ; 2000_2008;59;Inactifs non retraités;3049;60181;16,5
FM ; H ; 2000_2008;59;Ouvriers;1183;87531;20,4
FM ; H ; 2000_2008;59;Professions intermédiaires;706;93080;23,2
FM ; H ; 2000_2008;60;Agriculteurs;754;91230;22,3
FM ; H ; 2000_2008;60;Artisans, commerçants, chefs d'entreprise;756;91873;22,2
FM ; H ; 2000_2008;60;Cadres et prof. intellectuelles supérieures;572;94246;24
FM ; H ; 2000_2008;60;Employés;1183;86946;21
FM ; H ; 2000_2008;60;Ensemble;1069,614111;88544,8045;21,13480678
FM ; H ; 2000_2008;60;Inactifs non retraités;3188;58347;16
FM ; H ; 2000_2008;60;Ouvriers;1283;86495;19,6
FM ; H ; 2000_2008;60;Professions intermédiaires;773;92423;22,3
FM ; H ; 2000_2008;61;Agriculteurs;792;90542;21,4
FM ; H ; 2000_2008;61;Artisans, commerçants, chefs d'entreprise;800;91178;21,4
FM ; H ; 2000_2008;61;Cadres et prof. intellectuelles supérieures;610;93707;23,2
FM ; H ; 2000_2008;61;Employés;1243;85918;20,3
FM ; H ; 2000_2008;61;Ensemble;1127,944835;87597,71678;20,36331178
FM ; H ; 2000_2008;61;Inactifs non retraités;3244;56487;15,6
FM ; H ; 2000_2008;61;Ouvriers;1354;85385;18,9
FM ; H ; 2000_2008;61;Professions intermédiaires;824;91709;21,5
FM ; H ; 2000_2008;62;Agriculteurs;851;89825;20,6
FM ; H ; 2000_2008;62;Artisans, commerçants, chefs d'entreprise;865;90449;20,6
FM ; H ; 2000_2008;62;Cadres et prof. intellectuelles supérieures;664;93136;22,3
FM ; H ; 2000_2008;62;Employés;1335;84850;19,5
FM ; H ; 2000_2008;62;Ensemble;1216,238496;86609,66286;19,595619
FM ; H ; 2000_2008;62;Inactifs non retraités;3374;54655;15,1
FM ; H ; 2000_2008;62;Ouvriers;1460;84230;18,1
FM ; H ; 2000_2008;62;Professions intermédiaires;898;90953;20,7
FM ; H ; 2000_2008;63;Agriculteurs;913;89061;19,8
FM ; H ; 2000_2008;63;Artisans, commerçants, chefs d'entreprise;934;89666;19,7
FM ; H ; 2000_2008;63;Cadres et prof. intellectuelles supérieures;723;92517;21,4
FM ; H ; 2000_2008;63;Employés;1433;83717;18,8
FM ; H ; 2000_2008;63;Ensemble;1309,528206;85556,2828;18,8368828
FM ; H ; 2000_2008;63;Inactifs non retraités;3504;52810;14,6
FM ; H ; 2000_2008;63;Ouvriers;1572;83000;17,4
FM ; H ; 2000_2008;63;Professions intermédiaires;977;90137;19,9
FM ; H ; 2000_2008;64;Agriculteurs;974;88247;18,9
FM ; H ; 2000_2008;64;Artisans, commerçants, chefs d'entreprise;1003;88829;18,9
FM ; H ; 2000_2008;64;Cadres et prof. intellectuelles supérieures;782;91848;20,6
FM ; H ; 2000_2008;64;Employés;1527;82517;18,1
FM ; H ; 2000_2008;64;Ensemble;1400,408035;84435,89914;18,08683023
FM ; H ; 2000_2008;64;Inactifs non retraités;3614;50960;14,1
FM ; H ; 2000_2008;64;Ouvriers;1693;81695;16,7
FM ; H ; 2000_2008;64;Professions intermédiaires;1056;89256;19,1
FM ; H ; 2000_2008;65;Agriculteurs;1048;87387;18,1
FM ; H ; 2000_2008;65;Artisans, commerçants, chefs d'entreprise;1085;87938;18,1
FM ; H ; 2000_2008;65;Cadres et prof. intellectuelles supérieures;853;91130;19,8
FM ; H ; 2000_2008;65;Employés;1640;81258;17,4
FM ; H ; 2000_2008;65;Ensemble;1509,745087;83253,45202;17,34371712
FM ; H ; 2000_2008;65;Inactifs non retraités;3627;49118;13,7
FM ; H ; 2000_2008;65;Ouvriers;1824;80311;16
FM ; H ; 2000_2008;65;Professions intermédiaires;1151;88313;18,3
FM ; H ; 2000_2008;66;Agriculteurs;1169;86472;17,3
FM ; H ; 2000_2008;66;Artisans, commerçants, chefs d'entreprise;1206;86983;17,3
FM ; H ; 2000_2008;66;Cadres et prof. intellectuelles supérieures;945;90352;18,9
FM ; H ; 2000_2008;66;Employés;1788;79925;16,6
FM ; H ; 2000_2008;66;Ensemble;1645,558635;81996,53712;16,60957684
FM ; H ; 2000_2008;66;Inactifs non retraités;3820;47337;13,2
FM ; H ; 2000_2008;66;Ouvriers;1973;78847;15,3
FM ; H ; 2000_2008;66;Professions intermédiaires;1275;87296;17,5
FM ; H ; 2000_2008;67;Agriculteurs;1287;85461;16,5
FM ; H ; 2000_2008;67;Artisans, commerçants, chefs d'entreprise;1322;85934;16,5
FM ; H ; 2000_2008;67;Cadres et prof. intellectuelles supérieures;1019;89499;18,1
FM ; H ; 2000_2008;67;Employés;1897;78496;15,9
FM ; H ; 2000_2008;67;Ensemble;1769,058041;80647,23603;15,88747006
FM ; H ; 2000_2008;67;Inactifs non retraités;3913;45529;12,7
FM ; H ; 2000_2008;67;Ouvriers;2105;77291;14,6
FM ; H ; 2000_2008;67;Professions intermédiaires;1373;86183;16,7
FM ; H ; 2000_2008;68;Agriculteurs;1422;84361;15,7
FM ; H ; 2000_2008;68;Artisans, commerçants, chefs d'entreprise;1454;84799;15,8
FM ; H ; 2000_2008;68;Cadres et prof. intellectuelles supérieures;1108;88586;17,3
FM ; H ; 2000_2008;68;Employés;2028;77007;15,3
FM ; H ; 2000_2008;68;Ensemble;1908,904426;79220,53961;15,17359026
FM ; H ; 2000_2008;68;Inactifs non retraités;4038;43747;12,2
FM ; H ; 2000_2008;68;Ouvriers;2257;75664;13,9
FM ; H ; 2000_2008;68;Professions intermédiaires;1491;85000;16
FM ; H ; 2000_2008;69;Agriculteurs;1610;83161;15
FM ; H ; 2000_2008;69;Artisans, commerçants, chefs d'entreprise;1638;83566;15
FM ; H ; 2000_2008;69;Cadres et prof. intellectuelles supérieures;1265;87605;16,5
FM ; H ; 2000_2008;69;Employés;2274;75445;14,6
FM ; H ; 2000_2008;69;Ensemble;2110,012692;77708,29523;14,46887632
FM ; H ; 2000_2008;69;Inactifs non retraités;4368;41980;11,7
FM ; H ; 2000_2008;69;Ouvriers;2537;73956;13,2
FM ; H ; 2000_2008;69;Professions intermédiaires;1699;83732;15,2
FM ; H ; 2000_2008;70;Agriculteurs;1770;81822;14,2
FM ; H ; 2000_2008;70;Artisans, commerçants, chefs d'entreprise;1794;82197;14,2
FM ; H ; 2000_2008;70;Cadres et prof. intellectuelles supérieures;1364;86497;15,7
FM ; H ; 2000_2008;70;Employés;2255;73729;13,9
FM ; H ; 2000_2008;70;Ensemble;2266,203554;76068,64033;13,78075207
FM ; H ; 2000_2008;70;Inactifs non retraités;4461;40147;11,3
FM ; H ; 2000_2008;70;Ouvriers;2693;72080;12,6
FM ; H ; 2000_2008;70;Professions intermédiaires;1828;82310;14,5
FM ; H ; 2000_2008;71;Agriculteurs;1980;80374;13,5
FM ; H ; 2000_2008;71;Artisans, commerçants, chefs d'entreprise;1997;80722;13,5
FM ; H ; 2000_2008;71;Cadres et prof. intellectuelles supérieures;1522;85316;14,9
FM ; H ; 2000_2008;71;Employés;2458;72066;13,2
FM ; H ; 2000_2008;71;Ensemble;2475,00246;74344,7701;13,10029342
FM ; H ; 2000_2008;71;Inactifs non retraités;4707;38356;10,8
FM ; H ; 2000_2008;71;Ouvriers;2953;70139;11,9
FM ; H ; 2000_2008;71;Professions intermédiaires;2034;80805;13,7
FM ; H ; 2000_2008;72;Agriculteurs;2253;78783;12,7
FM ; H ; 2000_2008;72;Artisans, commerçants, chefs d'entreprise;2263;79110;12,8
FM ; H ; 2000_2008;72;Cadres et prof. intellectuelles supérieures;1761;84018;14,2
FM ; H ; 2000_2008;72;Employés;2776;70295;12,6
FM ; H ; 2000_2008;72;Ensemble;2750,799004;72504,73521;12,43275442
FM ; H ; 2000_2008;72;Inactifs non retraités;5140;36550;10,3
FM ; H ; 2000_2008;72;Ouvriers;3353;68067;11,3
FM ; H ; 2000_2008;72;Professions intermédiaires;2346;79161;13
FM ; H ; 2000_2008;73;Agriculteurs;2499;77008;12
FM ; H ; 2000_2008;73;Artisans, commerçants, chefs d'entreprise;2499;77320;12,1
FM ; H ; 2000_2008;73;Cadres et prof. intellectuelles supérieures;1937;82538;13,4
FM ; H ; 2000_2008;73;Employés;2979;68344;11,9
FM ; H ; 2000_2008;73;Ensemble;2980,424413;70510,27568;11,78442835
FM ; H ; 2000_2008;73;Inactifs non retraités;5333;34672;9,9
FM ; H ; 2000_2008;73;Ouvriers;3618;65785;10,7
FM ; H ; 2000_2008;73;Professions intermédiaires;2571;77304;12,3
FM ; H ; 2000_2008;74;Agriculteurs;2811;75083;11,4
FM ; H ; 2000_2008;74;Artisans, commerçants, chefs d'entreprise;2799;75388;11,4
FM ; H ; 2000_2008;74;Cadres et prof. intellectuelles supérieures;2192;80940;12,7
FM ; H ; 2000_2008;74;Employés;3286;66308;11,3
FM ; H ; 2000_2008;74;Ensemble;3273,410627;68408,77021;11,14644393
FM ; H ; 2000_2008;74;Inactifs non retraités;5685;32822;9,5
FM ; H ; 2000_2008;74;Ouvriers;4010;63405;10,1
FM ; H ; 2000_2008;74;Professions intermédiaires;2898;75316;11,7
FM ; H ; 2000_2008;75;Agriculteurs;3167;72973;10,7
FM ; H ; 2000_2008;75;Artisans, commerçants, chefs d'entreprise;3140;73278;10,7
FM ; H ; 2000_2008;75;Cadres et prof. intellectuelles supérieures;2492;79165;12
FM ; H ; 2000_2008;75;Employés;3639;64129;10,7
FM ; H ; 2000_2008;75;Ensemble;3602,70675;66169,47026;10,52366066
FM ; H ; 2000_2008;75;Inactifs non retraités;6081;30956;9
FM ; H ; 2000_2008;75;Ouvriers;4459;60862;9,5
FM ; H ; 2000_2008;75;Professions intermédiaires;3279;73134;11
FM ; H ; 2000_2008;76;Agriculteurs;3525;70662;10
FM ; H ; 2000_2008;76;Artisans, commerçants, chefs d'entreprise;3496;70978;10,1
FM ; H ; 2000_2008;76;Cadres et prof. intellectuelles supérieures;2796;77192;11,3
FM ; H ; 2000_2008;76;Employés;3973;61795;10,1
FM ; H ; 2000_2008;76;Ensemble;3954,106117;63785,57828;9,916966967
FM ; H ; 2000_2008;76;Inactifs non retraités;6410;29074;8,6
FM ; H ; 2000_2008;76;Ouvriers;4885;58148;8,9
FM ; H ; 2000_2008;76;Professions intermédiaires;3633;70736;10,4
FM ; H ; 2000_2008;77;Agriculteurs;3968;68171;9,4
FM ; H ; 2000_2008;77;Artisans, commerçants, chefs d'entreprise;3938;68496;9,4
FM ; H ; 2000_2008;77;Cadres et prof. intellectuelles supérieures;3173;75034;10,6
FM ; H ; 2000_2008;77;Employés;4384;59340;9,5
FM ; H ; 2000_2008;77;Ensemble;4387,463063;61263,42883;9,325237827
FM ; H ; 2000_2008;77;Inactifs non retraités;6827;27210;8,2
FM ; H ; 2000_2008;77;Ouvriers;5406;55308;8,4
FM ; H ; 2000_2008;77;Professions intermédiaires;4025;68166;9,8
FM ; H ; 2000_2008;78;Agriculteurs;4409;65466;8,8
FM ; H ; 2000_2008;78;Artisans, commerçants, chefs d'entreprise;4378;65799;8,8
FM ; H ; 2000_2008;78;Cadres et prof. intellectuelles supérieures;3557;72653;9,9
FM ; H ; 2000_2008;78;Employés;4777;56738;8,9
FM ; H ; 2000_2008;78;Ensemble;4805,392937;58575,51852;8,75315385
FM ; H ; 2000_2008;78;Inactifs non retraités;7178;25352;7,8
FM ; H ; 2000_2008;78;Ouvriers;5903;52318;7,9
FM ; H ; 2000_2008;78;Professions intermédiaires;4459;65422;9,2
FM ; H ; 2000_2008;79;Agriculteurs;4928;62580;8,2
FM ; H ; 2000_2008;79;Artisans, commerçants, chefs d'entreprise;4896;62918;8,2
FM ; H ; 2000_2008;79;Cadres et prof. intellectuelles supérieures;4014;70069;9,3
FM ; H ; 2000_2008;79;Employés;5235;54028;8,4
FM ; H ; 2000_2008;79;Ensemble;5294,483762;55760,73469;8,195010222
FM ; H ; 2000_2008;79;Inactifs non retraités;7592;23533;7,4
FM ; H ; 2000_2008;79;Ouvriers;6478;49229;7,4
FM ; H ; 2000_2008;79;Professions intermédiaires;4938;62505;8,6
FM ; H ; 2000_2008;80;Agriculteurs;5605;59496;7,6
FM ; H ; 2000_2008;80;Artisans, commerçants, chefs d'entreprise;5573;59837;7,6
FM ; H ; 2000_2008;80;Cadres et prof. intellectuelles supérieures;4614;67256;8,7
FM ; H ; 2000_2008;80;Employés;5839;51200;7,8
FM ; H ; 2000_2008;80;Ensemble;5935,643272;52808,49165;7,653149835
FM ; H ; 2000_2008;80;Inactifs non retraités;8168;21746;7
FM ; H ; 2000_2008;80;Ouvriers;7228;46040;6,9
FM ; H ; 2000_2008;80;Professions intermédiaires;5468;59418;8,1
FM ; H ; 2000_2008;81;Agriculteurs;6296;56161;7,1
FM ; H ; 2000_2008;81;Artisans, commerçants, chefs d'entreprise;6264;56503;7,1
FM ; H ; 2000_2008;81;Cadres et prof. intellectuelles supérieures;5241;64153;8,1
FM ; H ; 2000_2008;81;Employés;6432;48210;7,3
FM ; H ; 2000_2008;81;Ensemble;6571,189359;49673,96797;7,136078426
FM ; H ; 2000_2008;81;Inactifs non retraités;8680;19970;6,6
FM ; H ; 2000_2008;81;Ouvriers;7959;42712;6,4
FM ; H ; 2000_2008;81;Professions intermédiaires;6054;56169;7,5
FM ; H ; 2000_2008;82;Agriculteurs;7121;52625;6,5
FM ; H ; 2000_2008;82;Artisans, commerçants, chefs d'entreprise;7090;52964;6,5
FM ; H ; 2000_2008;82;Cadres et prof. intellectuelles supérieures;6000;60790;7,6
FM ; H ; 2000_2008;82;Employés;7137;45109;6,8
FM ; H ; 2000_2008;82;Ensemble;7325,684859;46409,79747;6,637984876
FM ; H ; 2000_2008;82;Inactifs non retraités;9294;18236;6,3
FM ; H ; 2000_2008;82;Ouvriers;8819;39313;6
FM ; H ; 2000_2008;82;Professions intermédiaires;6701;52769;7
FM ; H ; 2000_2008;83;Agriculteurs;8048;48878;6
FM ; H ; 2000_2008;83;Artisans, commerçants, chefs d'entreprise;8018;49209;6
FM ; H ; 2000_2008;83;Cadres et prof. intellectuelles supérieures;6670;57143;7
FM ; H ; 2000_2008;83;Employés;7917;41890;6,4
FM ; H ; 2000_2008;83;Ensemble;8162,846611;43009,96196;6,16270184
FM ; H ; 2000_2008;83;Inactifs non retraités;9951;16542;5,9
FM ; H ; 2000_2008;83;Ouvriers;9759;35846;5,5
FM ; H ; 2000_2008;83;Professions intermédiaires;7415;49233;6,5
FM ; H ; 2000_2008;84;Agriculteurs;9058;44944;5,6
FM ; H ; 2000_2008;84;Artisans, commerçants, chefs d'entreprise;9029;45263;5,6
FM ; H ; 2000_2008;84;Cadres et prof. intellectuelles supérieures;7413;53331;6,5
FM ; H ; 2000_2008;84;Employés;8752;38574;5,9
FM ; H ; 2000_2008;84;Ensemble;9062,362278;39499,12474;5,710466965
FM ; H ; 2000_2008;84;Inactifs non retraités;10626;14896;5,6
FM ; H ; 2000_2008;84;Ouvriers;10752;32348;5,1
FM ; H ; 2000_2008;84;Professions intermédiaires;8203;45582;6
FM ; H ; 2000_2008;85;Agriculteurs;10202;40873;5,1
FM ; H ; 2000_2008;85;Artisans, commerçants, chefs d'entreprise;10177;41176;5,1
FM ; H ; 2000_2008;85;Cadres et prof. intellectuelles supérieures;8237;49378;6,1
FM ; H ; 2000_2008;85;Employés;9693;35198;5,5
FM ; H ; 2000_2008;85;Ensemble;10075,76149;35919,57096;5,279541792
FM ; H ; 2000_2008;85;Inactifs non retraités;11380;13313;5,2
FM ; H ; 2000_2008;85;Ouvriers;11855;28870;4,8
FM ; H ; 2000_2008;85;Professions intermédiaires;9073;41843;5,6
FM ; H ; 2000_2008;86;Agriculteurs;11449;36703;4,7
FM ; H ; 2000_2008;86;Artisans, commerçants, chefs d'entreprise;11429;36986;4,7
FM ; H ; 2000_2008;86;Cadres et prof. intellectuelles supérieures;9150;45311;5,6
FM ; H ; 2000_2008;86;Employés;10711;31786;5,1
FM ; H ; 2000_2008;86;Ensemble;11169,71639;32300,40066;4,871099805
FM ; H ; 2000_2008;86;Inactifs non retraités;12174;11798;4,9
FM ; H ; 2000_2008;86;Ouvriers;13029;25447;4,4
FM ; H ; 2000_2008;86;Professions intermédiaires;10151;38046;5,1
FM ; H ; 2000_2008;87;Agriculteurs;12890;32501;4,3
FM ; H ; 2000_2008;87;Artisans, commerçants, chefs d'entreprise;12874;32759;4,3
FM ; H ; 2000_2008;87;Cadres et prof. intellectuelles supérieures;10162;41165;5,2
FM ; H ; 2000_2008;87;Employés;11890;28381;4,7
FM ; H ; 2000_2008;87;Ensemble;12435,42752;28692,53752;4,483602671
FM ; H ; 2000_2008;87;Inactifs non retraités;13103;10362;4,6
FM ; H ; 2000_2008;87;Ouvriers;14372;22132;4,1
FM ; H ; 2000_2008;87;Professions intermédiaires;11406;34184;4,7
FM ; H ; 2000_2008;88;Agriculteurs;14428;28312;4
FM ; H ; 2000_2008;88;Artisans, commerçants, chefs d'entreprise;14419;28541;4
FM ; H ; 2000_2008;88;Cadres et prof. intellectuelles supérieures;11285;36982;4,8
FM ; H ; 2000_2008;88;Employés;13146;25007;4,3
FM ; H ; 2000_2008;88;Ensemble;13782,36258;25124,49781;4,120338676
FM ; H ; 2000_2008;88;Inactifs non retraités;14071;9004;4,3
FM ; H ; 2000_2008;88;Ouvriers;15777;18951;3,7
FM ; H ; 2000_2008;88;Professions intermédiaires;12757;30285;4,3
FM ; H ; 2000_2008;89;Agriculteurs;16051;24227;3,6
FM ; H ; 2000_2008;89;Artisans, commerçants, chefs d'entreprise;16041;24426;3,6
FM ; H ; 2000_2008;89;Cadres et prof. intellectuelles supérieures;12530;32808;4,4
FM ; H ; 2000_2008;89;Employés;14324;21719;3,9
FM ; H ; 2000_2008;89;Ensemble;15328,74949;21661,74843;3,778997429
FM ; H ; 2000_2008;89;Inactifs non retraités;15210;7737;4
FM ; H ; 2000_2008;89;Ouvriers;17383;15961;3,4
FM ; H ; 2000_2008;89;Professions intermédiaires;14324;26422;3,9
FM ; H ; 2000_2008;90;Agriculteurs;17697;20338;3,3
FM ; H ; 2000_2008;90;Artisans, commerçants, chefs d'entreprise;17687;20508;3,3
FM ; H ; 2000_2008;90;Cadres et prof. intellectuelles supérieures;13910;28697;4
FM ; H ; 2000_2008;90;Employés;15933;18608;3,6
FM ; H ; 2000_2008;90;Ensemble;16898,79984;18341,27327;3,463141156
FM ; H ; 2000_2008;90;Inactifs non retraités;16341;6560;3,7
FM ; H ; 2000_2008;90;Ouvriers;18985;13186;3,2
FM ; H ; 2000_2008;90;Professions intermédiaires;15933;22637;3,6
FM ; H ; 2000_2008;91;Agriculteurs;19674;16739;-
FM ; H ; 2000_2008;91;Artisans, commerçants, chefs d'entreprise;19662;16881;-
FM ; H ; 2000_2008;91;Cadres et prof. intellectuelles supérieures;15442;24706;-
FM ; H ; 2000_2008;91;Employés;17862;15644;-
FM ; H ; 2000_2008;91;Ensemble;18792,03406;15241,81821;-
FM ; H ; 2000_2008;91;Inactifs non retraités;17758;5488;-
FM ; H ; 2000_2008;91;Ouvriers;20908;10683;-
FM ; H ; 2000_2008;91;Professions intermédiaires;17862;19030;-
FM ; H ; 2000_2008;92;Agriculteurs;21491;13446;-
FM ; H ; 2000_2008;92;Artisans, commerçants, chefs d'entreprise;21478;13561;-
FM ; H ; 2000_2008;92;Cadres et prof. intellectuelles supérieures;17144;20890;-
FM ; H ; 2000_2008;92;Employés;19664;12849;-
FM ; H ; 2000_2008;92;Ensemble;20518,35944;12377,57054;-
FM ; H ; 2000_2008;92;Inactifs non retraités;19023;4514;-
FM ; H ; 2000_2008;92;Ouvriers;22641;8449;-
FM ; H ; 2000_2008;92;Professions intermédiaires;19664;15631;-
FM ; H ; 2000_2008;93;Agriculteurs;23290;10556;-
FM ; H ; 2000_2008;93;Artisans, commerçants, chefs d'entreprise;23276;10649;-
FM ; H ; 2000_2008;93;Cadres et prof. intellectuelles supérieures;19035;17309;-
FM ; H ; 2000_2008;93;Employés;21456;10323;-
FM ; H ; 2000_2008;93;Ensemble;22216,80377;9837,89613;-
FM ; H ; 2000_2008;93;Inactifs non retraités;20284;3655;-
FM ; H ; 2000_2008;93;Ouvriers;24342;6536;-
FM ; H ; 2000_2008;93;Professions intermédiaires;21456;12558;-
FM ; H ; 2000_2008;94;Agriculteurs;25451;8098;-
FM ; H ; 2000_2008;94;Artisans, commerçants, chefs d'entreprise;25436;8170;-
FM ; H ; 2000_2008;94;Cadres et prof. intellectuelles supérieures;21143;14014;-
FM ; H ; 2000_2008;94;Employés;23590;8108;-
FM ; H ; 2000_2008;94;Ensemble;24293,70226;7652,230052;-
FM ; H ; 2000_2008;94;Inactifs non retraités;21885;2914;-
FM ; H ; 2000_2008;94;Ouvriers;26406;4945;-
FM ; H ; 2000_2008;94;Professions intermédiaires;23590;9863;-
FM ; H ; 2000_2008;95;Agriculteurs;27313;6037;-
FM ; H ; 2000_2008;95;Artisans, commerçants, chefs d'entreprise;27297;6092;-
FM ; H ; 2000_2008;95;Cadres et prof. intellectuelles supérieures;23017;11051;-
FM ; H ; 2000_2008;95;Employés;25445;6195;-
FM ; H ; 2000_2008;95;Ensemble;26093,8947;5793,220067;-
FM ; H ; 2000_2008;95;Inactifs non retraités;23252;2276;-
FM ; H ; 2000_2008;95;Ouvriers;28161;3639;-
FM ; H ; 2000_2008;95;Professions intermédiaires;25445;7536;-
FM ; H ; 2000_2008;96;Agriculteurs;29279;4388;-
FM ; H ; 2000_2008;96;Artisans, commerçants, chefs d'entreprise;29262;4429;-
FM ; H ; 2000_2008;96;Cadres et prof. intellectuelles supérieures;24984;8508;-
FM ; H ; 2000_2008;96;Employés;27390;4619;-
FM ; H ; 2000_2008;96;Ensemble;27923,72477;4281,543323;-
FM ; H ; 2000_2008;96;Inactifs non retraités;24984;1747;-
FM ; H ; 2000_2008;96;Ouvriers;30025;2615;-
FM ; H ; 2000_2008;96;Professions intermédiaires;27390;5619;-
FM ; H ; 2000_2008;97;Agriculteurs;31308;3103;-
FM ; H ; 2000_2008;97;Artisans, commerçants, chefs d'entreprise;31289;3133;-
FM ; H ; 2000_2008;97;Cadres et prof. intellectuelles supérieures;27002;6382;-
FM ; H ; 2000_2008;97;Employés;29387;3354;-
FM ; H ; 2000_2008;97;Ensemble;29860,88786;3085,976949;-
FM ; H ; 2000_2008;97;Inactifs non retraités;27002;1310;-
FM ; H ; 2000_2008;97;Ouvriers;31960;1830;-
FM ; H ; 2000_2008;97;Professions intermédiaires;29387;4080;-
FM ; H ; 2000_2008;98;Agriculteurs;33337;2132;-
FM ; H ; 2000_2008;98;Artisans, commerçants, chefs d'entreprise;33317;2153;-
FM ; H ; 2000_2008;98;Cadres et prof. intellectuelles supérieures;29007;4659;-
FM ; H ; 2000_2008;98;Employés;31373;2368;-
FM ; H ; 2000_2008;98;Ensemble;31798,05094;2164,476833;-
FM ; H ; 2000_2008;98;Inactifs non retraités;29007;956;-
FM ; H ; 2000_2008;98;Ouvriers;33903;1245;-
FM ; H ; 2000_2008;98;Professions intermédiaires;31373;2881;-
FM ; H ; 2000_2008;99;Agriculteurs;35365;1421;-
FM ; H ; 2000_2008;99;Artisans, commerçants, chefs d'entreprise;35344;1436;-
FM ; H ; 2000_2008;99;Cadres et prof. intellectuelles supérieures;30994;3307;-
FM ; H ; 2000_2008;99;Employés;33348;1625;-
FM ; H ; 2000_2008;99;Ensemble;33735,21402;1476,215387;-
FM ; H ; 2000_2008;99;Inactifs non retraités;30994;679;-
FM ; H ; 2000_2008;99;Ouvriers;35855;823;-
FM ; H ; 2000_2008;99;Professions intermédiaires;33348;1977;-
FM ; H ; 2000_2008;100;Agriculteurs;37394;918;-
FM ; H ; 2000_2008;100;Artisans, commerçants, chefs d'entreprise;37372;928;-
FM ; H ; 2000_2008;100;Cadres et prof. intellectuelles supérieures;32960;2282;-
FM ; H ; 2000_2008;100;Employés;35313;1083;-
FM ; H ; 2000_2008;100;Ensemble;35672,3771;978,210967;-
FM ; H ; 2000_2008;100;Inactifs non retraités;32960;469;-
FM ; H ; 2000_2008;100;Ouvriers;37817;528;-
FM ; H ; 2000_2008;100;Professions intermédiaires;35313;1318;-
FM ; H ; 1991_1999;30;Agriculteurs;103;100000;48,4
FM ; H ; 1991_1999;30;Artisans, commerçants, chefs d'entreprise;107;100000;47,9
FM ; H ; 1991_1999;30;Cadres et prof. intellectuelles supérieures;92;100000;50,6
FM ; H ; 1991_1999;30;Employés;237;100000;44,6
FM ; H ; 1991_1999;30;Ensemble;162,8024157;100000;45,46137156
FM ; H ; 1991_1999;30;Inactifs non retraités;704;100000;32,2
FM ; H ; 1991_1999;30;Ouvriers;163;100000;43,4
FM ; H ; 1991_1999;30;Professions intermédiaires;138;100000;47,6
FM ; H ; 1991_1999;31;Agriculteurs;107;99897;47,4
FM ; H ; 1991_1999;31;Artisans, commerçants, chefs d'entreprise;111;99893;46,9
FM ; H ; 1991_1999;31;Cadres et prof. intellectuelles supérieures;95;99908;49,6
FM ; H ; 1991_1999;31;Employés;245;99763;43,7
FM ; H ; 1991_1999;31;Ensemble;168,3033234;99837,19758;44,53550446
FM ; H ; 1991_1999;31;Inactifs non retraités;728;99296;31,4
FM ; H ; 1991_1999;31;Ouvriers;168;99837;42,5
FM ; H ; 1991_1999;31;Professions intermédiaires;143;99862;46,7
FM ; H ; 1991_1999;32;Agriculteurs;109;99790;46,5
FM ; H ; 1991_1999;32;Artisans, commerçants, chefs d'entreprise;114;99782;46
FM ; H ; 1991_1999;32;Cadres et prof. intellectuelles supérieures;97;99814;48,7
FM ; H ; 1991_1999;32;Employés;250;99519;42,8
FM ; H ; 1991_1999;32;Ensemble;174,4419301;99669,16826;43,61058556
FM ; H ; 1991_1999;32;Inactifs non retraités;746;98572;30,7
FM ; H ; 1991_1999;32;Ouvriers;172;99669;41,6
FM ; H ; 1991_1999;32;Professions intermédiaires;147;99718;45,8
FM ; H ; 1991_1999;33;Agriculteurs;110;99682;45,5
FM ; H ; 1991_1999;33;Artisans, commerçants, chefs d'entreprise;115;99669;45
FM ; H ; 1991_1999;33;Cadres et prof. intellectuelles supérieures;98;99717;47,7
FM ; H ; 1991_1999;33;Employés;254;99270;41,9
FM ; H ; 1991_1999;33;Ensemble;181,0763646;99495,30344;42,68679365
FM ; H ; 1991_1999;33;Inactifs non retraités;755;97837;29,9
FM ; H ; 1991_1999;33;Ouvriers;174;99497;40,6
FM ; H ; 1991_1999;33;Professions intermédiaires;148;99572;44,8
FM ; H ; 1991_1999;34;Agriculteurs;119;99571;44,6
FM ; H ; 1991_1999;34;Artisans, commerçants, chefs d'entreprise;124;99554;44,1
FM ; H ; 1991_1999;34;Cadres et prof. intellectuelles supérieures;106;99619;46,8
FM ; H ; 1991_1999;34;Employés;273;99018;41
FM ; H ; 1991_1999;34;Ensemble;187,7107991;99315,14096;41,76422956
FM ; H ; 1991_1999;34;Inactifs non retraités;813;97099;29,1
FM ; H ; 1991_1999;34;Ouvriers;188;99324;39,7
FM ; H ; 1991_1999;34;Professions intermédiaires;160;99424;43,9
FM ; H ; 1991_1999;35;Agriculteurs;126;99453;43,6
FM ; H ; 1991_1999;35;Artisans, commerçants, chefs d'entreprise;131;99431;43,1
FM ; H ; 1991_1999;35;Cadres et prof. intellectuelles supérieures;112;99514;45,8
FM ; H ; 1991_1999;35;Employés;288;98748;40,1
FM ; H ; 1991_1999;35;Ensemble;198,4903123;99128,71572;40,84277296
FM ; H ; 1991_1999;35;Inactifs non retraités;859;96310;28,4
FM ; H ; 1991_1999;35;Ouvriers;198;99137;38,8
FM ; H ; 1991_1999;35;Professions intermédiaires;169;99266;43
FM ; H ; 1991_1999;36;Agriculteurs;134;99328;42,7
FM ; H ; 1991_1999;36;Artisans, commerçants, chefs d'entreprise;139;99301;42,2
FM ; H ; 1991_1999;36;Cadres et prof. intellectuelles supérieures;117;99403;44,9
FM ; H ; 1991_1999;36;Employés;299;98463;39,2
FM ; H ; 1991_1999;36;Ensemble;210,8459114;98931,95482;39,92400314
FM ; H ; 1991_1999;36;Inactifs non retraités;942;95483;27,6
FM ; H ; 1991_1999;36;Ouvriers;211;98941;37,9
FM ; H ; 1991_1999;36;Professions intermédiaires;175;99098;42
FM ; H ; 1991_1999;37;Agriculteurs;136;99195;41,8
FM ; H ; 1991_1999;37;Artisans, commerçants, chefs d'entreprise;150;99163;41,2
FM ; H ; 1991_1999;37;Cadres et prof. intellectuelles supérieures;122;99287;43,9
FM ; H ; 1991_1999;37;Employés;309;98169;38,3
FM ; H ; 1991_1999;37;Ensemble;222,7436541;98723,36084;39,00835913
FM ; H ; 1991_1999;37;Inactifs non retraités;1022;94583;26,9
FM ; H ; 1991_1999;37;Ouvriers;229;98732;36,9
FM ; H ; 1991_1999;37;Professions intermédiaires;182;98924;41,1
FM ; H ; 1991_1999;38;Agriculteurs;139;99061;40,8
FM ; H ; 1991_1999;38;Artisans, commerçants, chefs d'entreprise;162;99014;40,3
FM ; H ; 1991_1999;38;Cadres et prof. intellectuelles supérieures;129;99165;43
FM ; H ; 1991_1999;38;Employés;322;97865;37,4
FM ; H ; 1991_1999;38;Ensemble;236,4909071;98503,46082;38,09544175
FM ; H ; 1991_1999;38;Inactifs non retraités;1107;93616;26,2
FM ; H ; 1991_1999;38;Ouvriers;249;98506;36
FM ; H ; 1991_1999;38;Professions intermédiaires;190;98744;40,2
FM ; H ; 1991_1999;39;Agriculteurs;145;98923;39,9
FM ; H ; 1991_1999;39;Artisans, commerçants, chefs d'entreprise;176;98854;39,4
FM ; H ; 1991_1999;39;Cadres et prof. intellectuelles supérieures;137;99038;42
FM ; H ; 1991_1999;39;Employés;339;97551;36,6
FM ; H ; 1991_1999;39;Ensemble;253,141347;98270,50909;37,18574757
FM ; H ; 1991_1999;39;Inactifs non retraités;1208;92580;25,5
FM ; H ; 1991_1999;39;Ouvriers;273;98260;35,1
FM ; H ; 1991_1999;39;Professions intermédiaires;200;98557;39,3
FM ; H ; 1991_1999;40;Agriculteurs;151;98780;38,9
FM ; H ; 1991_1999;40;Artisans, commerçants, chefs d'entreprise;192;98680;38,4
FM ; H ; 1991_1999;40;Cadres et prof. intellectuelles supérieures;145;98903;41,1
FM ; H ; 1991_1999;40;Employés;357;97220;35,7
FM ; H ; 1991_1999;40;Ensemble;271,682156;98021,7458;36,28011896
FM ; H ; 1991_1999;40;Inactifs non retraités;1314;91462;24,8
FM ; H ; 1991_1999;40;Ouvriers;298;97992;34,2
FM ; H ; 1991_1999;40;Professions intermédiaires;211;98360;38,3
FM ; H ; 1991_1999;41;Agriculteurs;159;98631;38
FM ; H ; 1991_1999;41;Artisans, commerçants, chefs d'entreprise;211;98491;37,5
FM ; H ; 1991_1999;41;Cadres et prof. intellectuelles supérieures;157;98759;40,2
FM ; H ; 1991_1999;41;Employés;382;96873;34,8
FM ; H ; 1991_1999;41;Ensemble;294,8434782;97755,43821;35,37895409
FM ; H ; 1991_1999;41;Inactifs non retraités;1444;90260;24,1
FM ; H ; 1991_1999;41;Ouvriers;330;97700;33,3
FM ; H ; 1991_1999;41;Professions intermédiaires;226;98152;37,4
FM ; H ; 1991_1999;42;Agriculteurs;169;98473;37
FM ; H ; 1991_1999;42;Artisans, commerçants, chefs d'entreprise;232;98284;36,6
FM ; H ; 1991_1999;42;Cadres et prof. intellectuelles supérieures;169;98604;39,2
FM ; H ; 1991_1999;42;Employés;410;96503;33,9
FM ; H ; 1991_1999;42;Ensemble;320,4071952;97467,21267;34,4835751
FM ; H ; 1991_1999;42;Inactifs non retraités;1587;88956;23,4
FM ; H ; 1991_1999;42;Ouvriers;365;97378;32,4
FM ; H ; 1991_1999;42;Professions intermédiaires;243;97930;36,5
FM ; H ; 1991_1999;43;Agriculteurs;182;98307;36,1
FM ; H ; 1991_1999;43;Artisans, commerçants, chefs d'entreprise;259;98056;35,7
FM ; H ; 1991_1999;43;Cadres et prof. intellectuelles supérieures;185;98437;38,3
FM ; H ; 1991_1999;43;Employés;444;96107;33,1
FM ; H ; 1991_1999;43;Ensemble;352,6645302;97154,92071;33,5944181
FM ; H ; 1991_1999;43;Inactifs non retraités;1760;87545;22,8
FM ; H ; 1991_1999;43;Ouvriers;408;97023;31,5
FM ; H ; 1991_1999;43;Professions intermédiaires;264;97692;35,6
FM ; H ; 1991_1999;44;Agriculteurs;191;98128;35,2
FM ; H ; 1991_1999;44;Artisans, commerçants, chefs d'entreprise;281;97802;34,8
FM ; H ; 1991_1999;44;Cadres et prof. intellectuelles supérieures;198;98254;37,4
FM ; H ; 1991_1999;44;Employés;470;95680;32,2
FM ; H ; 1991_1999;44;Ensemble;378,1416089;96812,28977;32,713313
FM ; H ; 1991_1999;44;Inactifs non retraités;1898;86004;22,2
FM ; H ; 1991_1999;44;Ouvriers;445;96627;30,7
FM ; H ; 1991_1999;44;Professions intermédiaires;280;97434;34,7
FM ; H ; 1991_1999;45;Agriculteurs;199;97941;34,2
FM ; H ; 1991_1999;45;Artisans, commerçants, chefs d'entreprise;304;97527;33,9
FM ; H ; 1991_1999;45;Cadres et prof. intellectuelles supérieures;210;98060;36,4
FM ; H ; 1991_1999;45;Employés;495;95231;31,4
FM ; H ; 1991_1999;45;Ensemble;403,7112612;96446,20222;31,8374852
FM ; H ; 1991_1999;45;Inactifs non retraités;2035;84372;21,7
FM ; H ; 1991_1999;45;Ouvriers;482;96197;29,8
FM ; H ; 1991_1999;45;Professions intermédiaires;296;97161;33,8
FM ; H ; 1991_1999;46;Agriculteurs;221;97746;33,3
FM ; H ; 1991_1999;46;Artisans, commerçants, chefs d'entreprise;332;97231;33
FM ; H ; 1991_1999;46;Cadres et prof. intellectuelles supérieures;226;97854;35,5
FM ; H ; 1991_1999;46;Employés;528;94760;30,5
FM ; H ; 1991_1999;46;Ensemble;436,5463864;96056,83804;30,96653771
FM ; H ; 1991_1999;46;Inactifs non retraités;2205;82655;21,1
FM ; H ; 1991_1999;46;Ouvriers;528;95734;29
FM ; H ; 1991_1999;46;Professions intermédiaires;317;96873;32,9
FM ; H ; 1991_1999;47;Agriculteurs;246;97530;32,4
FM ; H ; 1991_1999;47;Artisans, commerçants, chefs d'entreprise;360;96908;32,1
FM ; H ; 1991_1999;47;Cadres et prof. intellectuelles supérieures;241;97633;34,6
FM ; H ; 1991_1999;47;Employés;559;94259;29,7
FM ; H ; 1991_1999;47;Ensemble;467,5405092;95637,50538;30,10231373
FM ; H ; 1991_1999;47;Inactifs non retraités;2363;80833;20,6
FM ; H ; 1991_1999;47;Ouvriers;574;95228;28,1
FM ; H ; 1991_1999;47;Professions intermédiaires;336;96566;32
FM ; H ; 1991_1999;48;Agriculteurs;273;97290;31,5
FM ; H ; 1991_1999;48;Artisans, commerçants, chefs d'entreprise;398;96559;31,2
FM ; H ; 1991_1999;48;Cadres et prof. intellectuelles supérieures;262;97398;33,7
FM ; H ; 1991_1999;48;Employés;604;93732;28,9
FM ; H ; 1991_1999;48;Ensemble;511,1007114;95190,3613;29,24371536
FM ; H ; 1991_1999;48;Inactifs non retraités;2578;78922;20,1
FM ; H ; 1991_1999;48;Ouvriers;636;94681;27,3
FM ; H ; 1991_1999;48;Professions intermédiaires;364;96242;31,1
FM ; H ; 1991_1999;49;Agriculteurs;303;97025;30,5
FM ; H ; 1991_1999;49;Artisans, commerçants, chefs d'entreprise;434;96175;30,3
FM ; H ; 1991_1999;49;Cadres et prof. intellectuelles supérieures;282;97142;32,8
FM ; H ; 1991_1999;49;Employés;644;93166;28,1
FM ; H ; 1991_1999;49;Ensemble;551,491958;94703,84269;28,39394803
FM ; H ; 1991_1999;49;Inactifs non retraités;2772;76888;19,6
FM ; H ; 1991_1999;49;Ouvriers;695;94080;26,4
FM ; H ; 1991_1999;49;Professions intermédiaires;389;95891;30,2
FM ; H ; 1991_1999;50;Agriculteurs;337;96731;29,6
FM ; H ; 1991_1999;50;Artisans, commerçants, chefs d'entreprise;476;95757;29,4
FM ; H ; 1991_1999;50;Cadres et prof. intellectuelles supérieures;305;96868;31,9
FM ; H ; 1991_1999;50;Employés;690;92566;27,2
FM ; H ; 1991_1999;50;Ensemble;597,7360929;94181,55861;27,55140674
FM ; H ; 1991_1999;50;Inactifs non retraités;2987;74757;19,2
FM ; H ; 1991_1999;50;Ouvriers;762;93426;25,6
FM ; H ; 1991_1999;50;Professions intermédiaires;418;95518;29,3
FM ; H ; 1991_1999;51;Agriculteurs;361;96405;28,7
FM ; H ; 1991_1999;51;Artisans, commerçants, chefs d'entreprise;495;95302;28,6
FM ; H ; 1991_1999;51;Cadres et prof. intellectuelles supérieures;320;96573;31
FM ; H ; 1991_1999;51;Employés;718;91927;26,4
FM ; H ; 1991_1999;51;Ensemble;624,6215158;93618,60144;26,71708175
FM ; H ; 1991_1999;51;Inactifs non retraités;2945;72524;18,8
FM ; H ; 1991_1999;51;Ouvriers;795;92714;24,8
FM ; H ; 1991_1999;51;Professions intermédiaires;441;95119;28,5
FM ; H ; 1991_1999;52;Agriculteurs;410;96057;27,8
FM ; H ; 1991_1999;52;Artisans, commerçants, chefs d'entreprise;545;94830;27,7
FM ; H ; 1991_1999;52;Cadres et prof. intellectuelles supérieures;356;96264;30,1
FM ; H ; 1991_1999;52;Employés;791;91267;25,6
FM ; H ; 1991_1999;52;Ensemble;690,6661527;93033,83952;25,88501131
FM ; H ; 1991_1999;52;Inactifs non retraités;3071;70388;18,3
FM ; H ; 1991_1999;52;Ouvriers;877;91977;24
FM ; H ; 1991_1999;52;Professions intermédiaires;493;94699;27,6
FM ; H ; 1991_1999;53;Agriculteurs;440;95664;27
FM ; H ; 1991_1999;53;Artisans, commerçants, chefs d'entreprise;567;94313;26,9
FM ; H ; 1991_1999;53;Cadres et prof. intellectuelles supérieures;374;95922;29,2
FM ; H ; 1991_1999;53;Employés;824;90546;24,8
FM ; H ; 1991_1999;53;Ensemble;722,5267157;92391,28628;25,06503368
FM ; H ; 1991_1999;53;Inactifs non retraités;3029;68227;17,9
FM ; H ; 1991_1999;53;Ouvriers;916;91170;23,2
FM ; H ; 1991_1999;53;Professions intermédiaires;521;94232;26,7
FM ; H ; 1991_1999;54;Agriculteurs;490;95243;26,1
FM ; H ; 1991_1999;54;Artisans, commerçants, chefs d'entreprise;614;93778;26
FM ; H ; 1991_1999;54;Cadres et prof. intellectuelles supérieures;409;95563;28,3
FM ; H ; 1991_1999;54;Employés;892;89800;24
FM ; H ; 1991_1999;54;Ensemble;785,8102243;91723,73455;24,24745327
FM ; H ; 1991_1999;54;Inactifs non retraités;3107;66160;17,5
FM ; H ; 1991_1999;54;Ouvriers;994;90335;22,5
FM ; H ; 1991_1999;54;Professions intermédiaires;572;93742;25,9
FM ; H ; 1991_1999;55;Agriculteurs;550;94776;25,2
FM ; H ; 1991_1999;55;Artisans, commerçants, chefs d'entreprise;669;93202;25,2
FM ; H ; 1991_1999;55;Cadres et prof. intellectuelles supérieures;449;95172;27,4
FM ; H ; 1991_1999;55;Employés;972;88998;23,2
FM ; H ; 1991_1999;55;Ensemble;859,4568371;91002,96007;23,43950137
FM ; H ; 1991_1999;55;Inactifs non retraités;3205;64104;17
FM ; H ; 1991_1999;55;Ouvriers;1085;89437;21,7
FM ; H ; 1991_1999;55;Professions intermédiaires;632;93205;25
FM ; H ; 1991_1999;56;Agriculteurs;596;94255;24,3
FM ; H ; 1991_1999;56;Artisans, commerçants, chefs d'entreprise;717;92579;24,4
FM ; H ; 1991_1999;56;Cadres et prof. intellectuelles supérieures;486;94745;26,5
FM ; H ; 1991_1999;56;Employés;1042;88133;22,5
FM ; H ; 1991_1999;56;Ensemble;925,6735882;90220,8289;22,64270018
FM ; H ; 1991_1999;56;Inactifs non retraités;3254;62050;16,6
FM ; H ; 1991_1999;56;Ouvriers;1165;88467;20,9
FM ; H ; 1991_1999;56;Professions intermédiaires;687;92617;24,2
FM ; H ; 1991_1999;57;Agriculteurs;639;93693;23,5
FM ; H ; 1991_1999;57;Artisans, commerçants, chefs d'entreprise;764;91915;23,5
FM ; H ; 1991_1999;57;Cadres et prof. intellectuelles supérieures;523;94284;25,6
FM ; H ; 1991_1999;57;Employés;1111;87215;21,7
FM ; H ; 1991_1999;57;Ensemble;990,3613214;89385,67852;21,85425599
FM ; H ; 1991_1999;57;Inactifs non retraités;3285;60031;16,2
FM ; H ; 1991_1999;57;Ouvriers;1245;87436;20,2
FM ; H ; 1991_1999;57;Professions intermédiaires;743;91980;23,3
FM ; H ; 1991_1999;58;Agriculteurs;723;93094;22,6
FM ; H ; 1991_1999;58;Artisans, commerçants, chefs d'entreprise;837;91212;22,7
FM ; H ; 1991_1999;58;Cadres et prof. intellectuelles supérieures;579;93790;24,8
FM ; H ; 1991_1999;58;Employés;1218;86246;20,9
FM ; H ; 1991_1999;58;Ensemble;1090,342198;88500,43733;21,07285703
FM ; H ; 1991_1999;58;Inactifs non retraités;3409;58059;15,7
FM ; H ; 1991_1999;58;Ouvriers;1367;86348;19,4
FM ; H ; 1991_1999;58;Professions intermédiaires;825;91297;22,5
FM ; H ; 1991_1999;59;Agriculteurs;790;92421;21,8
FM ; H ; 1991_1999;59;Artisans, commerçants, chefs d'entreprise;901;90449;21,9
FM ; H ; 1991_1999;59;Cadres et prof. intellectuelles supérieures;629;93247;23,9
FM ; H ; 1991_1999;59;Employés;1310;85195;20,2
FM ; H ; 1991_1999;59;Ensemble;1177,812523;87535,47972;20,30515613
FM ; H ; 1991_1999;59;Inactifs non retraités;3473;56080;15,3
FM ; H ; 1991_1999;59;Ouvriers;1473;85168;18,7
FM ; H ; 1991_1999;59;Professions intermédiaires;901;90543;21,7
FM ; H ; 1991_1999;60;Agriculteurs;884;91691;21
FM ; H ; 1991_1999;60;Artisans, commerçants, chefs d'entreprise;980;89634;21,1
FM ; H ; 1991_1999;60;Cadres et prof. intellectuelles supérieures;691;92661;23,1
FM ; H ; 1991_1999;60;Employés;1427;84079;19,5
FM ; H ; 1991_1999;60;Ensemble;1288,356376;86504,47588;19,54716319
FM ; H ; 1991_1999;60;Inactifs non retraités;3582;54132;14,8
FM ; H ; 1991_1999;60;Ouvriers;1608;83913;18
FM ; H ; 1991_1999;60;Professions intermédiaires;995;89728;20,9
FM ; H ; 1991_1999;61;Agriculteurs;987;90881;20,2
FM ; H ; 1991_1999;61;Artisans, commerçants, chefs d'entreprise;1086;88755;20,3
FM ; H ; 1991_1999;61;Cadres et prof. intellectuelles supérieures;767;92021;22,2
FM ; H ; 1991_1999;61;Employés;1565;82879;18,8
FM ; H ; 1991_1999;61;Ensemble;1423,184988;85389,98995;18,80228722
FM ; H ; 1991_1999;61;Inactifs non retraités;3804;52193;14,4
FM ; H ; 1991_1999;61;Ouvriers;1778;82564;17,3
FM ; H ; 1991_1999;61;Professions intermédiaires;1103;88835;20,1
FM ; H ; 1991_1999;62;Agriculteurs;1068;89983;19,4
FM ; H ; 1991_1999;62;Artisans, commerçants, chefs d'entreprise;1164;87792;19,5
FM ; H ; 1991_1999;62;Cadres et prof. intellectuelles supérieures;824;91315;21,4
FM ; H ; 1991_1999;62;Employés;1661;81581;18,1
FM ; H ; 1991_1999;62;Ensemble;1521,198775;84174,73243;18,07374185
FM ; H ; 1991_1999;62;Inactifs non retraités;3908;50208;13,9
FM ; H ; 1991_1999;62;Ouvriers;1902;81096;16,6
FM ; H ; 1991_1999;62;Professions intermédiaires;1184;87855;19,3
FM ; H ; 1991_1999;63;Agriculteurs;1183;89022;18,6
FM ; H ; 1991_1999;63;Artisans, commerçants, chefs d'entreprise;1278;86770;18,8
FM ; H ; 1991_1999;63;Cadres et prof. intellectuelles supérieures;907;90562;20,6
FM ; H ; 1991_1999;63;Employés;1805;80226;17,4
FM ; H ; 1991_1999;63;Ensemble;1665,245982;82894,26743;17,35292635
FM ; H ; 1991_1999;63;Inactifs non retraités;4108;48246;13,5
FM ; H ; 1991_1999;63;Ouvriers;2083;79554;15,9
FM ; H ; 1991_1999;63;Professions intermédiaires;1302;86815;18,6
FM ; H ; 1991_1999;64;Agriculteurs;1290;87969;17,8
FM ; H ; 1991_1999;64;Artisans, commerçants, chefs d'entreprise;1380;85661;18
FM ; H ; 1991_1999;64;Cadres et prof. intellectuelles supérieures;983;89741;19,8
FM ; H ; 1991_1999;64;Employés;1929;78779;16,7
FM ; H ; 1991_1999;64;Ensemble;1792,792385;81513,87397;16,64678879
FM ; H ; 1991_1999;64;Inactifs non retraités;4247;46264;13,1
FM ; H ; 1991_1999;64;Ouvriers;2243;77896;15,2
FM ; H ; 1991_1999;64;Professions intermédiaires;1408;85685;17,8
FM ; H ; 1991_1999;65;Agriculteurs;1410;86834;17
FM ; H ; 1991_1999;65;Artisans, commerçants, chefs d'entreprise;1496;84479;17,3
FM ; H ; 1991_1999;65;Cadres et prof. intellectuelles supérieures;1069;88859;19
FM ; H ; 1991_1999;65;Employés;2068;77259;16
FM ; H ; 1991_1999;65;Ensemble;1935,92765;80052,49945;15,95067927
FM ; H ; 1991_1999;65;Inactifs non retraités;4402;44299;12,7
FM ; H ; 1991_1999;65;Ouvriers;2422;76149;14,6
FM ; H ; 1991_1999;65;Professions intermédiaires;1528;84478;17,1
FM ; H ; 1991_1999;66;Agriculteurs;1535;85610;16,3
FM ; H ; 1991_1999;66;Artisans, commerçants, chefs d'entreprise;1613;83216;16,5
FM ; H ; 1991_1999;66;Cadres et prof. intellectuelles supérieures;1157;87909;18,2
FM ; H ; 1991_1999;66;Employés;2206;75661;15,3
FM ; H ; 1991_1999;66;Ensemble;2080,281743;78502,74097;15,26556892
FM ; H ; 1991_1999;66;Inactifs non retraités;4542;42349;12,2
FM ; H ; 1991_1999;66;Ouvriers;2601;74305;13,9
FM ; H ; 1991_1999;66;Professions intermédiaires;1650;83188;16,3
FM ; H ; 1991_1999;67;Agriculteurs;1683;84295;15,5
FM ; H ; 1991_1999;67;Artisans, commerçants, chefs d'entreprise;1753;81873;15,8
FM ; H ; 1991_1999;67;Cadres et prof. intellectuelles supérieures;1262;86892;17,4
FM ; H ; 1991_1999;67;Employés;2370;73992;14,7
FM ; H ; 1991_1999;67;Ensemble;2251,132483;76869,66279;14,5898824
FM ; H ; 1991_1999;67;Inactifs non retraités;4717;40426;11,8
FM ; H ; 1991_1999;67;Ouvriers;2812;72372;13,3
FM ; H ; 1991_1999;67;Professions intermédiaires;1795;81815;15,6
FM ; H ; 1991_1999;68;Agriculteurs;1851;82877;14,8
FM ; H ; 1991_1999;68;Artisans, commerçants, chefs d'entreprise;1911;80438;15,1
FM ; H ; 1991_1999;68;Cadres et prof. intellectuelles supérieures;1382;85795;16,6
FM ; H ; 1991_1999;68;Employés;2554;72238;14
FM ; H ; 1991_1999;68;Ensemble;2443,366655;75139,22484;13,92588382
FM ; H ; 1991_1999;68;Inactifs non retraités;4913;38519;11,4
FM ; H ; 1991_1999;68;Ouvriers;3048;70337;12,7
FM ; H ; 1991_1999;68;Professions intermédiaires;1959;80346;14,9
FM ; H ; 1991_1999;69;Agriculteurs;2029;81342;14,1
FM ; H ; 1991_1999;69;Artisans, commerçants, chefs d'entreprise;2076;78901;14,4
FM ; H ; 1991_1999;69;Cadres et prof. intellectuelles supérieures;1509;84609;15,8
FM ; H ; 1991_1999;69;Employés;2742;70393;13,4
FM ; H ; 1991_1999;69;Ensemble;2641,498558;73303,29807;13,27466625
FM ; H ; 1991_1999;69;Inactifs non retraités;5096;36626;11
FM ; H ; 1991_1999;69;Ouvriers;3289;68193;12,1
FM ; H ; 1991_1999;69;Professions intermédiaires;2131;78772;14,2
FM ; H ; 1991_1999;70;Agriculteurs;2226;79692;13,4
FM ; H ; 1991_1999;70;Artisans, commerçants, chefs d'entreprise;2258;77263;13,7
FM ; H ; 1991_1999;70;Cadres et prof. intellectuelles supérieures;1650;83332;15,1
FM ; H ; 1991_1999;70;Employés;2946;68463;12,8
FM ; H ; 1991_1999;70;Ensemble;2858,271449;71366,99251;12,63483009
FM ; H ; 1991_1999;70;Inactifs non retraités;5290;34760;10,6
FM ; H ; 1991_1999;70;Ouvriers;3551;65950;11,5
FM ; H ; 1991_1999;70;Professions intermédiaires;2320;77094;13,5
FM ; H ; 1991_1999;71;Agriculteurs;2458;77918;12,7
FM ; H ; 1991_1999;71;Artisans, commerçants, chefs d'entreprise;2471;75518;13
FM ; H ; 1991_1999;71;Cadres et prof. intellectuelles supérieures;1816;81958;14,3
FM ; H ; 1991_1999;71;Employés;3184;66446;12,2
FM ; H ; 1991_1999;71;Ensemble;3110,948999;69327,13014;12,00659385
FM ; H ; 1991_1999;71;Inactifs non retraités;5523;32921;10,2
FM ; H ; 1991_1999;71;Ouvriers;3854;63608;10,9
FM ; H ; 1991_1999;71;Professions intermédiaires;2542;75305;12,8
FM ; H ; 1991_1999;72;Agriculteurs;2668;76003;12
FM ; H ; 1991_1999;72;Artisans, commerçants, chefs d'entreprise;2660;73652;12,3
FM ; H ; 1991_1999;72;Cadres et prof. intellectuelles supérieures;1966;80470;13,6
FM ; H ; 1991_1999;72;Employés;3383;64331;11,6
FM ; H ; 1991_1999;72;Ensemble;3328,388953;67170,39848;11,39210595
FM ; H ; 1991_1999;72;Inactifs non retraités;5672;31103;9,8
FM ; H ; 1991_1999;72;Ouvriers;4111;61156;10,4
FM ; H ; 1991_1999;72;Professions intermédiaires;2738;73391;12,1
FM ; H ; 1991_1999;73;Agriculteurs;2980;73975;11,3
FM ; H ; 1991_1999;73;Artisans, commerçants, chefs d'entreprise;2946;71693;11,7
FM ; H ; 1991_1999;73;Cadres et prof. intellectuelles supérieures;2192;78888;12,9
FM ; H ; 1991_1999;73;Employés;3699;62154;11
FM ; H ; 1991_1999;73;Ensemble;3663,341592;64934,70636;10,78433443
FM ; H ; 1991_1999;73;Inactifs non retraités;5990;29339;9,4
FM ; H ; 1991_1999;73;Ouvriers;4508;58642;9,8
FM ; H ; 1991_1999;73;Professions intermédiaires;3035;71382;11,5
FM ; H ; 1991_1999;74;Agriculteurs;3282;71770;10,7
FM ; H ; 1991_1999;74;Artisans, commerçants, chefs d'entreprise;3217;69581;11
FM ; H ; 1991_1999;74;Cadres et prof. intellectuelles supérieures;2411;77158;12,2
FM ; H ; 1991_1999;74;Employés;3984;59856;10,4
FM ; H ; 1991_1999;74;Ensemble;3973,303439;62555,92625;10,19442444
FM ; H ; 1991_1999;74;Inactifs non retraités;6234;27581;9
FM ; H ; 1991_1999;74;Ouvriers;4869;55998;9,3
FM ; H ; 1991_1999;74;Professions intermédiaires;3317;69215;10,8
FM ; H ; 1991_1999;75;Agriculteurs;3634;69415;10
FM ; H ; 1991_1999;75;Artisans, commerçants, chefs d'entreprise;3533;67342;10,4
FM ; H ; 1991_1999;75;Cadres et prof. intellectuelles supérieures;2669;75297;11,5
FM ; H ; 1991_1999;75;Employés;4316;57471;9,8
FM ; H ; 1991_1999;75;Ensemble;4331,882144;60070,38948;9,616239862
FM ; H ; 1991_1999;75;Inactifs non retraités;6524;25862;8,6
FM ; H ; 1991_1999;75;Ouvriers;5284;53272;8,8
FM ; H ; 1991_1999;75;Professions intermédiaires;3645;66919;10,2
FM ; H ; 1991_1999;76;Agriculteurs;4060;66893;9,4
FM ; H ; 1991_1999;76;Artisans, commerçants, chefs d'entreprise;3916;64963;9,8
FM ; H ; 1991_1999;76;Cadres et prof. intellectuelles supérieures;2984;73288;10,8
FM ; H ; 1991_1999;76;Employés;4717;54991;9,3
FM ; H ; 1991_1999;76;Ensemble;4764,590741;57468,21101;9,051666195
FM ; H ; 1991_1999;76;Inactifs non retraités;6888;24175;8,2
FM ; H ; 1991_1999;76;Ouvriers;5781;50457;8,2
FM ; H ; 1991_1999;76;Professions intermédiaires;4043;64480;9,6
FM ; H ; 1991_1999;77;Agriculteurs;4531;64177;8,8
FM ; H ; 1991_1999;77;Artisans, commerçants, chefs d'entreprise;4336;62419;9,2
FM ; H ; 1991_1999;77;Cadres et prof. intellectuelles supérieures;3335;71101;10,1
FM ; H ; 1991_1999;77;Employés;5147;52397;8,7
FM ; H ; 1991_1999;77;Ensemble;5231,833735;54730,08595;8,504517558
FM ; H ; 1991_1999;77;Inactifs non retraités;7261;22510;7,8
FM ; H ; 1991_1999;77;Ouvriers;6311;47540;7,8
FM ; H ; 1991_1999;77;Professions intermédiaires;4478;61873;9
FM ; H ; 1991_1999;78;Agriculteurs;5059;61269;8,2
FM ; H ; 1991_1999;78;Artisans, commerçants, chefs d'entreprise;4806;59712;8,6
FM ; H ; 1991_1999;78;Cadres et prof. intellectuelles supérieures;3734;68729;9,5
FM ; H ; 1991_1999;78;Employés;5619;49700;8,2
FM ; H ; 1991_1999;78;Ensemble;5747,629774;51866,69885;7,97402355
FM ; H ; 1991_1999;78;Inactifs non retraités;7661;20875;7,4
FM ; H ; 1991_1999;78;Ouvriers;6888;44540;7,3
FM ; H ; 1991_1999;78;Professions intermédiaires;4965;59102;8,4
FM ; H ; 1991_1999;79;Agriculteurs;5686;58169;7,7
FM ; H ; 1991_1999;79;Artisans, commerçants, chefs d'entreprise;5363;56842;8
FM ; H ; 1991_1999;79;Cadres et prof. intellectuelles supérieures;4212;66163;8,8
FM ; H ; 1991_1999;79;Employés;6176;46907;7,7
FM ; H ; 1991_1999;79;Ensemble;6352,931289;48885,59302;7,460289678
FM ; H ; 1991_1999;79;Inactifs non retraités;8137;19276;7
FM ; H ; 1991_1999;79;Ouvriers;7562;41472;6,8
FM ; H ; 1991_1999;79;Professions intermédiaires;5541;56168;7,9
FM ; H ; 1991_1999;80;Agriculteurs;6390;54862;7,1
FM ; H ; 1991_1999;80;Artisans, commerçants, chefs d'entreprise;5986;53794;7,5
FM ; H ; 1991_1999;80;Cadres et prof. intellectuelles supérieures;4757;63377;8,2
FM ; H ; 1991_1999;80;Employés;6788;44011;7,2
FM ; H ; 1991_1999;80;Ensemble;7023,580503;45779,92489;6,966388891
FM ; H ; 1991_1999;80;Inactifs non retraités;8646;17708;6,6
FM ; H ; 1991_1999;80;Ouvriers;8295;38336;6,4
FM ; H ; 1991_1999;80;Professions intermédiaires;6186;53055;7,3
FM ; H ; 1991_1999;81;Agriculteurs;7219;51356;6,6
FM ; H ; 1991_1999;81;Artisans, commerçants, chefs d'entreprise;6720;50574;6,9
FM ; H ; 1991_1999;81;Cadres et prof. intellectuelles supérieures;5409;60362;7,6
FM ; H ; 1991_1999;81;Employés;7502;41023;6,7
FM ; H ; 1991_1999;81;Ensemble;7801,166475;42564,53501;6,49264053
FM ; H ; 1991_1999;81;Inactifs non retraités;9243;16176;6,2
FM ; H ; 1991_1999;81;Ouvriers;9141;35156;5,9
FM ; H ; 1991_1999;81;Professions intermédiaires;6944;49773;6,8
FM ; H ; 1991_1999;82;Agriculteurs;8094;47649;6,1
FM ; H ; 1991_1999;82;Artisans, commerçants, chefs d'entreprise;7492;47175;6,4
FM ; H ; 1991_1999;82;Cadres et prof. intellectuelles supérieures;6112;57097;7,1
FM ; H ; 1991_1999;82;Employés;8233;37946;6,3
FM ; H ; 1991_1999;82;Ensemble;8603,65397;39244,00477;6,041998561
FM ; H ; 1991_1999;82;Inactifs non retraités;9818;14681;5,9
FM ; H ; 1991_1999;82;Ouvriers;9996;31942;5,5
FM ; H ; 1991_1999;82;Professions intermédiaires;7739;46317;6,3
FM ; H ; 1991_1999;83;Agriculteurs;9153;43792;5,7
FM ; H ; 1991_1999;83;Artisans, commerçants, chefs d'entreprise;8430;43641;6
FM ; H ; 1991_1999;83;Cadres et prof. intellectuelles supérieures;6978;53607;6,5
FM ; H ; 1991_1999;83;Employés;9120;34822;5,9
FM ; H ; 1991_1999;83;Ensemble;9572,862768;35867,5864;5,610765992
FM ; H ; 1991_1999;83;Inactifs non retraités;10538;13240;5,5
FM ; H ; 1991_1999;83;Ouvriers;11023;28749;5,2
FM ; H ; 1991_1999;83;Professions intermédiaires;8704;42733;5,8
FM ; H ; 1991_1999;84;Agriculteurs;10334;39784;5,2
FM ; H ; 1991_1999;84;Artisans, commerçants, chefs d'entreprise;9479;39962;5,5
FM ; H ; 1991_1999;84;Cadres et prof. intellectuelles supérieures;7966;49866;6
FM ; H ; 1991_1999;84;Employés;10097;31646;5,4
FM ; H ; 1991_1999;84;Ensemble;10639,96389;32434,03157;5,204736945
FM ; H ; 1991_1999;84;Inactifs non retraités;11315;11845;5,1
FM ; H ; 1991_1999;84;Ouvriers;12138;25581;4,8
FM ; H ; 1991_1999;84;Professions intermédiaires;9781;39013;5,4
FM ; H ; 1991_1999;85;Agriculteurs;11516;35673;4,8
FM ; H ; 1991_1999;85;Artisans, commerçants, chefs d'entreprise;10528;36174;5,1
FM ; H ; 1991_1999;85;Cadres et prof. intellectuelles supérieures;8988;45893;5,5
FM ; H ; 1991_1999;85;Employés;11049;28451;5,1
FM ; H ; 1991_1999;85;Ensemble;11682,84113;28983,06233;4,824457074
FM ; H ; 1991_1999;85;Inactifs non retraités;12027;10505;4,8
FM ; H ; 1991_1999;85;Ouvriers;13202;22476;4,5
FM ; H ; 1991_1999;85;Professions intermédiaires;10854;35197;5
FM ; H ; 1991_1999;86;Agriculteurs;12868;31565;4,5
FM ; H ; 1991_1999;86;Artisans, commerçants, chefs d'entreprise;11738;32366;4,7
FM ; H ; 1991_1999;86;Cadres et prof. intellectuelles supérieures;10183;41768;5,1
FM ; H ; 1991_1999;86;Employés;12144;25308;4,7
FM ; H ; 1991_1999;86;Ensemble;12875,57083;25597,0172;4,462649768
FM ; H ; 1991_1999;86;Inactifs non retraités;12875;9241;4,5
FM ; H ; 1991_1999;86;Ouvriers;14415;19508;4,1
FM ; H ; 1991_1999;86;Professions intermédiaires;12089;31377;4,6
FM ; H ; 1991_1999;87;Agriculteurs;14195;27503;4,1
FM ; H ; 1991_1999;87;Artisans, commerçants, chefs d'entreprise;13089;28566;4,3
FM ; H ; 1991_1999;87;Cadres et prof. intellectuelles supérieures;11539;37515;4,6
FM ; H ; 1991_1999;87;Employés;13362;22234;4,3
FM ; H ; 1991_1999;87;Ensemble;14196,60513;22301,25512;4,122156679
FM ; H ; 1991_1999;87;Inactifs non retraités;14195;8051;4,1
FM ; H ; 1991_1999;87;Ouvriers;15747;16696;3,8
FM ; H ; 1991_1999;87;Professions intermédiaires;13465;27584;4,2
FM ; H ; 1991_1999;88;Agriculteurs;15634;23599;3,8
FM ; H ; 1991_1999;88;Artisans, commerçants, chefs d'entreprise;14573;24827;4
FM ; H ; 1991_1999;88;Cadres et prof. intellectuelles supérieures;13055;33186;4,2
FM ; H ; 1991_1999;88;Employés;14694;19263;4
FM ; H ; 1991_1999;88;Ensemble;15636,84189;19135,23399;3,804188325
FM ; H ; 1991_1999;88;Inactifs non retraités;15634;6908;3,8
FM ; H ; 1991_1999;88;Ouvriers;17187;14067;3,6
FM ; H ; 1991_1999;88;Professions intermédiaires;14972;23870;3,9
FM ; H ; 1991_1999;89;Agriculteurs;17202;19909;3,5
FM ; H ; 1991_1999;89;Artisans, commerçants, chefs d'entreprise;16200;21209;3,7
FM ; H ; 1991_1999;89;Cadres et prof. intellectuelles supérieures;14740;28854;3,9
FM ; H ; 1991_1999;89;Employés;16155;16433;3,7
FM ; H ; 1991_1999;89;Ensemble;17204,46906;16143,08771;3,509300518
FM ; H ; 1991_1999;89;Inactifs non retraités;17202;5828;3,5
FM ; H ; 1991_1999;89;Ouvriers;18748;11649;3,3
FM ; H ; 1991_1999;89;Professions intermédiaires;16620;20296;3,6
FM ; H ; 1991_1999;90;Agriculteurs;18636;16485;3,2
FM ; H ; 1991_1999;90;Artisans, commerçants, chefs d'entreprise;17715;17773;3,4
FM ; H ; 1991_1999;90;Cadres et prof. intellectuelles supérieures;16355;24601;3,6
FM ; H ; 1991_1999;90;Employés;17495;13778;3,4
FM ; H ; 1991_1999;90;Ensemble;18637,96523;13365,75518;3,23851442
FM ; H ; 1991_1999;90;Inactifs non retraités;18636;4826;3,2
FM ; H ; 1991_1999;90;Ouvriers;20151;9465;3,1
FM ; H ; 1991_1999;90;Professions intermédiaires;18148;16923;3,3
FM ; H ; 1991_1999;91;Agriculteurs;20201;13413;-
FM ; H ; 1991_1999;91;Artisans, commerçants, chefs d'entreprise;19300;14625;-
FM ; H ; 1991_1999;91;Cadres et prof. intellectuelles supérieures;17961;20578;-
FM ; H ; 1991_1999;91;Employés;19084;11368;-
FM ; H ; 1991_1999;91;Ensemble;20204,30733;10874,65037;-
FM ; H ; 1991_1999;91;Inactifs non retraités;20201;3926;-
FM ; H ; 1991_1999;91;Ouvriers;21673;7558;-
FM ; H ; 1991_1999;91;Professions intermédiaires;19809;13852;-
FM ; H ; 1991_1999;92;Agriculteurs;22125;10703;-
FM ; H ; 1991_1999;92;Artisans, commerçants, chefs d'entreprise;21246;11802;-
FM ; H ; 1991_1999;92;Cadres et prof. intellectuelles supérieures;19930;16882;-
FM ; H ; 1991_1999;92;Employés;21034;9198;-
FM ; H ; 1991_1999;92;Ensemble;22128,88429;8677,502592;-
FM ; H ; 1991_1999;92;Inactifs non retraités;22125;3133;-
FM ; H ; 1991_1999;92;Ouvriers;23552;5920;-
FM ; H ; 1991_1999;92;Professions intermédiaires;21827;11108;-
FM ; H ; 1991_1999;93;Agriculteurs;23854;8335;-
FM ; H ; 1991_1999;93;Artisans, commerçants, chefs d'entreprise;23023;9295;-
FM ; H ; 1991_1999;93;Cadres et prof. intellectuelles supérieures;21770;13517;-
FM ; H ; 1991_1999;93;Employés;22822;7263;-
FM ; H ; 1991_1999;93;Ensemble;23855,40071;6757,268084;-
FM ; H ; 1991_1999;93;Inactifs non retraités;23854;2440;-
FM ; H ; 1991_1999;93;Ouvriers;25196;4526;-
FM ; H ; 1991_1999;93;Professions intermédiaires;23651;8683;-
FM ; H ; 1991_1999;94;Agriculteurs;25807;6347;-
FM ; H ; 1991_1999;94;Artisans, commerçants, chefs d'entreprise;25034;7155;-
FM ; H ; 1991_1999;94;Cadres et prof. intellectuelles supérieures;23862;10574;-
FM ; H ; 1991_1999;94;Employés;24847;5606;-
FM ; H ; 1991_1999;94;Ensemble;25809,1686;5145,294706;-
FM ; H ; 1991_1999;94;Inactifs non retraités;25807;1858;-
FM ; H ; 1991_1999;94;Ouvriers;27046;3385;-
FM ; H ; 1991_1999;94;Professions intermédiaires;25691;6630;-
FM ; H ; 1991_1999;95;Agriculteurs;27605;4709;-
FM ; H ; 1991_1999;95;Artisans, commerçants, chefs d'entreprise;26915;5364;-
FM ; H ; 1991_1999;95;Cadres et prof. intellectuelles supérieures;25860;8051;-
FM ; H ; 1991_1999;95;Employés;26747;4213;-
FM ; H ; 1991_1999;95;Ensemble;27607,8697;3817,33692;-
FM ; H ; 1991_1999;95;Inactifs non retraités;27605;1378;-
FM ; H ; 1991_1999;95;Ouvriers;28705;2470;-
FM ; H ; 1991_1999;95;Professions intermédiaires;27569;4926;-
FM ; H ; 1991_1999;96;Agriculteurs;29016;3409;-
FM ; H ; 1991_1999;96;Artisans, commerçants, chefs d'entreprise;28434;3920;-
FM ; H ; 1991_1999;96;Cadres et prof. intellectuelles supérieures;27539;5969;-
FM ; H ; 1991_1999;96;Employés;28292;3086;-
FM ; H ; 1991_1999;96;Ensemble;29031,50754;2763,451517;-
FM ; H ; 1991_1999;96;Inactifs non retraités;29016;998;-
FM ; H ; 1991_1999;96;Ouvriers;29937;1761;-
FM ; H ; 1991_1999;96;Professions intermédiaires;29016;3568;-
FM ; H ; 1991_1999;97;Agriculteurs;30484;2420;-
FM ; H ; 1991_1999;97;Artisans, commerçants, chefs d'entreprise;30025;2805;-
FM ; H ; 1991_1999;97;Cadres et prof. intellectuelles supérieures;29313;4325;-
FM ; H ; 1991_1999;97;Employés;29912;2213;-
FM ; H ; 1991_1999;97;Ensemble;30510,96715;1961,179881;-
FM ; H ; 1991_1999;97;Inactifs non retraités;30484;708;-
FM ; H ; 1991_1999;97;Ouvriers;31207;1234;-
FM ; H ; 1991_1999;97;Professions intermédiaires;30484;2533;-
FM ; H ; 1991_1999;98;Agriculteurs;32062;1682;-
FM ; H ; 1991_1999;98;Artisans, commerçants, chefs d'entreprise;31739;1963;-
FM ; H ; 1991_1999;98;Cadres et prof. intellectuelles supérieures;31236;3057;-
FM ; H ; 1991_1999;98;Employés;31660;1551;-
FM ; H ; 1991_1999;98;Ensemble;32119,58261;1362,804932;-
FM ; H ; 1991_1999;98;Inactifs non retraités;32062;492;-
FM ; H ; 1991_1999;98;Ouvriers;32567;849;-
FM ; H ; 1991_1999;98;Professions intermédiaires;32062;1761;-
FM ; H ; 1991_1999;99;Agriculteurs;33494;1143;-
FM ; H ; 1991_1999;99;Artisans, commerçants, chefs d'entreprise;33325;1340;-
FM ; H ; 1991_1999;99;Cadres et prof. intellectuelles supérieures;33060;2102;-
FM ; H ; 1991_1999;99;Employés;33283;1060;-
FM ; H ; 1991_1999;99;Ensemble;34051,49028;925,0776761;-
FM ; H ; 1991_1999;99;Inactifs non retraités;33494;335;-
FM ; H ; 1991_1999;99;Ouvriers;33757;572;-
FM ; H ; 1991_1999;99;Professions intermédiaires;33494;1196;-
FM ; H ; 1991_1999;100;Agriculteurs;37703;760;-
FM ; H ; 1991_1999;100;Artisans, commerçants, chefs d'entreprise;37703;893;-
FM ; H ; 1991_1999;100;Cadres et prof. intellectuelles supérieures;37703;1407;-
FM ; H ; 1991_1999;100;Employés;37703;707;-
FM ; H ; 1991_1999;100;Ensemble;35983,39795;610,0749411;-
FM ; H ; 1991_1999;100;Inactifs non retraités;37703;222;-
FM ; H ; 1991_1999;100;Ouvriers;37703;379;-
FM ; H ; 1991_1999;100;Professions intermédiaires;37703;796;-
FM ; H ; 1983_1991;30;Agriculteurs;131;100000;46,4
FM ; H ; 1983_1991;30;Artisans, commerçants, chefs d'entreprise;156;100000;45,6
FM ; H ; 1983_1991;30;Cadres et prof. intellectuelles supérieures;101;100000;48,4
FM ; H ; 1983_1991;30;Employés;121;100000;43,4
FM ; H ; 1983_1991;30;Ensemble;167;100000;43,8
FM ; H ; 1983_1991;30;Inactifs non retraités;741;100000;31,4
FM ; H ; 1983_1991;30;Ouvriers;210;100000;41,9
FM ; H ; 1983_1991;30;Professions intermédiaires;103;100000;46,3
FM ; H ; 1983_1991;31;Agriculteurs;133;99869;45,4
FM ; H ; 1983_1991;31;Artisans, commerçants, chefs d'entreprise;158;99844;44,7
FM ; H ; 1983_1991;31;Cadres et prof. intellectuelles supérieures;103;99899;47,5
FM ; H ; 1983_1991;31;Employés;122;99879;42,4
FM ; H ; 1983_1991;31;Ensemble;169;99833;42,9
FM ; H ; 1983_1991;31;Inactifs non retraités;751;99259;30,6
FM ; H ; 1983_1991;31;Ouvriers;213;99790;40,9
FM ; H ; 1983_1991;31;Professions intermédiaires;105;99897;45,4
FM ; H ; 1983_1991;32;Agriculteurs;137;99736;44,5
FM ; H ; 1983_1991;32;Artisans, commerçants, chefs d'entreprise;163;99686;43,8
FM ; H ; 1983_1991;32;Cadres et prof. intellectuelles supérieures;106;99796;46,5
FM ; H ; 1983_1991;32;Employés;126;99757;41,5
FM ; H ; 1983_1991;32;Ensemble;175;99664;42
FM ; H ; 1983_1991;32;Inactifs non retraités;775;98514;29,8
FM ; H ; 1983_1991;32;Ouvriers;219;99578;40
FM ; H ; 1983_1991;32;Professions intermédiaires;108;99792;44,4
FM ; H ; 1983_1991;33;Agriculteurs;141;99599;43,6
FM ; H ; 1983_1991;33;Artisans, commerçants, chefs d'entreprise;169;99523;42,8
FM ; H ; 1983_1991;33;Cadres et prof. intellectuelles supérieures;109;99691;45,6
FM ; H ; 1983_1991;33;Employés;130;99631;40,5
FM ; H ; 1983_1991;33;Ensemble;180;99489;41,1
FM ; H ; 1983_1991;33;Inactifs non retraités;799;97750;29,1
FM ; H ; 1983_1991;33;Ouvriers;226;99360;39,1
FM ; H ; 1983_1991;33;Professions intermédiaires;112;99684;43,5
FM ; H ; 1983_1991;34;Agriculteurs;147;99459;42,6
FM ; H ; 1983_1991;34;Artisans, commerçants, chefs d'entreprise;176;99355;41,9
FM ; H ; 1983_1991;34;Cadres et prof. intellectuelles supérieures;114;99582;44,6
FM ; H ; 1983_1991;34;Employés;136;99501;39,6
FM ; H ; 1983_1991;34;Ensemble;188;99310;40,1
FM ; H ; 1983_1991;34;Inactifs non retraités;833;96969;28,3
FM ; H ; 1983_1991;34;Ouvriers;236;99135;38,2
FM ; H ; 1983_1991;34;Professions intermédiaires;116;99572;42,5
FM ; H ; 1983_1991;35;Agriculteurs;155;99312;41,7
FM ; H ; 1983_1991;35;Artisans, commerçants, chefs d'entreprise;185;99180;41
FM ; H ; 1983_1991;35;Cadres et prof. intellectuelles supérieures;120;99468;43,7
FM ; H ; 1983_1991;35;Employés;143;99366;38,6
FM ; H ; 1983_1991;35;Ensemble;198;99123;39,2
FM ; H ; 1983_1991;35;Inactifs non retraités;876;96162;27,5
FM ; H ; 1983_1991;35;Ouvriers;248;98901;37,3
FM ; H ; 1983_1991;35;Professions intermédiaires;122;99457;41,6
FM ; H ; 1983_1991;36;Agriculteurs;164;99158;40,7
FM ; H ; 1983_1991;36;Artisans, commerçants, chefs d'entreprise;188;98997;40,1
FM ; H ; 1983_1991;36;Cadres et prof. intellectuelles supérieures;130;99349;42,7
FM ; H ; 1983_1991;36;Employés;164;99224;37,7
FM ; H ; 1983_1991;36;Ensemble;214;98928;38,3
FM ; H ; 1983_1991;36;Inactifs non retraités;963;95320;26,8
FM ; H ; 1983_1991;36;Ouvriers;269;98656;36,4
FM ; H ; 1983_1991;36;Professions intermédiaires;132;99335;40,6
FM ; H ; 1983_1991;37;Agriculteurs;166;98996;39,8
FM ; H ; 1983_1991;37;Artisans, commerçants, chefs d'entreprise;192;98811;39,1
FM ; H ; 1983_1991;37;Cadres et prof. intellectuelles supérieures;135;99220;41,8
FM ; H ; 1983_1991;37;Employés;180;99061;36,7
FM ; H ; 1983_1991;37;Ensemble;223;98716;37,4
FM ; H ; 1983_1991;37;Inactifs non retraités;1014;94402;26
FM ; H ; 1983_1991;37;Ouvriers;281;98391;35,5
FM ; H ; 1983_1991;37;Professions intermédiaires;138;99203;39,7
FM ; H ; 1983_1991;38;Agriculteurs;177;98831;38,9
FM ; H ; 1983_1991;38;Artisans, commerçants, chefs d'entreprise;197;98621;38,2
FM ; H ; 1983_1991;38;Cadres et prof. intellectuelles supérieures;146;99087;40,8
FM ; H ; 1983_1991;38;Employés;204;98883;35,8
FM ; H ; 1983_1991;38;Ensemble;242;98496;36,4
FM ; H ; 1983_1991;38;Inactifs non retraités;1110;93444;25,3
FM ; H ; 1983_1991;38;Ouvriers;305;98114;34,6
FM ; H ; 1983_1991;38;Professions intermédiaires;150;99066;38,7
FM ; H ; 1983_1991;39;Agriculteurs;188;98656;37,9
FM ; H ; 1983_1991;39;Artisans, commerçants, chefs d'entreprise;202;98426;37,3
FM ; H ; 1983_1991;39;Cadres et prof. intellectuelles supérieures;154;98941;39,9
FM ; H ; 1983_1991;39;Employés;230;98681;34,9
FM ; H ; 1983_1991;39;Ensemble;261;98258;35,5
FM ; H ; 1983_1991;39;Inactifs non retraités;1206;92407;24,6
FM ; H ; 1983_1991;39;Ouvriers;330;97815;33,7
FM ; H ; 1983_1991;39;Professions intermédiaires;162;98918;37,8
FM ; H ; 1983_1991;40;Agriculteurs;198;98471;37
FM ; H ; 1983_1991;40;Artisans, commerçants, chefs d'entreprise;206;98228;36,4
FM ; H ; 1983_1991;40;Cadres et prof. intellectuelles supérieures;162;98789;38,9
FM ; H ; 1983_1991;40;Employés;257;98453;34
FM ; H ; 1983_1991;40;Ensemble;280;98002;34,6
FM ; H ; 1983_1991;40;Inactifs non retraités;1300;91293;23,9
FM ; H ; 1983_1991;40;Ouvriers;355;97492;32,8
FM ; H ; 1983_1991;40;Professions intermédiaires;174;98758;36,8
FM ; H ; 1983_1991;41;Agriculteurs;214;98276;36,1
FM ; H ; 1983_1991;41;Artisans, commerçants, chefs d'entreprise;216;98026;35,4
FM ; H ; 1983_1991;41;Cadres et prof. intellectuelles supérieures;174;98629;38
FM ; H ; 1983_1991;41;Employés;292;98200;33
FM ; H ; 1983_1991;41;Ensemble;307;97727;33,7
FM ; H ; 1983_1991;41;Inactifs non retraités;1429;90106;23,2
FM ; H ; 1983_1991;41;Ouvriers;389;97146;31,9
FM ; H ; 1983_1991;41;Professions intermédiaires;192;98586;35,9
FM ; H ; 1983_1991;42;Agriculteurs;227;98065;35,2
FM ; H ; 1983_1991;42;Artisans, commerçants, chefs d'entreprise;222;97814;34,5
FM ; H ; 1983_1991;42;Cadres et prof. intellectuelles supérieures;183;98458;37,1
FM ; H ; 1983_1991;42;Employés;326;97914;32,1
FM ; H ; 1983_1991;42;Ensemble;331;97427;32,8
FM ; H ; 1983_1991;42;Inactifs non retraités;1541;88818;22,5
FM ; H ; 1983_1991;42;Ouvriers;420;96768;31
FM ; H ; 1983_1991;42;Professions intermédiaires;207;98397;35
FM ; H ; 1983_1991;43;Agriculteurs;241;97842;34,2
FM ; H ; 1983_1991;43;Artisans, commerçants, chefs d'entreprise;229;97597;33,6
FM ; H ; 1983_1991;43;Cadres et prof. intellectuelles supérieures;193;98277;36,1
FM ; H ; 1983_1991;43;Employés;362;97595;31,3
FM ; H ; 1983_1991;43;Ensemble;355;97105;31,9
FM ; H ; 1983_1991;43;Inactifs non retraités;1655;87449;21,9
FM ; H ; 1983_1991;43;Ouvriers;451;96362;30,2
FM ; H ; 1983_1991;43;Professions intermédiaires;223;98193;34
FM ; H ; 1983_1991;44;Agriculteurs;271;97606;33,3
FM ; H ; 1983_1991;44;Artisans, commerçants, chefs d'entreprise;251;97373;32,7
FM ; H ; 1983_1991;44;Cadres et prof. intellectuelles supérieures;216;98088;35,2
FM ; H ; 1983_1991;44;Employés;425;97241;30,4
FM ; H ; 1983_1991;44;Ensemble;404;96760;31,1
FM ; H ; 1983_1991;44;Inactifs non retraités;1876;86002;21,3
FM ; H ; 1983_1991;44;Ouvriers;514;95927;29,3
FM ; H ; 1983_1991;44;Professions intermédiaires;254;97974;33,1
FM ; H ; 1983_1991;45;Agriculteurs;286;97342;32,4
FM ; H ; 1983_1991;45;Artisans, commerçants, chefs d'entreprise;257;97129;31,8
FM ; H ; 1983_1991;45;Cadres et prof. intellectuelles supérieures;227;97876;34,3
FM ; H ; 1983_1991;45;Employés;468;96828;29,5
FM ; H ; 1983_1991;45;Ensemble;432;96369;30,2
FM ; H ; 1983_1991;45;Inactifs non retraités;1997;84389;20,7
FM ; H ; 1983_1991;45;Ouvriers;549;95434;28,5
FM ; H ; 1983_1991;45;Professions intermédiaires;273;97725;32,2
FM ; H ; 1983_1991;46;Agriculteurs;306;97064;31,5
FM ; H ; 1983_1991;46;Artisans, commerçants, chefs d'entreprise;287;96879;30,8
FM ; H ; 1983_1991;46;Cadres et prof. intellectuelles supérieures;241;97654;33,4
FM ; H ; 1983_1991;46;Employés;522;96375;28,6
FM ; H ; 1983_1991;46;Ensemble;467;95953;29,3
FM ; H ; 1983_1991;46;Inactifs non retraités;2149;82704;20,1
FM ; H ; 1983_1991;46;Ouvriers;595;94910;27,6
FM ; H ; 1983_1991;46;Professions intermédiaires;296;97459;31,3
FM ; H ; 1983_1991;47;Agriculteurs;332;96767;30,6
FM ; H ; 1983_1991;47;Artisans, commerçants, chefs d'entreprise;320;96601;29,9
FM ; H ; 1983_1991;47;Cadres et prof. intellectuelles supérieures;261;97418;32,5
FM ; H ; 1983_1991;47;Employés;591;95872;27,8
FM ; H ; 1983_1991;47;Ensemble;514;95504;28,4
FM ; H ; 1983_1991;47;Inactifs non retraités;2342;80927;19,5
FM ; H ; 1983_1991;47;Ouvriers;653;94346;26,8
FM ; H ; 1983_1991;47;Professions intermédiaires;326;97170;30,4
FM ; H ; 1983_1991;48;Agriculteurs;361;96446;29,7
FM ; H ; 1983_1991;48;Artisans, commerçants, chefs d'entreprise;357;96292;29
FM ; H ; 1983_1991;48;Cadres et prof. intellectuelles supérieures;282;97164;31,5
FM ; H ; 1983_1991;48;Employés;667;95305;26,9
FM ; H ; 1983_1991;48;Ensemble;564;95014;27,6
FM ; H ; 1983_1991;48;Inactifs non retraités;2547;79031;19
FM ; H ; 1983_1991;48;Ouvriers;717;93729;26
FM ; H ; 1983_1991;48;Professions intermédiaires;359;96853;29,5
FM ; H ; 1983_1991;49;Agriculteurs;391;96098;28,8
FM ; H ; 1983_1991;49;Artisans, commerçants, chefs d'entreprise;398;95948;28,1
FM ; H ; 1983_1991;49;Cadres et prof. intellectuelles supérieures;305;96890;30,6
FM ; H ; 1983_1991;49;Employés;751;94670;26,1
FM ; H ; 1983_1991;49;Ensemble;618;94478;26,7
FM ; H ; 1983_1991;49;Inactifs non retraités;2759;77018;18,5
FM ; H ; 1983_1991;49;Ouvriers;786;93057;25,2
FM ; H ; 1983_1991;49;Professions intermédiaires;395;96505;28,6
FM ; H ; 1983_1991;50;Agriculteurs;428;95722;27,9
FM ; H ; 1983_1991;50;Artisans, commerçants, chefs d'entreprise;443;95567;27,2
FM ; H ; 1983_1991;50;Cadres et prof. intellectuelles supérieures;332;96595;29,7
FM ; H ; 1983_1991;50;Employés;854;93959;25,3
FM ; H ; 1983_1991;50;Ensemble;683;93894;25,9
FM ; H ; 1983_1991;50;Inactifs non retraités;3010;74893;18
FM ; H ; 1983_1991;50;Ouvriers;869;92325;24,4
FM ; H ; 1983_1991;50;Professions intermédiaires;439;96124;27,7
FM ; H ; 1983_1991;51;Agriculteurs;474;95313;27,1
FM ; H ; 1983_1991;51;Artisans, commerçants, chefs d'entreprise;505;95143;26,4
FM ; H ; 1983_1991;51;Cadres et prof. intellectuelles supérieures;370;96274;28,8
FM ; H ; 1983_1991;51;Employés;921;93156;24,5
FM ; H ; 1983_1991;51;Ensemble;748;93252;25,1
FM ; H ; 1983_1991;51;Inactifs non retraités;3122;72639;17,6
FM ; H ; 1983_1991;51;Ouvriers;948;91523;23,6
FM ; H ; 1983_1991;51;Professions intermédiaires;487;95702;26,8
FM ; H ; 1983_1991;52;Agriculteurs;538;94861;26,2
FM ; H ; 1983_1991;52;Artisans, commerçants, chefs d'entreprise;582;94662;25,5
FM ; H ; 1983_1991;52;Cadres et prof. intellectuelles supérieures;416;95918;27,9
FM ; H ; 1983_1991;52;Employés;1006;92299;23,8
FM ; H ; 1983_1991;52;Ensemble;829;92555;24,3
FM ; H ; 1983_1991;52;Inactifs non retraités;3279;70372;17,1
FM ; H ; 1983_1991;52;Ouvriers;1048;90655;22,8
FM ; H ; 1983_1991;52;Professions intermédiaires;547;95237;26
FM ; H ; 1983_1991;53;Agriculteurs;600;94350;25,3
FM ; H ; 1983_1991;53;Artisans, commerçants, chefs d'entreprise;665;94111;24,6
FM ; H ; 1983_1991;53;Cadres et prof. intellectuelles supérieures;465;95519;27
FM ; H ; 1983_1991;53;Employés;1088;91370;23
FM ; H ; 1983_1991;53;Ensemble;911;91787;23,5
FM ; H ; 1983_1991;53;Inactifs non retraités;3412;68064;16,7
FM ; H ; 1983_1991;53;Ouvriers;1148;89705;22
FM ; H ; 1983_1991;53;Professions intermédiaires;609;94716;25,1
FM ; H ; 1983_1991;54;Agriculteurs;638;93784;24,5
FM ; H ; 1983_1991;54;Artisans, commerçants, chefs d'entreprise;742;93485;23,8
FM ; H ; 1983_1991;54;Cadres et prof. intellectuelles supérieures;506;95075;26,2
FM ; H ; 1983_1991;54;Employés;1150;90376;22,3
FM ; H ; 1983_1991;54;Ensemble;977;90951;22,7
FM ; H ; 1983_1991;54;Inactifs non retraités;3465;65742;16,3
FM ; H ; 1983_1991;54;Ouvriers;1226;88676;21,3
FM ; H ; 1983_1991;54;Professions intermédiaires;662;94139;24,3
FM ; H ; 1983_1991;55;Agriculteurs;720;93186;23,6
FM ; H ; 1983_1991;55;Artisans, commerçants, chefs d'entreprise;852;92792;23
FM ; H ; 1983_1991;55;Cadres et prof. intellectuelles supérieures;569;94593;25,3
FM ; H ; 1983_1991;55;Employés;1252;89337;21,5
FM ; H ; 1983_1991;55;Ensemble;1079;90062;21,9
FM ; H ; 1983_1991;55;Inactifs non retraités;3628;63464;15,9
FM ; H ; 1983_1991;55;Ouvriers;1351;87588;20,6
FM ; H ; 1983_1991;55;Professions intermédiaires;741;93516;23,4
FM ; H ; 1983_1991;56;Agriculteurs;791;92515;22,8
FM ; H ; 1983_1991;56;Artisans, commerçants, chefs d'entreprise;938;92001;22,2
FM ; H ; 1983_1991;56;Cadres et prof. intellectuelles supérieures;628;94055;24,4
FM ; H ; 1983_1991;56;Employés;1341;88219;20,8
FM ; H ; 1983_1991;56;Ensemble;1173;89090;21,2
FM ; H ; 1983_1991;56;Inactifs non retraités;3737;61162;15,5
FM ; H ; 1983_1991;56;Ouvriers;1464;86405;19,8
FM ; H ; 1983_1991;56;Professions intermédiaires;816;92823;22,6
FM ; H ; 1983_1991;57;Agriculteurs;846;91783;22
FM ; H ; 1983_1991;57;Artisans, commerçants, chefs d'entreprise;980;91138;21,4
FM ; H ; 1983_1991;57;Cadres et prof. intellectuelles supérieures;676;93465;23,6
FM ; H ; 1983_1991;57;Employés;1399;87036;20,1
FM ; H ; 1983_1991;57;Ensemble;1243;88045;20,4
FM ; H ; 1983_1991;57;Inactifs non retraités;3750;58876;15,1
FM ; H ; 1983_1991;57;Ouvriers;1546;85141;19,1
FM ; H ; 1983_1991;57;Professions intermédiaires;877;92065;21,8
FM ; H ; 1983_1991;58;Agriculteurs;929;91007;21,2
FM ; H ; 1983_1991;58;Artisans, commerçants, chefs d'entreprise;1080;90244;20,6
FM ; H ; 1983_1991;58;Cadres et prof. intellectuelles supérieures;748;92833;22,8
FM ; H ; 1983_1991;58;Employés;1499;85818;19,4
FM ; H ; 1983_1991;58;Ensemble;1352;86951;19,7
FM ; H ; 1983_1991;58;Inactifs non retraités;3864;56668;14,7
FM ; H ; 1983_1991;58;Ouvriers;1676;83825;18,4
FM ; H ; 1983_1991;58;Professions intermédiaires;966;91258;21
FM ; H ; 1983_1991;59;Agriculteurs;1012;90162;20,4
FM ; H ; 1983_1991;59;Artisans, commerçants, chefs d'entreprise;1171;89269;19,8
FM ; H ; 1983_1991;59;Cadres et prof. intellectuelles supérieures;819;92139;21,9
FM ; H ; 1983_1991;59;Employés;1593;84532;18,7
FM ; H ; 1983_1991;59;Ensemble;1458;85775;18,9
FM ; H ; 1983_1991;59;Inactifs non retraités;3949;54478;14,3
FM ; H ; 1983_1991;59;Ouvriers;1802;82420;17,7
FM ; H ; 1983_1991;59;Professions intermédiaires;1056;90377;20,2
FM ; H ; 1983_1991;60;Agriculteurs;1099;89250;19,6
FM ; H ; 1983_1991;60;Artisans, commerçants, chefs d'entreprise;1264;88224;19,1
FM ; H ; 1983_1991;60;Cadres et prof. intellectuelles supérieures;896;91384;21,1
FM ; H ; 1983_1991;60;Employés;1690;83185;18
FM ; H ; 1983_1991;60;Ensemble;1569;84525;18,2
FM ; H ; 1983_1991;60;Inactifs non retraités;4027;52327;13,9
FM ; H ; 1983_1991;60;Ouvriers;1933;80935;17,1
FM ; H ; 1983_1991;60;Professions intermédiaires;1152;89422;19,4
FM ; H ; 1983_1991;61;Agriculteurs;1200;88269;18,8
FM ; H ; 1983_1991;61;Artisans, commerçants, chefs d'entreprise;1376;87109;18,3
FM ; H ; 1983_1991;61;Cadres et prof. intellectuelles supérieures;976;90565;20,3
FM ; H ; 1983_1991;61;Employés;1820;81779;17,3
FM ; H ; 1983_1991;61;Ensemble;1696;83198;17,5
FM ; H ; 1983_1991;61;Inactifs non retraités;4186;50220;13,4
FM ; H ; 1983_1991;61;Ouvriers;2081;79370;16,4
FM ; H ; 1983_1991;61;Professions intermédiaires;1259;88391;18,6
FM ; H ; 1983_1991;62;Agriculteurs;1310;87209;18
FM ; H ; 1983_1991;62;Artisans, commerçants, chefs d'entreprise;1480;85910;17,6
FM ; H ; 1983_1991;62;Cadres et prof. intellectuelles supérieures;1051;89680;19,5
FM ; H ; 1983_1991;62;Employés;1936;80291;16,6
FM ; H ; 1983_1991;62;Ensemble;1810;81788;16,8
FM ; H ; 1983_1991;62;Inactifs non retraités;4299;48118;13
FM ; H ; 1983_1991;62;Ouvriers;2213;77719;15,8
FM ; H ; 1983_1991;62;Professions intermédiaires;1358;87279;17,9
FM ; H ; 1983_1991;63;Agriculteurs;1430;86067;17,3
FM ; H ; 1983_1991;63;Artisans, commerçants, chefs d'entreprise;1608;84638;16,8
FM ; H ; 1983_1991;63;Cadres et prof. intellectuelles supérieures;1143;88738;18,7
FM ; H ; 1983_1991;63;Employés;2080;78737;15,9
FM ; H ; 1983_1991;63;Ensemble;1951;80308;16,1
FM ; H ; 1983_1991;63;Inactifs non retraités;4460;46049;12,6
FM ; H ; 1983_1991;63;Ouvriers;2376;75999;15,1
FM ; H ; 1983_1991;63;Professions intermédiaires;1481;86093;17,1
FM ; H ; 1983_1991;64;Agriculteurs;1560;84837;16,5
FM ; H ; 1983_1991;64;Artisans, commerçants, chefs d'entreprise;1734;83277;16,1
FM ; H ; 1983_1991;64;Cadres et prof. intellectuelles supérieures;1235;87723;17,9
FM ; H ; 1983_1991;64;Employés;2218;77100;15,3
FM ; H ; 1983_1991;64;Ensemble;2087;78741;15,4
FM ; H ; 1983_1991;64;Inactifs non retraités;4592;43995;12,2
FM ; H ; 1983_1991;64;Ouvriers;2532;74193;14,5
FM ; H ; 1983_1991;64;Professions intermédiaires;1602;84818;16,4
FM ; H ; 1983_1991;65;Agriculteurs;1702;83513;15,8
FM ; H ; 1983_1991;65;Artisans, commerçants, chefs d'entreprise;1875;81834;15,4
FM ; H ; 1983_1991;65;Cadres et prof. intellectuelles supérieures;1339;86640;17,2
FM ; H ; 1983_1991;65;Employés;2372;75390;14,6
FM ; H ; 1983_1991;65;Ensemble;2240;77097;14,8
FM ; H ; 1983_1991;65;Inactifs non retraités;4743;41975;11,8
FM ; H ; 1983_1991;65;Ouvriers;2706;72314;13,9
FM ; H ; 1983_1991;65;Professions intermédiaires;1739;83459;15,6
FM ; H ; 1983_1991;66;Agriculteurs;1844;82092;15,1
FM ; H ; 1983_1991;66;Artisans, commerçants, chefs d'entreprise;2026;80299;14,7
FM ; H ; 1983_1991;66;Cadres et prof. intellectuelles supérieures;1450;85480;16,4
FM ; H ; 1983_1991;66;Employés;2533;73602;14
FM ; H ; 1983_1991;66;Ensemble;2401;75370;14,1
FM ; H ; 1983_1991;66;Inactifs non retraités;4892;39984;11,4
FM ; H ; 1983_1991;66;Ouvriers;2886;70357;13,2
FM ; H ; 1983_1991;66;Professions intermédiaires;1885;82008;14,9
FM ; H ; 1983_1991;67;Agriculteurs;2010;80578;14,3
FM ; H ; 1983_1991;67;Artisans, commerçants, chefs d'entreprise;2202;78672;14
FM ; H ; 1983_1991;67;Cadres et prof. intellectuelles supérieures;1580;84241;15,6
FM ; H ; 1983_1991;67;Employés;2723;71737;13,3
FM ; H ; 1983_1991;67;Ensemble;2589;73561;13,5
FM ; H ; 1983_1991;67;Inactifs non retraités;5078;38028;11
FM ; H ; 1983_1991;67;Ouvriers;3098;68327;12,6
FM ; H ; 1983_1991;67;Professions intermédiaires;2057;80462;14,2
FM ; H ; 1983_1991;68;Agriculteurs;2188;78959;13,6
FM ; H ; 1983_1991;68;Artisans, commerçants, chefs d'entreprise;2391;76940;13,3
FM ; H ; 1983_1991;68;Cadres et prof. intellectuelles supérieures;1722;82910;14,9
FM ; H ; 1983_1991;68;Employés;2922;69784;12,7
FM ; H ; 1983_1991;68;Ensemble;2788;71656;12,8
FM ; H ; 1983_1991;68;Inactifs non retraités;5264;36097;10,5
FM ; H ; 1983_1991;68;Ouvriers;3319;66210;12
FM ; H ; 1983_1991;68;Professions intermédiaires;2241;78807;13,5
FM ; H ; 1983_1991;69;Agriculteurs;2412;77231;12,9
FM ; H ; 1983_1991;69;Artisans, commerçants, chefs d'entreprise;2628;75100;12,6
FM ; H ; 1983_1991;69;Cadres et prof. intellectuelles supérieures;1899;81483;14,1
FM ; H ; 1983_1991;69;Employés;3173;67745;12,1
FM ; H ; 1983_1991;69;Ensemble;3038;69659;12,2
FM ; H ; 1983_1991;69;Inactifs non retraités;5520;34197;10,1
FM ; H ; 1983_1991;69;Ouvriers;3598;64012;11,5
FM ; H ; 1983_1991;69;Professions intermédiaires;2472;77041;12,8
FM ; H ; 1983_1991;70;Agriculteurs;2648;75368;12,3
FM ; H ; 1983_1991;70;Artisans, commerçants, chefs d'entreprise;2875;73126;12
FM ; H ; 1983_1991;70;Cadres et prof. intellectuelles supérieures;2087;79935;13,4
FM ; H ; 1983_1991;70;Employés;3430;65596;11,5
FM ; H ; 1983_1991;70;Ensemble;3296;67542;11,6
FM ; H ; 1983_1991;70;Inactifs non retraités;5762;32309;9,7
FM ; H ; 1983_1991;70;Ouvriers;3882;61709;10,9
FM ; H ; 1983_1991;70;Professions intermédiaires;2715;75136;12,1
FM ; H ; 1983_1991;71;Agriculteurs;2921;73373;11,6
FM ; H ; 1983_1991;71;Artisans, commerçants, chefs d'entreprise;3161;71024;11,3
FM ; H ; 1983_1991;71;Cadres et prof. intellectuelles supérieures;2306;78267;12,7
FM ; H ; 1983_1991;71;Employés;3726;63346;10,9
FM ; H ; 1983_1991;71;Ensemble;3592;65316;11
FM ; H ; 1983_1991;71;Inactifs non retraités;6042;30448;9,3
FM ; H ; 1983_1991;71;Ouvriers;4206;59314;10,3
FM ; H ; 1983_1991;71;Professions intermédiaires;2997;73096;11,5
FM ; H ; 1983_1991;72;Agriculteurs;3244;71230;10,9
FM ; H ; 1983_1991;72;Artisans, commerçants, chefs d'entreprise;3499;68778;10,7
FM ; H ; 1983_1991;72;Cadres et prof. intellectuelles supérieures;2567;76462;12
FM ; H ; 1983_1991;72;Employés;4072;60985;10,3
FM ; H ; 1983_1991;72;Ensemble;3940;62970;10,4
FM ; H ; 1983_1991;72;Inactifs non retraités;6374;28608;8,9
FM ; H ; 1983_1991;72;Ouvriers;4586;56819;9,8
FM ; H ; 1983_1991;72;Professions intermédiaires;3330;70906;10,8
FM ; H ; 1983_1991;73;Agriculteurs;3603;68919;10,3
FM ; H ; 1983_1991;73;Artisans, commerçants, chefs d'entreprise;3872;66372;10,1
FM ; H ; 1983_1991;73;Cadres et prof. intellectuelles supérieures;2859;74499;11,3
FM ; H ; 1983_1991;73;Employés;4449;58502;9,7
FM ; H ; 1983_1991;73;Ensemble;4320;60489;9,8
FM ; H ; 1983_1991;73;Inactifs non retraités;6721;26784;8,5
FM ; H ; 1983_1991;73;Ouvriers;4995;54213;9,2
FM ; H ; 1983_1991;73;Professions intermédiaires;3700;68545;10,2
FM ; H ; 1983_1991;74;Agriculteurs;3965;66436;9,7
FM ; H ; 1983_1991;74;Artisans, commerçants, chefs d'entreprise;4246;63802;9,5
FM ; H ; 1983_1991;74;Cadres et prof. intellectuelles supérieures;3157;72369;10,6
FM ; H ; 1983_1991;74;Employés;4815;55899;9,2
FM ; H ; 1983_1991;74;Ensemble;4693;57876;9,2
FM ; H ; 1983_1991;74;Inactifs non retraités;7023;24984;8,1
FM ; H ; 1983_1991;74;Ouvriers;5390;51505;8,7
FM ; H ; 1983_1991;74;Professions intermédiaires;4074;66009;9,6
FM ; H ; 1983_1991;75;Agriculteurs;4412;63802;9,1
FM ; H ; 1983_1991;75;Artisans, commerçants, chefs d'entreprise;4705;61093;8,9
FM ; H ; 1983_1991;75;Cadres et prof. intellectuelles supérieures;3526;70084;10
FM ; H ; 1983_1991;75;Employés;5267;53208;8,7
FM ; H ; 1983_1991;75;Ensemble;5151;55160;8,7
FM ; H ; 1983_1991;75;Inactifs non retraités;7416;23230;7,8
FM ; H ; 1983_1991;75;Ouvriers;5876;48729;8,2
FM ; H ; 1983_1991;75;Professions intermédiaires;4533;63320;9
FM ; H ; 1983_1991;76;Agriculteurs;4964;60987;8,5
FM ; H ; 1983_1991;76;Artisans, commerçants, chefs d'entreprise;5272;58219;8,3
FM ; H ; 1983_1991;76;Cadres et prof. intellectuelles supérieures;3987;67612;9,4
FM ; H ; 1983_1991;76;Employés;5823;50405;8,1
FM ; H ; 1983_1991;76;Ensemble;5717;52318;8,2
FM ; H ; 1983_1991;76;Inactifs non retraités;7916;21507;7,4
FM ; H ; 1983_1991;76;Ouvriers;6473;45865;7,7
FM ; H ; 1983_1991;76;Professions intermédiaires;5102;60449;8,4
FM ; H ; 1983_1991;77;Agriculteurs;5528;57960;7,9
FM ; H ; 1983_1991;77;Artisans, commerçants, chefs d'entreprise;5845;55150;7,8
FM ; H ; 1983_1991;77;Cadres et prof. intellectuelles supérieures;4463;64917;8,7
FM ; H ; 1983_1991;77;Employés;6371;47470;7,6
FM ; H ; 1983_1991;77;Ensemble;6276;49327;7,7
FM ; H ; 1983_1991;77;Inactifs non retraités;8362;19805;7
FM ; H ; 1983_1991;77;Ouvriers;7053;42897;7,3
FM ; H ; 1983_1991;77;Professions intermédiaires;5681;57365;7,9
FM ; H ; 1983_1991;78;Agriculteurs;6185;54756;7,4
FM ; H ; 1983_1991;78;Artisans, commerçants, chefs d'entreprise;6511;51926;7,3
FM ; H ; 1983_1991;78;Cadres et prof. intellectuelles supérieures;5025;62020;8,2
FM ; H ; 1983_1991;78;Employés;7002;44446;7,2
FM ; H ; 1983_1991;78;Ensemble;6923;46231;7,2
FM ; H ; 1983_1991;78;Inactifs non retraités;8879;18148;6,7
FM ; H ; 1983_1991;78;Ouvriers;7719;39871;6,8
FM ; H ; 1983_1991;78;Professions intermédiaires;6356;54106;7,3
FM ; H ; 1983_1991;79;Agriculteurs;6901;51369;6,9
FM ; H ; 1983_1991;79;Artisans, commerçants, chefs d'entreprise;7232;48545;6,8
FM ; H ; 1983_1991;79;Cadres et prof. intellectuelles supérieures;5646;58903;7,6
FM ; H ; 1983_1991;79;Employés;7673;41334;6,7
FM ; H ; 1983_1991;79;Ensemble;7613;43031;6,7
FM ; H ; 1983_1991;79;Inactifs non retraités;9407;16537;6,3
FM ; H ; 1983_1991;79;Ouvriers;8421;36793;6,4
FM ; H ; 1983_1991;79;Professions intermédiaires;7091;50667;6,8
FM ; H ; 1983_1991;80;Agriculteurs;7743;47824;6,4
FM ; H ; 1983_1991;80;Artisans, commerçants, chefs d'entreprise;8075;45034;6,3
FM ; H ; 1983_1991;80;Cadres et prof. intellectuelles supérieures;6385;55577;7
FM ; H ; 1983_1991;80;Employés;8456;38162;6,3
FM ; H ; 1983_1991;80;Ensemble;8419;39755;6,3
FM ; H ; 1983_1991;80;Inactifs non retraités;10030;14981;6
FM ; H ; 1983_1991;80;Ouvriers;9237;33695;6
FM ; H ; 1983_1991;80;Professions intermédiaires;7952;47074;6,3
FM ; H ; 1983_1991;81;Agriculteurs;8611;44121;6
FM ; H ; 1983_1991;81;Artisans, commerçants, chefs d'entreprise;8938;41398;5,9
FM ; H ; 1983_1991;81;Cadres et prof. intellectuelles supérieures;7163;52029;6,5
FM ; H ; 1983_1991;81;Employés;9240;34935;5,8
FM ; H ; 1983_1991;81;Ensemble;9230;36408;5,8
FM ; H ; 1983_1991;81;Inactifs non retraités;10616;13479;5,6
FM ; H ; 1983_1991;81;Ouvriers;10044;30583;5,6
FM ; H ; 1983_1991;81;Professions intermédiaires;8840;43330;5,9
FM ; H ; 1983_1991;82;Agriculteurs;9651;40322;5,5
FM ; H ; 1983_1991;82;Artisans, commerçants, chefs d'entreprise;9970;37697;5,5
FM ; H ; 1983_1991;82;Cadres et prof. intellectuelles supérieures;8105;48302;6
FM ; H ; 1983_1991;82;Employés;10200;31707;5,4
FM ; H ; 1983_1991;82;Ensemble;10200;33048;5,4
FM ; H ; 1983_1991;82;Inactifs non retraités;11342;12048;5,3
FM ; H ; 1983_1991;82;Ouvriers;11009;27511;5,2
FM ; H ; 1983_1991;82;Professions intermédiaires;9901;39500;5,5
FM ; H ; 1983_1991;83;Agriculteurs;10748;36431;5,1
FM ; H ; 1983_1991;83;Artisans, commerçants, chefs d'entreprise;11051;33939;5,1
FM ; H ; 1983_1991;83;Cadres et prof. intellectuelles supérieures;9120;44387;5,6
FM ; H ; 1983_1991;83;Employés;11205;28473;5
FM ; H ; 1983_1991;83;Ensemble;11205;29677;5
FM ; H ; 1983_1991;83;Inactifs non retraités;12066;10681;5
FM ; H ; 1983_1991;83;Ouvriers;11996;24482;4,9
FM ; H ; 1983_1991;83;Professions intermédiaires;11018;35589;5,1
FM ; H ; 1983_1991;84;Agriculteurs;12017;32515;4,7
FM ; H ; 1983_1991;84;Artisans, commerçants, chefs d'entreprise;12299;30188;4,7
FM ; H ; 1983_1991;84;Cadres et prof. intellectuelles supérieures;10309;40339;5,1
FM ; H ; 1983_1991;84;Employés;12366;25283;4,7
FM ; H ; 1983_1991;84;Ensemble;12366;26352;4,7
FM ; H ; 1983_1991;84;Inactifs non retraités;12919;9392;4,6
FM ; H ; 1983_1991;84;Ouvriers;13133;21545;4,5
FM ; H ; 1983_1991;84;Professions intermédiaires;12307;31668;4,7
FM ; H ; 1983_1991;85;Agriculteurs;13281;28608;4,4
FM ; H ; 1983_1991;85;Artisans, commerçants, chefs d'entreprise;13500;26475;4,3
FM ; H ; 1983_1991;85;Cadres et prof. intellectuelles supérieures;11524;36180;4,7
FM ; H ; 1983_1991;85;Employés;13500;22156;4,3
FM ; H ; 1983_1991;85;Ensemble;13500;23093;4,3
FM ; H ; 1983_1991;85;Inactifs non retraités;13715;8179;4,3
FM ; H ; 1983_1991;85;Ouvriers;14230;18716;4,2
FM ; H ; 1983_1991;85;Professions intermédiaires;13500;27770;4,3
FM ; H ; 1983_1991;86;Agriculteurs;14748;24809;4
FM ; H ; 1983_1991;86;Artisans, commerçants, chefs d'entreprise;14823;22901;4
FM ; H ; 1983_1991;86;Cadres et prof. intellectuelles supérieures;12948;32011;4,3
FM ; H ; 1983_1991;86;Employés;14823;19165;4
FM ; H ; 1983_1991;86;Ensemble;14823;19976;4
FM ; H ; 1983_1991;86;Inactifs non retraités;14823;7057;4
FM ; H ; 1983_1991;86;Ouvriers;15510;16053;3,9
FM ; H ; 1983_1991;86;Professions intermédiaires;14823;24021;4
FM ; H ; 1983_1991;87;Agriculteurs;16273;21150;3,7
FM ; H ; 1983_1991;87;Artisans, commerçants, chefs d'entreprise;16273;19506;3,7
FM ; H ; 1983_1991;87;Cadres et prof. intellectuelles supérieures;14532;27866;4
FM ; H ; 1983_1991;87;Employés;16273;16324;3,7
FM ; H ; 1983_1991;87;Ensemble;16273;17014;3,7
FM ; H ; 1983_1991;87;Inactifs non retraités;16273;6011;3,7
FM ; H ; 1983_1991;87;Ouvriers;16911;13563;3,6
FM ; H ; 1983_1991;87;Professions intermédiaires;16273;20461;3,7
FM ; H ; 1983_1991;88;Agriculteurs;17659;17708;3,4
FM ; H ; 1983_1991;88;Artisans, commerçants, chefs d'entreprise;17659;16332;3,4
FM ; H ; 1983_1991;88;Cadres et prof. intellectuelles supérieures;16098;23816;3,6
FM ; H ; 1983_1991;88;Employés;17659;13668;3,4
FM ; H ; 1983_1991;88;Ensemble;17659;14246;3,4
FM ; H ; 1983_1991;88;Inactifs non retraités;17659;5033;3,4
FM ; H ; 1983_1991;88;Ouvriers;18237;11269;3,4
FM ; H ; 1983_1991;88;Professions intermédiaires;17659;17131;3,4
FM ; H ; 1983_1991;89;Agriculteurs;18986;14581;3,2
FM ; H ; 1983_1991;89;Artisans, commerçants, chefs d'entreprise;18986;13448;3,2
FM ; H ; 1983_1991;89;Cadres et prof. intellectuelles supérieures;17634;19982;3,3
FM ; H ; 1983_1991;89;Employés;18986;11254;3,2
FM ; H ; 1983_1991;89;Ensemble;18986;11730;3,2
FM ; H ; 1983_1991;89;Inactifs non retraités;18986;4144;3,2
FM ; H ; 1983_1991;89;Ouvriers;19499;9214;3,1
FM ; H ; 1983_1991;89;Professions intermédiaires;18986;14106;3,2
FM ; H ; 1983_1991;90;Agriculteurs;20642;11813;2,9
FM ; H ; 1983_1991;90;Artisans, commerçants, chefs d'entreprise;20642;10895;2,9
FM ; H ; 1983_1991;90;Cadres et prof. intellectuelles supérieures;19496;16459;3
FM ; H ; 1983_1991;90;Employés;20642;9117;2,9
FM ; H ; 1983_1991;90;Ensemble;20642;9503;2,9
FM ; H ; 1983_1991;90;Inactifs non retraités;20642;3357;2,9
FM ; H ; 1983_1991;90;Ouvriers;21094;7417;2,9
FM ; H ; 1983_1991;90;Professions intermédiaires;20642;11428;2,9
FM ; H ; 1983_1991;91;Agriculteurs;22028;9374;-
FM ; H ; 1983_1991;91;Artisans, commerçants, chefs d'entreprise;22028;8646;-
FM ; H ; 1983_1991;91;Cadres et prof. intellectuelles supérieures;21108;13250;-
FM ; H ; 1983_1991;91;Employés;22028;7235;-
FM ; H ; 1983_1991;91;Ensemble;22028;7541;-
FM ; H ; 1983_1991;91;Inactifs non retraités;22028;2664;-
FM ; H ; 1983_1991;91;Ouvriers;22462;5853;-
FM ; H ; 1983_1991;91;Professions intermédiaires;22028;9069;-
FM ; H ; 1983_1991;92;Agriculteurs;24257;7309;-
FM ; H ; 1983_1991;92;Artisans, commerçants, chefs d'entreprise;24257;6741;-
FM ; H ; 1983_1991;92;Cadres et prof. intellectuelles supérieures;23538;10453;-
FM ; H ; 1983_1991;92;Employés;24257;5642;-
FM ; H ; 1983_1991;92;Ensemble;24257;5880;-
FM ; H ; 1983_1991;92;Inactifs non retraités;24257;2077;-
FM ; H ; 1983_1991;92;Ouvriers;24681;4538;-
FM ; H ; 1983_1991;92;Professions intermédiaires;24257;7071;-
FM ; H ; 1983_1991;93;Agriculteurs;26170;5536;-
FM ; H ; 1983_1991;93;Artisans, commerçants, chefs d'entreprise;26170;5106;-
FM ; H ; 1983_1991;93;Cadres et prof. intellectuelles supérieures;25660;7993;-
FM ; H ; 1983_1991;93;Employés;26170;4273;-
FM ; H ; 1983_1991;93;Ensemble;26170;4454;-
FM ; H ; 1983_1991;93;Inactifs non retraités;26170;1574;-
FM ; H ; 1983_1991;93;Ouvriers;26570;3418;-
FM ; H ; 1983_1991;93;Professions intermédiaires;26170;5356;-
FM ; H ; 1983_1991;94;Agriculteurs;28906;4087;-
FM ; H ; 1983_1991;94;Artisans, commerçants, chefs d'entreprise;28906;3770;-
FM ; H ; 1983_1991;94;Cadres et prof. intellectuelles supérieures;28585;5942;-
FM ; H ; 1983_1991;94;Employés;28906;3155;-
FM ; H ; 1983_1991;94;Ensemble;28906;3288;-
FM ; H ; 1983_1991;94;Inactifs non retraités;28906;1162;-
FM ; H ; 1983_1991;94;Ouvriers;29284;2510;-
FM ; H ; 1983_1991;94;Professions intermédiaires;28906;3954;-
FM ; H ; 1983_1991;95;Agriculteurs;30663;2906;-
FM ; H ; 1983_1991;95;Artisans, commerçants, chefs d'entreprise;30663;2680;-
FM ; H ; 1983_1991;95;Cadres et prof. intellectuelles supérieures;30520;4243;-
FM ; H ; 1983_1991;95;Employés;30663;2243;-
FM ; H ; 1983_1991;95;Ensemble;30663;2338;-
FM ; H ; 1983_1991;95;Inactifs non retraités;30663;826;-
FM ; H ; 1983_1991;95;Ouvriers;30997;1775;-
FM ; H ; 1983_1991;95;Professions intermédiaires;30663;2811;-
FM ; H ; 1983_1991;96;Agriculteurs;31784;2015;-
FM ; H ; 1983_1991;96;Artisans, commerçants, chefs d'entreprise;31784;1858;-
FM ; H ; 1983_1991;96;Cadres et prof. intellectuelles supérieures;31784;2948;-
FM ; H ; 1983_1991;96;Employés;31784;1555;-
FM ; H ; 1983_1991;96;Ensemble;31784;1621;-
FM ; H ; 1983_1991;96;Inactifs non retraités;31784;573;-
FM ; H ; 1983_1991;96;Ouvriers;32061;1225;-
FM ; H ; 1983_1991;96;Professions intermédiaires;31784;1949;-
FM ; H ; 1983_1991;97;Agriculteurs;34324;1374;-
FM ; H ; 1983_1991;97;Artisans, commerçants, chefs d'entreprise;34324;1268;-
FM ; H ; 1983_1991;97;Cadres et prof. intellectuelles supérieures;34324;2011;-
FM ; H ; 1983_1991;97;Employés;34324;1061;-
FM ; H ; 1983_1991;97;Ensemble;34324;1106;-
FM ; H ; 1983_1991;97;Inactifs non retraités;34324;391;-
FM ; H ; 1983_1991;97;Ouvriers;34547;832;-
FM ; H ; 1983_1991;97;Professions intermédiaires;34324;1330;-
FM ; H ; 1983_1991;98;Agriculteurs;35612;903;-
FM ; H ; 1983_1991;98;Artisans, commerçants, chefs d'entreprise;35612;833;-
FM ; H ; 1983_1991;98;Cadres et prof. intellectuelles supérieures;35612;1321;-
FM ; H ; 1983_1991;98;Employés;35612;697;-
FM ; H ; 1983_1991;98;Ensemble;35612;726;-
FM ; H ; 1983_1991;98;Inactifs non retraités;35612;257;-
FM ; H ; 1983_1991;98;Ouvriers;35767;545;-
FM ; H ; 1983_1991;98;Professions intermédiaires;35612;873;-
FM ; H ; 1983_1991;99;Agriculteurs;35813;581;-
FM ; H ; 1983_1991;99;Artisans, commerçants, chefs d'entreprise;35813;536;-
FM ; H ; 1983_1991;99;Cadres et prof. intellectuelles supérieures;35813;850;-
FM ; H ; 1983_1991;99;Employés;35813;449;-
FM ; H ; 1983_1991;99;Ensemble;35813;468;-
FM ; H ; 1983_1991;99;Inactifs non retraités;35813;165;-
FM ; H ; 1983_1991;99;Ouvriers;35891;350;-
FM ; H ; 1983_1991;99;Professions intermédiaires;35813;562;-
FM ; H ; 1983_1991;100;Agriculteurs;35838;373;-
FM ; H ; 1983_1991;100;Artisans, commerçants, chefs d'entreprise;35838;344;-
FM ; H ; 1983_1991;100;Cadres et prof. intellectuelles supérieures;35838;546;-
FM ; H ; 1983_1991;100;Employés;35838;288;-
FM ; H ; 1983_1991;100;Ensemble;35838;300;-
FM ; H ; 1983_1991;100;Inactifs non retraités;35838;106;-
FM ; H ; 1983_1991;100;Ouvriers;35838;224;-
FM ; H ; 1983_1991;100;Professions intermédiaires;35838;361;-
FM ; H ; 1976_1984;30;Agriculteurs;108;100000;45
FM ; H ; 1976_1984;30;Artisans, commerçants, chefs d'entreprise;156;100000;44,3
FM ; H ; 1976_1984;30;Cadres et prof. intellectuelles supérieures;64;100000;46,5
FM ; H ; 1976_1984;30;Employés;183;100000;41,9
FM ; H ; 1976_1984;30;Ensemble;156;100000;42,5
FM ; H ; 1976_1984;30;Inactifs non retraités;859;100000;31,4
FM ; H ; 1976_1984;30;Ouvriers;189;100000;40,3
FM ; H ; 1976_1984;30;Professions intermédiaires;90;100000;45,3
FM ; H ; 1976_1984;31;Agriculteurs;108;99892;44,1
FM ; H ; 1976_1984;31;Artisans, commerçants, chefs d'entreprise;156;99844;43,4
FM ; H ; 1976_1984;31;Cadres et prof. intellectuelles supérieures;64;99936;45,6
FM ; H ; 1976_1984;31;Employés;182;99817;40,9
FM ; H ; 1976_1984;31;Ensemble;156;99844;41,6
FM ; H ; 1976_1984;31;Inactifs non retraités;872;99141;30,7
FM ; H ; 1976_1984;31;Ouvriers;188;99811;39,4
FM ; H ; 1976_1984;31;Professions intermédiaires;90;99910;44,3
FM ; H ; 1976_1984;32;Agriculteurs;113;99784;43,1
FM ; H ; 1976_1984;32;Artisans, commerçants, chefs d'entreprise;163;99688;42,4
FM ; H ; 1976_1984;32;Cadres et prof. intellectuelles supérieures;67;99872;44,6
FM ; H ; 1976_1984;32;Employés;191;99635;40
FM ; H ; 1976_1984;32;Ensemble;163;99688;40,6
FM ; H ; 1976_1984;32;Inactifs non retraités;886;98277;29,9
FM ; H ; 1976_1984;32;Ouvriers;196;99624;38,5
FM ; H ; 1976_1984;32;Professions intermédiaires;94;99820;43,4
FM ; H ; 1976_1984;33;Agriculteurs;119;99672;42,2
FM ; H ; 1976_1984;33;Artisans, commerçants, chefs d'entreprise;172;99526;41,5
FM ; H ; 1976_1984;33;Cadres et prof. intellectuelles supérieures;71;99805;43,6
FM ; H ; 1976_1984;33;Employés;202;99445;39,1
FM ; H ; 1976_1984;33;Ensemble;172;99526;39,7
FM ; H ; 1976_1984;33;Inactifs non retraités;912;97406;29,2
FM ; H ; 1976_1984;33;Ouvriers;207;99428;37,5
FM ; H ; 1976_1984;33;Professions intermédiaires;99;99727;42,4
FM ; H ; 1976_1984;34;Agriculteurs;123;99553;41,2
FM ; H ; 1976_1984;34;Artisans, commerçants, chefs d'entreprise;177;99355;40,6
FM ; H ; 1976_1984;34;Cadres et prof. intellectuelles supérieures;73;99735;42,7
FM ; H ; 1976_1984;34;Employés;208;99244;38,2
FM ; H ; 1976_1984;34;Ensemble;177;99355;38,8
FM ; H ; 1976_1984;34;Inactifs non retraités;941;96518;28,5
FM ; H ; 1976_1984;34;Ouvriers;214;99222;36,6
FM ; H ; 1976_1984;34;Professions intermédiaires;102;99628;41,4
FM ; H ; 1976_1984;35;Agriculteurs;136;99431;40,3
FM ; H ; 1976_1984;35;Artisans, commerçants, chefs d'entreprise;196;99178;39,6
FM ; H ; 1976_1984;35;Cadres et prof. intellectuelles supérieures;80;99663;41,7
FM ; H ; 1976_1984;35;Employés;230;99038;37,2
FM ; H ; 1976_1984;35;Ensemble;196;99178;37,8
FM ; H ; 1976_1984;35;Inactifs non retraités;973;95610;27,7
FM ; H ; 1976_1984;35;Ouvriers;237;99010;35,7
FM ; H ; 1976_1984;35;Professions intermédiaires;113;99526;40,5
FM ; H ; 1976_1984;36;Agriculteurs;140;99296;39,3
FM ; H ; 1976_1984;36;Artisans, commerçants, chefs d'entreprise;206;98984;38,7
FM ; H ; 1976_1984;36;Cadres et prof. intellectuelles supérieures;86;99582;40,7
FM ; H ; 1976_1984;36;Employés;242;98810;36,3
FM ; H ; 1976_1984;36;Ensemble;206;98984;36,9
FM ; H ; 1976_1984;36;Inactifs non retraités;1007;94679;27
FM ; H ; 1976_1984;36;Ouvriers;249;98776;34,8
FM ; H ; 1976_1984;36;Professions intermédiaires;119;99413;39,5
FM ; H ; 1976_1984;37;Agriculteurs;151;99157;38,4
FM ; H ; 1976_1984;37;Artisans, commerçants, chefs d'entreprise;224;98780;37,8
FM ; H ; 1976_1984;37;Cadres et prof. intellectuelles supérieures;96;99496;39,8
FM ; H ; 1976_1984;37;Employés;263;98572;35,4
FM ; H ; 1976_1984;37;Ensemble;224;98780;36
FM ; H ; 1976_1984;37;Inactifs non retraités;1043;93725;26,3
FM ; H ; 1976_1984;37;Ouvriers;271;98530;33,9
FM ; H ; 1976_1984;37;Professions intermédiaires;129;99295;38,6
FM ; H ; 1976_1984;38;Agriculteurs;163;99007;37,4
FM ; H ; 1976_1984;38;Artisans, commerçants, chefs d'entreprise;246;98558;36,9
FM ; H ; 1976_1984;38;Cadres et prof. intellectuelles supérieures;107;99401;38,8
FM ; H ; 1976_1984;38;Employés;289;98312;34,5
FM ; H ; 1976_1984;38;Ensemble;246;98558;35,1
FM ; H ; 1976_1984;38;Inactifs non retraités;1092;92748;25,6
FM ; H ; 1976_1984;38;Ouvriers;295;98264;33
FM ; H ; 1976_1984;38;Professions intermédiaires;142;99167;37,6
FM ; H ; 1976_1984;39;Agriculteurs;179;98845;36,5
FM ; H ; 1976_1984;39;Artisans, commerçants, chefs d'entreprise;273;98315;36
FM ; H ; 1976_1984;39;Cadres et prof. intellectuelles supérieures;120;99295;37,8
FM ; H ; 1976_1984;39;Employés;319;98028;33,6
FM ; H ; 1976_1984;39;Ensemble;273;98315;34,1
FM ; H ; 1976_1984;39;Inactifs non retraités;1158;91735;24,8
FM ; H ; 1976_1984;39;Ouvriers;331;97974;32,1
FM ; H ; 1976_1984;39;Professions intermédiaires;158;99026;36,7
FM ; H ; 1976_1984;40;Agriculteurs;193;98668;35,6
FM ; H ; 1976_1984;40;Artisans, commerçants, chefs d'entreprise;296;98047;35,1
FM ; H ; 1976_1984;40;Cadres et prof. intellectuelles supérieures;132;99176;36,9
FM ; H ; 1976_1984;40;Employés;345;97716;32,7
FM ; H ; 1976_1984;40;Ensemble;296;98047;33,2
FM ; H ; 1976_1984;40;Inactifs non retraités;1208;90672;24,1
FM ; H ; 1976_1984;40;Ouvriers;364;97650;31,2
FM ; H ; 1976_1984;40;Professions intermédiaires;171;98870;35,7
FM ; H ; 1976_1984;41;Agriculteurs;208;98478;34,6
FM ; H ; 1976_1984;41;Artisans, commerçants, chefs d'entreprise;321;97756;34,2
FM ; H ; 1976_1984;41;Cadres et prof. intellectuelles supérieures;146;99045;35,9
FM ; H ; 1976_1984;41;Employés;374;97379;31,8
FM ; H ; 1976_1984;41;Ensemble;323;97756;32,3
FM ; H ; 1976_1984;41;Inactifs non retraités;1264;89577;23,4
FM ; H ; 1976_1984;41;Ouvriers;401;97294;30,3
FM ; H ; 1976_1984;41;Professions intermédiaires;187;98700;34,8
FM ; H ; 1976_1984;42;Agriculteurs;231;98274;33,7
FM ; H ; 1976_1984;42;Artisans, commerçants, chefs d'entreprise;350;97442;33,3
FM ; H ; 1976_1984;42;Cadres et prof. intellectuelles supérieures;166;98900;35
FM ; H ; 1976_1984;42;Employés;417;97015;31
FM ; H ; 1976_1984;42;Ensemble;362;97441;31,4
FM ; H ; 1976_1984;42;Inactifs non retraités;1361;88445;22,7
FM ; H ; 1976_1984;42;Ouvriers;454;96905;29,4
FM ; H ; 1976_1984;42;Professions intermédiaires;209;98516;33,9
FM ; H ; 1976_1984;43;Agriculteurs;253;98047;32,8
FM ; H ; 1976_1984;43;Artisans, commerçants, chefs d'entreprise;376;97101;32,4
FM ; H ; 1976_1984;43;Cadres et prof. intellectuelles supérieures;186;98735;34,1
FM ; H ; 1976_1984;43;Employés;458;96611;30,1
FM ; H ; 1976_1984;43;Ensemble;399;97089;30,6
FM ; H ; 1976_1984;43;Inactifs non retraités;1447;87241;22
FM ; H ; 1976_1984;43;Ouvriers;506;96465;28,5
FM ; H ; 1976_1984;43;Professions intermédiaires;232;98310;32,9
FM ; H ; 1976_1984;44;Agriculteurs;286;97799;31,9
FM ; H ; 1976_1984;44;Artisans, commerçants, chefs d'entreprise;419;96736;31,5
FM ; H ; 1976_1984;44;Cadres et prof. intellectuelles supérieures;215;98552;33,1
FM ; H ; 1976_1984;44;Employés;521;96168;29,2
FM ; H ; 1976_1984;44;Ensemble;456;96701;29,7
FM ; H ; 1976_1984;44;Inactifs non retraités;1589;85980;21,4
FM ; H ; 1976_1984;44;Ouvriers;583;95977;27,7
FM ; H ; 1976_1984;44;Professions intermédiaires;265;98082;32
FM ; H ; 1976_1984;45;Agriculteurs;312;97519;31
FM ; H ; 1976_1984;45;Artisans, commerçants, chefs d'entreprise;447;96331;30,6
FM ; H ; 1976_1984;45;Cadres et prof. intellectuelles supérieures;239;98340;32,2
FM ; H ; 1976_1984;45;Employés;569;95667;28,4
FM ; H ; 1976_1984;45;Ensemble;500;96260;28,8
FM ; H ; 1976_1984;45;Inactifs non retraités;1676;84614;20,7
FM ; H ; 1976_1984;45;Ouvriers;646;95417;26,8
FM ; H ; 1976_1984;45;Professions intermédiaires;291;97822;31,1
FM ; H ; 1976_1984;46;Agriculteurs;341;97215;30,1
FM ; H ; 1976_1984;46;Artisans, commerçants, chefs d'entreprise;481;95900;29,8
FM ; H ; 1976_1984;46;Cadres et prof. intellectuelles supérieures;267;98104;31,3
FM ; H ; 1976_1984;46;Employés;624;95123;27,5
FM ; H ; 1976_1984;46;Ensemble;551;95779;28
FM ; H ; 1976_1984;46;Inactifs non retraités;1776;83195;20,1
FM ; H ; 1976_1984;46;Ouvriers;717;94801;26
FM ; H ; 1976_1984;46;Professions intermédiaires;321;97537;30,2
FM ; H ; 1976_1984;47;Agriculteurs;381;96884;29,2
FM ; H ; 1976_1984;47;Artisans, commerçants, chefs d'entreprise;528;95439;28,9
FM ; H ; 1976_1984;47;Cadres et prof. intellectuelles supérieures;304;97842;30,3
FM ; H ; 1976_1984;47;Employés;698;94530;26,7
FM ; H ; 1976_1984;47;Ensemble;619;95251;27,1
FM ; H ; 1976_1984;47;Inactifs non retraités;1921;81718;19,4
FM ; H ; 1976_1984;47;Ouvriers;813;94121;25,2
FM ; H ; 1976_1984;47;Professions intermédiaires;362;97224;29,3
FM ; H ; 1976_1984;48;Agriculteurs;412;96515;28,3
FM ; H ; 1976_1984;48;Artisans, commerçants, chefs d'entreprise;562;94935;28,1
FM ; H ; 1976_1984;48;Cadres et prof. intellectuelles supérieures;337;97544;29,4
FM ; H ; 1976_1984;48;Employés;758;93869;25,9
FM ; H ; 1976_1984;48;Ensemble;675;94661;26,3
FM ; H ; 1976_1984;48;Inactifs non retraités;2015;80148;18,8
FM ; H ; 1976_1984;48;Ouvriers;894;93356;24,4
FM ; H ; 1976_1984;48;Professions intermédiaires;395;96872;28,4
FM ; H ; 1976_1984;49;Agriculteurs;457;96117;27,4
FM ; H ; 1976_1984;49;Artisans, commerçants, chefs d'entreprise;612;94402;27,2
FM ; H ; 1976_1984;49;Cadres et prof. intellectuelles supérieures;380;97216;28,5
FM ; H ; 1976_1984;49;Employés;841;93158;25,1
FM ; H ; 1976_1984;49;Ensemble;752;94022;25,5
FM ; H ; 1976_1984;49;Inactifs non retraités;2158;78533;18,2
FM ; H ; 1976_1984;49;Ouvriers;1003;92522;23,6
FM ; H ; 1976_1984;49;Professions intermédiaires;441;96489;27,5
FM ; H ; 1976_1984;50;Agriculteurs;493;95678;26,5
FM ; H ; 1976_1984;50;Artisans, commerçants, chefs d'entreprise;649;93824;26,4
FM ; H ; 1976_1984;50;Cadres et prof. intellectuelles supérieures;418;96847;27,7
FM ; H ; 1976_1984;50;Employés;909;92374;24,3
FM ; H ; 1976_1984;50;Ensemble;816;93315;24,7
FM ; H ; 1976_1984;50;Inactifs non retraités;2254;76838;17,6
FM ; H ; 1976_1984;50;Ouvriers;1096;91594;22,9
FM ; H ; 1976_1984;50;Professions intermédiaires;481;96063;26,6
FM ; H ; 1976_1984;51;Agriculteurs;551;95207;25,6
FM ; H ; 1976_1984;51;Artisans, commerçants, chefs d'entreprise;716;93215;25,6
FM ; H ; 1976_1984;51;Cadres et prof. intellectuelles supérieures;466;96442;26,8
FM ; H ; 1976_1984;51;Employés;993;91535;23,5
FM ; H ; 1976_1984;51;Ensemble;896;92554;23,9
FM ; H ; 1976_1984;51;Inactifs non retraités;2449;75106;17
FM ; H ; 1976_1984;51;Ouvriers;1195;90591;22,1
FM ; H ; 1976_1984;51;Professions intermédiaires;537;95602;25,8
FM ; H ; 1976_1984;52;Agriculteurs;601;94682;24,8
FM ; H ; 1976_1984;52;Artisans, commerçants, chefs d'entreprise;769;92547;24,8
FM ; H ; 1976_1984;52;Cadres et prof. intellectuelles supérieures;506;95993;25,9
FM ; H ; 1976_1984;52;Employés;1057;90626;22,8
FM ; H ; 1976_1984;52;Ensemble;958;91725;23,1
FM ; H ; 1976_1984;52;Inactifs non retraités;2593;73267;16,4
FM ; H ; 1976_1984;52;Ouvriers;1270;89508;21,4
FM ; H ; 1976_1984;52;Professions intermédiaires;585;95088;24,9
FM ; H ; 1976_1984;53;Agriculteurs;665;94113;23,9
FM ; H ; 1976_1984;53;Artisans, commerçants, chefs d'entreprise;838;91835;24
FM ; H ; 1976_1984;53;Cadres et prof. intellectuelles supérieures;558;95507;25
FM ; H ; 1976_1984;53;Employés;1141;89668;22
FM ; H ; 1976_1984;53;Ensemble;1039;90846;22,3
FM ; H ; 1976_1984;53;Inactifs non retraités;2785;71367;15,9
FM ; H ; 1976_1984;53;Ouvriers;1368;88372;20,7
FM ; H ; 1976_1984;53;Professions intermédiaires;647;94532;24
FM ; H ; 1976_1984;54;Agriculteurs;723;93487;23,1
FM ; H ; 1976_1984;54;Artisans, commerçants, chefs d'entreprise;898;91066;23,2
FM ; H ; 1976_1984;54;Cadres et prof. intellectuelles supérieures;604;94974;24,2
FM ; H ; 1976_1984;54;Employés;1211;88645;21,3
FM ; H ; 1976_1984;54;Ensemble;1108;89902;21,5
FM ; H ; 1976_1984;54;Inactifs non retraités;2941;69380;15,3
FM ; H ; 1976_1984;54;Ouvriers;1450;87163;20
FM ; H ; 1976_1984;54;Professions intermédiaires;703;93920;23,2
FM ; H ; 1976_1984;55;Agriculteurs;799;92811;22,3
FM ; H ; 1976_1984;55;Artisans, commerçants, chefs d'entreprise;979;90248;22,4
FM ; H ; 1976_1984;55;Cadres et prof. intellectuelles supérieures;665;94401;23,3
FM ; H ; 1976_1984;55;Employés;1308;87572;20,5
FM ; H ; 1976_1984;55;Ensemble;1202;88906;20,8
FM ; H ; 1976_1984;55;Inactifs non retraités;3158;67339;14,8
FM ; H ; 1976_1984;55;Ouvriers;1563;85899;19,2
FM ; H ; 1976_1984;55;Professions intermédiaires;776;93260;22,4
FM ; H ; 1976_1984;56;Agriculteurs;877;92069;21,4
FM ; H ; 1976_1984;56;Artisans, commerçants, chefs d'entreprise;1058;89364;21,6
FM ; H ; 1976_1984;56;Cadres et prof. intellectuelles supérieures;727;93772;22,5
FM ; H ; 1976_1984;56;Employés;1401;86426;19,8
FM ; H ; 1976_1984;56;Ensemble;1294;87837;20
FM ; H ; 1976_1984;56;Inactifs non retraités;3366;65212;14,3
FM ; H ; 1976_1984;56;Ouvriers;1671;84556;18,6
FM ; H ; 1976_1984;56;Professions intermédiaires;851;92536;21,5
FM ; H ; 1976_1984;57;Agriculteurs;957;91262;20,6
FM ; H ; 1976_1984;57;Artisans, commerçants, chefs d'entreprise;1138;88419;20,8
FM ; H ; 1976_1984;57;Cadres et prof. intellectuelles supérieures;790;93090;21,6
FM ; H ; 1976_1984;57;Employés;1492;85215;19,1
FM ; H ; 1976_1984;57;Ensemble;1385;86700;19,3
FM ; H ; 1976_1984;57;Inactifs non retraités;3566;63017;13,8
FM ; H ; 1976_1984;57;Ouvriers;1777;83143;17,9
FM ; H ; 1976_1984;57;Professions intermédiaires;928;91749;20,7
FM ; H ; 1976_1984;58;Agriculteurs;1053;90389;19,8
FM ; H ; 1976_1984;58;Artisans, commerçants, chefs d'entreprise;1233;87413;20,1
FM ; H ; 1976_1984;58;Cadres et prof. intellectuelles supérieures;866;92355;20,8
FM ; H ; 1976_1984;58;Employés;1603;83944;18,4
FM ; H ; 1976_1984;58;Ensemble;1495;85499;18,6
FM ; H ; 1976_1984;58;Inactifs non retraités;3811;60770;13,3
FM ; H ; 1976_1984;58;Ouvriers;1906;81665;17,2
FM ; H ; 1976_1984;58;Professions intermédiaires;1020;90897;19,9
FM ; H ; 1976_1984;59;Agriculteurs;1151;89437;19
FM ; H ; 1976_1984;59;Artisans, commerçants, chefs d'entreprise;1329;86335;19,3
FM ; H ; 1976_1984;59;Cadres et prof. intellectuelles supérieures;944;91554;20
FM ; H ; 1976_1984;59;Employés;1711;82598;17,7
FM ; H ; 1976_1984;59;Ensemble;1603;84221;17,8
FM ; H ; 1976_1984;59;Inactifs non retraités;4046;58454;12,8
FM ; H ; 1976_1984;59;Ouvriers;2030;80109;16,5
FM ; H ; 1976_1984;59;Professions intermédiaires;1114;89970;19,1
FM ; H ; 1976_1984;60;Agriculteurs;1261;88407;18,3
FM ; H ; 1976_1984;60;Artisans, commerçants, chefs d'entreprise;1434;85188;18,6
FM ; H ; 1976_1984;60;Cadres et prof. intellectuelles supérieures;1030;90691;19,2
FM ; H ; 1976_1984;60;Employés;1830;81185;17
FM ; H ; 1976_1984;60;Ensemble;1722;82872;17,1
FM ; H ; 1976_1984;60;Inactifs non retraités;4304;56089;12,3
FM ; H ; 1976_1984;60;Ouvriers;2168;78482;15,9
FM ; H ; 1976_1984;60;Professions intermédiaires;1219;88968;18,3
FM ; H ; 1976_1984;61;Agriculteurs;1382;87293;17,5
FM ; H ; 1976_1984;61;Artisans, commerçants, chefs d'entreprise;1549;83966;17,8
FM ; H ; 1976_1984;61;Cadres et prof. intellectuelles supérieures;1133;89757;18,4
FM ; H ; 1976_1984;61;Employés;1974;79699;16,3
FM ; H ; 1976_1984;61;Ensemble;1865;81444;16,4
FM ; H ; 1976_1984;61;Inactifs non retraités;4540;53675;11,9
FM ; H ; 1976_1984;61;Ouvriers;2339;76781;15,2
FM ; H ; 1976_1984;61;Professions intermédiaires;1339;87883;17,6
FM ; H ; 1976_1984;62;Agriculteurs;1514;86086;16,7
FM ; H ; 1976_1984;62;Artisans, commerçants, chefs d'entreprise;1672;82665;17,1
FM ; H ; 1976_1984;62;Cadres et prof. intellectuelles supérieures;1245;88740;17,6
FM ; H ; 1976_1984;62;Employés;2127;78125;15,6
FM ; H ; 1976_1984;62;Ensemble;2019;79925;15,7
FM ; H ; 1976_1984;62;Inactifs non retraités;4779;51238;11,5
FM ; H ; 1976_1984;62;Ouvriers;2520;74985;14,6
FM ; H ; 1976_1984;62;Professions intermédiaires;1470;86706;16,8
FM ; H ; 1976_1984;63;Agriculteurs;1661;84783;16
FM ; H ; 1976_1984;63;Artisans, commerçants, chefs d'entreprise;1808;81283;16,4
FM ; H ; 1976_1984;63;Cadres et prof. intellectuelles supérieures;1372;87635;16,8
FM ; H ; 1976_1984;63;Employés;2296;76463;15
FM ; H ; 1976_1984;63;Ensemble;2188;78312;15,1
FM ; H ; 1976_1984;63;Inactifs non retraités;5035;48789;11
FM ; H ; 1976_1984;63;Ouvriers;2719;73096;14
FM ; H ; 1976_1984;63;Professions intermédiaires;1616;85432;16
FM ; H ; 1976_1984;64;Agriculteurs;1805;83375;15,3
FM ; H ; 1976_1984;64;Artisans, commerçants, chefs d'entreprise;1938;79813;15,7
FM ; H ; 1976_1984;64;Cadres et prof. intellectuelles supérieures;1497;86433;16
FM ; H ; 1976_1984;64;Employés;2455;74708;14,3
FM ; H ; 1976_1984;64;Ensemble;2348;76598;14,4
FM ; H ; 1976_1984;64;Inactifs non retraités;5251;46333;10,6
FM ; H ; 1976_1984;64;Ouvriers;2905;71108;13,3
FM ; H ; 1976_1984;64;Professions intermédiaires;1760;84051;15,3
FM ; H ; 1976_1984;65;Agriculteurs;1973;81870;14,5
FM ; H ; 1976_1984;65;Artisans, commerçants, chefs d'entreprise;2088;78266;15
FM ; H ; 1976_1984;65;Cadres et prof. intellectuelles supérieures;1644;85138;15,3
FM ; H ; 1976_1984;65;Employés;2638;72874;13,7
FM ; H ; 1976_1984;65;Ensemble;2534;74800;13,8
FM ; H ; 1976_1984;65;Inactifs non retraités;5502;43900;10,2
FM ; H ; 1976_1984;65;Ouvriers;3120;69042;12,7
FM ; H ; 1976_1984;65;Professions intermédiaires;1927;82572;14,6
FM ; H ; 1976_1984;66;Agriculteurs;2166;80255;13,8
FM ; H ; 1976_1984;66;Artisans, commerçants, chefs d'entreprise;2261;76632;14,4
FM ; H ; 1976_1984;66;Cadres et prof. intellectuelles supérieures;1813;83739;14,5
FM ; H ; 1976_1984;66;Employés;2849;70951;13
FM ; H ; 1976_1984;66;Ensemble;2748;72904;13,1
FM ; H ; 1976_1984;66;Inactifs non retraités;5788;41484;9,8
FM ; H ; 1976_1984;66;Ouvriers;3365;66888;12,2
FM ; H ; 1976_1984;66;Professions intermédiaires;2121;80981;13,9
FM ; H ; 1976_1984;67;Agriculteurs;2378;78517;13,1
FM ; H ; 1976_1984;67;Artisans, commerçants, chefs d'entreprise;2446;74900;13,7
FM ; H ; 1976_1984;67;Cadres et prof. intellectuelles supérieures;2000;82221;13,8
FM ; H ; 1976_1984;67;Employés;3073;68930;12,4
FM ; H ; 1976_1984;67;Ensemble;2976;70901;12,5
FM ; H ; 1976_1984;67;Inactifs non retraités;6078;39083;9,4
FM ; H ; 1976_1984;67;Ouvriers;3624;64637;11,6
FM ; H ; 1976_1984;67;Professions intermédiaires;2332;79264;13,2
FM ; H ; 1976_1984;68;Agriculteurs;2617;76650;12,5
FM ; H ; 1976_1984;68;Artisans, commerçants, chefs d'entreprise;2656;73068;13
FM ; H ; 1976_1984;68;Cadres et prof. intellectuelles supérieures;2213;80576;13,1
FM ; H ; 1976_1984;68;Employés;3325;66811;11,8
FM ; H ; 1976_1984;68;Ensemble;3233;68791;11,9
FM ; H ; 1976_1984;68;Inactifs non retraités;6397;36707;9
FM ; H ; 1976_1984;68;Ouvriers;3914;62295;11
FM ; H ; 1976_1984;68;Professions intermédiaires;2573;77415;12,5
FM ; H ; 1976_1984;69;Agriculteurs;2905;74644;11,8
FM ; H ; 1976_1984;69;Artisans, commerçants, chefs d'entreprise;2908;71127;12,4
FM ; H ; 1976_1984;69;Cadres et prof. intellectuelles supérieures;2470;78793;12,4
FM ; H ; 1976_1984;69;Employés;3626;64590;11,2
FM ; H ; 1976_1984;69;Ensemble;3540;66567;11,3
FM ; H ; 1976_1984;69;Inactifs non retraités;6780;34359;8,6
FM ; H ; 1976_1984;69;Ouvriers;4259;59857;10,5
FM ; H ; 1976_1984;69;Professions intermédiaires;2862;75424;11,8
FM ; H ; 1976_1984;70;Agriculteurs;3232;72475;11,2
FM ; H ; 1976_1984;70;Artisans, commerçants, chefs d'entreprise;3190;69059;11,8
FM ; H ; 1976_1984;70;Cadres et prof. intellectuelles supérieures;2763;76848;11,7
FM ; H ; 1976_1984;70;Employés;3960;62248;10,7
FM ; H ; 1976_1984;70;Ensemble;3882;64211;10,7
FM ; H ; 1976_1984;70;Inactifs non retraités;7192;32030;8,3
FM ; H ; 1976_1984;70;Ouvriers;4640;57307;9,9
FM ; H ; 1976_1984;70;Professions intermédiaires;3190;73265;11,2
FM ; H ; 1976_1984;71;Agriculteurs;3563;70133;10,5
FM ; H ; 1976_1984;71;Artisans, commerçants, chefs d'entreprise;3470;66856;11,1
FM ; H ; 1976_1984;71;Cadres et prof. intellectuelles supérieures;3066;74724;11
FM ; H ; 1976_1984;71;Employés;4287;59783;10,1
FM ; H ; 1976_1984;71;Ensemble;4220;61718;10,1
FM ; H ; 1976_1984;71;Inactifs non retraités;7557;29726;7,9
FM ; H ; 1976_1984;71;Ouvriers;5009;54648;9,4
FM ; H ; 1976_1984;71;Professions intermédiaires;3525;70928;10,5
FM ; H ; 1976_1984;72;Agriculteurs;3971;67634;9,9
FM ; H ; 1976_1984;72;Artisans, commerçants, chefs d'entreprise;3816;64536;10,5
FM ; H ; 1976_1984;72;Cadres et prof. intellectuelles supérieures;3439;72434;10,4
FM ; H ; 1976_1984;72;Employés;4689;57220;9,5
FM ; H ; 1976_1984;72;Ensemble;4634;59113;9,6
FM ; H ; 1976_1984;72;Inactifs non retraités;8017;27480;7,6
FM ; H ; 1976_1984;72;Ouvriers;5461;51911;8,9
FM ; H ; 1976_1984;72;Professions intermédiaires;3937;68428;9,9
FM ; H ; 1976_1984;73;Agriculteurs;4418;64948;9,3
FM ; H ; 1976_1984;73;Artisans, commerçants, chefs d'entreprise;4190;62073;10
FM ; H ; 1976_1984;73;Cadres et prof. intellectuelles supérieures;3852;69943;9,8
FM ; H ; 1976_1984;73;Employés;5120;54536;9
FM ; H ; 1976_1984;73;Ensemble;5080;56374;9
FM ; H ; 1976_1984;73;Inactifs non retraités;8485;25277;7,2
FM ; H ; 1976_1984;73;Ouvriers;5940;49076;8,4
FM ; H ; 1976_1984;73;Professions intermédiaires;4389;65734;9,3
FM ; H ; 1976_1984;74;Agriculteurs;4947;62079;8,8
FM ; H ; 1976_1984;74;Artisans, commerçants, chefs d'entreprise;4631;59473;9,4
FM ; H ; 1976_1984;74;Cadres et prof. intellectuelles supérieures;4345;67248;9,1
FM ; H ; 1976_1984;74;Employés;5623;51744;8,5
FM ; H ; 1976_1984;74;Ensemble;5601;53510;8,5
FM ; H ; 1976_1984;74;Inactifs non retraités;9028;23132;6,9
FM ; H ; 1976_1984;74;Ouvriers;6497;46161;8
FM ; H ; 1976_1984;74;Professions intermédiaires;4925;62849;8,7
FM ; H ; 1976_1984;75;Agriculteurs;5478;59008;8,2
FM ; H ; 1976_1984;75;Artisans, commerçants, chefs d'entreprise;5065;56719;8,9
FM ; H ; 1976_1984;75;Cadres et prof. intellectuelles supérieures;4848;64326;8,6
FM ; H ; 1976_1984;75;Employés;6108;48835;8
FM ; H ; 1976_1984;75;Ensemble;6108;50513;8
FM ; H ; 1976_1984;75;Inactifs non retraités;9500;21044;6,6
FM ; H ; 1976_1984;75;Ouvriers;7026;43162;7,5
FM ; H ; 1976_1984;75;Professions intermédiaires;5465;59754;8,2
FM ; H ; 1976_1984;76;Agriculteurs;6107;55775;7,7
FM ; H ; 1976_1984;76;Artisans, commerçants, chefs d'entreprise;5579;53846;8,3
FM ; H ; 1976_1984;76;Cadres et prof. intellectuelles supérieures;5449;61208;8
FM ; H ; 1976_1984;76;Employés;6705;45852;7,5
FM ; H ; 1976_1984;76;Ensemble;6705;47427;7,5
FM ; H ; 1976_1984;76;Inactifs non retraités;10061;19045;6,2
FM ; H ; 1976_1984;76;Ouvriers;7646;40130;7,1
FM ; H ; 1976_1984;76;Professions intermédiaires;6105;56488;7,7
FM ; H ; 1976_1984;77;Agriculteurs;6775;52369;7,2
FM ; H ; 1976_1984;77;Artisans, commerçants, chefs d'entreprise;6121;50842;7,8
FM ; H ; 1976_1984;77;Cadres et prof. intellectuelles supérieures;6096;57872;7,5
FM ; H ; 1976_1984;77;Employés;7326;42777;7,1
FM ; H ; 1976_1984;77;Ensemble;7326;44247;7,1
FM ; H ; 1976_1984;77;Inactifs non retraités;10609;17128;5,9
FM ; H ; 1976_1984;77;Ouvriers;8280;37061;6,7
FM ; H ; 1976_1984;77;Professions intermédiaires;6787;53039;7,2
FM ; H ; 1976_1984;78;Agriculteurs;7531;48821;6,7
FM ; H ; 1976_1984;78;Artisans, commerçants, chefs d'entreprise;6733;47730;7,3
FM ; H ; 1976_1984;78;Cadres et prof. intellectuelles supérieures;6835;54344;6,9
FM ; H ; 1976_1984;78;Employés;8020;39644;6,6
FM ; H ; 1976_1984;78;Ensemble;8020;41006;6,6
FM ; H ; 1976_1984;78;Inactifs non retraités;11213;15311;5,7
FM ; H ; 1976_1984;78;Ouvriers;8983;33993;6,3
FM ; H ; 1976_1984;78;Professions intermédiaires;7559;49439;6,7
FM ; H ; 1976_1984;79;Agriculteurs;8415;45145;6,3
FM ; H ; 1976_1984;79;Artisans, commerçants, chefs d'entreprise;7453;44516;6,9
FM ; H ; 1976_1984;79;Cadres et prof. intellectuelles supérieures;7708;50630;6,4
FM ; H ; 1976_1984;79;Employés;8829;36464;6,2
FM ; H ; 1976_1984;79;Ensemble;8829;37717;6,2
FM ; H ; 1976_1984;79;Inactifs non retraités;11924;13594;5,4
FM ; H ; 1976_1984;79;Ouvriers;9799;30939;5,9
FM ; H ; 1976_1984;79;Professions intermédiaires;8463;45702;6,2
FM ; H ; 1976_1984;80;Agriculteurs;9258;41346;5,8
FM ; H ; 1976_1984;80;Artisans, commerçants, chefs d'entreprise;8130;41198;6,4
FM ; H ; 1976_1984;80;Cadres et prof. intellectuelles supérieures;8557;46727;6
FM ; H ; 1976_1984;80;Employés;9573;33245;5,8
FM ; H ; 1976_1984;80;Ensemble;9573;34387;5,8
FM ; H ; 1976_1984;80;Inactifs non retraités;12502;11974;5,1
FM ; H ; 1976_1984;80;Ouvriers;10528;27907;5,5
FM ; H ; 1976_1984;80;Professions intermédiaires;9326;41834;5,8
FM ; H ; 1976_1984;81;Agriculteurs;10306;37518;5,4
FM ; H ; 1976_1984;81;Artisans, commerçants, chefs d'entreprise;8985;37849;6
FM ; H ; 1976_1984;81;Cadres et prof. intellectuelles supérieures;9615;42729;5,5
FM ; H ; 1976_1984;81;Employés;10509;30063;5,4
FM ; H ; 1976_1984;81;Ensemble;10509;31096;5,4
FM ; H ; 1976_1984;81;Inactifs non retraités;13285;10477;4,8
FM ; H ; 1976_1984;81;Ouvriers;11452;24969;5,2
FM ; H ; 1976_1984;81;Professions intermédiaires;10398;37933;5,4
FM ; H ; 1976_1984;82;Agriculteurs;11357;33651;5,1
FM ; H ; 1976_1984;82;Artisans, commerçants, chefs d'entreprise;9842;34448;5,6
FM ; H ; 1976_1984;82;Cadres et prof. intellectuelles supérieures;10694;38620;5,1
FM ; H ; 1976_1984;82;Employés;11430;26903;5,1
FM ; H ; 1976_1984;82;Ensemble;11430;27828;5,1
FM ; H ; 1976_1984;82;Inactifs non retraités;14007;9085;4,6
FM ; H ; 1976_1984;82;Ouvriers;12344;22109;4,8
FM ; H ; 1976_1984;82;Professions intermédiaires;11430;33988;5,1
FM ; H ; 1976_1984;83;Agriculteurs;12516;29829;4,7
FM ; H ; 1976_1984;83;Artisans, commerçants, chefs d'entreprise;10860;31058;5,2
FM ; H ; 1976_1984;83;Cadres et prof. intellectuelles supérieures;11963;34490;4,8
FM ; H ; 1976_1984;83;Employés;12516;23828;4,7
FM ; H ; 1976_1984;83;Ensemble;12516;24647;4,7
FM ; H ; 1976_1984;83;Inactifs non retraités;14891;7812;4,3
FM ; H ; 1976_1984;83;Ouvriers;13399;19380;4,5
FM ; H ; 1976_1984;83;Professions intermédiaires;12516;30104;4,7
FM ; H ; 1976_1984;84;Agriculteurs;13634;26096;4,4
FM ; H ; 1976_1984;84;Artisans, commerçants, chefs d'entreprise;11925;27685;4,8
FM ; H ; 1976_1984;84;Cadres et prof. intellectuelles supérieures;13295;30364;4,4
FM ; H ; 1976_1984;84;Employés;13634;20846;4,4
FM ; H ; 1976_1984;84;Ensemble;13634;21562;4,4
FM ; H ; 1976_1984;84;Inactifs non retraités;15777;6649;4,1
FM ; H ; 1976_1984;84;Ouvriers;14473;16783;4,2
FM ; H ; 1976_1984;84;Professions intermédiaires;13634;26336;4,4
FM ; H ; 1976_1984;85;Agriculteurs;14813;22538;4,1
FM ; H ; 1976_1984;85;Artisans, commerçants, chefs d'entreprise;13062;24383;4,4
FM ; H ; 1976_1984;85;Cadres et prof. intellectuelles supérieures;14714;26327;4,1
FM ; H ; 1976_1984;85;Employés;14813;18004;4,1
FM ; H ; 1976_1984;85;Ensemble;14813;18622;4,1
FM ; H ; 1976_1984;85;Inactifs non retraités;16707;5600;3,8
FM ; H ; 1976_1984;85;Ouvriers;15599;14354;3,9
FM ; H ; 1976_1984;85;Professions intermédiaires;14813;22745;4,1
FM ; H ; 1976_1984;86;Agriculteurs;16180;19199;3,8
FM ; H ; 1976_1984;86;Artisans, commerçants, chefs d'entreprise;14388;21198;4,1
FM ; H ; 1976_1984;86;Cadres et prof. intellectuelles supérieures;16180;22454;3,8
FM ; H ; 1976_1984;86;Employés;16180;15337;3,8
FM ; H ; 1976_1984;86;Ensemble;16180;15864;3,8
FM ; H ; 1976_1984;86;Inactifs non retraités;17823;4664;3,6
FM ; H ; 1976_1984;86;Ouvriers;16911;12115;3,7
FM ; H ; 1976_1984;86;Professions intermédiaires;16180;19376;3,8
FM ; H ; 1976_1984;87;Agriculteurs;17586;16093;3,5
FM ; H ; 1976_1984;87;Artisans, commerçants, chefs d'entreprise;15769;18148;3,8
FM ; H ; 1976_1984;87;Cadres et prof. intellectuelles supérieures;17586;18821;3,5
FM ; H ; 1976_1984;87;Employés;17586;12855;3,5
FM ; H ; 1976_1984;87;Ensemble;17586;13297;3,5
FM ; H ; 1976_1984;87;Inactifs non retraités;18964;3833;3,4
FM ; H ; 1976_1984;87;Ouvriers;18252;10066;3,4
FM ; H ; 1976_1984;87;Professions intermédiaires;17586;16241;3,5
FM ; H ; 1976_1984;88;Agriculteurs;18783;13263;3,3
FM ; H ; 1976_1984;88;Artisans, commerçants, chefs d'entreprise;16977;15286;3,5
FM ; H ; 1976_1984;88;Cadres et prof. intellectuelles supérieures;18783;15511;3,3
FM ; H ; 1976_1984;88;Employés;18783;10595;3,3
FM ; H ; 1976_1984;88;Ensemble;18783;10959;3,3
FM ; H ; 1976_1984;88;Inactifs non retraités;19882;3106;3,1
FM ; H ; 1976_1984;88;Ouvriers;19375;8229;3,2
FM ; H ; 1976_1984;88;Professions intermédiaires;18783;13385;3,3
FM ; H ; 1976_1984;89;Agriculteurs;20356;10772;3
FM ; H ; 1976_1984;89;Artisans, commerçants, chefs d'entreprise;18541;12691;3,2
FM ; H ; 1976_1984;89;Cadres et prof. intellectuelles supérieures;20356;12597;3
FM ; H ; 1976_1984;89;Employés;20356;8605;3
FM ; H ; 1976_1984;89;Ensemble;20356;8900;3
FM ; H ; 1976_1984;89;Inactifs non retraités;21200;2489;2,9
FM ; H ; 1976_1984;89;Ouvriers;20881;6635;2,9
FM ; H ; 1976_1984;89;Professions intermédiaires;20356;10871;3
FM ; H ; 1976_1984;90;Agriculteurs;22103;8579;2,8
FM ; H ; 1976_1984;90;Artisans, commerçants, chefs d'entreprise;20281;10338;3
FM ; H ; 1976_1984;90;Cadres et prof. intellectuelles supérieures;22103;10033;2,8
FM ; H ; 1976_1984;90;Employés;22103;6853;2,8
FM ; H ; 1976_1984;90;Ensemble;22103;7088;2,8
FM ; H ; 1976_1984;90;Inactifs non retraités;22700;1961;2,7
FM ; H ; 1976_1984;90;Ouvriers;22564;5249;2,7
FM ; H ; 1976_1984;90;Professions intermédiaires;22103;8658;2,8
FM ; H ; 1976_1984;91;Agriculteurs;24062;6683;-
FM ; H ; 1976_1984;91;Artisans, commerçants, chefs d'entreprise;22270;8241;-
FM ; H ; 1976_1984;91;Cadres et prof. intellectuelles supérieures;24062;7816;-
FM ; H ; 1976_1984;91;Employés;24062;5338;-
FM ; H ; 1976_1984;91;Ensemble;24062;5522;-
FM ; H ; 1976_1984;91;Inactifs non retraités;24647;1516;-
FM ; H ; 1976_1984;91;Ouvriers;24514;4065;-
FM ; H ; 1976_1984;91;Professions intermédiaires;24062;6744;-
FM ; H ; 1976_1984;92;Agriculteurs;25763;5075;-
FM ; H ; 1976_1984;92;Artisans, commerçants, chefs d'entreprise;24050;6406;-
FM ; H ; 1976_1984;92;Cadres et prof. intellectuelles supérieures;25763;5935;-
FM ; H ; 1976_1984;92;Employés;25763;4054;-
FM ; H ; 1976_1984;92;Ensemble;25763;4193;-
FM ; H ; 1976_1984;92;Inactifs non retraités;26319;1142;-
FM ; H ; 1976_1984;92;Ouvriers;26192;3068;-
FM ; H ; 1976_1984;92;Professions intermédiaires;25763;5121;-
FM ; H ; 1976_1984;93;Agriculteurs;27759;3767;-
FM ; H ; 1976_1984;93;Artisans, commerçants, chefs d'entreprise;26137;4865;-
FM ; H ; 1976_1984;93;Cadres et prof. intellectuelles supérieures;27759;4406;-
FM ; H ; 1976_1984;93;Employés;27759;3009;-
FM ; H ; 1976_1984;93;Ensemble;27759;3113;-
FM ; H ; 1976_1984;93;Inactifs non retraités;28282;842;-
FM ; H ; 1976_1984;93;Ouvriers;28163;2265;-
FM ; H ; 1976_1984;93;Professions intermédiaires;27759;3802;-
FM ; H ; 1976_1984;94;Agriculteurs;29806;2722;-
FM ; H ; 1976_1984;94;Artisans, commerçants, chefs d'entreprise;28307;3594;-
FM ; H ; 1976_1984;94;Cadres et prof. intellectuelles supérieures;29806;3183;-
FM ; H ; 1976_1984;94;Employés;29806;2174;-
FM ; H ; 1976_1984;94;Ensemble;29806;2249;-
FM ; H ; 1976_1984;94;Inactifs non retraités;30287;604;-
FM ; H ; 1976_1984;94;Ouvriers;30178;1627;-
FM ; H ; 1976_1984;94;Professions intermédiaires;29806;2747;-
FM ; H ; 1976_1984;95;Agriculteurs;31163;1910;-
FM ; H ; 1976_1984;95;Artisans, commerçants, chefs d'entreprise;29851;2576;-
FM ; H ; 1976_1984;95;Cadres et prof. intellectuelles supérieures;31163;2234;-
FM ; H ; 1976_1984;95;Employés;31163;1526;-
FM ; H ; 1976_1984;95;Ensemble;31163;1578;-
FM ; H ; 1976_1984;95;Inactifs non retraités;31581;421;-
FM ; H ; 1976_1984;95;Ouvriers;31486;1136;-
FM ; H ; 1976_1984;95;Professions intermédiaires;31163;1928;-
FM ; H ; 1976_1984;96;Agriculteurs;31891;1315;-
FM ; H ; 1976_1984;96;Artisans, commerçants, chefs d'entreprise;30812;1807;-
FM ; H ; 1976_1984;96;Cadres et prof. intellectuelles supérieures;31891;1538;-
FM ; H ; 1976_1984;96;Employés;31891;1050;-
FM ; H ; 1976_1984;96;Ensemble;31891;1087;-
FM ; H ; 1976_1984;96;Inactifs non retraités;32233;288;-
FM ; H ; 1976_1984;96;Ouvriers;32155;778;-
FM ; H ; 1976_1984;96;Professions intermédiaires;31891;1327;-
FM ; H ; 1976_1984;97;Agriculteurs;33393;896;-
FM ; H ; 1976_1984;97;Artisans, commerçants, chefs d'entreprise;32542;1250;-
FM ; H ; 1976_1984;97;Cadres et prof. intellectuelles supérieures;33393;1047;-
FM ; H ; 1976_1984;97;Employés;33393;715;-
FM ; H ; 1976_1984;97;Ensemble;33393;740;-
FM ; H ; 1976_1984;97;Inactifs non retraités;33661;195;-
FM ; H ; 1976_1984;97;Ouvriers;33600;528;-
FM ; H ; 1976_1984;97;Professions intermédiaires;33393;904;-
FM ; H ; 1976_1984;98;Agriculteurs;35056;597;-
FM ; H ; 1976_1984;98;Artisans, commerçants, chefs d'entreprise;34458;844;-
FM ; H ; 1976_1984;98;Cadres et prof. intellectuelles supérieures;35056;698;-
FM ; H ; 1976_1984;98;Employés;35056;477;-
FM ; H ; 1976_1984;98;Ensemble;35056;493;-
FM ; H ; 1976_1984;98;Inactifs non retraités;35244;129;-
FM ; H ; 1976_1984;98;Ouvriers;35201;351;-
FM ; H ; 1976_1984;98;Professions intermédiaires;35056;602;-
FM ; H ; 1976_1984;99;Agriculteurs;33886;387;-
FM ; H ; 1976_1984;99;Artisans, commerçants, chefs d'entreprise;33595;553;-
FM ; H ; 1976_1984;99;Cadres et prof. intellectuelles supérieures;33886;453;-
FM ; H ; 1976_1984;99;Employés;33886;309;-
FM ; H ; 1976_1984;99;Ensemble;33886;320;-
FM ; H ; 1976_1984;99;Inactifs non retraités;33976;84;-
FM ; H ; 1976_1984;99;Ouvriers;33956;227;-
FM ; H ; 1976_1984;99;Professions intermédiaires;33886;391;-
FM ; H ; 1976_1984;100;Agriculteurs;32350;256;-
FM ; H ; 1976_1984;100;Artisans, commerçants, chefs d'entreprise;32350;367;-
FM ; H ; 1976_1984;100;Cadres et prof. intellectuelles supérieures;32350;300;-
FM ; H ; 1976_1984;100;Employés;32350;205;-
FM ; H ; 1976_1984;100;Ensemble;32350;212;-
FM ; H ; 1976_1984;100;Inactifs non retraités;32350;55;-
FM ; H ; 1976_1984;100;Ouvriers;32350;150;-
FM ; H ; 1976_1984;100;Professions intermédiaires;32350;259;-
