Zone;Genre;Période;Âge;Catégorie socioprofessionnelle;Quotient de mortalité, pour 100 000;Survie à l’âge x;Espérance de vie à l’âge x
FE ; F ; 2020_2022;30;Cadre administratif et commercial;17,56763454;100000;56,95899065
FE ; F ; 2020_2022;30;Cadre de la fonction publique, profession intellectuelle et artistique;9,987833595;100000;58,44746572
FE ; F ; 2020_2022;30;Commerçante et assimilée;28,8283996;100000;56,06345052
FE ; F ; 2020_2022;30;Employée administratif d'entreprise;28,25195271;100000;56,34748508
FE ; F ; 2020_2022;30;Employée de commerce;24,6511892;100000;56,58325771
FE ; F ; 2020_2022;30;Employée de la fonction publique;26,83027345;100000;56,47003035
FE ; F ; 2020_2022;30;Ensemble;30,42884383;100000;55,73937919
FE ; F ; 2020_2022;30;Intermédiaire de la santé et du travail social;19,71524234;100000;56,81749765
FE ; F ; 2020_2022;30;Intermédiaire des entreprises;15,84375431;100000;57,13188202
FE ; F ; 2020_2022;30;Ouvrière peu qualifiée de type industriel ou artisanal;43,81462112;100000;53,94864563
FE ; F ; 2020_2022;30;Ouvrière qualifiée de type industriel ou artisanal;33,84549693;100000;55,00238549
FE ; F ; 2020_2022;30;Personnel des services aux particuliers;31,16744119;100000;55,30820351
FE ; F ; 2020_2022;30;Profession de l’enseignement primaire et professionnel;13,07199325;100000;57,64143921
FE ; F ; 2020_2022;31;Cadre administratif et commercial;18,62399492;99982,43237;55,96899875
FE ; F ; 2020_2022;31;Cadre de la fonction publique, profession intellectuelle et artistique;10,58841256;99990,01217;57,45330394
FE ; F ; 2020_2022;31;Commerçante et assimilée;30,56188167;99971,1716;55,07961737
FE ; F ; 2020_2022;31;Employée administratif d'entreprise;29,95077241;99971,74805;55,36340884
FE ; F ; 2020_2022;31;Employée de commerce;26,1334912;99975,34881;55,5972096
FE ; F ; 2020_2022;31;Employée de la fonction publique;28,44360608;99973,16973;55,48518548
FE ; F ; 2020_2022;31;Ensemble;32,25856229;99969,57116;54,7563452
FE ; F ; 2020_2022;31;Intermédiaire de la santé et du travail social;20,90074065;99980,28476;55,82870157
FE ; F ; 2020_2022;31;Intermédiaire des entreprises;16,79645596;99984,15625;56,14093529
FE ; F ; 2020_2022;31;Ouvrière peu qualifiée de type industriel ou artisanal;46,44924048;99956,18538;52,97229339
FE ; F ; 2020_2022;31;Ouvrière qualifiée de type industriel ou artisanal;35,88066234;99966,1545;54,02100762
FE ; F ; 2020_2022;31;Personnel des services aux particuliers;33,04157229;99968,83256;54,32544704
FE ; F ; 2020_2022;31;Profession de l’enseignement primaire et professionnel;13,85802599;99986,92801;56,64897508
FE ; F ; 2020_2022;32;Cadre administratif et commercial;19,96604275;99963,81164;54,97942436
FE ; F ; 2020_2022;32;Cadre de la fonction publique, profession intellectuelle et artistique;11,35141513;99979,42481;56,45938798
FE ; F ; 2020_2022;32;Commerçante et assimilée;32,76417537;99940,61853;54,09645589
FE ; F ; 2020_2022;32;Employée administratif d'entreprise;32,10902949;99941,80574;54,37999558
FE ; F ; 2020_2022;32;Employée de commerce;28,01667443;99949,22176;54,61174289
FE ; F ; 2020_2022;32;Employée de la fonction publique;30,49325652;99944,73375;54,50097196
FE ; F ; 2020_2022;32;Ensemble;34,58311905;99937,32241;53,77401451
FE ; F ; 2020_2022;32;Intermédiaire de la santé et du travail social;22,4068511;99959,38814;54,84037262
FE ; F ; 2020_2022;32;Intermédiaire des entreprises;18,00681106;99967,36245;55,15036656
FE ; F ; 2020_2022;32;Ouvrière peu qualifiée de type industriel ou artisanal;49,7963796;99909,75649;51,99691005
FE ; F ; 2020_2022;32;Ouvrière qualifiée de type industriel ou artisanal;38,46622816;99930,28598;53,04039767
FE ; F ; 2020_2022;32;Personnel des services aux particuliers;35,42255286;99935,80128;53,34340295
FE ; F ; 2020_2022;32;Profession de l’enseignement primaire et professionnel;14,85663738;99973,07179;55,65682659
FE ; F ; 2020_2022;33;Cadre administratif et commercial;21,40024368;99943,85282;53,99040376
FE ; F ; 2020_2022;33;Cadre de la fonction publique, profession intellectuelle et artistique;12,16681007;99968,07573;55,46579764
FE ; F ; 2020_2022;33;Commerçante et assimilée;35,11769186;99907,87381;53,11418595
FE ; F ; 2020_2022;33;Employée administratif d'entreprise;34,41548554;99909,71539;53,39746207
FE ; F ; 2020_2022;33;Employée de commerce;30,02916839;99921,21931;53,62704757
FE ; F ; 2020_2022;33;Employée de la fonction publique;32,68364835;99914,25735;53,51759615
FE ; F ; 2020_2022;33;Ensemble;37,06729392;99902,76097;52,79261768
FE ; F ; 2020_2022;33;Intermédiaire de la santé et du travail social;24,0163802;99936,99039;53,85266337
FE ; F ; 2020_2022;33;Intermédiaire des entreprises;19,30027644;99949,36152;54,16029917
FE ; F ; 2020_2022;33;Ouvrière peu qualifiée de type industriel ou artisanal;53,37335351;99860,00505;51,02281553
FE ; F ; 2020_2022;33;Ouvrière qualifiée de type industriel ou artisanal;41,22933455;99891,84657;52,06080816
FE ; F ; 2020_2022;33;Personnel des services aux particuliers;37,96702595;99900,40147;52,36230524
FE ; F ; 2020_2022;33;Profession de l’enseignement primaire et professionnel;15,92381947;99958,21916;54,66509656
FE ; F ; 2020_2022;34;Cadre administratif et commercial;23,29504263;99922,4646;53,00196032
FE ; F ; 2020_2022;34;Cadre de la fonction publique, profession intellectuelle et artistique;13,24407158;99955,91281;54,47254688
FE ; F ; 2020_2022;34;Commerçante et assimilée;38,22704737;99872,78847;52,13284498
FE ; F ; 2020_2022;34;Employée administratif d'entreprise;37,462667;99875,33098;52,4158454
FE ; F ; 2020_2022;34;Employée de commerce;32,68798096;99891,2138;52,64315616
FE ; F ; 2020_2022;34;Employée de la fonction publique;35,57749123;99881,60172;52,53509337
FE ; F ; 2020_2022;34;Ensemble;40,34926915;99865,72972;51,81219373
FE ; F ; 2020_2022;34;Intermédiaire de la santé et du travail social;26,14281449;99912,98914;52,86559994
FE ; F ; 2020_2022;34;Intermédiaire des entreprises;21,0091422;99930,07101;53,17075428
FE ; F ; 2020_2022;34;Ouvrière peu qualifiée de type industriel ou artisanal;58,09908355;99806,70641;50,05006266
FE ; F ; 2020_2022;34;Ouvrière qualifiée de type industriel ou artisanal;44,87982102;99850,66183;51,08228134
FE ; F ; 2020_2022;34;Personnel des services aux particuliers;41,32866435;99862,47226;51,3821932
FE ; F ; 2020_2022;34;Profession de l’enseignement primaire et professionnel;17,33373036;99942,30199;53,67380271
FE ; F ; 2020_2022;35;Cadre administratif et commercial;25,09036399;99899,18762;52,01431002
FE ; F ; 2020_2022;35;Cadre de la fonction publique, profession intellectuelle et artistique;14,2647765;99942,67457;53,47976222
FE ; F ; 2020_2022;35;Commerçante et assimilée;41,17316066;99834,61005;51,15278145
FE ; F ; 2020_2022;35;Employée administratif d'entreprise;40,3498704;99837,91502;51,43548913
FE ; F ; 2020_2022;35;Employée de commerce;35,20720496;99858,56138;51,66036977
FE ; F ; 2020_2022;35;Employée de la fonction publique;38,31940636;99846,06636;51,55379069
FE ; F ; 2020_2022;35;Ensemble;43,45893956;99825,43462;50,83310801
FE ; F ; 2020_2022;35;Intermédiaire de la santé et du travail social;28,15761026;99886,86907;51,87942411
FE ; F ; 2020_2022;35;Intermédiaire des entreprises;22,62829192;99909,07656;52,18192735
FE ; F ; 2020_2022;35;Ouvrière peu qualifiée de type industriel ou artisanal;62,57671115;99748,71963;49,07915819
FE ; F ; 2020_2022;35;Ouvrière qualifiée de type industriel ou artisanal;48,3386557;99805,84903;50,10521727
FE ; F ; 2020_2022;35;Personnel des services aux particuliers;44,51381559;99821,20044;50,40343756
FE ; F ; 2020_2022;35;Profession de l’enseignement primaire et professionnel;18,66962044;99924,97826;52,683108
FE ; F ; 2020_2022;36;Cadre administratif et commercial;27,60402048;99874,12255;51,02736388
FE ; F ; 2020_2022;36;Cadre de la fonction publique, profession intellectuelle et artistique;16,26330208;99928,41797;52,48739208
FE ; F ; 2020_2022;36;Commerçante et assimilée;44,72513865;99793,50499;50,17385134
FE ; F ; 2020_2022;36;Employée administratif d'entreprise;43,63592157;99797,63055;50,45625166
FE ; F ; 2020_2022;36;Employée de commerce;38,1576686;99823,40397;50,67856435
FE ; F ; 2020_2022;36;Employée de la fonction publique;41,44527754;99807,80594;50,57355337
FE ; F ; 2020_2022;36;Ensemble;46,83124136;99782,05155;49,85520915
FE ; F ; 2020_2022;36;Intermédiaire de la santé et du travail social;30,78761756;99858,74332;50,89403623
FE ; F ; 2020_2022;36;Intermédiaire des entreprises;25,06891639;99886,46885;51,1937379
FE ; F ; 2020_2022;36;Ouvrière peu qualifiée de type industriel ou artisanal;69,2727012;99686,30016;48,10988954
FE ; F ; 2020_2022;36;Ouvrière qualifiée de type industriel ou artisanal;53,21573211;99757,60423;49,12944917
FE ; F ; 2020_2022;36;Personnel des services aux particuliers;48,90839459;99776,76621;49,42588404
FE ; F ; 2020_2022;36;Profession de l’enseignement primaire et professionnel;20,95940109;99906,32265;51,69294557
FE ; F ; 2020_2022;37;Cadre administratif et commercial;30,56479942;99846,55327;50,04145337
FE ; F ; 2020_2022;37;Cadre de la fonction publique, profession intellectuelle et artistique;18,54334775;99912,16631;51,49592965
FE ; F ; 2020_2022;37;Commerçante et assimilée;48,87324943;99748,8722;49,19630171
FE ; F ; 2020_2022;37;Employée administratif d'entreprise;47,45193281;99754,08293;49,47827832
FE ; F ; 2020_2022;37;Employée de commerce;41,59154782;99785,31369;49,69790949
FE ; F ; 2020_2022;37;Employée de la fonction publique;45,07488131;99766,44031;49,59452241
FE ; F ; 2020_2022;37;Ensemble;50,60328762;99735,32238;48,8785679
FE ; F ; 2020_2022;37;Intermédiaire de la santé et du travail social;33,87310199;99827,99919;49,90971012
FE ; F ; 2020_2022;37;Intermédiaire des entreprises;27,95279335;99861,42839;50,20657483
FE ; F ; 2020_2022;37;Ouvrière peu qualifiée de type industriel ou artisanal;76,96183893;99617,24477;47,14323967
FE ; F ; 2020_2022;37;Ouvrière qualifiée de type industriel ou artisanal;58,87609632;99704,51749;48,15560769
FE ; F ; 2020_2022;37;Personnel des services aux particuliers;54,03583384;99727,967;48,45006928
FE ; F ; 2020_2022;37;Profession de l’enseignement primaire et professionnel;23,67453147;99885,38288;50,70378238
FE ; F ; 2020_2022;38;Cadre administratif et commercial;33,99578655;99816,03537;49,05675312
FE ; F ; 2020_2022;38;Cadre de la fonction publique, profession intellectuelle et artistique;21,1341568;99893,63925;50,50548049
FE ; F ; 2020_2022;38;Commerçante et assimilée;53,62637907;99700,12169;48,2203573
FE ; F ; 2020_2022;38;Employée administratif d'entreprise;51,79853796;99706,74769;48,50176787
FE ; F ; 2020_2022;38;Employée de commerce;45,51386451;99743,81143;48,71858822
FE ; F ; 2020_2022;38;Employée de la fonction publique;49,20944982;99721,47071;48,61688716
FE ; F ; 2020_2022;38;Ensemble;55,1784163;99684,85302;47,90331458
FE ; F ; 2020_2022;38;Intermédiaire de la santé et du travail social;37,43094279;99794,18435;48,92662181
FE ; F ; 2020_2022;38;Intermédiaire des entreprises;31,30866939;99833,51433;49,2206129
FE ; F ; 2020_2022;38;Ouvrière peu qualifiée de type industriel ou artisanal;85,66356837;99540,57751;46,17954992
FE ; F ; 2020_2022;38;Ouvrière qualifiée de type industriel ou artisanal;65,34195671;99645,81536;47,18397653
FE ; F ; 2020_2022;38;Personnel des services aux particuliers;59,91984288;99674,07816;47,47626383
FE ; F ; 2020_2022;38;Profession de l’enseignement primaire et professionnel;26,85038716;99861,73548;49,7157891
FE ; F ; 2020_2022;39;Cadre administratif et commercial;37,96834365;99782,10213;48,07343602
FE ; F ; 2020_2022;39;Cadre de la fonction publique, profession intellectuelle et artistique;24,15625783;99872,52757;49,51615665
FE ; F ; 2020_2022;39;Commerçante et assimilée;59,06733211;99646,65612;47,24623
FE ; F ; 2020_2022;39;Employée administratif d'entreprise;56,74782314;99655,10105;47,52690409
FE ; F ; 2020_2022;39;Employée de commerce;49,99289727;99698,41417;47,74077203
FE ; F ; 2020_2022;39;Employée de la fonction publique;53,91828854;99672,39832;47,64082304
FE ; F ; 2020_2022;39;Ensemble;61,07969095;99629,8485;46,92976147
FE ; F ; 2020_2022;39;Intermédiaire de la santé et du travail social;41,53076774;99756,83044;47,94494236
FE ; F ; 2020_2022;39;Intermédiaire des entreprises;35,20998246;99802,25779;48,23602804
FE ; F ; 2020_2022;39;Ouvrière peu qualifiée de type industriel ou artisanal;95,50716622;99455,3075;45,21914288
FE ; F ; 2020_2022;39;Ouvrière qualifiée de type industriel ou artisanal;72,72241141;99580,70483;46,21482763
FE ; F ; 2020_2022;39;Personnel des services aux particuliers;66,66509471;99614,35361;46,50472859
FE ; F ; 2020_2022;39;Profession de l’enseignement primaire et professionnel;30,56060959;99834,92222;48,72914157
FE ; F ; 2020_2022;40;Cadre administratif et commercial;42,37469518;99744,21652;47,09169564
FE ; F ; 2020_2022;40;Cadre de la fonction publique, profession intellectuelle et artistique;27,55254214;99848,40211;48,52812079
FE ; F ; 2020_2022;40;Commerçante et assimilée;64,99926234;99587,7975;46,27415358
FE ; F ; 2020_2022;40;Employée administratif d'entreprise;62,10405744;99598,54895;46,55388989
FE ; F ; 2020_2022;40;Employée de commerce;54,86130513;99648,57204;46,76465097
FE ; F ; 2020_2022;40;Employée de la fonction publique;59,01648452;99618,65667;46,66652402
FE ; F ; 2020_2022;40;Ensemble;67,77993438;99568,9949;45,95844354
FE ; F ; 2020_2022;40;Intermédiaire de la santé et du travail social;46,04640427;99715,40067;46,96486254
FE ; F ; 2020_2022;40;Intermédiaire des entreprises;39,56375909;99767,11743;47,25301792
FE ; F ; 2020_2022;40;Ouvrière peu qualifiée de type industriel ou artisanal;106,1605539;99360,32055;44,26237169
FE ; F ; 2020_2022;40;Ouvrière qualifiée de type industriel ou artisanal;80,77797148;99508,28734;45,24846062
FE ; F ; 2020_2022;40;Personnel des services aux particuliers;74,0577841;99547,9456;45,53575169
FE ; F ; 2020_2022;40;Profession de l’enseignement primaire et professionnel;34,73346611;99804,41206;47,74403804
FE ; F ; 2020_2022;41;Cadre administratif et commercial;47,28389044;99701,95021;46,11165906
FE ; F ; 2020_2022;41;Cadre de la fonction publique, profession intellectuelle et artistique;31,37315964;99820,89134;47,54149521
FE ; F ; 2020_2022;41;Commerçante et assimilée;71,50397685;99523,06617;45,304251
FE ; F ; 2020_2022;41;Employée administratif d'entreprise;67,94205807;99536,69421;45,58281971
FE ; F ; 2020_2022;41;Employée de commerce;60,18973157;99593,90354;45,79032075
FE ; F ; 2020_2022;41;Employée de la fonction publique;64,57644569;99559,86524;45,69408122
FE ; F ; 2020_2022;41;Ensemble;75,42780106;99501,5071;44,98961527
FE ; F ; 2020_2022;41;Intermédiaire de la santé et du travail social;51,04687538;99669,48531;45,98649813
FE ; F ; 2020_2022;41;Intermédiaire des entreprises;44,43922839;99727,64581;46,27172039
FE ; F ; 2020_2022;41;Ouvrière peu qualifiée de type industriel ou artisanal;117,7291735;99254,83909;43,30941081
FE ; F ; 2020_2022;41;Ouvrière qualifiée de type industriel ou artisanal;89,604458;99427,90657;44,28504096
FE ; F ; 2020_2022;41;Personnel des services aux particuliers;82,19219802;99474,2226;44,56949946
FE ; F ; 2020_2022;41;Profession de l’enseignement primaire et professionnel;39,4347576;99769,74653;46,76062696
FE ; F ; 2020_2022;42;Cadre administratif et commercial;52,45817263;99654,80725;45,13347276
FE ; F ; 2020_2022;42;Cadre de la fonction publique, profession intellectuelle et artistique;35,45969899;99789,57437;46,55641516
FE ; F ; 2020_2022;42;Commerçante et assimilée;78,20230006;99451,90322;44,33666853
FE ; F ; 2020_2022;42;Employée administratif d'entreprise;73,90139343;99469,06693;44,61381067
FE ; F ; 2020_2022;42;Employée de commerce;65,66299499;99533,95823;44,81789842
FE ; F ; 2020_2022;42;Employée de la fonction publique;70,25719031;99495,57302;44,7236079
FE ; F ; 2020_2022;42;Ensemble;82,53514794;99426,4553;44,02357556
FE ; F ; 2020_2022;42;Intermédiaire de la santé et du travail social;56,2716634;99618,60715;45,00998479
FE ; F ; 2020_2022;42;Intermédiaire des entreprises;49,61554074;99683,32761;45,29229233
FE ; F ; 2020_2022;42;Ouvrière peu qualifiée de type industriel ou artisanal;129,5517724;99137,98718;42,36045872
FE ; F ; 2020_2022;42;Ouvrière qualifiée de type industriel ou artisanal;98,71431132;99338,81473;43,32475792
FE ; F ; 2020_2022;42;Personnel des services aux particuliers;90,62745701;99392,46255;43,60616224
FE ; F ; 2020_2022;42;Profession de l’enseignement primaire et professionnel;44,46966044;99730,40257;45,77907418
FE ; F ; 2020_2022;43;Cadre administratif et commercial;58,01606745;99602,53016;44,15716138
FE ; F ; 2020_2022;43;Cadre de la fonction publique, profession intellectuelle et artistique;39,88208367;99754,18929;45,57292978
FE ; F ; 2020_2022;43;Commerçante et assimilée;85,26159544;99374,12954;43,37136796
FE ; F ; 2020_2022;43;Employée administratif d'entreprise;80,14550786;99395,55791;43,64680528
FE ; F ; 2020_2022;43;Employée de commerce;71,42902444;99468,60126;43,84734653
FE ; F ; 2020_2022;43;Employée de la fonction publique;76,21592126;99425,67022;43,75505154
FE ; F ; 2020_2022;43;Ensemble;90,96893641;99344,39353;43,0599405
FE ; F ; 2020_2022;43;Intermédiaire de la santé et du travail social;61,84820961;99562,5501;44,03532692
FE ; F ; 2020_2022;43;Intermédiaire des entreprises;55,20347505;99633,86919;44,3147755
FE ; F ; 2020_2022;43;Ouvrière peu qualifiée de type industriel ou artisanal;141,8586373;99009,55216;41,41540863
FE ; F ; 2020_2022;43;Ouvrière qualifiée de type industriel ou artisanal;108,2970059;99240,7531;42,36756792
FE ; F ; 2020_2022;43;Personnel des services aux particuliers;99,54286424;99302,38569;42,64571724
FE ; F ; 2020_2022;43;Profession de l’enseignement primaire et professionnel;49,93221795;99686,0528;44,79944103
FE ; F ; 2020_2022;44;Cadre administratif et commercial;63,96796767;99544,74469;43,1827945
FE ; F ; 2020_2022;44;Cadre de la fonction publique, profession intellectuelle et artistique;44,63490182;99714,40524;44,59111247
FE ; F ; 2020_2022;44;Commerçante et assimilée;92,68536153;99289,40157;42,40837863
FE ; F ; 2020_2022;44;Employée administratif d'entreprise;86,68379661;99315,89683;42,6818143
FE ; F ; 2020_2022;44;Employée de commerce;77,49976186;99397,5518;42,87868865
FE ; F ; 2020_2022;44;Employée de la fonction publique;82,46382797;99349,89203;42,7884253
FE ; F ; 2020_2022;44;Ensemble;98,79853763;99254,02099;42,09914734
FE ; F ; 2020_2022;44;Intermédiaire de la santé et du travail social;67,78803905;99500,97245;43,06257884
FE ; F ; 2020_2022;44;Intermédiaire des entreprises;61,21106196;99578,86783;43,33925231
FE ; F ; 2020_2022;44;Ouvrière peu qualifiée de type industriel ou artisanal;154,6102609;98869,09856;40,47424343
FE ; F ; 2020_2022;44;Ouvrière qualifiée de type industriel ou artisanal;118,3348689;99133,27834;41,41350047
FE ; F ; 2020_2022;44;Personnel des services aux particuliers;108,9270049;99203,53725;41,68821031
FE ; F ; 2020_2022;44;Profession de l’enseignement primaire et professionnel;55,8227538;99636,27734;43,82182156
FE ; F ; 2020_2022;45;Cadre administratif et commercial;70,74936894;99481,06794;42,21043534
FE ; F ; 2020_2022;45;Cadre de la fonction publique, profession intellectuelle et artistique;50,00758326;99669,89781;43,61102455
FE ; F ; 2020_2022;45;Commerçante et assimilée;101,0867947;99197,37483;41,44772146
FE ; F ; 2020_2022;45;Employée administratif d'entreprise;94,0959758;99229,80604;41,71884461
FE ; F ; 2020_2022;45;Employée de commerce;84,39877785;99320,51894;41,9119453
FE ; F ; 2020_2022;45;Employée de la fonction publique;89,55531571;99267,96431;41,82373939
FE ; F ; 2020_2022;45;Ensemble;108,3445021;99155,95947;41,14078181
FE ; F ; 2020_2022;45;Intermédiaire de la santé et du travail social;74,5524626;99433,52269;42,09178992
FE ; F ; 2020_2022;45;Intermédiaire des entreprises;68,05314684;99517,91455;42,36579697
FE ; F ; 2020_2022;45;Ouvrière peu qualifiée de type industriel ou artisanal;168,7837162;98716,23679;39,53691766
FE ; F ; 2020_2022;45;Ouvrière qualifiée de type industriel ou artisanal;129,5882883;99015,9691;40,46256514
FE ; F ; 2020_2022;45;Personnel des services aux particuliers;119,4848071;99095,47781;40,73366955
FE ; F ; 2020_2022;45;Profession de l’enseignement primaire et professionnel;62,51131194;99580,65763;42,84629777
FE ; F ; 2020_2022;46;Cadre administratif et commercial;78,32778959;99410,68571;41,2403201
FE ; F ; 2020_2022;46;Cadre de la fonction publique, profession intellectuelle et artistique;55,96199588;99620,0553;42,63284428
FE ; F ; 2020_2022;46;Commerçante et assimilée;110,389057;99097,09939;40,48966203
FE ; F ; 2020_2022;46;Employée administratif d'entreprise;102,3155596;99136,43479;40,75813734
FE ; F ; 2020_2022;46;Employée de commerce;92,07495716;99236,69363;40,94734835
FE ; F ; 2020_2022;46;Employée de la fonction publique;97,43107252;99179,06457;40,86122835
FE ; F ; 2020_2022;46;Ensemble;118,8558165;99048,52944;40,18540393
FE ; F ; 2020_2022;46;Intermédiaire de la santé et du travail social;82,10493073;99359,39255;41,12319379
FE ; F ; 2020_2022;46;Intermédiaire des entreprises;75,69761899;99450,18948;41,39464786
FE ; F ; 2020_2022;46;Ouvrière peu qualifiée de type industriel ou artisanal;184,2014276;98549,61986;38,60376236
FE ; F ; 2020_2022;46;Ouvrière qualifiée de type industriel ou artisanal;141,9362097;98887,656;39,51506792
FE ; F ; 2020_2022;46;Personnel des services aux particuliers;131,1109684;98977,07377;39,78239832
FE ; F ; 2020_2022;46;Profession de l’enseignement primaire et professionnel;69,95962052;99518,40845;41,87309831
FE ; F ; 2020_2022;47;Cadre administratif et commercial;87,22715229;99332,81952;40,27264805
FE ; F ; 2020_2022;47;Cadre de la fonction publique, profession intellectuelle et artistique;62,84920445;99564,30593;41,65671583
FE ; F ; 2020_2022;47;Commerçante et assimilée;121,2970906;98987,70703;39,53440758
FE ; F ; 2020_2022;47;Employée administratif d'entreprise;112,0042893;99035,00279;39,79988197
FE ; F ; 2020_2022;47;Employée de commerce;101,1341008;99145,32149;39,98508535
FE ; F ; 2020_2022;47;Employée de la fonction publique;106,7263573;99082,43335;39,90107871
FE ; F ; 2020_2022;47;Ensemble;132,1098267;98930,8045;39,23322346
FE ; F ; 2020_2022;47;Intermédiaire de la santé et du travail social;90,99381119;99277,81359;40,15698571
FE ; F ; 2020_2022;47;Intermédiaire des entreprises;84,64758119;99374,90805;40,42600636
FE ; F ; 2020_2022;47;Ouvrière peu qualifiée de type industriel ou artisanal;201,9797712;98368,09005;37,67500227
FE ; F ; 2020_2022;47;Ouvrière qualifiée de type industriel ou artisanal;156,2552039;98747,29861;38,57123383
FE ; F ; 2020_2022;47;Personnel des services aux particuliers;144,6218145;98847,30397;38,83462588
FE ; F ; 2020_2022;47;Profession de l’enseignement primaire et professionnel;78,61835956;99448,78575;40,90241308
FE ; F ; 2020_2022;48;Cadre administratif et commercial;97,34866229;99246,17433;39,3078074
FE ; F ; 2020_2022;48;Cadre de la fonction publique, profession intellectuelle et artistique;70,56665936;99501,73056;40,68291321
FE ; F ; 2020_2022;48;Commerçante et assimilée;133,6295973;98867,63783;38,5824199
FE ; F ; 2020_2022;48;Employée administratif d'entreprise;123,0057746;98924,07934;38,84450953
FE ; F ; 2020_2022;48;Employée de commerce;111,4490285;99045,05176;39,02556485
FE ; F ; 2020_2022;48;Employée de la fonction publique;117,2990623;98976,68627;38,94370917
FE ; F ; 2020_2022;48;Ensemble;146,2452557;98800,10718;38,28512297
FE ; F ; 2020_2022;48;Intermédiaire de la santé et du travail social;101,1154685;99187,47693;39,19355936
FE ; F ; 2020_2022;48;Intermédiaire des entreprises;94,80222637;99290,78959;39,46025499
FE ; F ; 2020_2022;48;Ouvrière peu qualifiée de type industriel ou artisanal;221,742085;98169,40641;36,75125216
FE ; F ; 2020_2022;48;Ouvrière qualifiée de type industriel ou artisanal;172,2739949;98593,00082;37,63159771
FE ; F ; 2020_2022;48;Personnel des services aux particuliers;159,7743155;98704,3492;37,89087056
FE ; F ; 2020_2022;48;Profession de l’enseignement primaire et professionnel;88,37412875;99370,60075;39,93459519
FE ; F ; 2020_2022;49;Cadre administratif et commercial;108,8526351;99149,5595;38,34611032
FE ; F ; 2020_2022;49;Cadre de la fonction publique, profession intellectuelle et artistique;79,18167524;99431,51551;39,71164206
FE ; F ; 2020_2022;49;Commerçante et assimilée;147,5727766;98735,5214;37,63404642
FE ; F ; 2020_2022;49;Employée administratif d'entreprise;135,5120779;98802,39701;37,89234936
FE ; F ; 2020_2022;49;Employée de commerce;123,2076391;98934,66701;38,06910699
FE ; F ; 2020_2022;49;Employée de la fonction publique;129,3405945;98860,58755;37,98944342
FE ; F ; 2020_2022;49;Ensemble;163,5607672;98655,61671;37,34119515
FE ; F ; 2020_2022;49;Intermédiaire de la santé et du travail social;112,6425492;99087,18304;38,23323022
FE ; F ; 2020_2022;49;Intermédiaire des entreprises;106,305502;99196,65972;38,49769969
FE ; F ; 2020_2022;49;Ouvrière peu qualifiée de type industriel ou artisanal;243,7108816;97951,72352;35,83292626
FE ; F ; 2020_2022;49;Ouvrière qualifiée de type industriel ou artisanal;190,1810618;98423,15072;36,69653905
FE ; F ; 2020_2022;49;Personnel des services aux particuliers;176,7488866;98546,645;36,95150732
FE ; F ; 2020_2022;49;Profession de l’enseignement primaire et professionnel;99,32901498;99282,78284;38,96991825
FE ; F ; 2020_2022;50;Cadre administratif et commercial;121,4497598;99041,63259;37,38789655
FE ; F ; 2020_2022;50;Cadre de la fonction publique, profession intellectuelle et artistique;88,41729803;99352,78397;38,74311132
FE ; F ; 2020_2022;50;Commerçante et assimilée;162,7100742;98589,81465;36,68966611
FE ; F ; 2020_2022;50;Employée administratif d'entreprise;149,1714957;98668,50783;36,94376775
FE ; F ; 2020_2022;50;Employée de commerce;136,1042404;98812,77195;37,11606889
FE ; F ; 2020_2022;50;Employée de la fonction publique;142,5250898;98732,72068;37,03864283
FE ; F ; 2020_2022;50;Ensemble;181,4718655;98494,25483;36,40237075
FE ; F ; 2020_2022;50;Intermédiaire de la santé et du travail social;125,2888342;98975,56871;37,27634568
FE ; F ; 2020_2022;50;Intermédiaire des entreprises;118,8550501;99091,20821;37,53866841
FE ; F ; 2020_2022;50;Ouvrière peu qualifiée de type industriel ou artisanal;267,1033458;97713,00451;34,92046835
FE ; F ; 2020_2022;50;Ouvrière qualifiée de type industriel ou artisanal;209,3752648;98235,96853;35,76646189
FE ; F ; 2020_2022;50;Personnel des services aux particuliers;194,9894203;98372,46491;36,01693434
FE ; F ; 2020_2022;50;Profession de l’enseignement primaire et professionnel;111,1557694;99184,16623;38,00866518
FE ; F ; 2020_2022;51;Cadre administratif et commercial;135,1334735;98921,34677;36,43335928
FE ; F ; 2020_2022;51;Cadre de la fonction publique, profession intellectuelle et artistique;98,19408918;99264,93892;37,77739725
FE ; F ; 2020_2022;51;Commerçante et assimilée;179,0239281;98429,39909;35,74946118
FE ; F ; 2020_2022;51;Employée administratif d'entreprise;164,0056829;98521,32254;35,99895965
FE ; F ; 2020_2022;51;Employée de commerce;150,1704196;98678,28357;36,16665429
FE ; F ; 2020_2022;51;Employée de la fonction publique;156,8832355;98592,00178;36,09150753
FE ; F ; 2020_2022;51;Ensemble;201,155067;98315,51547;35,46855091
FE ; F ; 2020_2022;51;Intermédiaire de la santé et du travail social;139,0669626;98851,56338;36,32310736
FE ; F ; 2020_2022;51;Intermédiaire des entreprises;132,4187933;98973,4333;36,58333811
FE ; F ; 2020_2022;51;Ouvrière peu qualifiée de type industriel ou artisanal;291,7990858;97452,00981;34,0139919
FE ; F ; 2020_2022;51;Ouvrière qualifiée de type industriel ou artisanal;229,7646875;98030,28671;34,84150514
FE ; F ; 2020_2022;51;Personnel des services aux particuliers;214,4090828;98180,64901;35,08730076
FE ; F ; 2020_2022;51;Profession de l’enseignement primaire et professionnel;123,7725833;99073,91731;37,05096102
FE ; F ; 2020_2022;52;Cadre administratif et commercial;149,4325474;98787,67092;35,48265956
FE ; F ; 2020_2022;52;Cadre de la fonction publique, profession intellectuelle et artistique;108,1222766;99167,46662;36,81452888
FE ; F ; 2020_2022;52;Commerçante et assimilée;195,8798146;98253,18691;34,81357605
FE ; F ; 2020_2022;52;Employée administratif d'entreprise;179,4601573;98359,74197;35,05809698
FE ; F ; 2020_2022;52;Employée de commerce;164,9082568;98530,09798;35,22104759
FE ; F ; 2020_2022;52;Employée de la fonction publique;171,8922226;98437,32746;35,14821803
FE ; F ; 2020_2022;52;Ensemble;221,0227695;98117,74883;34,5400415
FE ; F ; 2020_2022;52;Intermédiaire de la santé et du travail social;153,5056721;98714,09351;35,37369115
FE ; F ; 2020_2022;52;Intermédiaire des entreprises;146,5163629;98842,37388;35,63184556
FE ; F ; 2020_2022;52;Ouvrière peu qualifiée de type industriel ou artisanal;316,6826256;97167,64573;33,11353488
FE ; F ; 2020_2022;52;Ouvrière qualifiée de type industriel ou artisanal;250,4813182;97805,04773;33,92174297
FE ; F ; 2020_2022;52;Personnel des services aux particuliers;234,1990378;97970,14078;34,16269277
FE ; F ; 2020_2022;52;Profession de l’enseignement primaire et professionnel;136,6945025;98951,29096;36,09687678
FE ; F ; 2020_2022;53;Cadre administratif et commercial;164,4806489;98640,04998;34,53576156
FE ; F ; 2020_2022;53;Cadre de la fonction publique, profession intellectuelle et artistique;118,2684096;99060,2445;35,85437667
FE ; F ; 2020_2022;53;Commerçante et assimilée;213,4517352;98060,72875;33,88190266
FE ; F ; 2020_2022;53;Employée administratif d'entreprise;195,7175507;98183,22542;34,12112541
FE ; F ; 2020_2022;53;Employée de commerce;180,4919033;98367,61371;34,27922594
FE ; F ; 2020_2022;53;Employée de la fonction publique;187,7327596;98268,12135;34,20873911
FE ; F ; 2020_2022;53;Ensemble;241,4200111;97900,88626;33,61655197
FE ; F ; 2020_2022;53;Intermédiaire de la santé et du travail social;168,7551311;98562,56178;34,42807525
FE ; F ; 2020_2022;53;Intermédiaire des entreprises;161,2628433;98697,55363;34,68412865
FE ; F ; 2020_2022;53;Ouvrière peu qualifiée de type industriel ou artisanal;341,97345;96859,93268;32,21873283
FE ; F ; 2020_2022;53;Ouvrière qualifiée de type industriel ou artisanal;271,7060556;97560,06435;33,00692397
FE ; F ; 2020_2022;53;Personnel des services aux particuliers;254,5277905;97740,69565;33,24288929
FE ; F ; 2020_2022;53;Profession de l’enseignement primaire et professionnel;150,0024658;98816,02999;35,14628677
FE ; F ; 2020_2022;54;Cadre administratif et commercial;180,2159211;98477,80619;33,59265979
FE ; F ; 2020_2022;54;Cadre de la fonction publique, profession intellectuelle et artistique;128,5695423;98943,08752;34,89683128
FE ; F ; 2020_2022;54;Commerçante et assimilée;231,6543988;97851,41642;32,95437887
FE ; F ; 2020_2022;54;Employée administratif d'entreprise;212,7211061;97991,06362;33,1880374
FE ; F ; 2020_2022;54;Employée de commerce;196,875842;98190,06814;33,34120904
FE ; F ; 2020_2022;54;Employée de la fonction publique;204,3561602;98083,63989;33,27308091
FE ; F ; 2020_2022;54;Ensemble;261,0352411;97664,53393;32,69790545
FE ; F ; 2020_2022;54;Intermédiaire de la santé et du travail social;184,762957;98396,2324;33,48627261
FE ; F ; 2020_2022;54;Intermédiaire des entreprises;176,5840013;98538,39114;33,7401516
FE ; F ; 2020_2022;54;Ouvrière peu qualifiée de type industriel ou artisanal;367,4773119;96528,69743;31,32929042
FE ; F ; 2020_2022;54;Ouvrière qualifiée de type industriel ou artisanal;293,2938805;97294,98775;32,09685011
FE ; F ; 2020_2022;54;Personnel des services aux particuliers;275,2592188;97491,91842;32,32771759
FE ; F ; 2020_2022;54;Profession de l’enseignement primaire et professionnel;163,6074695;98667,80351;34,19908626
FE ; F ; 2020_2022;55;Cadre administratif et commercial;197,0606098;98300,3335;32,65330841
FE ; F ; 2020_2022;55;Cadre de la fonction publique, profession intellectuelle et artistique;139,3199894;98815,87685;33,94175574
FE ; F ; 2020_2022;55;Commerçante et assimilée;251,0209247;97624,73931;32,03089639
FE ; F ; 2020_2022;55;Employée administratif d'entreprise;230,9804259;97782,61595;32,25878585
FE ; F ; 2020_2022;55;Employée de commerce;214,5392597;97996,75561;32,40697932
FE ; F ; 2020_2022;55;Employée de la fonction publique;222,2578578;97883,19993;32,34121574
FE ; F ; 2020_2022;55;Ensemble;281,8642242;97409,59508;31,78348189
FE ; F ; 2020_2022;55;Intermédiaire de la santé et du travail social;201,9712901;98214,43261;32,54825736
FE ; F ; 2020_2022;55;Intermédiaire des entreprises;192,8824129;98364,38811;32,79983671
FE ; F ; 2020_2022;55;Ouvrière peu qualifiée de type industriel ou artisanal;393,9843832;96173,97637;30,44484309
FE ; F ; 2020_2022;55;Ouvrière qualifiée de type industriel ou artisanal;315,8874558;97009,6275;31,19126512
FE ; F ; 2020_2022;55;Personnel des services aux particuliers;296,9967495;97223,56293;31,41694823
FE ; F ; 2020_2022;55;Profession de l’enseignement primaire et professionnel;177,8689175;98506,37561;33,25513021
FE ; F ; 2020_2022;56;Cadre administratif et commercial;215,5596282;98106,62227;31,71778227
FE ; F ; 2020_2022;56;Cadre de la fonction publique, profession intellectuelle et artistique;150,9030503;98678,20658;32,98910936
FE ; F ; 2020_2022;56;Commerçante et assimilée;272,2190388;97379,68079;31,11150299
FE ; F ; 2020_2022;56;Employée administratif d'entreprise;251,1315576;97556,75724;31,33346984
FE ; F ; 2020_2022;56;Employée de commerce;234,0852596;97786,5141;31,47665449
FE ; F ; 2020_2022;56;Employée de la fonction publique;242,0578394;97665,64683;31,41325675
FE ; F ; 2020_2022;56;Ensemble;303,7292263;97135,03228;30,87332138
FE ; F ; 2020_2022;56;Intermédiaire de la santé et du travail social;220,9457652;98016,06765;31,61412854
FE ; F ; 2020_2022;56;Intermédiaire des entreprises;210,6815729;98174,66051;31,86322409
FE ; F ; 2020_2022;56;Ouvrière peu qualifiée de type industriel ou artisanal;422,4654498;95795,06592;29,56526546
FE ; F ; 2020_2022;56;Ouvrière qualifiée de type industriel ou artisanal;340,2878717;96703,18626;30,29010664
FE ; F ; 2020_2022;56;Personnel des services aux particuliers;320,4972443;96934,8121;30,51053349
FE ; F ; 2020_2022;56;Profession de l’enseignement primaire et professionnel;193,2578113;98331,16339;32,31438615
FE ; F ; 2020_2022;57;Cadre administratif et commercial;236,2627801;97895,144;30,7863007
FE ; F ; 2020_2022;57;Cadre de la fonction publique, profession intellectuelle et artistique;163,704961;98529,29815;32,03896617
FE ; F ; 2020_2022;57;Commerçante et assimilée;295,8991227;97114,59476;30,1964256
FE ; F ; 2020_2022;57;Employée administratif d'entreprise;273,7999601;97311,76144;30,41235618
FE ; F ; 2020_2022;57;Employée de commerce;256,1145896;97557,61028;30,55050958
FE ; F ; 2020_2022;57;Employée de la fonction publique;264,3695695;97429,23947;30,48947951
FE ; F ; 2020_2022;57;Ensemble;328,5754647;96840,0048;29,96737836
FE ; F ; 2020_2022;57;Intermédiaire de la santé et du travail social;242,255836;97799,5053;30,68413329
FE ; F ; 2020_2022;57;Intermédiaire des entreprises;230,5091957;97967,82459;30,93049576
FE ; F ; 2020_2022;57;Ouvrière peu qualifiée de type industriel ou artisanal;453,8237338;95390,36486;28,6906984
FE ; F ; 2020_2022;57;Ouvrière qualifiée de type industriel ou artisanal;367,257792;96374,11705;29,39353215
FE ; F ; 2020_2022;57;Personnel des services aux particuliers;346,4862735;96624,1387;29,60863332
FE ; F ; 2020_2022;57;Profession de l’enseignement primaire et professionnel;210,2464612;98141,13073;31,37695715
FE ; F ; 2020_2022;58;Cadre administratif et commercial;259,4118179;97663,85421;29,85920953
FE ; F ; 2020_2022;58;Cadre de la fonction publique, profession intellectuelle et artistique;177,9024064;98368,00081;31,09150155
FE ; F ; 2020_2022;58;Commerçante et assimilée;322,3070614;96827,23352;29,28604173
FE ; F ; 2020_2022;58;Employée administratif d'entreprise;299,2422055;97045,32187;29,49585382
FE ; F ; 2020_2022;58;Employée de commerce;280,8888461;97307,75101;29,6289548
FE ; F ; 2020_2022;58;Employée de la fonction publique;289,4533911;97171,66621;29,57029807
FE ; F ; 2020_2022;58;Ensemble;357,5082441;96521,8123;29,06616842
FE ; F ; 2020_2022;58;Intermédiaire de la santé et du travail social;266,1543039;97562,58029;29,75864791
FE ; F ; 2020_2022;58;Intermédiaire des entreprises;252,5921298;97741,99974;30,00195812
FE ; F ; 2020_2022;58;Ouvrière peu qualifiée de type industriel ou artisanal;488,3082626;94957,46075;27,8214972
FE ; F ; 2020_2022;58;Ouvrière qualifiée de type industriel ou artisanal;397,044065;96020,17559;28,5018801
FE ; F ; 2020_2022;58;Personnel des services aux particuliers;375,2063573;96289,34933;28,71157986
FE ; F ; 2020_2022;58;Profession de l’enseignement primaire et professionnel;229,0321747;97934,79248;30,44306508
FE ; F ; 2020_2022;59;Cadre administratif et commercial;285,1056506;97410,50263;28,9368693
FE ; F ; 2020_2022;59;Cadre de la fonction publique, profession intellectuelle et artistique;193,5903315;98193,00177;30,14691266
FE ; F ; 2020_2022;59;Commerçante et assimilée;351,5038226;96515,15251;28,38073792
FE ; F ; 2020_2022;59;Employée administratif d'entreprise;327,5441625;96754,92131;28,58438277
FE ; F ; 2020_2022;59;Employée de commerce;308,5107695;97034,42439;28,71241366
FE ; F ; 2020_2022;59;Employée de la fonction publique;317,4052061;96890,39953;28,65613877
FE ; F ; 2020_2022;59;Ensemble;389,089883;96176,73887;28,1704552
FE ; F ; 2020_2022;59;Intermédiaire de la santé et du travail social;292,7455814;97302,91329;28,8380632
FE ; F ; 2020_2022;59;Intermédiaire des entreprises;277,0206099;97495,11114;29,07793261
FE ; F ; 2020_2022;59;Ouvrière peu qualifiée de type industriel ou artisanal;525,8811712;94493,77562;26,95801851
FE ; F ; 2020_2022;59;Ouvrière qualifiée de type industriel ou artisanal;429,6660107;95638,93318;27,61549623
FE ; F ; 2020_2022;59;Personnel des services aux particuliers;406,6856296;95928,06557;27,81971326
FE ; F ; 2020_2022;59;Profession de l’enseignement primaire et professionnel;249,6955255;97710,49029;29,51294955
FE ; F ; 2020_2022;60;Cadre administratif et commercial;313,6067197;97132,77978;28,01960584
FE ; F ; 2020_2022;60;Cadre de la fonction publique, profession intellectuelle et artistique;210,9987351;98002,90961;29,20538737
FE ; F ; 2020_2022;60;Commerçante et assimilée;383,7463772;96175,89806;27,48084919
FE ; F ; 2020_2022;60;Employée administratif d'entreprise;358,9726776;96438,00622;27,67831693
FE ; F ; 2020_2022;60;Employée de commerce;339,2535098;96735,06274;27,80126868
FE ; F ; 2020_2022;60;Employée de la fonction publique;348,4960208;96582,86436;27,74738446
FE ; F ; 2020_2022;60;Ensemble;423,0072807;95802,52491;27,28049173
FE ; F ; 2020_2022;60;Intermédiaire de la santé et du travail social;322,2986853;97018,06331;27,92273322
FE ; F ; 2020_2022;60;Intermédiaire des entreprises;304,0483798;97225,02959;28,15870824
FE ; F ; 2020_2022;60;Ouvrière peu qualifiée de type industriel ou artisanal;566,8008042;93996,85065;26,10053512
FE ; F ; 2020_2022;60;Ouvrière qualifiée de type industriel ou artisanal;465,3890279;95228,00519;26,73466265
FE ; F ; 2020_2022;60;Personnel des services aux particuliers;441,1850654;95537,93991;26,93331403
FE ; F ; 2020_2022;60;Profession de l’enseignement primaire et professionnel;272,4761975;97466,51157;28,58682654
FE ; F ; 2020_2022;61;Cadre administratif et commercial;344,8903967;96828,16486;27,10775364
FE ; F ; 2020_2022;61;Cadre de la fonction publique, profession intellectuelle et artistique;230,1938775;97796,12471;28,26714066
FE ; F ; 2020_2022;61;Commerçante et assimilée;418,9318103;95806,82654;26,5867122
FE ; F ; 2020_2022;61;Employée administratif d'entreprise;393,4552051;96091,82012;26,77803247
FE ; F ; 2020_2022;61;Employée de commerce;373,0696963;96406,88565;26,89590652
FE ; F ; 2020_2022;61;Employée de la fonction publique;382,6670044;96246,27692;26,84442116
FE ; F ; 2020_2022;61;Ensemble;458,0364214;95397,27325;26,39638041
FE ; F ; 2020_2022;61;Intermédiaire de la santé et du travail social;354,7828858;96705,37537;27,01301881
FE ; F ; 2020_2022;61;Intermédiaire des entreprises;333,656957;96929,41846;27,24458545
FE ; F ; 2020_2022;61;Ouvrière peu qualifiée de type industriel ou artisanal;610,7958575;93464,07574;25,24931646
FE ; F ; 2020_2022;61;Ouvrière qualifiée de type industriel ou artisanal;504,0495969;94784,82451;25,85966458
FE ; F ; 2020_2022;61;Personnel des services aux particuliers;478,5594129;95116,44079;26,05266636
FE ; F ; 2020_2022;61;Profession de l’enseignement primaire et professionnel;297,3842104;97200,93853;27,66493165
FE ; F ; 2020_2022;62;Cadre administratif et commercial;379,2833013;96494,21382;26,20156924
FE ; F ; 2020_2022;62;Cadre de la fonction publique, profession intellectuelle et artistique;251,5166422;97571,00402;27,33236002
FE ; F ; 2020_2022;62;Commerçante et assimilée;457,3787073;95405,46127;25,69856097
FE ; F ; 2020_2022;62;Employée administratif d'entreprise;431,3078411;95713,74186;25,88380822
FE ; F ; 2020_2022;62;Employée de commerce;410,2783044;96047,22077;25,99662274
FE ; F ; 2020_2022;62;Employée de la fonction publique;420,2353648;95877,97417;25,94754051
FE ; F ; 2020_2022;62;Ensemble;497,2203108;94960,31899;25,51784179
FE ; F ; 2020_2022;62;Intermédiaire de la santé et du travail social;390,5217956;96362,28124;26,10919761
FE ; F ; 2020_2022;62;Intermédiaire des entreprises;366,1769632;96606,00672;26,33579322
FE ; F ; 2020_2022;62;Ouvrière peu qualifiée de type industriel ou artisanal;658,2273589;92893,20104;24,40448601
FE ; F ; 2020_2022;62;Ouvrière qualifiée de type industriel ou artisanal;546,0085807;94307,06198;24,99067045
FE ; F ; 2020_2022;62;Personnel des services aux particuliers;519,1605521;94661,2521;25,17794337
FE ; F ; 2020_2022;62;Profession de l’enseignement primaire et professionnel;324,7616043;96911,87828;26,74744818
FE ; F ; 2020_2022;63;Cadre administratif et commercial;416,6629182;96128,22738;25,30132578
FE ; F ; 2020_2022;63;Cadre de la fonction publique, profession intellectuelle et artistique;275,0559204;97325,5967;26,4012788
FE ; F ; 2020_2022;63;Commerçante et assimilée;498,8520949;94969,097;24,81664079
FE ; F ; 2020_2022;63;Employée administratif d'entreprise;472,3178036;95300,92098;24,99593071
FE ; F ; 2020_2022;63;Employée de commerce;450,6946398;95653,15986;25,10372064
FE ; F ; 2020_2022;63;Employée de la fonction publique;461,001669;95475,06102;25,05704141
FE ; F ; 2020_2022;63;Ensemble;539,6866795;94488,157;24,6453557
FE ; F ; 2020_2022;63;Intermédiaire de la santé et du travail social;429,3682068;95985,96553;25,21155946
FE ; F ; 2020_2022;63;Intermédiaire des entreprises;401,5157799;96252,25777;25,43258325
FE ; F ; 2020_2022;63;Ouvrière peu qualifiée de type industriel ou artisanal;708,6672918;92281,75257;23,56618737
FE ; F ; 2020_2022;63;Ouvrière qualifiée de type industriel ou artisanal;590,9799675;93792,13733;24,12787078
FE ; F ; 2020_2022;63;Personnel des services aux particuliers;562,7259036;94169,80823;24,30933947
FE ; F ; 2020_2022;63;Profession de l’enseignement primaire et professionnel;354,5975703;96597,14571;25,83459665
FE ; F ; 2020_2022;64;Cadre administratif et commercial;456,7997973;95727,6967;24,40718811
FE ; F ; 2020_2022;64;Cadre de la fonction publique, profession intellectuelle et artistique;300,8906111;97057,89689;25,47409737
FE ; F ; 2020_2022;64;Commerçante et assimilée;542,9882037;94495,34167;23,94105979
FE ; F ; 2020_2022;64;Employée administratif d'entreprise;516,1342913;94850,79776;24,1145512
FE ; F ; 2020_2022;64;Employée de commerce;493,9961788;95222,0562;24,21737399
FE ; F ; 2020_2022;64;Employée de la fonction publique;504,6269407;95034,91939;24,17308978
FE ; F ; 2020_2022;64;Ensemble;586,3684806;93978,217;23,77908513
FE ; F ; 2020_2022;64;Intermédiaire de la santé et du travail social;471,0529923;95573,83231;24,32027668
FE ; F ; 2020_2022;64;Intermédiaire des entreprises;439,4932303;95865,78977;24,53511075
FE ; F ; 2020_2022;64;Ouvrière peu qualifiée de type industriel ou artisanal;761,5486199;91627,78198;22,7343852
FE ; F ; 2020_2022;64;Ouvrière qualifiée de type industriel ou artisanal;638,5589022;93237,84459;23,27130936
FE ; F ; 2020_2022;64;Personnel des services aux particuliers;608,8775322;93639,89032;23,44690856
FE ; F ; 2020_2022;64;Profession de l’enseignement primaire et professionnel;386,8368083;96254,61458;24,9265315
FE ; F ; 2020_2022;65;Cadre administratif et commercial;499,5291019;95290,41277;23,51919173
FE ; F ; 2020_2022;65;Cadre de la fonction publique, profession intellectuelle et artistique;329,2108981;96765,85879;24,55097786
FE ; F ; 2020_2022;65;Commerçante et assimilée;589,49987;93982,24311;23,07176664
FE ; F ; 2020_2022;65;Employée administratif d'entreprise;562,4599209;94361,24027;23,2396604
FE ; F ; 2020_2022;65;Employée de commerce;539,9042409;94751,66288;23,33760081
FE ; F ; 2020_2022;65;Employée de la fonction publique;550,8186319;94555,34759;23,29569239
FE ; F ; 2020_2022;65;Ensemble;633,9662623;93427,15836;22,9193406
FE ; F ; 2020_2022;65;Intermédiaire de la santé et du travail social;515,3600147;95123,62892;23,43538027
FE ; F ; 2020_2022;65;Intermédiaire des entreprises;480,0090716;95444,46611;23,6434169
FE ; F ; 2020_2022;65;Ouvrière peu qualifiée de type industriel ou artisanal;816,4627014;90929,99187;21,90884721
FE ; F ; 2020_2022;65;Ouvrière qualifiée de type industriel ou artisanal;688,4690158;92642,46603;22,42086538
FE ; F ; 2020_2022;65;Personnel des services aux particuliers;657,3576709;93069,73807;22,5905461
FE ; F ; 2020_2022;65;Profession de l’enseignement primaire et professionnel;421,5314119;95882,2663;24,02333095
FE ; F ; 2020_2022;66;Cadre administratif et commercial;544,947744;94814,40943;22,63726676
FE ; F ; 2020_2022;66;Cadre de la fonction publique, profession intellectuelle et artistique;360,4518285;96447,29504;23,63206932
FE ; F ; 2020_2022;66;Commerçante et assimilée;638,4045424;93428,21791;22,20858119
FE ; F ; 2020_2022;66;Employée administratif d'entreprise;611,2697786;93830,49611;22,37111355
FE ; F ; 2020_2022;66;Employée de commerce;588,3957149;94240,09463;22,46428548
FE ; F ; 2020_2022;66;Employée de la fonction publique;599,5458625;94034,51911;22,42472011
FE ; F ; 2020_2022;66;Ensemble;680,6759231;92834,8617;22,06556852
FE ; F ; 2020_2022;66;Intermédiaire de la santé et du travail social;562,3293599;94633,39977;22,5567825
FE ; F ; 2020_2022;66;Intermédiaire des entreprises;523,232143;94986,32402;22,75745484
FE ; F ; 2020_2022;66;Ouvrière peu qualifiée de type industriel ou artisanal;873,4625614;90187,5824;21,08919727
FE ; F ; 2020_2022;66;Ouvrière qualifiée de type industriel ou artisanal;740,8225681;92004,65136;21,57629618
FE ; F ; 2020_2022;66;Personnel des services aux particuliers;708,278499;92457,93701;21,74002942
FE ; F ; 2020_2022;66;Profession de l’enseignement primaire et professionnel;459,0066496;95478,09243;23,12502552
FE ; F ; 2020_2022;67;Cadre administratif et commercial;593,9300066;94297,72045;21,76130397
FE ; F ; 2020_2022;67;Cadre de la fonction publique, profession intellectuelle et artistique;395,5223277;96099,649;22,7175597
FE ; F ; 2020_2022;67;Commerçante et assimilée;690,6402138;92831,76792;21,35127274
FE ; F ; 2020_2022;67;Employée administratif d'entreprise;663,4320121;93256,93865;21,50870244
FE ; F ; 2020_2022;67;Employée de commerce;640,3086001;93685,58995;21,59724671
FE ; F ; 2020_2022;67;Employée de la fonction publique;651,6559075;93470,73905;21,55997752
FE ; F ; 2020_2022;67;Ensemble;730,156947;92202,95714;21,21679288
FE ; F ; 2020_2022;67;Intermédiaire de la santé et du travail social;612,8136504;94101,24838;21,68434323
FE ; F ; 2020_2022;67;Intermédiaire des entreprises;570,0643063;94489,32504;21,87715547
FE ; F ; 2020_2022;67;Ouvrière peu qualifiée de type industriel ou artisanal;933,8164374;89399,82763;20,27502666
FE ; F ; 2020_2022;67;Ouvrière qualifiée de type industriel ou artisanal;796,7638488;91323,06014;20,73733124
FE ; F ; 2020_2022;67;Personnel des services aux particuliers;762,7425561;91803,07732;20,89510776
FE ; F ; 2020_2022;67;Profession de l’enseignement primaire et professionnel;500,2026694;95039,84164;22,23166038
FE ; F ; 2020_2022;68;Cadre administratif et commercial;647,495502;93737,65799;20,89132311
FE ; F ; 2020_2022;68;Cadre de la fonction publique, profession intellectuelle et artistique;435,3597456;95719,55343;21,80776952
FE ; F ; 2020_2022;68;Commerçante et assimilée;747,3126157;92190,6344;20,49975871
FE ; F ; 2020_2022;68;Employée administratif d'entreprise;720,0044094;92638,24226;20,65235107
FE ; F ; 2020_2022;68;Employée de commerce;696,6733857;93085,71306;20,73642692
FE ; F ; 2020_2022;68;Employée de la fonction publique;708,1901171;92861,63145;20,70139595
FE ; F ; 2020_2022;68;Ensemble;783,4313001;91529,73085;20,37284822
FE ; F ; 2020_2022;68;Intermédiaire de la santé et du travail social;667,834012;93524,58308;20,8180472
FE ; F ; 2020_2022;68;Intermédiaire des entreprises;621,5226129;93950,67512;21,00258435
FE ; F ; 2020_2022;68;Ouvrière peu qualifiée de type industriel ou artisanal;998,9138949;88564,99735;19,46614287
FE ; F ; 2020_2022;68;Ouvrière qualifiée de type industriel ou artisanal;857,558443;90595,43101;19,90388584
FE ; F ; 2020_2022;68;Personnel des services aux particuliers;821,976775;91102,85618;20,05570861
FE ; F ; 2020_2022;68;Profession de l’enseignement primaire et professionnel;546,1126135;94564,44981;21,34342278
FE ; F ; 2020_2022;69;Cadre administratif et commercial;707,0947486;93130,71087;20,02747506
FE ; F ; 2020_2022;69;Cadre de la fonction publique, profession intellectuelle et artistique;481,2368698;95302,82902;20,90312691
FE ; F ; 2020_2022;69;Commerçante et assimilée;809,995495;91501,68216;19,65410948
FE ; F ; 2020_2022;69;Employée administratif d'entreprise;782,5053398;91971,24284;19,80212731
FE ; F ; 2020_2022;69;Employée de commerce;758,974767;92437,20968;19,8819056
FE ; F ; 2020_2022;69;Employée de la fonction publique;770,6473828;92203,99456;19,84904684
FE ; F ; 2020_2022;69;Ensemble;846,1942929;90812,65829;19,53371578
FE ; F ; 2020_2022;69;Intermédiaire de la santé et du travail social;728,8534766;92899,99411;19,95801193
FE ; F ; 2020_2022;69;Intermédiaire des entreprises;679,0399369;93366,75043;20,13393654
FE ; F ; 2020_2022;69;Ouvrière peu qualifiée de type industriel ou artisanal;1070,698473;87680,30928;18,66255486
FE ; F ; 2020_2022;69;Ouvrière qualifiée de type industriel ou artisanal;924,9804496;89818,52224;19,0760497
FE ; F ; 2020_2022;69;Personnel des services aux particuliers;887,7032743;90354,01186;19,22192817
FE ; F ; 2020_2022;69;Profession de l’enseignement primaire et professionnel;598,1064863;94048,02142;20,46062194
FE ; F ; 2020_2022;70;Cadre administratif et commercial;773,7546843;92472,1885;19,17009676
FE ; F ; 2020_2022;70;Cadre de la fonction publique, profession intellectuelle et artistique;534,207406;94844,19667;20,0042069
FE ; F ; 2020_2022;70;Commerçante et assimilée;879,7417044;90760,52266;18,8146069
FE ; F ; 2020_2022;70;Employée administratif d'entreprise;851,9581079;91251,56295;18,95830209
FE ; F ; 2020_2022;70;Employée de commerce;828,2263387;91735,63458;19,03395829
FE ; F ; 2020_2022;70;Employée de la fonction publique;840,0434803;91493,42688;19,00320098
FE ; F ; 2020_2022;70;Ensemble;915,6996525;90044,20676;18,7004196
FE ; F ; 2020_2022;70;Intermédiaire de la santé et du travail social;796,8927039;92222,88927;19,1045446
FE ; F ; 2020_2022;70;Intermédiaire des entreprises;743,6486854;92732,75291;19,27158873
FE ; F ; 2020_2022;70;Ouvrière peu qualifiée de type industriel ou artisanal;1150,348256;86741,51755;17,86453717
FE ; F ; 2020_2022;70;Ouvrière qualifiée de type industriel ou artisanal;1000,182611;88987,71847;18,2541468
FE ; F ; 2020_2022;70;Personnel des services aux particuliers;961,0567396;89551,93634;18,39409014
FE ; F ; 2020_2022;70;Profession de l’enseignement primaire et professionnel;657,2233966;93485,51411;19,58373459
FE ; F ; 2020_2022;71;Cadre administratif et commercial;849,4383803;91756,68061;18,31958293
FE ; F ; 2020_2022;71;Cadre de la fonction publique, profession intellectuelle et artistique;596,0476314;94337,53195;19,1116448
FE ; F ; 2020_2022;71;Commerçante et assimilée;958,639067;89962,06449;17,98159592
FE ; F ; 2020_2022;71;Employée administratif d'entreprise;930,3919273;90474,13786;18,12120676
FE ; F ; 2020_2022;71;Employée de commerce;906,4258863;90975,85589;18,1929191
FE ; F ; 2020_2022;71;Employée de la fonction publique;918,3887517;90724,84232;18,1641885
FE ; F ; 2020_2022;71;Ensemble;992,6209024;89219,67227;17,87324181
FE ; F ; 2020_2022;71;Intermédiaire de la santé et du travail social;873,929415;91487,97179;18,25801028
FE ; F ; 2020_2022;71;Intermédiaire des entreprises;817,2894086;92043,14701;18,41597537
FE ; F ; 2020_2022;71;Ouvrière peu qualifiée de type industriel ou artisanal;1240,330967;85743,68802;17,07243309
FE ; F ; 2020_2022;71;Ouvrière qualifiée de type industriel ou artisanal;1085,474923;88097,67878;17,43856613
FE ; F ; 2020_2022;71;Personnel des services aux particuliers;1044,292173;88691,29142;17,5725832
FE ; F ; 2020_2022;71;Profession de l’enseignement primaire et professionnel;725,3313414;92871,10544;18,71329498
FE ; F ; 2020_2022;72;Cadre administratif et commercial;936,0927537;90977,26415;17,47652967
FE ; F ; 2020_2022;72;Cadre de la fonction publique, profession intellectuelle et artistique;668,6350835;93775,23533;18,22624236
FE ; F ; 2020_2022;72;Commerçante et assimilée;1048,708848;89099,65299;17,15564301
FE ; F ; 2020_2022;72;Employée administratif d'entreprise;1019,778367;89632,37378;17,29138836
FE ; F ; 2020_2022;72;Employée de commerce;995,5258105;90151,22718;17,35933285
FE ; F ; 2020_2022;72;Employée de la fonction publique;1007,641439;89891,63557;17,3325526
FE ; F ; 2020_2022;72;Ensemble;1077,870935;88334,05915;17,05243404
FE ; F ; 2020_2022;72;Intermédiaire de la santé et du travail social;961,9137444;90688,4315;17,41897916
FE ; F ; 2020_2022;72;Intermédiaire des entreprises;901,8999266;91290,88812;17,56772744
FE ; F ; 2020_2022;72;Ouvrière peu qualifiée de type industriel ou artisanal;1342,927031;84680,1825;16,28684721
FE ; F ; 2020_2022;72;Ouvrière qualifiée de type industriel ou artisanal;1183,061409;87141,40057;16,62993465
FE ; F ; 2020_2022;72;Personnel des services aux particuliers;1139,575438;87765,0952;16,75802891
FE ; F ; 2020_2022;72;Profession de l’enseignement primaire et professionnel;804,3349546;92197,4822;17,85002008
FE ; F ; 2020_2022;73;Cadre administratif et commercial;1037,122214;90125,63257;16,64167208
FE ; F ; 2020_2022;73;Cadre de la fonction publique, profession intellectuelle et artistique;755,0256349;93148,2212;17,34892974
FE ; F ; 2020_2022;73;Commerçante et assimilée;1153,552153;88165,25705;16,33746251
FE ; F ; 2020_2022;73;Employée administratif d'entreprise;1123,630086;88718,32223;16,46953894
FE ; F ; 2020_2022;73;Employée de commerce;1098,993793;89253,74845;16,53388722
FE ; F ; 2020_2022;73;Employée de la fonction publique;1111,28698;88985,8502;16,50898034
FE ; F ; 2020_2022;73;Ensemble;1177,909901;87381,932;16,23824002
FE ; F ; 2020_2022;73;Intermédiaire de la santé et du travail social;1064,279458;89816,08701;16,58816211
FE ; F ; 2020_2022;73;Intermédiaire des entreprises;1000,839071;90467,53567;16,72761277
FE ; F ; 2020_2022;73;Ouvrière peu qualifiée de type industriel ou artisanal;1462,326804;83542,98944;15,50854492
FE ; F ; 2020_2022;73;Ouvrière qualifiée de type industriel ou artisanal;1296,896021;86110,46429;15,82903244
FE ; F ; 2020_2022;73;Personnel des services aux particuliers;1250,773308;86764,94574;15,95120063
FE ; F ; 2020_2022;73;Profession de l’enseignement primaire et professionnel;897,4552192;91455,90563;16,99475821
FE ; F ; 2020_2022;74;Cadre administratif et commercial;1154,678005;89190,91962;15,81607534
FE ; F ; 2020_2022;74;Cadre de la fonction publique, profession intellectuelle et artistique;857,543198;92444,92825;16,48091513
FE ; F ; 2020_2022;74;Commerçante et assimilée;1275,30739;87148,22483;15,52812303
FE ; F ; 2020_2022;74;Employée administratif d'entreprise;1244,040101;87721,45647;15,65669861
FE ; F ; 2020_2022;74;Employée de commerce;1218,922779;88272,85529;15,71761275
FE ; F ; 2020_2022;74;Employée de la fonction publique;1231,412236;87996,96203;15,69450419
FE ; F ; 2020_2022;74;Ensemble;1298,073501;86352,65157;15,43179173
FE ; F ; 2020_2022;74;Intermédiaire de la santé et du travail social;1183,155248;88860,19285;15,76660565
FE ; F ; 2020_2022;74;Intermédiaire des entreprises;1116,279073;89562,10122;15,89672176
FE ; F ; 2020_2022;74;Ouvrière peu qualifiée de type industriel ou artisanal;1600,716778;82321,31791;14,73869609
FE ; F ; 2020_2022;74;Ouvrière qualifiée de type industriel ou artisanal;1429,246051;84993,70111;15,03701586
FE ; F ; 2020_2022;74;Personnel des services aux particuliers;1380,146601;85679,71295;15,15324106
FE ; F ; 2020_2022;74;Profession de l’enseignement primaire et professionnel;1006,914217;90635,12983;16,14865976
FE ; F ; 2020_2022;75;Cadre administratif et commercial;1291,502548;88161,05169;15,00083344
FE ; F ; 2020_2022;75;Cadre de la fonction publique, profession intellectuelle et artistique;979,077744;91652,17306;15,62346856
FE ; F ; 2020_2022;75;Commerçante et assimilée;1416,734163;86036,81708;14,72871246
FE ; F ; 2020_2022;75;Employée administratif d'entreprise;1383,701052;86630,16637;14,85392783
FE ; F ; 2020_2022;75;Employée de commerce;1357,996947;87196,87735;14,91156241
FE ; F ; 2020_2022;75;Employée de la fonction publique;1370,697699;86913,35668;14,89017779
FE ; F ; 2020_2022;75;Ensemble;1443,874611;85231,73069;14,63474217
FE ; F ; 2020_2022;75;Intermédiaire de la santé et du travail social;1321,261206;87808,83881;14,95538259
FE ; F ; 2020_2022;75;Intermédiaire des entreprises;1250,981309;88562,33823;15,07617676
FE ; F ; 2020_2022;75;Ouvrière peu qualifiée de type industriel ou artisanal;1760,966444;81003,58677;13,97845879
FE ; F ; 2020_2022;75;Ouvrière qualifiée de type industriel ou artisanal;1583,047973;83778,93199;14,25504803
FE ; F ; 2020_2022;75;Personnel des services aux particuliers;1530,61939;84497,20731;14,36530479
FE ; F ; 2020_2022;75;Profession de l’enseignement primaire et professionnel;1135,51311;89722,51182;15,31291683
FE ; F ; 2020_2022;76;Cadre administratif et commercial;1449,740988;87022,44946;14,19710443
FE ; F ; 2020_2022;76;Cadre de la fonction publique, profession intellectuelle et artistique;1122,184195;90754,82703;14,77794692
FE ; F ; 2020_2022;76;Commerçante et assimilée;1579,908939;84817,9041;13,9403779
FE ; F ; 2020_2022;76;Employée administratif d'entreprise;1544,629382;85431,46385;14,06234567
FE ; F ; 2020_2022;76;Employée de commerce;1518,239526;86012,74642;14,11684875
FE ; F ; 2020_2022;76;Employée de la fonction publique;1531,153311;85722,0373;14,09711358
FE ; F ; 2020_2022;76;Ensemble;1608,452898;84001,09137;13,84914521
FE ; F ; 2020_2022;76;Intermédiaire de la santé et du travail social;1480,692108;86648,65469;14,15562803
FE ; F ; 2020_2022;76;Intermédiaire des entreprises;1407,145749;87454,43993;14,26716616
FE ; F ; 2020_2022;76;Ouvrière peu qualifiée de type industriel ou artisanal;1944,986229;79577,14078;13,22902719
FE ; F ; 2020_2022;76;Ouvrière qualifiée de type industriel ou artisanal;1760,441039;82452,6713;13,48434211
FE ; F ; 2020_2022;76;Personnel des services aux particuliers;1704,365381;83203,87667;13,58860074
FE ; F ; 2020_2022;76;Profession de l’enseignement primaire et professionnel;1285,588049;88703,70094;14,48879412
FE ; F ; 2020_2022;77;Cadre administratif et commercial;1633,653489;85760,84934;13,40595344
FE ; F ; 2020_2022;77;Cadre de la fonction publique, profession intellectuelle et artistique;1291,136296;89736,39071;13,94566481
FE ; F ; 2020_2022;77;Commerçante et assimilée;1769,198405;83477,85845;13,16415871
FE ; F ; 2020_2022;77;Employée administratif d'entreprise;1731,067256;84111,86436;13,28296454
FE ; F ; 2020_2022;77;Employée de commerce;1703,861097;84706,86691;13,3344805
FE ; F ; 2020_2022;77;Employée de la fonction publique;1716,992829;84409,50148;13,31631836
FE ; F ; 2020_2022;77;Ensemble;1796,155896;82649,97338;13,0755437
FE ; F ; 2020_2022;77;Intermédiaire de la santé et du travail social;1665,691015;85365,6549;13,36837949
FE ; F ; 2020_2022;77;Intermédiaire des entreprises;1589,038901;86223,8285;13,47079128
FE ; F ; 2020_2022;77;Ouvrière peu qualifiée de type industriel ou artisanal;2157,393814;78029,37635;12,49143372
FE ; F ; 2020_2022;77;Ouvrière qualifiée de type industriel ou artisanal;1966,077214;81001,14064;12,7259799
FE ; F ; 2020_2022;77;Personnel des services aux particuliers;1906,013933;81785,7786;12,82421589
FE ; F ; 2020_2022;77;Profession de l’enseignement primaire et professionnel;1461,395396;87563,33676;13,67748613
FE ; F ; 2020_2022;78;Cadre administratif et commercial;1847,185528;84359,81423;12,6285975
FE ; F ; 2020_2022;78;Cadre de la fonction publique, profession intellectuelle et artistique;1490,078852;88577,7716;13,12807755
FE ; F ; 2020_2022;78;Commerçante et assimilée;1988,591038;82000,96951;12,40125347
FE ; F ; 2020_2022;78;Employée administratif d'entreprise;1946,873752;82655,83141;12,51695207
FE ; F ; 2020_2022;78;Employée de commerce;1918,699834;83263,57955;12,56561982
FE ; F ; 2020_2022;78;Employée de la fonction publique;1932,049278;82960,1964;12,54895291
FE ; F ; 2020_2022;78;Ensemble;2010,213436;81165,45101;12,3146964
FE ; F ; 2020_2022;78;Intermédiaire de la santé et du travail social;1880,16201;83943,72685;12,5948273
FE ; F ; 2020_2022;78;Intermédiaire des entreprises;1800,641223;84853,69832;12,68830375
FE ; F ; 2020_2022;78;Ouvrière peu qualifiée de type industriel ou artisanal;2402,15721;76345,97542;11,76686528
FE ; F ; 2020_2022;78;Ouvrière qualifiée de type industriel ou artisanal;2204,12259;79408,59567;11,98120032
FE ; F ; 2020_2022;78;Personnel des services aux particuliers;2139,75845;80226,93026;12,07339665
FE ; F ; 2020_2022;78;Profession de l’enseignement primaire et professionnel;1666,975386;86283,69019;12,88033267
FE ; F ; 2020_2022;79;Cadre administratif et commercial;2097,937221;82801,53195;11,86626122
FE ; F ; 2020_2022;79;Cadre de la fonction publique, profession intellectuelle et artistique;1726,185878;87257,89295;12,32665522
FE ; F ; 2020_2022;79;Commerçante et assimilée;2245,981724;80370,30558;11,65286726
FE ; F ; 2020_2022;79;Employée administratif d'entreprise;2199,713343;81046,62673;11,76547984
FE ; F ; 2020_2022;79;Employée de commerce;2170,346583;81666,00139;11,81143276
FE ; F ; 2020_2022;79;Employée de la fonction publique;2183,929519;81357,36452;11,79618144
FE ; F ; 2020_2022;79;Ensemble;2268,203862;79533,85221;11,56732649
FE ; F ; 2020_2022;79;Intermédiaire de la santé et du travail social;2131,711749;82365,44879;11,83616806
FE ; F ; 2020_2022;79;Intermédiaire des entreprises;2049,513449;83325,78765;11,92096395
FE ; F ; 2020_2022;79;Ouvrière peu qualifiée de type industriel ou artisanal;2687,743725;74512,02506;11,0564809
FE ; F ; 2020_2022;79;Ouvrière qualifiée de type industriel ou artisanal;2482,990784;77658,33288;11,2512325
FE ; F ; 2020_2022;79;Personnel des services aux particuliers;2413,958856;78510,26774;11,33738693
FE ; F ; 2020_2022;79;Profession de l’enseignement primaire et professionnel;1909,717714;84845,36231;12,09868452
FE ; F ; 2020_2022;80;Cadre administratif et commercial;2391,718485;81064,40779;11,12054259
FE ; F ; 2020_2022;80;Cadre de la fonction publique, profession intellectuelle et artistique;2005,269707;85751,65953;11,54317371
FE ; F ; 2020_2022;80;Commerçante et assimilée;2547,29918;78565,2032;10,92060179
FE ; F ; 2020_2022;80;Employée administratif d'entreprise;2495,301009;79263,83327;11,03010773
FE ; F ; 2020_2022;80;Employée de commerce;2464,475168;79893,56612;11,07346888
FE ; F ; 2020_2022;80;Employée de la fonction publique;2478,302855;79580,57702;11,05955359
FE ; F ; 2020_2022;80;Ensemble;2574,221178;77729,8623;10,83578625
FE ; F ; 2020_2022;80;Intermédiaire de la santé et du travail social;2426,102463;80609,65484;11,09397678
FE ; F ; 2020_2022;80;Intermédiaire des entreprises;2341,492895;81618,01443;11,1703979
FE ; F ; 2020_2022;80;Ouvrière peu qualifiée de type industriel ou artisanal;3019,937143;72509,33279;10,36185854
FE ; F ; 2020_2022;80;Ouvrière qualifiée de type industriel ou artisanal;2808,798613;75730,08363;10,53771285
FE ; F ; 2020_2022;80;Personnel des services aux particuliers;2734,80512;76615,06218;10,61783673
FE ; F ; 2020_2022;80;Profession de l’enseignement primaire et professionnel;2195,455032;83225,05539;11,33423356
FE ; F ; 2020_2022;81;Cadre administratif et commercial;2735,558598;79125,57537;10,39303184
FE ; F ; 2020_2022;81;Cadre de la fonction publique, profession intellectuelle et artistique;2334,0455;84032,10748;10,77938209
FE ; F ; 2020_2022;81;Commerçante et assimilée;2899,789503;76563,91242;10,2060535
FE ; F ; 2020_2022;81;Employée administratif d'entreprise;2840,606248;77285,96203;10,3123858
FE ; F ; 2020_2022;81;Employée de commerce;2807,991472;77924,60902;10,35326733
FE ; F ; 2020_2022;81;Employée de la fonction publique;2822,075961;77608,32931;10,34060821
FE ; F ; 2020_2022;81;Ensemble;2942,295555;75728,92372;10,12209354
FE ; F ; 2020_2022;81;Intermédiaire de la santé et du travail social;2770,326247;78653,98202;10,36982027
FE ; F ; 2020_2022;81;Intermédiaire des entreprises;2683,610932;79706,93442;10,43822308
FE ; F ; 2020_2022;81;Ouvrière peu qualifiée de type industriel ou artisanal;3405,801542;70319,59651;9,684524465
FE ; F ; 2020_2022;81;Ouvrière qualifiée de type industriel ou artisanal;3188,987094;73602,97809;9,842249809
FE ; F ; 2020_2022;81;Personnel des services aux particuliers;3109,838752;74519,78954;9,916378404
FE ; F ; 2020_2022;81;Profession de l’enseignement primaire et professionnel;2531,108287;81397,88673;10,58865732
FE ; F ; 2020_2022;82;Cadre administratif et commercial;3137,06933;76961,04889;9,685335452
FE ; F ; 2020_2022;82;Cadre de la fonction publique, profession intellectuelle et artistique;2719,637776;82070,75985;10,03699047
FE ; F ; 2020_2022;82;Commerçante et assimilée;3311,318075;74343,72013;9,510845908
FE ; F ; 2020_2022;82;Employée administratif d'entreprise;3243,182137;75090,57217;9,61388447
FE ; F ; 2020_2022;82;Employée de commerce;3208,374803;75736,49265;9,652385404
FE ; F ; 2020_2022;82;Employée de la fonction publique;3222,729725;75418,1633;9,640902561
FE ; F ; 2020_2022;82;Ensemble;3366,928556;73500,75497;9,428943889
FE ; F ; 2020_2022;82;Intermédiaire de la santé et du travail social;3171,956889;76475,01011;9,665283419
FE ; F ; 2020_2022;82;Intermédiaire des entreprises;3083,474375;77567,91041;9,726069038
FE ; F ; 2020_2022;82;Ouvrière peu qualifiée de type industriel ou artisanal;3852,839285;67924,65061;9,02598978
FE ; F ; 2020_2022;82;Ouvrière qualifiée de type industriel ou artisanal;3631,528781;71255,78862;9,166456804
FE ; F ; 2020_2022;82;Personnel des services aux particuliers;3547,180554;72202,34424;9,234659821
FE ; F ; 2020_2022;82;Profession de l’enseignement primaire et professionnel;2924,124071;79337,61807;9,863627499
FE ; F ; 2020_2022;83;Cadre administratif et commercial;3605,767056;74546,72743;8,999011371
FE ; F ; 2020_2022;83;Cadre de la fonction publique, profession intellectuelle et artistique;3171,440513;79838,73247;9,317591592
FE ; F ; 2020_2022;83;Commerçante et assimilée;3791,591021;71881,96309;8,836565893
FE ; F ; 2020_2022;83;Employée administratif d'entreprise;3712,459686;72655,24814;8,936131306
FE ; F ; 2020_2022;83;Employée de commerce;3674,990255;73306,5821;8,972335297
FE ; F ; 2020_2022;83;Employée de la fonction publique;3689,631167;72987,63974;8,961949261
FE ; F ; 2020_2022;83;Ensemble;3854,386673;71026,03706;8,757470965
FE ; F ; 2020_2022;83;Intermédiaire de la santé et du travail social;3640,456237;74049,25576;8,981905147
FE ; F ; 2020_2022;83;Intermédiaire des entreprises;3550,629122;75176,12377;9,035511462
FE ; F ; 2020_2022;83;Ouvrière peu qualifiée de type industriel ou artisanal;4370,598742;65307,62299;8,387682083
FE ; F ; 2020_2022;83;Ouvrière qualifiée de type industriel ou artisanal;4146,306208;68668,11414;8,511883594
FE ; F ; 2020_2022;83;Personnel des services aux particuliers;4056,813682;69641,19673;8,574276703
FE ; F ; 2020_2022;83;Profession de l’enseignement primaire et professionnel;3384,017656;77017,68768;9,160740148
FE ; F ; 2020_2022;84;Cadre administratif et commercial;4151,393092;71858,74609;8,335632533
FE ; F ; 2020_2022;84;Cadre de la fonction publique, profession intellectuelle et artistique;3699,457335;77306,69456;8,622772084
FE ; F ; 2020_2022;84;Commerçante et assimilée;4350,433671;69156,49303;8,184816573
FE ; F ; 2020_2022;84;Employée administratif d'entreprise;4258,045496;69957,95135;8,280672532
FE ; F ; 2020_2022;84;Employée de commerce;4217,396693;70612,57235;8,314647692
FE ; F ; 2020_2022;84;Employée de la fonction publique;4232,336423;70294,66503;8,305279763
FE ; F ; 2020_2022;84;Ensemble;4420,928258;68288,41895;8,108549691
FE ; F ; 2020_2022;84;Intermédiaire de la santé et du travail social;4185,490781;71353,52501;8,321240841
FE ; F ; 2020_2022;84;Intermédiaire des entreprises;4094,884654;72506,89843;8,368139346
FE ; F ; 2020_2022;84;Ouvrière peu qualifiée de type industriel ou artisanal;4968,57342;62453,28884;7,771028546
FE ; F ; 2020_2022;84;Ouvrière qualifiée de type industriel ou artisanal;4743,161076;65820,92387;7,880078855
FE ; F ; 2020_2022;84;Personnel des services aux particuliers;4648,702333;66815,98313;7,936827128
FE ; F ; 2020_2022;84;Profession de l’enseignement primaire et professionnel;3920,705262;74411,39553;8,481599137
FE ; F ; 2020_2022;85;Cadre administratif et commercial;4787,706706;68875,60707;7,696665295
FE ; F ; 2020_2022;85;Cadre de la fonction publique, profession intellectuelle et artistique;4317,529164;74446,76638;7,95402232
FE ; F ; 2020_2022;85;Commerçante et assimilée;5001,797117;66147,88567;7,557086966
FE ; F ; 2020_2022;85;Employée administratif d'entreprise;4893,647569;66979,10995;7,648948703
FE ; F ; 2020_2022;85;Employée de commerce;4849,231566;67634,56006;7,680749327
FE ; F ; 2020_2022;85;Employée de la fonction publique;4864,492074;67319,55832;7,672321589
FE ; F ; 2020_2022;85;Ensemble;5087,316201;65269,43694;7,483603725
FE ; F ; 2020_2022;85;Intermédiaire de la santé et du travail social;4820,771162;68367,0298;7,684739825
FE ; F ; 2020_2022;85;Intermédiaire des entreprises;4730,034487;69537,82457;7,725435881
FE ; F ; 2020_2022;85;Ouvrière peu qualifiée de type industriel ou artisanal;5660,738888;59350,25133;7,17732494
FE ; F ; 2020_2022;85;Ouvrière qualifiée de type industriel ou artisanal;5436,208678;62698,93142;7,272454707
FE ; F ; 2020_2022;85;Personnel des services aux particuliers;5337,028788;63709,90697;7,323774634
FE ; F ; 2020_2022;85;Profession de l’enseignement primaire et professionnel;4548,007566;71493,94403;7,82770753
FE ; F ; 2020_2022;86;Cadre administratif et commercial;5531,33563;65578,04501;7,083688596
FE ; F ; 2020_2022;86;Cadre de la fonction publique, profession intellectuelle et artistique;5042,485473;71232,50553;7,312935745
FE ; F ; 2020_2022;86;Commerçante et assimilée;5762,493978;62839,30263;6,954978869
FE ; F ; 2020_2022;86;Employée administratif d'entreprise;5635,871453;63701,38837;7,042521353
FE ; F ; 2020_2022;86;Employée de commerce;5587,031324;64354,80362;7,072188437
FE ; F ; 2020_2022;86;Employée de la fonction publique;5602,647541;64044,80374;7,064624614
FE ; F ; 2020_2022;86;Ensemble;5868,61951;61948,9743;6,884724597
FE ; F ; 2020_2022;86;Intermédiaire de la santé et du travail social;5562,886143;65071,21174;7,073967313
FE ; F ; 2020_2022;86;Intermédiaire des entreprises;5472,736676;66248,66149;7,108994099
FE ; F ; 2020_2022;86;Ouvrière peu qualifiée de type industriel ou artisanal;6464,002775;55990,58857;6,607993592
FE ; F ; 2020_2022;86;Ouvrière qualifiée de type industriel ou artisanal;6242,372725;59290,48667;6,690527849
FE ; F ; 2020_2022;86;Personnel des services aux particuliers;6138,767253;60309,69089;6,736683668
FE ; F ; 2020_2022;86;Profession de l’enseignement primaire et professionnel;5282,636005;68242,39405;7,200674843
FE ; F ; 2020_2022;87;Cadre administratif et commercial;6401,029224;61950,70324;6,498453211
FE ; F ; 2020_2022;87;Cadre de la fonction publique, profession intellectuelle et artistique;5893,586894;67640,61678;6,701271228
FE ; F ; 2020_2022;87;Commerçante et assimilée;6651,375263;59218,1916;6,380266269
FE ; F ; 2020_2022;87;Employée administratif d'entreprise;6503,465614;60111,26;6,463133992
FE ; F ; 2020_2022;87;Employée de commerce;6449,495276;60759,28059;6,490695967
FE ; F ; 2020_2022;87;Employée de la fonction publique;6465,516221;60456,59912;6,483922409
FE ; F ; 2020_2022;87;Ensemble;6776,300393;58313,42471;6,313952649
FE ; F ; 2020_2022;87;Intermédiaire de la santé et du travail social;6430,55645;61451,37432;6,490664448
FE ; F ; 2020_2022;87;Intermédiaire des entreprises;6341,777062;62623,04669;6,520575386
FE ; F ; 2020_2022;87;Ouvrière peu qualifiée de type industriel ou artisanal;7397,254058;52371,35537;6,064652955
FE ; F ; 2020_2022;87;Ouvrière qualifiée de type industriel ou artisanal;7180,412824;55589,3535;6,135982473
FE ; F ; 2020_2022;87;Personnel des services aux particuliers;7072,720779;56607,41934;6,177280195
FE ; F ; 2020_2022;87;Profession de l’enseignement primaire et professionnel;6143,51699;64637,39677;6,602275379
FE ; F ; 2020_2022;88;Cadre administratif et commercial;7416,545415;57985,22062;5,942868235
FE ; F ; 2020_2022;88;Cadre de la fonction publique, profession intellectuelle et artistique;6891,600944;63654,15826;6,120950642
FE ; F ; 2020_2022;88;Commerçante et assimilée;7688,13195;55279,36745;5,834879771
FE ; F ; 2020_2022;88;Employée administratif d'entreprise;7516,221591;56201,94488;5,912698994
FE ; F ; 2020_2022;88;Employée de commerce;7456,408888;56840,61366;5,938173114
FE ; F ; 2020_2022;88;Employée de la fonction publique;7472,89748;56547,7679;5,932119734
FE ; F ; 2020_2022;88;Ensemble;7828,303193;54361,93188;5,77290504
FE ; F ; 2020_2022;88;Intermédiaire de la santé et du travail social;7443,532077;57499,70901;5,936735115
FE ; F ; 2020_2022;88;Intermédiaire des entreprises;7356,95876;58651,63268;5,962095993
FE ; F ; 2020_2022;88;Ouvrière peu qualifiée de type industriel ou artisanal;8480,079219;48497,31316;5,549107041
FE ; F ; 2020_2022;88;Ouvrière qualifiée de type industriel ou artisanal;8269,557636;51597,80844;5,610654776
FE ; F ; 2020_2022;88;Personnel des services aux particuliers;8158,149986;52603,73463;5,647434689
FE ; F ; 2020_2022;88;Profession de l’enseignement primaire et professionnel;7150,737679;60666,38732;6,034437225
FE ; F ; 2020_2022;89;Cadre administratif et commercial;8593,914862;53684,7204;5,418931182
FE ; F ; 2020_2022;89;Cadre de la fonction publique, profession intellectuelle et artistique;8054,460234;59267,36769;5,57400482
FE ; F ; 2020_2022;89;Commerçante et assimilée;8888,351727;51029,41674;5,320833815
FE ; F ; 2020_2022;89;Employée administratif d'entreprise;8690,236488;51977,68216;5,393228191
FE ; F ; 2020_2022;89;Employée de commerce;8623,960265;52602,34509;5,416622743
FE ; F ; 2020_2022;89;Employée de la fonction publique;8640,986547;52322,01117;5,411223926
FE ; F ; 2020_2022;89;Ensemble;9048,064552;50106,31503;5,263207948
FE ; F ; 2020_2022;89;Intermédiaire de la santé et du travail social;8617,868307;53219,69972;5,414176392
FE ; F ; 2020_2022;89;Intermédiaire des entreprises;8534,382841;54336,65625;5,435557288
FE ; F ; 2020_2022;89;Ouvrière peu qualifiée de type industriel ou artisanal;9727,476723;44384,70259;5,063277802
FE ; F ; 2020_2022;89;Ouvrière qualifiée de type industriel ou artisanal;9524,146203;47330,89793;5,116458868
FE ; F ; 2020_2022;89;Personnel des services aux particuliers;9409,434996;48312,24306;5,149086379
FE ; F ; 2020_2022;89;Profession de l’enseignement primaire et professionnel;8320,958025;56328,2931;5,499176272
FE ; F ; 2020_2022;90;Cadre administratif et commercial;9944,377654;49071,10123;4,928414037
FE ; F ; 2020_2022;90;Cadre de la fonction publique, profession intellectuelle et artistique;9396,222657;54493,70113;5,062289518
FE ; F ; 2020_2022;90;Commerçante et assimilée;10262,41167;46493,7427;4,839905123
FE ; F ; 2020_2022;90;Employée administratif d'entreprise;10036,94162;47460,69866;4,906518628
FE ; F ; 2020_2022;90;Employée de commerce;9963,792154;48065,93975;4,927837055
FE ; F ; 2020_2022;90;Employée de la fonction publique;9981,431858;47800,87323;4,923032355
FE ; F ; 2020_2022;90;Ensemble;10455,9843;45572,6633;4,786801481
FE ; F ; 2020_2022;90;Intermédiaire de la santé et du travail social;9964,906574;48633,29609;4,924764822
FE ; F ; 2020_2022;90;Intermédiaire des entreprises;9885,349763;49699,35799;4,942732862
FE ; F ; 2020_2022;90;Ouvrière peu qualifiée de type industriel ou artisanal;11149,00487;40067,19097;4,608880331
FE ; F ; 2020_2022;90;Ouvrière qualifiée de type industriel ou artisanal;10952,48478;42823,03401;4,655054529
FE ; F ; 2020_2022;90;Personnel des services aux particuliers;10834,85522;43766,33395;4,683910216
FE ; F ; 2020_2022;90;Profession de l’enseignement primaire et professionnel;9666,29331;51641,23948;4,998291598
FE ; F ; 2020_2022;91;Cadre administratif et commercial;11471,94094;44191,28561;-
FE ; F ; 2020_2022;91;Cadre de la fonction publique, profession intellectuelle et artistique;10924,74378;49373,35163;-
FE ; F ; 2020_2022;91;Commerçante et assimilée;11812,94317;41722,36343;-
FE ; F ; 2020_2022;91;Employée administratif d'entreprise;11560,73353;42697,09605;-
FE ; F ; 2020_2022;91;Employée de commerce;11480,66927;43276,74942;-
FE ; F ; 2020_2022;91;Employée de la fonction publique;11499,00383;43029,66164;-
FE ; F ; 2020_2022;91;Ensemble;12039,52435;40807,59279;-
FE ; F ; 2020_2022;91;Intermédiaire de la santé et du travail social;11488,87288;43787,03357;-
FE ; F ; 2020_2022;91;Intermédiaire des entreprises;11413,88959;44786,40262;-
FE ; F ; 2020_2022;91;Ouvrière peu qualifiée de type industriel ou artisanal;12746,42038;35600,0979;-
FE ; F ; 2020_2022;91;Ouvrière qualifiée de type industriel ou artisanal;12554,22557;38132,84773;-
FE ; F ; 2020_2022;91;Personnel des services aux particuliers;12433,89847;39024,31503;-
FE ; F ; 2020_2022;91;Profession de l’enseignement primaire et professionnel;11191,85635;46649,4458;-
FE ; F ; 2020_2022;92;Cadre administratif et commercial;13171,67471;39121,68742;-
FE ; F ; 2020_2022;92;Cadre de la fonction publique, profession intellectuelle et artistique;12640,00958;43979,43947;-
FE ; F ; 2020_2022;92;Commerçante et assimilée;13533,07473;36793,72435;-
FE ; F ; 2020_2022;92;Employée administratif d'entreprise;13257,34304;37760,99855;-
FE ; F ; 2020_2022;92;Employée de commerce;13170,87576;38308,28894;-
FE ; F ; 2020_2022;92;Employée de la fonction publique;13189,99413;38081,6792;-
FE ; F ; 2020_2022;92;Ensemble;13775,32593;35894,55272;-
FE ; F ; 2020_2022;92;Intermédiaire de la santé et du travail social;13185,21365;38756,39694;-
FE ; F ; 2020_2022;92;Intermédiaire des entreprises;13115,02441;39674,53207;-
FE ; F ; 2020_2022;92;Ouvrière peu qualifiée de type industriel ou artisanal;14512,2157;31062,35977;-
FE ; F ; 2020_2022;92;Ouvrière qualifiée de type industriel ou artisanal;14318,65452;33345,56401;-
FE ; F ; 2020_2022;92;Personnel des services aux particuliers;14195,46443;34172,07132;-
FE ; F ; 2020_2022;92;Profession de l’enseignement primaire et professionnel;12894,00061;41428,50684;-
FE ; F ; 2020_2022;93;Cadre administratif et commercial;15031,28947;33968,70601;-
FE ; F ; 2020_2022;93;Cadre de la fonction publique, profession intellectuelle et artistique;14535,60402;38420,43411;-
FE ; F ; 2020_2022;93;Commerçante et assimilée;15408,06158;31814,40213;-
FE ; F ; 2020_2022;93;Employée administratif d'entreprise;15115,47867;32754,89344;-
FE ; F ; 2020_2022;93;Employée de commerce;15023,86055;33262,7518;-
FE ; F ; 2020_2022;93;Employée de la fonction publique;15043,86511;33058,70795;-
FE ; F ; 2020_2022;93;Ensemble;15632,31493;30949,96109;-
FE ; F ; 2020_2022;93;Intermédiaire de la santé et du travail social;15042,20451;33646,2832;-
FE ; F ; 2020_2022;93;Intermédiaire des entreprises;14976,30676;34471,2075;-
FE ; F ; 2020_2022;93;Ouvrière peu qualifiée de type industriel ou artisanal;16431,7558;26554,52312;-
FE ; F ; 2020_2022;93;Ouvrière qualifiée de type industriel ou artisanal;16226,6225;28570,9279;-
FE ; F ; 2020_2022;93;Personnel des services aux particuliers;16099,69704;29321,18709;-
FE ; F ; 2020_2022;93;Profession de l’enseignement primaire et professionnel;14761,7826;36086,71491;-
FE ; F ; 2020_2022;94;Cadre administratif et commercial;17020,71496;28862,77148;-
FE ; F ; 2020_2022;94;Cadre de la fonction publique, profession intellectuelle et artistique;16524,35958;32835,79195;-
FE ; F ; 2020_2022;94;Commerçante et assimilée;17397,99628;26912,41946;-
FE ; F ; 2020_2022;94;Employée administratif d'entreprise;17105,01794;27803,8345;-
FE ; F ; 2020_2022;94;Employée de commerce;17013,276;28265,40235;-
FE ; F ; 2020_2022;94;Employée de la fonction publique;17033,3076;28085,40052;-
FE ; F ; 2020_2022;94;Ensemble;17614,51316;26111,7657;-
FE ; F ; 2020_2022;94;Intermédiaire de la santé et du travail social;17031,64475;28585,14048;-
FE ; F ; 2020_2022;94;Intermédiaire des entreprises;16965,65794;29308,69372;-
FE ; F ; 2020_2022;94;Ouvrière peu qualifiée de type industriel ou artisanal;18423,07403;22191,14873;-
FE ; F ; 2020_2022;94;Ouvrière qualifiée de type industriel ou artisanal;18217,66349;23934,83129;-
FE ; F ; 2020_2022;94;Personnel des services aux particuliers;18090,56649;24600,5648;-
FE ; F ; 2020_2022;94;Profession de l’enseignement primaire et professionnel;16750,84385;30759,67251;-
FE ; F ; 2020_2022;95;Cadre administratif et commercial;19142,41579;23950,12142;-
FE ; F ; 2020_2022;95;Cadre de la fonction publique, profession intellectuelle et artistique;18645,63443;27409,88761;-
FE ; F ; 2020_2022;95;Commerçante et assimilée;19520,0209;22230,19773;-
FE ; F ; 2020_2022;95;Employée administratif d'entreprise;19226,79113;23047,98362;-
FE ; F ; 2020_2022;95;Employée de commerce;19134,97045;23456,53144;-
FE ; F ; 2020_2022;95;Employée de la fonction publique;19155,01924;23301,52786;-
FE ; F ; 2020_2022;95;Ensemble;19733,79242;21512,3053;-
FE ; F ; 2020_2022;95;Intermédiaire de la santé et du travail social;19153,35496;23716,6209;-
FE ; F ; 2020_2022;95;Intermédiaire des entreprises;19087,31152;24336,281;-
FE ; F ; 2020_2022;95;Ouvrière peu qualifiée de type industriel ou artisanal;20545,97839;18102,85697;-
FE ; F ; 2020_2022;95;Ouvrière qualifiée de type industriel ou artisanal;20340,39157;19574,46427;-
FE ; F ; 2020_2022;95;Personnel des services aux particuliers;20213,18549;20150,18327;-
FE ; F ; 2020_2022;95;Profession de l’enseignement primaire et professionnel;18872,31307;25607,1678;-
FE ; F ; 2020_2022;96;Cadre administratif et commercial;21415,02944;19365,48959;-
FE ; F ; 2020_2022;96;Cadre de la fonction publique, profession intellectuelle et artistique;20917,96019;22299,14017;-
FE ; F ; 2020_2022;96;Commerçante et assimilée;21792,85337;17890,85848;-
FE ; F ; 2020_2022;96;Employée administratif d'entreprise;21499,45367;18616,59595;-
FE ; F ; 2020_2022;96;Employée de commerce;21407,57978;18968,13108;-
FE ; F ; 2020_2022;96;Employée de la fonction publique;21427,64018;18838,11571;-
FE ; F ; 2020_2022;96;Ensemble;22007,07474;17267,11162;-
FE ; F ; 2020_2022;96;Intermédiaire de la santé et du travail social;21425,97494;19174,09231;-
FE ; F ; 2020_2022;96;Intermédiaire des entreprises;21359,89323;19691,13923;-
FE ; F ; 2020_2022;96;Ouvrière peu qualifiée de type industriel ou artisanal;22819,4054;14383,44789;-
FE ; F ; 2020_2022;96;Ouvrière qualifiée de type industriel ou artisanal;22613,69943;15592,94159;-
FE ; F ; 2020_2022;96;Personnel des services aux particuliers;22486,41964;16077,18935;-
FE ; F ; 2020_2022;96;Profession de l’enseignement primaire et professionnel;21144,77019;20774,50292;-
FE ; F ; 2020_2022;97;Cadre administratif et commercial;23789,51305;15218,3643;-
FE ; F ; 2020_2022;97;Cadre de la fonction publique, profession intellectuelle et artistique;23292,19955;17634,61491;-
FE ; F ; 2020_2022;97;Commerçante et assimilée;24167,52263;13991,92993;-
FE ; F ; 2020_2022;97;Employée administratif d'entreprise;23873,97876;14614,12953;-
FE ; F ; 2020_2022;97;Employée de commerce;23782,05973;14907,51329;-
FE ; F ; 2020_2022;97;Employée de la fonction publique;23802,12999;14801,55206;-
FE ; F ; 2020_2022;97;Ensemble;24382,16281;13467,12546;-
FE ; F ; 2020_2022;97;Intermédiaire de la santé et du travail social;23800,46393;15065,8561;-
FE ; F ; 2020_2022;97;Intermédiaire des entreprises;23734,34975;15485,13292;-
FE ; F ; 2020_2022;97;Ouvrière peu qualifiée de type industriel ou artisanal;25194,57909;11101,2306;-
FE ; F ; 2020_2022;97;Ouvrière qualifiée de type industriel ou artisanal;24988,77204;12066,80064;-
FE ; F ; 2020_2022;97;Personnel des services aux particuliers;24861,42971;12462,00509;-
FE ; F ; 2020_2022;97;Profession de l’enseignement primaire et professionnel;23519,121;16381,78202;-
FE ; F ; 2020_2022;98;Cadre administratif et commercial;26169,34209;11597,98954;-
FE ; F ; 2020_2022;98;Cadre de la fonction publique, profession intellectuelle et artistique;25671,82072;13527,12521;-
FE ; F ; 2020_2022;98;Commerçante et assimilée;26547,50969;10610,4271;-
FE ; F ; 2020_2022;98;Employée administratif d'entreprise;26253,84311;11125,15535;-
FE ; F ; 2020_2022;98;Employée de commerce;26161,88566;11362,19957;-
FE ; F ; 2020_2022;98;Employée de la fonction publique;26181,96431;11278,4674;-
FE ; F ; 2020_2022;98;Ensemble;26762,20794;10183,54901;-
FE ; F ; 2020_2022;98;Intermédiaire de la santé et du travail social;26180,29755;11480,11245;-
FE ; F ; 2020_2022;98;Intermédiaire des entreprises;26114,15574;11809,83731;-
FE ; F ; 2020_2022;98;Ouvrière peu qualifiée de type industriel ou artisanal;27574,99546;8304,322279;-
FE ; F ; 2020_2022;98;Ouvrière qualifiée de type industriel ou artisanal;27369,10239;9051,455338;-
FE ; F ; 2020_2022;98;Personnel des services aux particuliers;27241,70682;9363,772452;-
FE ; F ; 2020_2022;98;Profession de l’enseignement primaire et professionnel;25898,83702;12528,93089;-
FE ; F ; 2020_2022;99;Cadre administratif et commercial;28610,97177;8562,871979;-
FE ; F ; 2020_2022;99;Cadre de la fonction publique, profession intellectuelle et artistique;28113,27266;10054,46588;-
FE ; F ; 2020_2022;99;Commerçante et assimilée;28989,27446;7793,622935;-
FE ; F ; 2020_2022;99;Employée administratif d'entreprise;28695,50297;8204,374519;-
FE ; F ; 2020_2022;99;Employée de commerce;28603,51267;8389,633912;-
FE ; F ; 2020_2022;99;Employée de la fonction publique;28623,59849;8325,54309;-
FE ; F ; 2020_2022;99;Ensemble;29204,04452;7458,206447;-
FE ; F ; 2020_2022;99;Intermédiaire de la santé et du travail social;28621,93114;8474,584854;-
FE ; F ; 2020_2022;99;Intermédiaire des entreprises;28555,76569;8725,798003;-
FE ; F ; 2020_2022;99;Ouvrière peu qualifiée de type industriel ou artisanal;30017,12729;6014,405787;-
FE ; F ; 2020_2022;99;Ouvrière qualifiée de type industriel ou artisanal;29811,16066;6574,153259;-
FE ; F ; 2020_2022;99;Personnel des services aux particuliers;29683,71958;6812,921013;-
FE ; F ; 2020_2022;99;Profession de l’enseignement primaire et professionnel;28340,37006;9284,083496;-
FE ; F ; 2020_2022;100;Cadre administratif et commercial;31095,30913;6112,951094;-
FE ; F ; 2020_2022;100;Cadre de la fonction publique, profession intellectuelle et artistique;30597,45716;7227,826473;-
FE ; F ; 2020_2022;100;Commerçante et assimilée;31473,72802;5534,308192;-
FE ; F ; 2020_2022;100;Employée administratif d'entreprise;31179,8663;5850,087985;-
FE ; F ; 2020_2022;100;Employée de commerce;31087,84774;5989,903913;-
FE ; F ; 2020_2022;100;Employée de la fonction publique;31107,93974;5942,473064;-
FE ; F ; 2020_2022;100;Ensemble;31688,55654;5280,108515;-
FE ; F ; 2020_2022;100;Intermédiaire de la santé et du travail social;31106,27187;6048,995013;-
FE ; F ; 2020_2022;100;Intermédiaire des entreprises;31040,08611;6234,079571;-
FE ; F ; 2020_2022;100;Ouvrière peu qualifiée de type industriel ou artisanal;32501,89655;4209,053946;-
FE ; F ; 2020_2022;100;Ouvrière qualifiée de type industriel ou artisanal;32295,86667;4614,321868;-
FE ; F ; 2020_2022;100;Personnel des services aux particuliers;32168,38644;4790,592644;-
FE ; F ; 2020_2022;100;Profession de l’enseignement primaire et professionnel;30824,62431;6652,939877;-
FE ; F ; 2020_2022;101;Cadre administratif et commercial;33650,21785;4212,110054;-
FE ; F ; 2020_2022;101;Cadre de la fonction publique, profession intellectuelle et artistique;33152,23398;5016,295365;-
FE ; F ; 2020_2022;101;Commerçante et assimilée;34028,73698;3792,455084;-
FE ; F ; 2020_2022;101;Employée administratif d'entreprise;33734,79742;4026,038372;-
FE ; F ; 2020_2022;101;Employée de commerce;33642,75448;4127,771705;-
FE ; F ; 2020_2022;101;Employée de la fonction publique;33662,8518;4093,892124;-
FE ; F ; 2020_2022;101;Ensemble;34243,77036;3606,918343;-
FE ; F ; 2020_2022;101;Intermédiaire de la santé et du travail social;33661,18349;4167,378178;-
FE ; F ; 2020_2022;101;Intermédiaire des entreprises;33594,98019;4299,015904;-
FE ; F ; 2020_2022;101;Ouvrière peu qualifiée de type industriel ou artisanal;35057,17791;2841,031587;-
FE ; F ; 2020_2022;101;Ouvrière qualifiée de type industriel ou artisanal;34851,09344;3124,08663;-
FE ; F ; 2020_2022;101;Personnel des services aux particuliers;34723,57944;3249,536289;-
FE ; F ; 2020_2022;101;Profession de l’enseignement primaire et professionnel;33379,46131;4602,196154;-
FE ; F ; 2020_2022;102;Cadre administratif et commercial;36243,27974;2794,725845;-
FE ; F ; 2020_2022;102;Cadre de la fonction publique, profession intellectuelle et artistique;35745,18337;3353,281388;-
FE ; F ; 2020_2022;102;Commerçante et assimilée;36621,88438;2501,930518;-
FE ; F ; 2020_2022;102;Employée administratif d'entreprise;36327,87842;2667,862483;-
FE ; F ; 2020_2022;102;Employée de commerce;36235,81468;2739,075605;-
FE ; F ; 2020_2022;102;Employée de la fonction publique;36255,91654;2715,771286;-
FE ; F ; 2020_2022;102;Ensemble;36837,31745;2371,773509;-
FE ; F ; 2020_2022;102;Intermédiaire de la santé et du travail social;36254,24786;2764,589363;-
FE ; F ; 2020_2022;102;Intermédiaire des entreprises;36188,0296;2854,762363;-
FE ; F ; 2020_2022;102;Ouvrière peu qualifiée de type industriel ou artisanal;37650,55764;1845,046089;-
FE ; F ; 2020_2022;102;Ouvrière qualifiée de type industriel ou artisanal;37444,42662;2035,30828;-
FE ; F ; 2020_2022;102;Personnel des services aux particuliers;37316,88381;2121,180975;-
FE ; F ; 2020_2022;102;Profession de l’enseignement primaire et professionnel;35972,46204;3066,007869;-
FE ; F ; 2020_2022;103;Cadre administratif et commercial;38745,79711;1781,825539;-
FE ; F ; 2020_2022;103;Cadre de la fonction publique, profession intellectuelle et artistique;38247,60578;2154,644807;-
FE ; F ; 2020_2022;103;Commerçante et assimilée;39124,47394;1585,676416;-
FE ; F ; 2020_2022;103;Employée administratif d'entreprise;38830,41192;1698,684644;-
FE ; F ; 2020_2022;103;Employée de commerce;38738,33064;1746,549245;-
FE ; F ; 2020_2022;103;Employée de la fonction publique;38758,43633;1731,143515;-
FE ; F ; 2020_2022;103;Ensemble;39340,2538;1498,075772;-
FE ; F ; 2020_2022;103;Intermédiaire de la santé et du travail social;38756,76733;1762,308283;-
FE ; F ; 2020_2022;103;Intermédiaire des entreprises;38690,53644;1821,680114;-
FE ; F ; 2020_2022;103;Ouvrière peu qualifiée de type industriel ou artisanal;40153,34332;1150,375948;-
FE ; F ; 2020_2022;103;Ouvrière qualifiée de type industriel ou artisanal;39947,173;1273,198764;-
FE ; F ; 2020_2022;103;Personnel des services aux particuliers;39819,60588;1329,622335;-
FE ; F ; 2020_2022;103;Profession de l’enseignement primaire et professionnel;38474,92778;1963,089352;-
FE ; F ; 2020_2022;104;Cadre administratif et commercial;41018,18852;1091,443031;-
FE ; F ; 2020_2022;104;Cadre de la fonction publique, profession intellectuelle et artistique;40519,95296;1330,544755;-
FE ; F ; 2020_2022;104;Commerçante et assimilée;41396,89896;965,2888601;-
FE ; F ; 2020_2022;104;Employée administratif d'entreprise;41102,81084;1039,0784;-
FE ; F ; 2020_2022;104;Employée de commerce;41010,72138;1069,965223;-
FE ; F ; 2020_2022;104;Employée de la fonction publique;41030,82885;1060,179358;-
FE ; F ; 2020_2022;104;Ensemble;41615,66712;908,7289613;-
FE ; F ; 2020_2022;104;Intermédiaire de la santé et du travail social;41029,1597;1079,294562;-
FE ; F ; 2020_2022;104;Intermédiaire des entreprises;40962,92294;1116,862306;-
FE ; F ; 2020_2022;104;Ouvrière peu qualifiée de type industriel ou artisanal;42425,85967;688,461544;-
FE ; F ; 2020_2022;104;Ouvrière qualifiée de type industriel ou artisanal;42219,67105;764,5918514;-
FE ; F ; 2020_2022;104;Personnel des services aux particuliers;42092,0926;800,1719614;-
FE ; F ; 2020_2022;104;Profession de l’enseignement primaire et professionnel;40747,29514;1207,792142;-
FE ; F ; 2020_2022;105;Cadre administratif et commercial;43051,38702;643,7528709;-
FE ; F ; 2020_2022;105;Cadre de la fonction publique, profession intellectuelle et artistique;42553,11145;791,4086465;-
FE ; F ; 2020_2022;105;Commerçante et assimilée;43430,12788;565,689206;-
FE ; F ; 2020_2022;105;Employée administratif d'entreprise;43136,01614;611,9879705;-
FE ; F ; 2020_2022;105;Employée de commerce;43043,91928;631,1647668;-
FE ; F ; 2020_2022;105;Employée de la fonction publique;43064,02837;625,1789801;-
FE ; F ; 2020_2022;105;Ensemble;43651,18862;530,5553417;-
FE ; F ; 2020_2022;105;Intermédiaire de la santé et du travail social;43062,35909;636,4690726;-
FE ; F ; 2020_2022;105;Intermédiaire des entreprises;42996,11701;659,36286;-
FE ; F ; 2020_2022;105;Ouvrière peu qualifiée de type industriel ou artisanal;44459,17123;396,3758154;-
FE ; F ; 2020_2022;105;Ouvrière qualifiée de type industriel ou artisanal;44252,96604;441,7836869;-
FE ; F ; 2020_2022;105;Personnel des services aux particuliers;44125,37735;463,3628384;-
FE ; F ; 2020_2022;105;Profession de l’enseignement primaire et professionnel;42780,47189;715,6495131;-
FE ; F ; 2017_2019;30;Cadre administratif et commercial;22,86536183;100000;57,82211053
FE ; F ; 2017_2019;30;Cadre de la fonction publique, profession intellectuelle et artistique;16,81277529;100000;58,68530044
FE ; F ; 2017_2019;30;Commerçante et assimilée;29,62036941;100000;56,44193561
FE ; F ; 2017_2019;30;Employée administratif d'entreprise;26,69794497;100000;56,80701871
FE ; F ; 2017_2019;30;Employée de commerce;27,34598425;100000;56,60897689
FE ; F ; 2017_2019;30;Employée de la fonction publique;29,78878096;100000;56,2847077
FE ; F ; 2017_2019;30;Ensemble;29,59513385;100000;56,02907619
FE ; F ; 2017_2019;30;Intermédiaire de la santé et du travail social;23,96454334;100000;57,64976385
FE ; F ; 2017_2019;30;Intermédiaire des entreprises;24,98503443;100000;57,38497739
FE ; F ; 2017_2019;30;Ouvrière peu qualifiée de type industriel ou artisanal;34,61941901;100000;54,24686357
FE ; F ; 2017_2019;30;Ouvrière qualifiée de type industriel ou artisanal;33,21993474;100000;55,2403382
FE ; F ; 2017_2019;30;Personnel des services aux particuliers;32,06998771;100000;55,67210179
FE ; F ; 2017_2019;30;Profession de l’enseignement primaire et professionnel;20,3033002;100000;58,04875785
FE ; F ; 2017_2019;31;Cadre administratif et commercial;24,03785938;99977,13464;56,83533479
FE ; F ; 2017_2019;31;Cadre de la fonction publique, profession intellectuelle et artistique;17,67490631;99983,18722;57,69516873
FE ; F ; 2017_2019;31;Commerçante et assimilée;31,13925246;99970,37963;55,45865887
FE ; F ; 2017_2019;31;Employée administratif d'entreprise;28,06697097;99973,30206;55,82218907
FE ; F ; 2017_2019;31;Employée de commerce;28,74824062;99972,65402;55,6244614
FE ; F ; 2017_2019;31;Employée de la fonction publique;31,31629986;99970,21122;55,30147923
FE ; F ; 2017_2019;31;Ensemble;31,11272286;99970,40487;55,04566298
FE ; F ; 2017_2019;31;Intermédiaire de la santé et du travail social;25,19340508;99976,03546;56,66358267
FE ; F ; 2017_2019;31;Intermédiaire des entreprises;26,26622524;99975,01497;56,39931863
FE ; F ; 2017_2019;31;Ouvrière peu qualifiée de type industriel ou artisanal;36,39464497;99965,38058;53,26565002
FE ; F ; 2017_2019;31;Ouvrière qualifiée de type industriel ou artisanal;34,92339748;99966,78007;54,2586951
FE ; F ; 2017_2019;31;Personnel des services aux particuliers;33,71448309;99967,93001;54,68996155
FE ; F ; 2017_2019;31;Profession de l’enseignement primaire et professionnel;21,3444195;99979,6967;57,06054606
FE ; F ; 2017_2019;32;Cadre administratif et commercial;25,59386228;99953,10228;55,84900007
FE ; F ; 2017_2019;32;Cadre de la fonction publique, profession intellectuelle et artistique;18,81902671;99965,51529;56,70536809
FE ; F ; 2017_2019;32;Commerçante et assimilée;33,15493806;99939,2496;54,47593367
FE ; F ; 2017_2019;32;Employée administratif d'entreprise;29,88378367;99945,24258;54,83786107
FE ; F ; 2017_2019;32;Employée de commerce;30,60915282;99943,91364;54,64045706
FE ; F ; 2017_2019;32;Employée de la fonction publique;33,34344598;99938,90425;54,31880303
FE ; F ; 2017_2019;32;Ensemble;33,12669117;99939,30135;54,06279451
FE ; F ; 2017_2019;32;Intermédiaire de la santé et du travail social;26,824208;99950,84809;55,67786175
FE ; F ; 2017_2019;32;Intermédiaire des entreprises;27,96647326;99948,7553;55,41413649
FE ; F ; 2017_2019;32;Ouvrière peu qualifiée de type industriel ou artisanal;38,75051918;99928,99854;52,28504292
FE ; F ; 2017_2019;32;Ouvrière qualifiée de type industriel ou artisanal;37,18403587;99931,86827;53,2776507
FE ; F ; 2017_2019;32;Personnel des services aux particuliers;35,89686683;99934,22634;53,70840621
FE ; F ; 2017_2019;32;Profession de l’enseignement primaire et professionnel;22,72607242;99958,35661;56,0727279
FE ; F ; 2017_2019;33;Cadre administratif et commercial;27,43237072;99927,52042;54,86329764
FE ; F ; 2017_2019;33;Cadre de la fonction publique, profession intellectuelle et artistique;20,1708719;99946,70275;55,7160415
FE ; F ; 2017_2019;33;Commerçante et assimilée;35,53658851;99906,11481;53,49400112
FE ; F ; 2017_2019;33;Employée administratif d'entreprise;32,03045415;99915,37516;53,85425359
FE ; F ; 2017_2019;33;Employée de commerce;32,80792943;99913,32165;53,65718716
FE ; F ; 2017_2019;33;Employée de la fonction publique;35,7386377;99905,58117;53,33692083
FE ; F ; 2017_2019;33;Ensemble;35,50631253;99906,19477;53,08070966
FE ; F ; 2017_2019;33;Intermédiaire de la santé et du travail social;28,75109705;99924,03707;54,69280091
FE ; F ; 2017_2019;33;Intermédiaire des entreprises;29,97541573;99920,80316;54,42963821
FE ; F ; 2017_2019;33;Ouvrière peu qualifiée de type industriel ou artisanal;41,53412237;99890,27553;51,3053115
FE ; F ; 2017_2019;33;Ouvrière qualifiée de type industriel ou artisanal;39,85511236;99894,70957;52,29746885
FE ; F ; 2017_2019;33;Personnel des services aux particuliers;38,47548087;99898,35309;52,72769277
FE ; F ; 2017_2019;33;Profession de l’enseignement primaire et professionnel;24,35857616;99935,64001;55,08547393
FE ; F ; 2017_2019;34;Cadre administratif et commercial;30,30313851;99900,10793;53,87835208
FE ; F ; 2017_2019;34;Cadre de la fonction publique, profession intellectuelle et artistique;22,28173172;99926,54263;54,72728218
FE ; F ; 2017_2019;34;Commerçante et assimilée;39,25545388;99870,61158;52,51301782
FE ; F ; 2017_2019;34;Employée administratif d'entreprise;35,38240637;99883,37181;52,87150888
FE ; F ; 2017_2019;34;Employée de commerce;36,2412436;99880,54216;52,67479675
FE ; F ; 2017_2019;34;Employée de la fonction publique;39,4786473;99869,87628;52,35598954
FE ; F ; 2017_2019;34;Ensemble;39,22200955;99870,72176;52,09956336
FE ; F ; 2017_2019;34;Intermédiaire de la santé et du travail social;31,75986811;99895,30781;53,70853021
FE ; F ; 2017_2019;34;Intermédiaire des entreprises;33,11231042;99890,85148;53,44595861
FE ; F ; 2017_2019;34;Ouvrière peu qualifiée de type industriel ou artisanal;45,88062315;99848,78698;50,32662957
FE ; F ; 2017_2019;34;Ouvrière qualifiée de type industriel ou artisanal;44,02590656;99854,89642;51,31832037
FE ; F ; 2017_2019;34;Personnel des services aux particuliers;42,50189814;99859,91671;51,74798781
FE ; F ; 2017_2019;34;Profession de l’enseignement primaire et professionnel;26,90767469;99911,29711;54,09889524
FE ; F ; 2017_2019;35;Cadre administratif et commercial;33,43514706;99869,83506;52,89468386
FE ; F ; 2017_2019;35;Cadre de la fonction publique, profession intellectuelle et artistique;24,58468046;99904,27727;53,73947908
FE ; F ; 2017_2019;35;Commerçante et assimilée;43,31273717;99831,40692;51,53364014
FE ; F ; 2017_2019;35;Employée administratif d'entreprise;39,0393873;99848,03067;51,89022272
FE ; F ; 2017_2019;35;Employée de commerce;39,98699043;99844,34421;51,69389367
FE ; F ; 2017_2019;35;Employée de la fonction publique;43,55899895;99830,449;51,37666714
FE ; F ; 2017_2019;35;Ensemble;43,27583617;99831,55046;51,12000587
FE ; F ; 2017_2019;35;Intermédiaire de la santé et du travail social;35,04243829;99863,58119;52,72559339
FE ; F ; 2017_2019;35;Intermédiaire des entreprises;36,53466351;99857,77532;52,46366166
FE ; F ; 2017_2019;35;Ouvrière peu qualifiée de type industriel ou artisanal;50,62265686;99802,97573;49,34973034
FE ; F ; 2017_2019;35;Ouvrière qualifiée de type industriel ou artisanal;48,57624434;99810,9344;50,34092368
FE ; F ; 2017_2019;35;Personnel des services aux particuliers;46,89472064;99817,47435;50,76999104
FE ; F ; 2017_2019;35;Profession de l’enseignement primaire et professionnel;29,68874199;99884,4133;53,11345591
FE ; F ; 2017_2019;36;Cadre administratif et commercial;36,17428402;99836,44343;51,91237519
FE ; F ; 2017_2019;36;Cadre de la fonction publique, profession intellectuelle et artistique;26,57087807;99879,71612;52,75269401
FE ; F ; 2017_2019;36;Commerçante et assimilée;46,68511696;99788,1672;50,55597044
FE ; F ; 2017_2019;36;Employée administratif d'entreprise;42,44934168;99809,05061;50,91048825
FE ; F ; 2017_2019;36;Employée de commerce;43,563113;99804,41946;50,71457277
FE ; F ; 2017_2019;36;Employée de la fonction publique;47,82830047;99786,96386;50,39905605
FE ; F ; 2017_2019;36;Ensemble;47,74060651;99788,34752;50,14213806
FE ; F ; 2017_2019;36;Intermédiaire de la santé et du travail social;37,91314831;99828,58656;51,7440762
FE ; F ; 2017_2019;36;Intermédiaire des entreprises;39,57183512;99821,29261;51,48283609
FE ; F ; 2017_2019;36;Ouvrière peu qualifiée de type industriel ou artisanal;56,15929719;99752,45282;48,37472513
FE ; F ; 2017_2019;36;Ouvrière qualifiée de type industriel ou artisanal;53,76097025;99762,44999;49,3653893
FE ; F ; 2017_2019;36;Personnel des services aux particuliers;51,83162681;99770,66523;49,79381065
FE ; F ; 2017_2019;36;Profession de l’enseignement primaire et professionnel;32,18890076;99854,75887;52,12922931
FE ; F ; 2017_2019;37;Cadre administratif et commercial;38,82190313;99800,32832;50,93116091
FE ; F ; 2017_2019;37;Cadre de la fonction publique, profession intellectuelle et artistique;28,55101036;99853,1772;51,76671459
FE ; F ; 2017_2019;37;Commerçante et assimilée;49,85586406;99741,58098;49,57958358
FE ; F ; 2017_2019;37;Employée administratif d'entreprise;45,69632051;99766,68232;49,9321086
FE ; F ; 2017_2019;37;Employée de commerce;46,96639721;99760,94155;49,73667525
FE ; F ; 2017_2019;37;Employée de la fonction publique;51,91325052;99739,23745;49,4231726
FE ; F ; 2017_2019;37;Ensemble;52,17833827;99740,70796;49,16608765
FE ; F ; 2017_2019;37;Intermédiaire de la santé et du travail social;40,66407545;99790,7384;50,76370144
FE ; F ; 2017_2019;37;Intermédiaire des entreprises;42,46941975;99781,7915;50,50321686
FE ; F ; 2017_2019;37;Ouvrière peu qualifiée de type industriel ou artisanal;61,65279564;99696,43254;47,4019073
FE ; F ; 2017_2019;37;Ouvrière qualifiée de type industriel ou artisanal;58,83723748;99708,81673;48,39194288
FE ; F ; 2017_2019;37;Personnel des services aux particuliers;56,64218128;99718,95247;48,81963298
FE ; F ; 2017_2019;37;Profession de l’enseignement primaire et professionnel;34,66414957;99822,61672;51,14601454
FE ; F ; 2017_2019;38;Cadre administratif et commercial;41,94166913;99761,58393;49,95094104
FE ; F ; 2017_2019;38;Cadre de la fonction publique, profession intellectuelle et artistique;30,94437418;99824,66811;50,78149873
FE ; F ; 2017_2019;38;Commerçante et assimilée;53,54493451;99691,85395;48,60431424
FE ; F ; 2017_2019;38;Employée administratif d'entreprise;49,43683932;99721,09262;48,95493616
FE ; F ; 2017_2019;38;Employée de commerce;50,86915028;99714,08743;48,76004575
FE ; F ; 2017_2019;38;Employée de la fonction publique;56,54563006;99687,45957;48,4488431
FE ; F ; 2017_2019;38;Ensemble;56,94442753;99688,66491;48,19175509
FE ; F ; 2017_2019;38;Intermédiaire de la santé et du travail social;43,88402036;99750,15942;49,78435243
FE ; F ; 2017_2019;38;Intermédiaire des entreprises;45,84090581;99739,41475;49,5246744
FE ; F ; 2017_2019;38;Ouvrière peu qualifiée de type industriel ou artisanal;67,98219741;99634,9669;46,43114993
FE ; F ; 2017_2019;38;Ouvrière qualifiée de type industriel ou artisanal;64,74487196;99650,15082;47,42043213
FE ; F ; 2017_2019;38;Personnel des services aux particuliers;62,12494083;99662,46948;47,84730116
FE ; F ; 2017_2019;38;Profession de l’enseignement primaire et professionnel;37,62170976;99788,01406;50,16375002
FE ; F ; 2017_2019;39;Cadre administratif et commercial;45,35710632;99719,74225;48,97190009
FE ; F ; 2017_2019;39;Cadre de la fonction publique, profession intellectuelle et artistique;33,62667109;99793,77799;49,79721761
FE ; F ; 2017_2019;39;Commerçante et assimilée;57,67326032;99638,47402;47,63035333
FE ; F ; 2017_2019;39;Employée administratif d'entreprise;53,45928332;99671,79366;47,97914991
FE ; F ; 2017_2019;39;Employée de commerce;55,05265289;99663,36372;47,78486219
FE ; F ; 2017_2019;39;Employée de la fonction publique;61,4774223;99631,09067;47,4762543
FE ; F ; 2017_2019;39;Ensemble;62,01273736;99631,89777;47,21921325
FE ; F ; 2017_2019;39;Intermédiaire de la santé et du travail social;47,38623349;99706,38504;48,8062094
FE ; F ; 2017_2019;39;Intermédiaire des entreprises;49,49044308;99693,6933;48,54738737
FE ; F ; 2017_2019;39;Ouvrière peu qualifiée de type industriel ou artisanal;74,87429742;99567,23286;45,46273632
FE ; F ; 2017_2019;39;Ouvrière qualifiée de type industriel ou artisanal;71,22997516;99585,63246;46,45115432
FE ; F ; 2017_2019;39;Personnel des services aux particuliers;68,01527105;99600,55423;46,87704474
FE ; F ; 2017_2019;39;Profession de l’enseignement primaire et professionnel;40,91009558;99750,47211;49,18262958
FE ; F ; 2017_2019;40;Cadre administratif et commercial;49,30106067;99674,51227;47,9941224
FE ; F ; 2017_2019;40;Cadre de la fonction publique, profession intellectuelle et artistique;36,77622267;99760,22067;48,81396839
FE ; F ; 2017_2019;40;Commerçante et assimilée;62,67894151;99581,00926;46,65783916
FE ; F ; 2017_2019;40;Employée administratif d'entreprise;58,03421792;99618,50984;47,00481294
FE ; F ; 2017_2019;40;Employée de commerce;59,79405522;99608,49639;46,81118352
FE ; F ; 2017_2019;40;Employée de la fonction publique;67,00976208;99569,84004;46,50545943
FE ; F ; 2017_2019;40;Ensemble;68,16012879;99570,11331;46,24851335
FE ; F ; 2017_2019;40;Intermédiaire de la santé et du travail social;51,41216506;99659,13794;47,82934779
FE ; F ; 2017_2019;40;Intermédiaire des entreprises;53,66945223;99644,35445;47,57142558
FE ; F ; 2017_2019;40;Ouvrière peu qualifiée de type industriel ou artisanal;82,716301;99492,6826;44,49680173
FE ; F ; 2017_2019;40;Ouvrière qualifiée de type industriel ou artisanal;78,56632292;99514,69763;45,48426505
FE ; F ; 2017_2019;40;Personnel des services aux particuliers;74,65117754;99532,81064;45,90894999
FE ; F ; 2017_2019;40;Profession de l’enseignement primaire et professionnel;44,74542933;99709,66409;48,20275847
FE ; F ; 2017_2019;41;Cadre administratif et commercial;53,7829434;99625,37167;47,01779569
FE ; F ; 2017_2019;41;Cadre de la fonction publique, profession intellectuelle et artistique;40,40695236;99723,53263;47,83192693
FE ; F ; 2017_2019;41;Commerçante et assimilée;68,24315604;99518,59294;45,68710214
FE ; F ; 2017_2019;41;Employée administratif d'entreprise;63,16912232;99560,69702;46,03210765
FE ; F ; 2017_2019;41;Employée de commerce;65,0996636;99548,93643;45,83919057
FE ; F ; 2017_2019;41;Employée de la fonction publique;73,14117105;99503,11853;45,53664353
FE ; F ; 2017_2019;41;Ensemble;75,15962084;99502,24619;45,28005789
FE ; F ; 2017_2019;41;Intermédiaire de la santé et du travail social;55,96940598;99607,90101;46,85395054
FE ; F ; 2017_2019;41;Intermédiaire des entreprises;58,38517285;99590,87587;46,59697061
FE ; F ; 2017_2019;41;Ouvrière peu qualifiée de type industriel ou artisanal;91,53378324;99410,38593;43,53363831
FE ; F ; 2017_2019;41;Ouvrière qualifiée de type industriel ou artisanal;86,64909673;99436,5126;44,52002846
FE ; F ; 2017_2019;41;Personnel des services aux particuliers;82,03847345;99458,50823;44,94324717
FE ; F ; 2017_2019;41;Profession de l’enseignement primaire et professionnel;49,14403969;99665,04858;47,22433666
FE ; F ; 2017_2019;42;Cadre administratif et commercial;58,94895774;99571,79022;46,04309685
FE ; F ; 2017_2019;42;Cadre de la fonction publique, profession intellectuelle et artistique;44,63497067;99683,23739;46,85126217
FE ; F ; 2017_2019;42;Commerçante et assimilée;74,53990792;99450,67831;44,71830175
FE ; F ; 2017_2019;42;Employée administratif d'entreprise;69,03290979;99497,8054;45,06120411
FE ; F ; 2017_2019;42;Employée de commerce;71,14186492;99484,13041;44,86905117
FE ; F ; 2017_2019;42;Employée de la fonction publique;80,05390591;99430,34078;44,56997394
FE ; F ; 2017_2019;42;Ensemble;83,78411892;99427,46068;44,31411581
FE ; F ; 2017_2019;42;Intermédiaire de la santé et du travail social;61,20819563;99552,15106;45,8801891
FE ; F ; 2017_2019;42;Intermédiaire des entreprises;63,79391791;99532,72956;45,62419223
FE ; F ; 2017_2019;42;Ouvrière peu qualifiée de type industriel ou artisanal;101,5815085;99319,39184;42,57352281
FE ; F ; 2017_2019;42;Ouvrière qualifiée de type industriel ou artisanal;95,80989913;99350,35176;43,55863812
FE ; F ; 2017_2019;42;Personnel des services aux particuliers;90,38780586;99376,91398;43,98014819
FE ; F ; 2017_2019;42;Profession de l’enseignement primaire et professionnel;54,24685653;99616,06914;46,24755602
FE ; F ; 2017_2019;43;Cadre administratif et commercial;64,67662936;99513,09368;45,07025478
FE ; F ; 2017_2019;43;Cadre de la fonction publique, profession intellectuelle et artistique;49,3718713;99638,7438;45,87218355
FE ; F ; 2017_2019;43;Commerçante et assimilée;81,40356791;99376,54786;43,7516596
FE ; F ; 2017_2019;43;Employée administratif d'entreprise;75,48134244;99429,11917;44,09233266
FE ; F ; 2017_2019;43;Employée de commerce;77,77013245;99413,35555;43,90099457
FE ; F ; 2017_2019;43;Employée de la fonction publique;87,56405086;99350,74291;43,60568253
FE ; F ; 2017_2019;43;Ensemble;92,86031677;99344,15626;43,35127514
FE ; F ; 2017_2019;43;Intermédiaire de la santé et du travail social;67,00019185;99491,21699;44,90828874
FE ; F ; 2017_2019;43;Intermédiaire des entreprises;69,7620975;99469,23373;44,65331627
FE ; F ; 2017_2019;43;Ouvrière peu qualifiée de type industriel ou artisanal;112,6503008;99218,50171;41,61681361
FE ; F ; 2017_2019;43;Ouvrière qualifiée de type industriel ou artisanal;105,8390715;99255,16428;42,60041163
FE ; F ; 2017_2019;43;Personnel des services aux particuliers;99,4957917;99287,08937;43,01993685
FE ; F ; 2017_2019;43;Profession de l’enseignement primaire et professionnel;59,94706911;99562,03056;45,27265748
FE ; F ; 2017_2019;44;Cadre administratif et commercial;71,16812727;99448,73197;44,09942357
FE ; F ; 2017_2019;44;Cadre de la fonction publique, profession intellectuelle et artistique;54,77153332;99589,55029;44,8948427
FE ; F ; 2017_2019;44;Commerçante et assimilée;89,08123242;99295,65181;42,78730402
FE ; F ; 2017_2019;44;Employée administratif d'entreprise;82,75370104;99354,06873;43,12563929
FE ; F ; 2017_2019;44;Employée de commerce;85,22905176;99336,04165;42,93516301
FE ; F ; 2017_2019;44;Employée de la fonction publique;95,92870642;99263,74738;42,6438989
FE ; F ; 2017_2019;44;Ensemble;103,3188421;99251,90496;42,39156868
FE ; F ; 2017_2019;44;Intermédiaire de la santé et du travail social;73,55537725;99424,55768;43,93839755
FE ; F ; 2017_2019;44;Intermédiaire des entreprises;76,50968128;99399,84191;43,68448911
FE ; F ; 2017_2019;44;Ouvrière peu qualifiée de type industriel ou artisanal;125,0854595;99106,73177;40,66374795
FE ; F ; 2017_2019;44;Ouvrière qualifiée de type industriel ou artisanal;117,0502446;99150,11354;41,64554728
FE ; F ; 2017_2019;44;Personnel des services aux particuliers;109,6539321;99188,3029;42,06278251
FE ; F ; 2017_2019;44;Profession de l’enseignement primaire et professionnel;66,43392262;99502,34604;44,29981339
FE ; F ; 2017_2019;45;Cadre administratif et commercial;78,31115598;99377,95617;43,13083066
FE ; F ; 2017_2019;45;Cadre de la fonction publique, profession intellectuelle et artistique;60,74251691;99535,00357;43,91944577
FE ; F ; 2017_2019;45;Commerçante et assimilée;97,42856941;99207,19802;41,82545347
FE ; F ; 2017_2019;45;Employée administratif d'entreprise;90,72723674;99271,84956;42,16135691
FE ; F ; 2017_2019;45;Employée de commerce;93,39026975;99251,37848;41,97178745
FE ; F ; 2017_2019;45;Employée de la fonction publique;104,981622;99168,52495;41,68484592
FE ; F ; 2017_2019;45;Ensemble;113,9963261;99149,35904;41,43541246
FE ; F ; 2017_2019;45;Intermédiaire de la santé et du travail social;80,7597263;99351,42557;42,97074039
FE ; F ; 2017_2019;45;Intermédiaire des entreprises;83,92062699;99323,79141;42,71793756
FE ; F ; 2017_2019;45;Ouvrière peu qualifiée de type industriel ou artisanal;138,680754;98982,76365;39,71467609
FE ; F ; 2017_2019;45;Ouvrière qualifiée de type industriel ou artisanal;129,2398555;99034,05809;40,69435062
FE ; F ; 2017_2019;45;Personnel des services aux particuliers;120,6691267;99079,53902;41,10895663
FE ; F ; 2017_2019;45;Profession de l’enseignement primaire et professionnel;73,60123621;99436,24273;43,32926306
FE ; F ; 2017_2019;46;Cadre administratif et commercial;86,21586323;99300,13214;42,16463338
FE ; F ; 2017_2019;46;Cadre de la fonction publique, profession intellectuelle et artistique;67,3561606;99474,5435;42,94613976
FE ; F ; 2017_2019;46;Commerçante et assimilée;106,5872845;99110,54186;40,86624315
FE ; F ; 2017_2019;46;Employée administratif d'entreprise;99,54534299;99181,78296;41,19964348
FE ; F ; 2017_2019;46;Employée de commerce;102,3998156;99158,68735;41,01102166
FE ; F ; 2017_2019;46;Employée de la fonction publique;114,8616162;99064,41622;40,72865334
FE ; F ; 2017_2019;46;Ensemble;126,9645327;99036,33241;40,48270122
FE ; F ; 2017_2019;46;Intermédiaire de la santé et du travail social;88,73192114;99271,18963;42,0054715
FE ; F ; 2017_2019;46;Intermédiaire des entreprises;92,12295343;99240,43826;41,75381683
FE ; F ; 2017_2019;46;Ouvrière peu qualifiée de type industriel ou artisanal;153,6140923;98845,49361;38,76982918
FE ; F ; 2017_2019;46;Ouvrière qualifiée de type industriel ou artisanal;142,5666975;98906,06662;39,747012
FE ; F ; 2017_2019;46;Personnel des services aux particuliers;132,6908297;98959,98061;40,15862238
FE ; F ; 2017_2019;46;Profession de l’enseignement primaire et professionnel;81,54376981;99363,05642;42,36117742
FE ; F ; 2017_2019;47;Cadre administratif et commercial;95,00795354;99214,51968;41,20101735
FE ; F ; 2017_2019;47;Cadre de la fonction publique, profession intellectuelle et artistique;74,68800849;99407,54127;41,97508613
FE ; F ; 2017_2019;47;Commerçante et assimilée;116,7248542;99004,90263;39,90984784
FE ; F ; 2017_2019;47;Employée administratif d'entreprise;109,3770109;99083,05211;40,24069667
FE ; F ; 2017_2019;47;Employée de commerce;112,4301999;99057,14904;40,05305992
FE ; F ; 2017_2019;47;Employée de la fonction publique;125,7322838;98950,62923;39,77548872
FE ; F ; 2017_2019;47;Ensemble;140,6774993;98910,5914;39,53416523
FE ; F ; 2017_2019;47;Intermédiaire de la santé et du travail social;97,60913092;99183,1044;41,04277686
FE ; F ; 2017_2019;47;Intermédiaire des entreprises;101,2659425;99149,01504;40,79231715
FE ; F ; 2017_2019;47;Ouvrière peu qualifiée de type industriel ou artisanal;170,0905961;98693,653;37,82947673
FE ; F ; 2017_2019;47;Ouvrière qualifiée de type industriel ou artisanal;157,2154172;98765,0595;38,8037589
FE ; F ; 2017_2019;47;Personnel des services aux particuliers;145,8938631;98828,66979;39,21197999
FE ; F ; 2017_2019;47;Profession de l’enseignement primaire et professionnel;90,36544559;99282,03204;41,39574851
FE ; F ; 2017_2019;48;Cadre administratif et commercial;104,7023237;99120,25799;40,24019882
FE ; F ; 2017_2019;48;Cadre de la fonction publique, profession intellectuelle et artistique;82,71539706;99333,29575;41,00645991
FE ; F ; 2017_2019;48;Commerçante et assimilée;127,88235;98889,3393;38,956487
FE ; F ; 2017_2019;48;Employée administratif d'entreprise;120,2741727;98974,67803;39,28475893
FE ; F ; 2017_2019;48;Employée de commerce;123,5339411;98945,77889;39,09814234
FE ; F ; 2017_2019;48;Employée de la fonction publique;137,6172121;98826,21635;38,82556231
FE ; F ; 2017_2019;48;Ensemble;155,5301596;98771,44645;38,58985925
FE ; F ; 2017_2019;48;Intermédiaire de la santé et du travail social;107,4182204;99086,29263;40,0828775
FE ; F ; 2017_2019;48;Intermédiaire des entreprises;111,3872691;99048,61085;39,83366775
FE ; F ; 2017_2019;48;Ouvrière peu qualifiée de type industriel ou artisanal;188,1149698;98525,78438;36,89393075
FE ; F ; 2017_2019;48;Ouvrière qualifiée de type industriel ou artisanal;173,1873122;98609,7856;37,86486046
FE ; F ; 2017_2019;48;Personnel des services aux particuliers;160,2852862;98684,48482;38,26927145
FE ; F ; 2017_2019;48;Profession de l’enseignement primaire et professionnel;100,0566493;99192,31539;40,4331898
FE ; F ; 2017_2019;49;Cadre administratif et commercial;115,252324;99016,47678;39,2823754
FE ; F ; 2017_2019;49;Cadre de la fonction publique, profession intellectuelle et artistique;91,35151919;99251,13182;40,04040665
FE ; F ; 2017_2019;49;Commerçante et assimilée;140,0415029;98762,87729;38,00636926
FE ; F ; 2017_2019;49;Employée administratif d'entreprise;132,2325636;98855,63706;38,33206525
FE ; F ; 2017_2019;49;Employée de commerce;135,7067536;98823,54727;38,14650156
FE ; F ; 2017_2019;49;Employée de la fonction publique;150,4720068;98690,21446;37,8790666
FE ; F ; 2017_2019;49;Ensemble;172,5253869;98617,82706;37,64997162
FE ; F ; 2017_2019;49;Intermédiaire de la santé et du travail social;118,1280241;98979,8559;39,12598011
FE ; F ; 2017_2019;49;Intermédiaire des entreprises;122,4682649;98938,28331;38,87808686
FE ; F ; 2017_2019;49;Ouvrière peu qualifiée de type industriel ou artisanal;207,5767727;98340,44263;35,96346456
FE ; F ; 2017_2019;49;Ouvrière qualifiée de type industriel ou artisanal;190,3831426;98439,00596;36,93055136
FE ; F ; 2017_2019;49;Personnel des services aux particuliers;175,7838838;98526,30812;37,33070994
FE ; F ; 2017_2019;49;Profession de l’enseignement primaire et professionnel;110,5367241;99093,06688;39,47368641
FE ; F ; 2017_2019;50;Cadre administratif et commercial;126,4676521;98902,35799;38,32770149
FE ; F ; 2017_2019;50;Cadre de la fonction publique, profession intellectuelle et artistique;100,3776637;99160,46441;39,07701761
FE ; F ; 2017_2019;50;Commerçante et assimilée;153,0302528;98624,56827;37,05966859
FE ; F ; 2017_2019;50;Employée administratif d'entreprise;145,1003931;98724,91771;37,38281984
FE ; F ; 2017_2019;50;Employée de commerce;148,7944575;98689,43704;37,19833928
FE ; F ; 2017_2019;50;Employée de la fonction publique;164,0833623;98541,71332;36,93614988
FE ; F ; 2017_2019;50;Ensemble;189,6101726;98447,68627;36,71503963
FE ; F ; 2017_2019;50;Intermédiaire de la santé et du travail social;129,5662456;98862,93295;38,17225352
FE ; F ; 2017_2019;50;Intermédiaire des entreprises;134,3484438;98817,11531;37,92575856
FE ; F ; 2017_2019;50;Ouvrière peu qualifiée de type industriel ou artisanal;228,1029852;98136,31071;35,03827164
FE ; F ; 2017_2019;50;Ouvrière qualifiée de type industriel ou artisanal;208,4711244;98251,59469;36,00099502
FE ; F ; 2017_2019;50;Personnel des services aux particuliers;192,1000166;98353,11474;36,39644686
FE ; F ; 2017_2019;50;Profession de l’enseignement primaire et professionnel;121,5725039;98983,53265;38,51736762
FE ; F ; 2017_2019;51;Cadre administratif et commercial;138,4559281;98777,2785;37,37623502
FE ; F ; 2017_2019;51;Cadre de la fonction publique, profession intellectuelle et artistique;109,8076416;99060,92945;38,11628162
FE ; F ; 2017_2019;51;Commerçante et assimilée;167,0462065;98473,64285;36,11646801
FE ; F ; 2017_2019;51;Employée administratif d'entreprise;159,0735744;98581,66747;36,43714128
FE ; F ; 2017_2019;51;Employée de commerce;163,000407;98542,59263;36,25377083
FE ; F ; 2017_2019;51;Employée de la fonction publique;178,6343188;98380,02276;35,99685557
FE ; F ; 2017_2019;51;Ensemble;208,3278921;98261,01945;35,78478733
FE ; F ; 2017_2019;51;Intermédiaire de la santé et du travail social;141,8678902;98734,83996;37,22177604
FE ; F ; 2017_2019;51;Intermédiaire des entreprises;147,1873942;98684,35605;36,97677977
FE ; F ; 2017_2019;51;Ouvrière peu qualifiée de type industriel ou artisanal;249,8555344;97912,45886;34,1183777
FE ; F ; 2017_2019;51;Ouvrière qualifiée de type industriel ou artisanal;227,6136743;98046,76849;35,07620348
FE ; F ; 2017_2019;51;Personnel des services aux particuliers;209,4029785;98164,1784;35,46649902
FE ; F ; 2017_2019;51;Profession de l’enseignement primaire et professionnel;133,2120712;98863,19589;37,56425114
FE ; F ; 2017_2019;52;Cadre administratif et commercial;150,9024688;98640,5155;36,42805638
FE ; F ; 2017_2019;52;Cadre de la fonction publique, profession intellectuelle et artistique;119,3616734;98952,15298;37,15818222
FE ; F ; 2017_2019;52;Commerçante et assimilée;181,7422128;98309,14636;35,17690015
FE ; F ; 2017_2019;52;Employée administratif d'entreprise;173,8299991;98424,85009;35,49519549
FE ; F ; 2017_2019;52;Employée de commerce;177,9951351;98381,9678;35,3129611
FE ; F ; 2017_2019;52;Employée de la fonction publique;193,7339483;98204,28228;35,06127338
FE ; F ; 2017_2019;52;Ensemble;226,0622784;98056,31433;34,85949266
FE ; F ; 2017_2019;52;Intermédiaire de la santé et du travail social;154,7237507;98594,76693;36,27465681
FE ; F ; 2017_2019;52;Intermédiaire des entreprises;160,6750805;98539,10512;36,03128516
FE ; F ; 2017_2019;52;Ouvrière peu qualifiée de type industriel ou artisanal;272,2319989;97667,81916;33,20383789
FE ; F ; 2017_2019;52;Ouvrière qualifiée de type industriel ou artisanal;247,2669779;97823,60064;34,15622386
FE ; F ; 2017_2019;52;Personnel des services aux particuliers;227,204898;97958,61968;34,54092277
FE ; F ; 2017_2019;52;Profession de l’enseignement primaire et professionnel;145,1246749;98731,49818;36,61435801
FE ; F ; 2017_2019;53;Cadre administratif et commercial;164,3969141;98491,66453;35,48311029
FE ; F ; 2017_2019;53;Cadre de la fonction publique, profession intellectuelle et artistique;129,4934442;98834,04203;36,20258785
FE ; F ; 2017_2019;53;Commerçante et assimilée;197,851055;98130,47714;34,24094783
FE ; F ; 2017_2019;53;Employée administratif d'entreprise;190,0773298;98253,75817;34,55700423
FE ; F ; 2017_2019;53;Employée de commerce;194,5037018;98206,85268;34,37592853
FE ; F ; 2017_2019;53;Employée de la fonction publique;210,1474189;98014,02724;34,12933082
FE ; F ; 2017_2019;53;Ensemble;245,46396;97834,646;33,93847537
FE ; F ; 2017_2019;53;Intermédiaire de la santé et du travail social;168,7475516;98442,21741;35,3308693
FE ; F ; 2017_2019;53;Intermédiaire des entreprises;175,4565845;98380,77734;35,08927162
FE ; F ; 2017_2019;53;Ouvrière peu qualifiée de type industriel ou artisanal;296,2620102;97401,93611;32,2944761
FE ; F ; 2017_2019;53;Ouvrière qualifiée de type industriel ou artisanal;268,3686478;97581,71517;33,24089027
FE ; F ; 2017_2019;53;Personnel des services aux particuliers;246,3778924;97736,0529;33,61958015
FE ; F ; 2017_2019;53;Profession de l’enseignement primaire et professionnel;157,8600047;98588,21442;35,6675717
FE ; F ; 2017_2019;54;Cadre administratif et commercial;178,9735339;98329,74727;34,54153949
FE ; F ; 2017_2019;54;Cadre de la fonction publique, profession intellectuelle et artistique;140,2233642;98706,05843;35,24952862
FE ; F ; 2017_2019;54;Commerçante et assimilée;215,4335119;97936,32496;33,30882821
FE ; F ; 2017_2019;54;Employée administratif d'entreprise;207,8844314;98067,00005;33,62281435
FE ; F ; 2017_2019;54;Employée de commerce;212,5965272;98015,83672;33,44292129
FE ; F ; 2017_2019;54;Employée de la fonction publique;227,9199725;97808,05329;33,20120376
FE ; F ; 2017_2019;54;Ensemble;264,2566236;97594,4972;33,02198709
FE ; F ; 2017_2019;54;Intermédiaire de la santé et du travail social;183,9831506;98276,09858;34,39059005
FE ; F ; 2017_2019;54;Intermédiaire des entreprises;191,5855836;98208,16178;34,15094627
FE ; F ; 2017_2019;54;Ouvrière peu qualifiée de type industriel ou artisanal;321,9728336;97113,37117;31,39043666
FE ; F ; 2017_2019;54;Ouvrière qualifiée de type industriel ou artisanal;290,9399437;97319,83644;32,33033845
FE ; F ; 2017_2019;54;Personnel des services aux particuliers;266,9502278;97495,25287;32,70261594
FE ; F ; 2017_2019;54;Profession de l’enseignement primaire et professionnel;171,4373016;98432,58306;34,72396556
FE ; F ; 2017_2019;55;Cadre administratif et commercial;195,0840944;98153,76305;33,60347054
FE ; F ; 2017_2019;55;Cadre de la fonction publique, profession intellectuelle et artistique;151,9065911;98567,64947;34,2990261
FE ; F ; 2017_2019;55;Commerçante et assimilée;235,0521355;97725,3373;32,38074151
FE ; F ; 2017_2019;55;Employée administratif d'entreprise;227,8041079;97863,13403;32,69285655
FE ; F ; 2017_2019;55;Employée de commerce;232,8391616;97807,45845;32,51417126
FE ; F ; 2017_2019;55;Employée de la fonction publique;247,62697;97585,12921;32,27704881
FE ; F ; 2017_2019;55;Ensemble;287,2136093;97336,59728;32,10948108
FE ; F ; 2017_2019;55;Intermédiaire de la santé et du travail social;200,9027605;98095,28711;33,45397957
FE ; F ; 2017_2019;55;Intermédiaire des entreprises;209,5615094;98020,0091;33,21650015
FE ; F ; 2017_2019;55;Ouvrière peu qualifiée de type industriel ou artisanal;350,1415023;96800,6925;30,49183181
FE ; F ; 2017_2019;55;Ouvrière qualifiée de type industriel ou artisanal;315,6774916;97036,69417;31,42467478
FE ; F ; 2017_2019;55;Personnel des services aux particuliers;289,5699039;97234,98907;31,79014932
FE ; F ; 2017_2019;55;Profession de l’enseignement primaire et professionnel;186,2793995;98263,83289;33,78359762
FE ; F ; 2017_2019;56;Cadre administratif et commercial;212,7858443;97962,28067;32,66915371
FE ; F ; 2017_2019;56;Cadre de la fonction publique, profession intellectuelle et artistique;164,596378;98417,91872;33,35120785
FE ; F ; 2017_2019;56;Commerçante et assimilée;256,7939418;97495,6318;31,45703246
FE ; F ; 2017_2019;56;Employée administratif d'entreprise;249,931409;97640,19779;31,76750227
FE ; F ; 2017_2019;56;Employée de commerce;255,3291098;97579,72439;31,59005366
FE ; F ; 2017_2019;56;Employée de la fonction publique;269,3381357;97343,48211;31,35717389
FE ; F ; 2017_2019;56;Ensemble;311,7547831;97057,03332;31,20196952
FE ; F ; 2017_2019;56;Intermédiaire de la santé et du travail social;219,5725825;97898,21097;32,52132483
FE ; F ; 2017_2019;56;Intermédiaire des entreprises;229,4611352;97814,59689;32,28625533
FE ; F ; 2017_2019;56;Ouvrière peu qualifiée de type industriel ou artisanal;380,8320941;96461,7531;29,5989715
FE ; F ; 2017_2019;56;Ouvrière qualifiée de type industriel ou artisanal;342,6298717;96730,37117;30,52418955
FE ; F ; 2017_2019;56;Personnel des services aux particuliers;314,2903406;96953,42581;30,88247136
FE ; F ; 2017_2019;56;Profession de l’enseignement primaire et professionnel;202,4344564;98080,78762;32,84664695
FE ; F ; 2017_2019;57;Cadre administratif et commercial;232,475421;97753,8308;31,73881727
FE ; F ; 2017_2019;57;Cadre de la fonction publique, profession intellectuelle et artistique;178,6203048;98255,92639;32,40619323
FE ; F ; 2017_2019;57;Commerçante et assimilée;281,1539911;97245,26893;30,53802019
FE ; F ; 2017_2019;57;Employée administratif d'entreprise;274,7560566;97396,16426;30,84709817
FE ; F ; 2017_2019;57;Employée de commerce;280,567683;97330,57495;30,67091874
FE ; F ; 2017_2019;57;Employée de la fonction publique;293,5519047;97081,29899;30,44185881
FE ; F ; 2017_2019;57;Ensemble;338,3762221;96754,45338;30,29954736
FE ; F ; 2017_2019;57;Intermédiaire de la santé et du travail social;240,4071779;97683,25334;31,59288988
FE ; F ; 2017_2019;57;Intermédiaire des entreprises;251,7240837;97590,15041;31,36051013
FE ; F ; 2017_2019;57;Ouvrière peu qualifiée de type industriel ou artisanal;414,7145402;96094,39579;28,71212481
FE ; F ; 2017_2019;57;Ouvrière qualifiée de type industriel ou artisanal;372,3887105;96398,94402;29,62913411
FE ; F ; 2017_2019;57;Personnel des services aux particuliers;341,6636215;96648,71056;29,979838
FE ; F ; 2017_2019;57;Profession de l’enseignement primaire et professionnel;220,2792734;97882,23831;31,91327476
FE ; F ; 2017_2019;58;Cadre administratif et commercial;253,7612712;97526,57717;30,81277416
FE ; F ; 2017_2019;58;Cadre de la fonction publique, profession intellectuelle et artistique;193,7147463;98080,42135;31,46418085
FE ; F ; 2017_2019;58;Commerçante et assimilée;307,6711998;96971,85997;29,62412113
FE ; F ; 2017_2019;58;Employée administratif d'entreprise;301,8305844;97128,5624;29,93208595
FE ; F ; 2017_2019;58;Employée de commerce;308,0998385;97057,49681;29,75721354
FE ; F ; 2017_2019;58;Employée de la fonction publique;319,7693507;96796,31499;29,53148457
FE ; F ; 2017_2019;58;Ensemble;366,7534;96427,05932;29,40242193
FE ; F ; 2017_2019;58;Intermédiaire de la santé et du travail social;263,0035198;97448,41579;30,66902449
FE ; F ; 2017_2019;58;Intermédiaire des entreprises;275,9322268;97344,4925;30,4396513
FE ; F ; 2017_2019;58;Ouvrière peu qualifiée de type industriel ou artisanal;451,0512292;95695,87835;27,83169404
FE ; F ; 2017_2019;58;Ouvrière qualifiée de type industriel ou artisanal;404,2785819;96039,96523;28,73988208
FE ; F ; 2017_2019;58;Personnel des services aux particuliers;371,0796026;96318,49707;29,08261937
FE ; F ; 2017_2019;58;Profession de l’enseignement primaire et professionnel;239,4511098;97666,62402;30,98372828
FE ; F ; 2017_2019;59;Cadre administratif et commercial;276,3757411;97279,09249;29,89116397
FE ; F ; 2017_2019;59;Cadre de la fonction publique, profession intellectuelle et artistique;209,740352;97890,42511;30,52524991
FE ; F ; 2017_2019;59;Commerçante et assimilée;336,022609;96673,50549;28,71554731
FE ; F ; 2017_2019;59;Employée administratif d'entreprise;330,8284669;96835,3987;29,02270365
FE ; F ; 2017_2019;59;Employée de commerce;337,5958107;96758,46282;28,84917881
FE ; F ; 2017_2019;59;Employée de la fonction publique;347,6507117;96486,79004;28,62622014
FE ; F ; 2017_2019;59;Ensemble;397,0941538;96073,4098;28,51065325
FE ; F ; 2017_2019;59;Intermédiaire de la santé et du travail social;287,0780175;97192,12303;29,74989781
FE ; F ; 2017_2019;59;Intermédiaire des entreprises;301,7851507;97075,88767;29,52387651
FE ; F ; 2017_2019;59;Ouvrière peu qualifiée de type industriel ou artisanal;489,3394435;95264,24092;26,95779803
FE ; F ; 2017_2019;59;Ouvrière qualifiée de type industriel ou artisanal;437,8374615;95651,69622;27,8565429
FE ; F ; 2017_2019;59;Personnel des services aux particuliers;402,1224753;95961,07878;28,190941
FE ; F ; 2017_2019;59;Profession de l’enseignement primaire et professionnel;259,7229106;97432,76021;30,05809724
FE ; F ; 2017_2019;60;Cadre administratif et commercial;300,0566057;97010,23668;28,97400484
FE ; F ; 2017_2019;60;Cadre de la fonction publique, profession intellectuelle et artistique;226,5922381;97685,10939;29,58940824
FE ; F ; 2017_2019;60;Commerçante et assimilée;365,8771488;96348,66065;27,81236336
FE ; F ; 2017_2019;60;Employée administratif d'entreprise;361,401877;96515,03963;28,11903772
FE ; F ; 2017_2019;60;Employée de commerce;368,7056078;96431,8103;27,94690234
FE ; F ; 2017_2019;60;Employée de la fonction publique;376,8628796;96151,35303;27,72608658
FE ; F ; 2017_2019;60;Ensemble;428,3842783;95691,9079;27,62431875
FE ; F ; 2017_2019;60;Intermédiaire de la santé et du travail social;312,3432475;96913,10581;28,83554911
FE ; F ; 2017_2019;60;Intermédiaire des entreprises;328,9705113;96782,92706;28,61324489
FE ; F ; 2017_2019;60;Ouvrière peu qualifiée de type industriel ou artisanal;529,1018745;94798,07541;26,09036186
FE ; F ; 2017_2019;60;Ouvrière qualifiée de type industriel ou artisanal;472,6266308;95232,89727;26,97904564
FE ; F ; 2017_2019;60;Personnel des services aux particuliers;434,3951207;95575,19771;27,3047608
FE ; F ; 2017_2019;60;Profession de l’enseignement primaire et professionnel;280,8925017;97179,70501;29,13636829
FE ; F ; 2017_2019;61;Cadre administratif et commercial;324,5737587;96719,15105;28,06120491
FE ; F ; 2017_2019;61;Cadre de la fonction publique, profession intellectuelle et artistique;244,221502;97463,76251;28,65660781
FE ; F ; 2017_2019;61;Commerçante et assimilée;396,9255996;95996,14292;26,91449612
FE ; F ; 2017_2019;61;Employée administratif d'entreprise;393,2112359;96166,23247;27,22102905
FE ; F ; 2017_2019;61;Employée de commerce;401,0890003;96076,26081;27,05032546
FE ; F ; 2017_2019;61;Employée de la fonction publique;407,1111382;95788,99427;26,83097118
FE ; F ; 2017_2019;61;Ensemble;459,0637998;95281,97881;26,74316611
FE ; F ; 2017_2019;61;Intermédiaire de la santé et du travail social;338,5349432;96610,40427;27,92589719
FE ; F ; 2017_2019;61;Intermédiaire des entreprises;357,1917741;96464,53977;27,70768471
FE ; F ; 2017_2019;61;Ouvrière peu qualifiée de type industriel ou artisanal;569,9357681;94296,49702;25,22914073
FE ; F ; 2017_2019;61;Ouvrière qualifiée de type industriel ou artisanal;508,2735565;94782,80123;26,1071613
FE ; F ; 2017_2019;61;Personnel des services aux particuliers;467,5575741;95160,02371;26,42388884
FE ; F ; 2017_2019;61;Profession de l’enseignement primaire et professionnel;302,8088983;96906,7345;28,2184407
FE ; F ; 2017_2019;62;Cadre administratif et commercial;350,3232462;96405,22607;27,1525808
FE ; F ; 2017_2019;62;Cadre de la fonction publique, profession intellectuelle et artistique;263,081831;97225,73505;27,72676475
FE ; F ; 2017_2019;62;Commerçante et assimilée;429,6076689;95615,10965;26,02175238
FE ; F ; 2017_2019;62;Employée administratif d'entreprise;426,6479368;95788,09603;26,32848773
FE ; F ; 2017_2019;62;Employée de commerce;435,1524407;95690,90949;26,15925826
FE ; F ; 2017_2019;62;Employée de la fonction publique;438,8817999;95399,0266;25,94064957
FE ; F ; 2017_2019;62;Ensemble;489,7922643;94844,57374;25,86650049
FE ; F ; 2017_2019;62;Intermédiaire de la santé et du travail social;366,0324814;96283,34429;27,02075725
FE ; F ; 2017_2019;62;Intermédiaire des entreprises;386,8237828;96119,97637;26,80700905
FE ; F ; 2017_2019;62;Ouvrière peu qualifiée de type industriel ou artisanal;612,5520921;93759,06755;24,37375484
FE ; F ; 2017_2019;62;Ouvrière qualifiée de type industriel ou artisanal;545,3960837;94301,04532;25,24053501
FE ; F ; 2017_2019;62;Personnel des services aux particuliers;502,1774565;94715,09582;25,5480161
FE ; F ; 2017_2019;62;Profession de l’enseignement primaire et professionnel;325,9252428;96613,29229;27,30414818
FE ; F ; 2017_2019;63;Cadre administratif et commercial;377,4096881;96067,49615;26,24803701
FE ; F ; 2017_2019;63;Cadre de la fonction publique, profession intellectuelle et artistique;283,4411875;96969,95181;26,79990124
FE ; F ; 2017_2019;63;Commerçante et assimilée;463,9924222;95204,33981;25,13402616
FE ; F ; 2017_2019;63;Employée administratif d'entreprise;461,7284401;95379,4181;25,44129899
FE ; F ; 2017_2019;63;Employée de commerce;470,9208365;95274,50817;25,27358842
FE ; F ; 2017_2019;63;Employée de la fonction publique;472,2886446;94980,33764;25,05500022
FE ; F ; 2017_2019;63;Ensemble;520,6126023;94380,03236;24,99381619
FE ; F ; 2017_2019;63;Intermédiaire de la santé et du travail social;394,9033645;95930,91597;26,12002535
FE ; F ; 2017_2019;63;Intermédiaire des entreprises;417,9061758;95748,16144;25,91110762
FE ; F ; 2017_2019;63;Ouvrière peu qualifiée de type industriel ou artisanal;657,1558913;93184,74442;23,52397697
FE ; F ; 2017_2019;63;Ouvrière qualifiée de type industriel ou artisanal;584,1543348;93786,73111;24,37895081
FE ; F ; 2017_2019;63;Personnel des services aux particuliers;538,3992876;94239,45796;24,67696
FE ; F ; 2017_2019;63;Profession de l’enseignement primaire et professionnel;350,4413252;96298,40518;26,39343029
FE ; F ; 2017_2019;64;Cadre administratif et commercial;406,7516418;95704,92811;25,34747493
FE ; F ; 2017_2019;64;Cadre de la fonction publique, profession intellectuelle et artistique;306,2229331;96695,09902;25,87607912
FE ; F ; 2017_2019;64;Commerçante et assimilée;501,1329981;94762,59889;24,25118976
FE ; F ; 2017_2019;64;Employée administratif d'entreprise;499,4388549;94939,0242;24,55931361
FE ; F ; 2017_2019;64;Employée de commerce;509,409216;94825,84065;24,39317015
FE ; F ; 2017_2019;64;Employée de la fonction publique;508,4562754;94531,75629;24,17389366
FE ; F ; 2017_2019;64;Ensemble;556,2617885;93888,67801;24,12461812
FE ; F ; 2017_2019;64;Intermédiaire de la santé et du travail social;426,0572089;95552,08156;25,22358316
FE ; F ; 2017_2019;64;Intermédiaire des entreprises;451,3624496;95348,02396;25,01984616
FE ; F ; 2017_2019;64;Ouvrière peu qualifiée de type industriel ou artisanal;705,3753197;92572,37539;22,67958878
FE ; F ; 2017_2019;64;Ouvrière qualifiée de type industriel ou artisanal;625,9658598;93238,87185;23,52219829
FE ; F ; 2017_2019;64;Personnel des services aux particuliers;577,5246522;93732,07339;23,81053977
FE ; F ; 2017_2019;64;Profession de l’enseignement primaire et professionnel;377,3358816;95960,93577;25,48624905
FE ; F ; 2017_2019;65;Cadre administratif et commercial;438,3629557;95315,64675;24,45099728
FE ; F ; 2017_2019;65;Cadre de la fonction publique, profession intellectuelle et artistique;331,7302326;96398,99645;24,955561
FE ; F ; 2017_2019;65;Commerçante et assimilée;540,9512145;94287,71223;23,37333258
FE ; F ; 2017_2019;65;Employée administratif d'entreprise;539,6282328;94464,86182;23,68258804
FE ; F ; 2017_2019;65;Employée de commerce;550,4743998;94342,78908;23,51806745
FE ; F ; 2017_2019;65;Employée de la fonction publique;547,3676899;94051,10364;23,2974355
FE ; F ; 2017_2019;65;Ensemble;593,6888208;93366,41117;23,2595648
FE ; F ; 2017_2019;65;Intermédiaire de la santé et du travail social;459,4456067;95144,97503;24,33150989
FE ; F ; 2017_2019;65;Intermédiaire des entreprises;487,0938231;94917,65878;24,13328839
FE ; F ; 2017_2019;65;Ouvrière peu qualifiée de type industriel ou artisanal;757,2673564;91919,3927;21,84070145
FE ; F ; 2017_2019;65;Ouvrière qualifiée de type industriel ou artisanal;670,8415359;92655,22835;22,67036671
FE ; F ; 2017_2019;65;Personnel des services aux particuliers;619,5572404;93190,74756;22,94885028
FE ; F ; 2017_2019;65;Profession de l’enseignement primaire et professionnel;406,776942;95598,84073;24,58278206
FE ; F ; 2017_2019;66;Cadre administratif et commercial;473,0502977;94897,81826;23,55865332
FE ; F ; 2017_2019;66;Cadre de la fonction publique, profession intellectuelle et artistique;360,9377389;96079,21184;24,03862167
FE ; F ; 2017_2019;66;Commerçante et assimilée;584,3220337;93777,66171;22,50045859
FE ; F ; 2017_2019;66;Employée administratif d'entreprise;583,0808431;93955,10276;22,81107935
FE ; F ; 2017_2019;66;Employée de commerce;594,9288527;93823,45618;22,64824498
FE ; F ; 2017_2019;66;Employée de la fonction publique;589,9871465;93536,29829;22,42565999
FE ; F ; 2017_2019;66;Ensemble;637,0009348;92812,10523;22,39847896
FE ; F ; 2017_2019;66;Intermédiaire de la santé et du travail social;495,8364553;94707,83562;23,44381593
FE ; F ; 2017_2019;66;Intermédiaire des entreprises;525,8556858;94455,32073;23,25141554
FE ; F ; 2017_2019;66;Ouvrière peu qualifiée de type industriel ou artisanal;814,270045;91223,31714;21,00735598
FE ; F ; 2017_2019;66;Ouvrière qualifiée de type industriel ou artisanal;720,0084362;92033,65859;21,82347607
FE ; F ; 2017_2019;66;Personnel des services aux particuliers;665,6211906;92613,37753;22,09191793
FE ; F ; 2017_2019;66;Profession de l’enseignement primaire et professionnel;439,7045783;95209,96669;23,68318758
FE ; F ; 2017_2019;67;Cadre administratif et commercial;510,8349599;94448,90385;22,67062729
FE ; F ; 2017_2019;67;Cadre de la fonction publique, profession intellectuelle et artistique;394,1764774;95732,4257;23,12570043
FE ; F ; 2017_2019;67;Commerçante et assimilée;631,1778836;93229,69817;21,63270648
FE ; F ; 2017_2019;67;Employée administratif d'entreprise;629,6516019;93407,26855;21,94486647
FE ; F ; 2017_2019;67;Employée de commerce;642,6352357;93265,27337;21,78379234
FE ; F ; 2017_2019;67;Employée de la fonction publique;636,3043531;92984,44615;21,55875374
FE ; F ; 2017_2019;67;Ensemble;680,5605211;92220,89125;21,54207217
FE ; F ; 2017_2019;67;Intermédiaire de la santé et du travail social;535,1909287;94238,23965;22,56063816
FE ; F ; 2017_2019;67;Intermédiaire des entreprises;567,5587328;93958,62205;22,37433078
FE ; F ; 2017_2019;67;Ouvrière peu qualifiée de type industriel ou artisanal;876,3800238;90480,513;20,17981688
FE ; F ; 2017_2019;67;Ouvrière qualifiée de type industriel ou artisanal;773,4384051;91371,00849;20,98174649
FE ; F ; 2017_2019;67;Personnel des services aux particuliers;715,6996412;91996,92327;21,23995177
FE ; F ; 2017_2019;67;Profession de l’enseignement primaire et professionnel;476,2902063;94791,32411;22,78778355
FE ; F ; 2017_2019;68;Cadre administratif et commercial;553,2431859;93966,42583;21,78703141
FE ; F ; 2017_2019;68;Cadre de la fonction publique, profession intellectuelle et artistique;432,8493791;95355,071;22,21721724
FE ; F ; 2017_2019;68;Commerçante et assimilée;683,3518927;92641,25293;20,77011463
FE ; F ; 2017_2019;68;Employée administratif d'entreprise;681,1091941;92819,12819;21,08391822
FE ; F ; 2017_2019;68;Employée de commerce;695,4066173;92665,91786;20,92468811
FE ; F ; 2017_2019;68;Employée de la fonction publique;688,1946284;92392,78207;20,69681149
FE ; F ; 2017_2019;68;Ensemble;729,8614296;91593,27227;20,68968359
FE ; F ; 2017_2019;68;Intermédiaire de la santé et du travail social;579,0722237;93733,88514;21,68203033
FE ; F ; 2017_2019;68;Intermédiaire des entreprises;613,8291049;93425,35169;21,50204309
FE ; F ; 2017_2019;68;Ouvrière peu qualifiée de type industriel ou artisanal;946,0596315;89687,55986;19,35823236
FE ; F ; 2017_2019;68;Ouvrière qualifiée de type industriel ou artisanal;833,312527;90664,31001;20,14529231
FE ; F ; 2017_2019;68;Personnel des services aux particuliers;771,8449907;91338,50162;20,39306183
FE ; F ; 2017_2019;68;Profession de l’enseignement primaire et professionnel;518,0452825;94339,84231;21,89683896
FE ; F ; 2017_2019;69;Cadre administratif et commercial;600,7252044;93446,56298;20,90823724
FE ; F ; 2017_2019;69;Cadre de la fonction publique, profession intellectuelle et artistique;477,5728806;94942,32717;21,3138024
FE ; F ; 2017_2019;69;Commerçante et assimilée;741,3434489;92008,18718;19,91302418
FE ; F ; 2017_2019;69;Employée administratif d'entreprise;737,88374;92186,92858;20,22850753
FE ; F ; 2017_2019;69;Employée de commerce;753,6910744;92021,51294;20,07121876
FE ; F ; 2017_2019;69;Employée de la fonction publique;746,1860525;91756,93991;19,84023286
FE ; F ; 2017_2019;69;Ensemble;784,1031743;90924,76831;19,84179985
FE ; F ; 2017_2019;69;Intermédiaire de la santé et du travail social;627,9126303;93191,09824;20,80831623
FE ; F ; 2017_2019;69;Intermédiaire des entreprises;665,0902194;92851,87969;20,63484406
FE ; F ; 2017_2019;69;Ouvrière peu qualifiée de type industriel ou artisanal;1023,862172;88839,06206;18,54312195
FE ; F ; 2017_2019;69;Ouvrière qualifiée de type industriel ou artisanal;900,1318355;89908,79296;19,31457621
FE ; F ; 2017_2019;69;Personnel des services aux particuliers;834,5680217;90633,50997;19,55168901
FE ; F ; 2017_2019;69;Profession de l’enseignement primaire et professionnel;565,4898979;93851,11921;21,0108652
FE ; F ; 2017_2019;70;Cadre administratif et commercial;655,2396737;92885,20592;20,03459737
FE ; F ; 2017_2019;70;Cadre de la fonction publique, profession intellectuelle et artistique;530,2082052;94488,90836;20,41607979
FE ; F ; 2017_2019;70;Commerçante et assimilée;807,5033298;91326,09051;19,06175065
FE ; F ; 2017_2019;70;Employée administratif d'entreprise;802,2354863;91506,69622;19,37887997
FE ; F ; 2017_2019;70;Employée de commerce;819,8072726;91327,95501;19,22364255
FE ; F ; 2017_2019;70;Employée de la fonction publique;812,6732248;91072,26242;18,9893909
FE ; F ; 2017_2019;70;Ensemble;850,103026;90211,82431;18,99860958
FE ; F ; 2017_2019;70;Intermédiaire de la santé et du travail social;683,7149571;92605,93957;19,93979988
FE ; F ; 2017_2019;70;Intermédiaire des entreprises;723,4227105;92234,33092;19,77300328
FE ; F ; 2017_2019;70;Ouvrière peu qualifiée de type industriel ou artisanal;1112,844359;87929,47251;17,73494193
FE ; F ; 2017_2019;70;Ouvrière qualifiée de type industriel ou artisanal;976,6084079;89099,49529;18,49001202
FE ; F ; 2017_2019;70;Personnel des services aux particuliers;906,4431361;89877,11168;18,7162344
FE ; F ; 2017_2019;70;Profession de l’enseignement primaire et professionnel;620,5785634;93320,40061;20,13035523
FE ; F ; 2017_2019;71;Cadre administratif et commercial;718,3964284;92276,5852;19,16673784
FE ; F ; 2017_2019;71;Cadre de la fonction publique, profession intellectuelle et artistique;592,4329286;93987,92042;19,52490451
FE ; F ; 2017_2019;71;Commerçante et assimilée;883,7333793;90588,62929;18,21692799
FE ; F ; 2017_2019;71;Employée administratif d'entreprise;875,9541093;90772,59703;18,5356015
FE ; F ; 2017_2019;71;Employée de commerce;895,596604;90579,24179;18,38254203
FE ; F ; 2017_2019;71;Employée de la fonction publique;889,6027671;90332,14253;18,14497701
FE ; F ; 2017_2019;71;Ensemble;924,5803422;89444,93086;18,16150209
FE ; F ; 2017_2019;71;Intermédiaire de la santé et du travail social;748,1041488;91972,77891;19,07706981
FE ; F ; 2017_2019;71;Intermédiaire des entreprises;790,4950339;91567,08682;18,91708802
FE ; F ; 2017_2019;71;Ouvrière peu qualifiée de type industriel ou artisanal;1215,360641;86950,95433;16,93452529
FE ; F ; 2017_2019;71;Ouvrière qualifiée de type industriel ou artisanal;1064,843724;88229,34213;17,67236793
FE ; F ; 2017_2019;71;Personnel des services aux particuliers;989,5010129;89062,42677;17,88743829
FE ; F ; 2017_2019;71;Profession de l’enseignement primaire et professionnel;684,9708294;92741,27421;19,25605999
FE ; F ; 2017_2019;72;Cadre administratif et commercial;790,9155766;91613,67351;18,30542734
FE ; F ; 2017_2019;72;Cadre de la fonction publique, profession intellectuelle et artistique;665,2534913;93431,10503;18,64126584
FE ; F ; 2017_2019;72;Commerçante et assimilée;970,8223391;89788,06733;17,37935246
FE ; F ; 2017_2019;72;Employée administratif d'entreprise;959,7021431;89977,47074;17,69939966
FE ; F ; 2017_2019;72;Employée de commerce;981,7503472;89768,01718;17,54866323
FE ; F ; 2017_2019;72;Employée de la fonction publique;977,8072744;89528,54529;17,30784409
FE ; F ; 2017_2019;72;Ensemble;1011,766043;88617,94062;17,33098679
FE ; F ; 2017_2019;72;Intermédiaire de la santé et du travail social;821,767861;91284,72673;18,22086187
FE ; F ; 2017_2019;72;Intermédiaire des entreprises;866,9733791;90843,25355;18,06781817
FE ; F ; 2017_2019;72;Ouvrière peu qualifiée de type industriel ou artisanal;1332,136783;85894,18666;16,14287302
FE ; F ; 2017_2019;72;Ouvrière qualifiée de type industriel ou artisanal;1165,532984;87289,83752;16,86257646
FE ; F ; 2017_2019;72;Personnel des services aux particuliers;1084,490357;88181,15315;17,06620356
FE ; F ; 2017_2019;72;Profession de l’enseignement primaire et professionnel;759,4979594;92106,02354;18,38886808
FE ; F ; 2017_2019;73;Cadre administratif et commercial;873,6925906;90889,0867;17,45136203
FE ; F ; 2017_2019;73;Cadre de la fonction publique, profession intellectuelle et artistique;749,8214673;92809,55134;17,76610803
FE ; F ; 2017_2019;73;Commerçante et assimilée;1069,76297;88916,38472;16,54972915
FE ; F ; 2017_2019;73;Employée administratif d'entreprise;1054,327427;89113,95502;16,87090714
FE ; F ; 2017_2019;73;Employée de commerce;1079,149358;88886,71936;16,72265546
FE ; F ; 2017_2019;73;Employée de la fonction publique;1078,328838;88653,12866;16,47875261
FE ; F ; 2017_2019;73;Ensemble;1114,613177;87721,33438;16,50812809
FE ; F ; 2017_2019;73;Intermédiaire de la santé et du travail social;905,5732178;90534,57819;17,37183571
FE ; F ; 2017_2019;73;Intermédiaire des entreprises;953,705756;90055,66672;17,22583128
FE ; F ; 2017_2019;73;Ouvrière peu qualifiée de type industriel ou artisanal;1464,059501;84749,9586;15,36082154
FE ; F ; 2017_2019;73;Ouvrière qualifiée de type industriel ou artisanal;1279,549139;86272,44567;16,06143309
FE ; F ; 2017_2019;73;Personnel des services aux particuliers;1192,35088;87224,83705;16,25331408
FE ; F ; 2017_2019;73;Profession de l’enseignement primaire et professionnel;845,1512714;91406,48017;17,52960002
FE ; F ; 2017_2019;74;Cadre administratif et commercial;968,1800166;90094,99548;16,60517716
FE ; F ; 2017_2019;74;Cadre de la fonction publique, profession intellectuelle et artistique;847,7438016;92113,6454;16,90032853
FE ; F ; 2017_2019;74;Commerçante et assimilée;1182,219706;87965,19016;15,72868644
FE ; F ; 2017_2019;74;Employée administratif d'entreprise;1161,321807;88174,40215;16,0506771
FE ; F ; 2017_2019;74;Employée de commerce;1189,333456;87927,49889;15,9050866
FE ; F ; 2017_2019;74;Employée de la fonction publique;1192,887943;87697,15641;15,65838478
FE ; F ; 2017_2019;74;Ensemble;1226,386262;86743,58083;15,69420388
FE ; F ; 2017_2019;74;Intermédiaire de la santé et du travail social;1000,963733;89714,72129;16,53058802
FE ; F ; 2017_2019;74;Intermédiaire des entreprises;1052,139413;89196,80065;16,39169689
FE ; F ; 2017_2019;74;Ouvrière peu qualifiée de type industriel ou artisanal;1612,775935;83509,16878;14,58905458
FE ; F ; 2017_2019;74;Ouvrière qualifiée de type industriel ou artisanal;1408,475556;85168,54733;15,26961075
FE ; F ; 2017_2019;74;Personnel des services aux particuliers;1314,717213;86184,81094;15,44944924
FE ; F ; 2017_2019;74;Profession de l’enseignement primaire et professionnel;943,4425729;90633,95714;16,67901443
FE ; F ; 2017_2019;75;Cadre administratif et commercial;1076,73918;89222,71374;15,76751691
FE ; F ; 2017_2019;75;Cadre de la fonction publique, profession intellectuelle et artistique;961,3961002;91332,75768;16,04482498
FE ; F ; 2017_2019;75;Commerçante et assimilée;1310,952095;86925,24835;14,91685868
FE ; F ; 2017_2019;75;Employée administratif d'entreprise;1283,226821;87150,41359;15,23926726
FE ; F ; 2017_2019;75;Employée de commerce;1314,917913;86881,74773;15,09652799
FE ; F ; 2017_2019;75;Employée de la fonction publique;1324,310528;86651,0276;14,84742682
FE ; F ; 2017_2019;75;Ensemble;1355,024823;85679,76947;14,8890652
FE ; F ; 2017_2019;75;Intermédiaire de la santé et du travail social;1110,319892;88816,70947;15,69772621
FE ; F ; 2017_2019;75;Intermédiaire des entreprises;1164,695139;88258,32595;15,56599425
FE ; F ; 2017_2019;75;Ouvrière peu qualifiée de type industriel ou artisanal;1781,211585;82162,353;13,82820022
FE ; F ; 2017_2019;75;Ouvrière qualifiée de type industriel ou artisanal;1555,068285;83968,96916;14,48775195
FE ; F ; 2017_2019;75;Personnel des services aux particuliers;1454,363934;85051,72439;14,65527179
FE ; F ; 2017_2019;75;Profession de l’enseignement primaire et professionnel;1056,747374;89778,8778;15,83787007
FE ; F ; 2017_2019;76;Cadre administratif et commercial;1202,461385;88262,01782;14,93913987
FE ; F ; 2017_2019;76;Cadre de la fonction publique, profession intellectuelle et artistique;1093,773209;90454,68811;15,20057669
FE ; F ; 2017_2019;76;Commerçante et assimilée;1459,586647;85785,69998;14,11500921
FE ; F ; 2017_2019;76;Employée administratif d'entreprise;1423,393751;86032,07611;14,43736365
FE ; F ; 2017_2019;76;Employée de commerce;1459,3491;85739,32407;14,29767992
FE ; F ; 2017_2019;76;Employée de la fonction publique;1476,298998;85503,49892;14,04669174
FE ; F ; 2017_2019;76;Ensemble;1500,792967;84518,78733;14,09358705
FE ; F ; 2017_2019;76;Intermédiaire de la santé et du travail social;1236,769685;87830,55988;14,87397814
FE ; F ; 2017_2019;76;Intermédiaire des entreprises;1294,560781;87230,38552;14,74942706
FE ; F ; 2017_2019;76;Ouvrière peu qualifiée de type industriel ou artisanal;1973,173182;80698,86765;13,07897658
FE ; F ; 2017_2019;76;Ouvrière qualifiée de type industriel ou artisanal;1722,925733;82663,19436;13,71660521
FE ; F ; 2017_2019;76;Personnel des services aux particuliers;1614,916903;83814,76279;13,87155837
FE ; F ; 2017_2019;76;Profession de l’enseignement primaire et professionnel;1188,131069;88830,14187;15,00702387
FE ; F ; 2017_2019;77;Cadre administratif et commercial;1351,68527;87200,70114;14,12096362
FE ; F ; 2017_2019;77;Cadre de la fonction publique, profession intellectuelle et artistique;1250,788652;89465,31896;14,36867515
FE ; F ; 2017_2019;77;Commerçante et assimilée;1635,656605;84533,58336;13,3240816
FE ; F ; 2017_2019;77;Employée administratif d'entreprise;1588,922781;84807,50092;13,6458315
FE ; F ; 2017_2019;77;Employée de commerce;1629,919794;84488,08801;13,50942306
FE ; F ; 2017_2019;77;Employée de la fonction publique;1656,509792;84241,21162;13,2571702
FE ; F ; 2017_2019;77;Ensemble;1673,628871;83250,33531;13,30832539
FE ; F ; 2017_2019;77;Intermédiaire de la santé et du travail social;1386,770913;86744,29814;14,06023861
FE ; F ; 2017_2019;77;Intermédiaire des entreprises;1448,382534;86101,13516;13,94287161
FE ; F ; 2017_2019;77;Ouvrière peu qualifiée de type industriel ou artisanal;2197,320874;79106,53924;12,34224213
FE ; F ; 2017_2019;77;Ouvrière qualifiée de type industriel ou artisanal;1919,985956;81238,96891;12,95707525
FE ; F ; 2017_2019;77;Personnel des services aux particuliers;1804,163051;82461,22402;13,09924954
FE ; F ; 2017_2019;77;Profession de l’enseignement primaire et professionnel;1343,835462;87774,72335;14,18747093
FE ; F ; 2017_2019;78;Cadre administratif et commercial;1533,874439;86022,02211;13,31444993
FE ; F ; 2017_2019;78;Cadre de la fonction publique, profession intellectuelle et artistique;1436,761602;88346,29691;13,55067332
FE ; F ; 2017_2019;78;Commerçante et assimilée;1844,616982;83150,90422;12,54564178
FE ; F ; 2017_2019;78;Employée administratif d'entreprise;1784,801166;83459,97521;12,86615398
FE ; F ; 2017_2019;78;Employée de commerce;1831,759999;83110,99994;12,73326425
FE ; F ; 2017_2019;78;Employée de la fonction publique;1870,499639;82845,7477;12,4804756
FE ; F ; 2017_2019;78;Ensemble;1880,938195;81857,03367;12,53484852
FE ; F ; 2017_2019;78;Intermédiaire de la santé et du travail social;1565,048923;85541,35344;13,25796391
FE ; F ; 2017_2019;78;Intermédiaire des entreprises;1630,955368;84854,06136;13,14778567
FE ; F ; 2017_2019;78;Ouvrière peu qualifiée de type industriel ou artisanal;2458,887063;77368,31474;11,61953378
FE ; F ; 2017_2019;78;Ouvrière qualifiée de type industriel ou artisanal;2151,34112;79679,19211;12,21071921
FE ; F ; 2017_2019;78;Personnel des services aux particuliers;2027,355745;80973,48908;12,33992351
FE ; F ; 2017_2019;78;Profession de l’enseignement primaire et professionnel;1528,394215;86595,17549;13,38072421
FE ; F ; 2017_2019;79;Cadre administratif et commercial;1748,293057;84702,5523;12,52185826
FE ; F ; 2017_2019;79;Cadre de la fonction publique, profession intellectuelle et artistique;1656,436096;87076,97124;12,74820221
FE ; F ; 2017_2019;79;Commerçante et assimilée;2092,84653;81617,08852;11,78140984
FE ; F ; 2017_2019;79;Employée administratif d'entreprise;2016,842866;81970,3806;12,09996226
FE ; F ; 2017_2019;79;Employée de commerce;2070,845393;81588,60589;11,97085926
FE ; F ; 2017_2019;79;Employée de la fonction publique;2124,743931;81296,11829;11,71837272
FE ; F ; 2017_2019;79;Ensemble;2136,283535;80317,35345;11,77514103
FE ; F ; 2017_2019;79;Intermédiaire de la santé et du travail social;1777,146343;84202,58941;12,46875653
FE ; F ; 2017_2019;79;Intermédiaire des entreprises;1847,901464;83470,12949;12,3657755
FE ; F ; 2017_2019;79;Ouvrière peu qualifiée de type industriel ou artisanal;2763,575944;75465,91526;10,9124474
FE ; F ; 2017_2019;79;Ouvrière qualifiée de type industriel ou artisanal;2422,69211;77965,02089;11,47918913
FE ; F ; 2017_2019;79;Personnel des services aux particuliers;2290,474319;79331,8684;11,59527453
FE ; F ; 2017_2019;79;Profession de l’enseignement primaire et professionnel;1746,963569;85271,65984;12,58840866
FE ; F ; 2017_2019;80;Cadre administratif et commercial;2001,373155;83221,70346;11,74467249
FE ; F ; 2017_2019;80;Cadre de la fonction publique, profession intellectuelle et artistique;1914,094076;85634,59685;11,96292477
FE ; F ; 2017_2019;80;Commerçante et assimilée;2386,796128;79908,96812;11,03324723
FE ; F ; 2017_2019;80;Employée administratif d'entreprise;2290,865983;80317,16683;11,34902264
FE ; F ; 2017_2019;80;Employée de commerce;2353,148764;79899,03201;11,22399939
FE ; F ; 2017_2019;80;Employée de la fonction publique;2425,753609;79568,78395;10,97276328
FE ; F ; 2017_2019;80;Ensemble;2436,534543;78601,54706;11,03218256
FE ; F ; 2017_2019;80;Intermédiaire de la santé et du travail social;2028,70869;82706,18617;11,69435378
FE ; F ; 2017_2019;80;Intermédiaire des entreprises;2104,930763;81927,68374;11,59858494
FE ; F ; 2017_2019;80;Ouvrière peu qualifiée de type industriel ou artisanal;3116,213527;73380,35738;10,22259226
FE ; F ; 2017_2019;80;Ouvrière qualifiée de type industriel ou artisanal;2739,222089;76076,16848;10,76419947
FE ; F ; 2017_2019;80;Personnel des services aux particuliers;2599,197351;77514,79232;10,86708711
FE ; F ; 2017_2019;80;Profession de l’enseignement primaire et professionnel;2001,373155;83781,99501;11,81223371
FE ; F ; 2017_2019;81;Cadre administratif et commercial;2299,104873;81556,12663;10,9845276
FE ; F ; 2017_2019;81;Cadre de la fonction publique, profession intellectuelle et artistique;2214,279582;83995,47011;11,19637486
FE ; F ; 2017_2019;81;Commerçante et assimilée;2734,275161;78001,70396;10,30302746
FE ; F ; 2017_2019;81;Employée administratif d'entreprise;2613,939081;78477,20817;10,61510922
FE ; F ; 2017_2019;81;Employée de commerce;2685,913757;78018,88892;10,49448164
FE ; F ; 2017_2019;81;Employée de la fonction publique;2781,353586;77638,6413;10,24555268
FE ; F ; 2017_2019;81;Ensemble;2786,575839;76686,39321;10,30769854
FE ; F ; 2017_2019;81;Intermédiaire de la santé et du travail social;2326,585881;81028,31859;10,93651081
FE ; F ; 2017_2019;81;Intermédiaire des entreprises;2408,995366;80203,16272;10,84797664
FE ; F ; 2017_2019;81;Ouvrière peu qualifiée de type industriel ou artisanal;3522,198226;71093,66875;9,551396302
FE ; F ; 2017_2019;81;Ouvrière qualifiée de type industriel ou artisanal;3106,928273;73992,27327;10,06735901
FE ; F ; 2017_2019;81;Personnel des services aux particuliers;2960,200045;75500,0299;10,15708168
FE ; F ; 2017_2019;81;Profession de l’enseignement primaire et professionnel;2299,104873;82105,20465;11,0534686
FE ; F ; 2017_2019;82;Cadre administratif et commercial;2649,064537;79681,06574;10,24301634
FE ; F ; 2017_2019;82;Cadre de la fonction publique, profession intellectuelle et artistique;2562,484398;82135,57556;10,44990783
FE ; F ; 2017_2019;82;Commerçante et assimilée;3145,126058;75868,92274;9,592659924
FE ; F ; 2017_2019;82;Employée administratif d'entreprise;2995,034688;76425,86176;9,900029352
FE ; F ; 2017_2019;82;Employée de commerce;3078,312825;75923,36885;9,784134187
FE ; F ; 2017_2019;82;Employée de la fonction publique;3201,378988;75479,23617;9,538670364
FE ; F ; 2017_2019;82;Ensemble;3195,738398;74549,46871;9,603163744
FE ; F ; 2017_2019;82;Intermédiaire de la santé et du travail social;2679,489203;79143,12517;10,19701908
FE ; F ; 2017_2019;82;Intermédiaire des entreprises;2768,942654;78271,07225;10,11575466
FE ; F ; 2017_2019;82;Ouvrière peu qualifiée de type industriel ou artisanal;3988,484527;68589,60881;8,900097356
FE ; F ; 2017_2019;82;Ouvrière qualifiée de type industriel ou artisanal;3533,416855;71693,38641;9,390174271
FE ; F ; 2017_2019;82;Personnel des services aux particuliers;3381,895431;73265,07798;9,466923558
FE ; F ; 2017_2019;82;Profession de l’enseignement primaire et professionnel;2649,064537;80217,51989;10,31357966
FE ; F ; 2017_2019;83;Cadre administratif et commercial;3061,966719;77570,26289;9,521744134
FE ; F ; 2017_2019;83;Cadre de la fonction publique, profession intellectuelle et artistique;2967,525802;80030,86425;9,724727295
FE ; F ; 2017_2019;83;Commerçante et assimilée;3631,740225;73482,74948;8,904158184
FE ; F ; 2017_2019;83;Employée administratif d'entreprise;3445,578737;74136,88069;9,20569341
FE ; F ; 2017_2019;83;Employée de commerce;3541,966675;73586,21005;9,094886369
FE ; F ; 2017_2019;83;Employée de la fonction publique;3698,373079;73062,85976;8,854138689
FE ; F ; 2017_2019;83;Ensemble;3673,214265;72167,06271;8,920186968
FE ; F ; 2017_2019;83;Intermédiaire de la santé et du travail social;3098,800192;77022,49367;9,477769786
FE ; F ; 2017_2019;83;Intermédiaire des entreprises;3196,192093;76103,79115;9,403830765
FE ; F ; 2017_2019;83;Ouvrière peu qualifiée de type industriel ou artisanal;4526,05266;65853,92288;8,269822804
FE ; F ; 2017_2019;83;Ouvrière qualifiée de type industriel ou artisanal;4029,451033;69160,16021;8,734121356
FE ; F ; 2017_2019;83;Personnel des services aux particuliers;3875,620693;70787,32965;8,798291532
FE ; F ; 2017_2019;83;Profession de l’enseignement primaire et professionnel;3061,966719;78092,50602;9,594227585
FE ; F ; 2017_2019;84;Cadre administratif et commercial;3551,158694;75195,08726;8,822505999
FE ; F ; 2017_2019;84;Cadre de la fonction publique, profession intellectuelle et artistique;3440,700652;77655,92771;9,02213679
FE ; F ; 2017_2019;84;Commerçante et assimilée;4208,659767;70814,04691;8,239720843
FE ; F ; 2017_2019;84;Employée administratif d'entreprise;3979,072722;71582,43609;8,534201841
FE ; F ; 2017_2019;84;Employée de commerce;4090,542861;70979,81101;8,428853207
FE ; F ; 2017_2019;84;Employée de la fonction publique;4287,124285;70360,72263;8,194173528
FE ; F ; 2017_2019;84;Ensemble;4237,292922;69516,21187;8,260339064
FE ; F ; 2017_2019;84;Intermédiaire de la santé et du travail social;3598,271169;74635,72049;8,780859065
FE ; F ; 2017_2019;84;Intermédiaire des entreprises;3704,432228;73671,36779;8,714319062
FE ; F ; 2017_2019;84;Ouvrière peu qualifiée de type industriel ou artisanal;5148,604649;62873,33965;7,661863298
FE ; F ; 2017_2019;84;Ouvrière qualifiée de type industriel ou artisanal;4608,037005;66373,38542;8,100835048
FE ; F ; 2017_2019;84;Personnel des services aux particuliers;4454,910509;68043,88126;8,153028186
FE ; F ; 2017_2019;84;Profession de l’enseignement primaire et professionnel;3551,158694;75701,33948;8,897278973
FE ; F ; 2017_2019;85;Cadre administratif et commercial;4133,132133;72524,79038;8,147342652
FE ; F ; 2017_2019;85;Cadre de la fonction publique, profession intellectuelle et artistique;3993,360698;74984,0197;8,343622884
FE ; F ; 2017_2019;85;Commerçante et assimilée;4889,924453;67833,72461;7,601738761
FE ; F ; 2017_2019;85;Employée administratif d'entreprise;4608,63085;68734,1189;7,887856099
FE ; F ; 2017_2019;85;Employée de commerce;4737,196855;68076,35142;7,788344193
FE ; F ; 2017_2019;85;Employée de la fonction publique;4981,930479;67344,271;7,561202938
FE ; F ; 2017_2019;85;Ensemble;4906,687003;66570,60634;7,625841223
FE ; F ; 2017_2019;85;Intermédiaire de la santé et du travail social;4191,877611;71950,12488;8,108611611
FE ; F ; 2017_2019;85;Intermédiaire des entreprises;4307,395834;70942,2619;8,049553644
FE ; F ; 2017_2019;85;Ouvrière peu qualifiée de type industriel ou artisanal;5868,997819;59636,23996;7,077754966
FE ; F ; 2017_2019;85;Ouvrière qualifiée de type industriel ou artisanal;5281,318333;63314,87526;7,492156774
FE ; F ; 2017_2019;85;Personnel des services aux particuliers;5132,553761;65012,58724;7,533173426
FE ; F ; 2017_2019;85;Profession de l’enseignement primaire et professionnel;4130,422052;73013,06478;8,2248687
FE ; F ; 2017_2019;86;Cadre administratif et commercial;4830,77898;69527,24496;7,498601064
FE ; F ; 2017_2019;86;Cadre de la fonction publique, profession intellectuelle et artistique;4640,19536;71989,63732;7,690672795
FE ; F ; 2017_2019;86;Commerçante et assimilée;5692,635774;64516,70672;6,992569365
FE ; F ; 2017_2019;86;Employée administratif d'entreprise;5350,445582;65566,4171;7,268941068
FE ; F ; 2017_2019;86;Employée de commerce;5498,089894;64851,44064;7,175640372
FE ; F ; 2017_2019;86;Employée de la fonction publique;5800,249236;63989,22624;6,957647399
FE ; F ; 2017_2019;86;Ensemble;5698,699787;63304,19505;7,01932437
FE ; F ; 2017_2019;86;Intermédiaire de la santé et du travail social;4897,111464;68934,0637;7,463386411
FE ; F ; 2017_2019;86;Intermédiaire des entreprises;5022,193056;67886,49787;7,41188691
FE ; F ; 2017_2019;86;Ouvrière peu qualifiée de type industriel ou artisanal;6704,025934;56136,19034;6,519047712
FE ; F ; 2017_2019;86;Ouvrière qualifiée de type industriel ou artisanal;6064,694775;59971,01515;6,909903983
FE ; F ; 2017_2019;86;Personnel des services aux particuliers;5924,499586;61675,78125;6,940735969
FE ; F ; 2017_2019;86;Profession de l’enseignement primaire et professionnel;4817,405747;69997,31705;7,579226983
FE ; F ; 2017_2019;87;Cadre administratif et commercial;5652,853968;66168,53743;6,879229212
FE ; F ; 2017_2019;87;Cadre de la fonction publique, profession intellectuelle et artistique;5392,618637;68649,17751;7,064899907
FE ; F ; 2017_2019;87;Commerçante et assimilée;6628,175789;60844,0056;6,414658889
FE ; F ; 2017_2019;87;Employée administratif d'entreprise;6215,64817;62058,32163;6,679847108
FE ; F ; 2017_2019;87;Employée de commerce;6383,970902;61285,85014;6,593116757
FE ; F ; 2017_2019;87;Employée de la fonction publique;6753,782172;60277,69163;6,386057121
FE ; F ; 2017_2019;87;Ensemble;6616,370061;59696,67902;6,443507517
FE ; F ; 2017_2019;87;Intermédiaire de la santé et du travail social;5727,738751;65558,28577;6,847696874
FE ; F ; 2017_2019;87;Intermédiaire des entreprises;5861,806534;64477,10688;6,803809278
FE ; F ; 2017_2019;87;Ouvrière peu qualifiée de type industriel ou artisanal;7664,616976;52372,80558;5,987490915
FE ; F ; 2017_2019;87;Ouvrière qualifiée de type industriel ou artisanal;6967,749014;56333,95612;6,356024412
FE ; F ; 2017_2019;87;Personnel des services aux particuliers;6840,898552;58021,79984;6,377835821
FE ; F ; 2017_2019;87;Profession de l’enseignement primaire et professionnel;5626,01764;66625,26227;6,962828753
FE ; F ; 2017_2019;88;Cadre administratif et commercial;6611,922094;62428,12663;6,291401491
FE ; F ; 2017_2019;88;Cadre de la fonction publique, profession intellectuelle et artistique;6261,181004;64947,18917;6,467599044
FE ; F ; 2017_2019;88;Commerçante et assimilée;7704,211849;56811,15795;5,8700156
FE ; F ; 2017_2019;88;Employée administratif d'entreprise;7212,395801;58200,9947;6,122560403
FE ; F ; 2017_2019;88;Employée de commerce;7402,273195;57373,3793;6,042722086
FE ; F ; 2017_2019;88;Employée de la fonction publique;7850,559184;56206,66764;5,848596404
FE ; F ; 2017_2019;88;Ensemble;7682,96159;55746,92583;5,900039676
FE ; F ; 2017_2019;88;Intermédiaire de la santé et du travail social;6695,778948;61803,27843;6,263745224
FE ; F ; 2017_2019;88;Intermédiaire des entreprises;6837,081153;60697,58362;6,227469561
FE ; F ; 2017_2019;88;Ouvrière peu qualifiée de type industriel ou artisanal;8759,548301;48358,63063;5,484503252
FE ; F ; 2017_2019;88;Ouvrière qualifiée de type industriel ou artisanal;7997,191161;52408,74745;5,832065595
FE ; F ; 2017_2019;88;Personnel des services aux particuliers;7888,698423;54052,58738;5,84617576
FE ; F ; 2017_2019;88;Profession de l’enseignement primaire et professionnel;6552,965904;62876,91327;6,377911346
FE ; F ; 2017_2019;89;Cadre administratif et commercial;7719,286414;58300,42754;5,736835827
FE ; F ; 2017_2019;89;Cadre de la fonction publique, profession intellectuelle et artistique;7210,136766;60880,7281;5,899595188
FE ; F ; 2017_2019;89;Commerçante et assimilée;8924,495169;52434,30599;5,360003764
FE ; F ; 2017_2019;89;Employée administratif d'entreprise;8345,85832;54003,3086;5,598468035
FE ; F ; 2017_2019;89;Employée de commerce;8557,056862;53126,44502;5,525778001
FE ; F ; 2017_2019;89;Employée de la fonction publique;9071,918953;51794,12993;5,346860439
FE ; F ; 2017_2019;89;Ensemble;8886,860309;51463,91093;5,391062558
FE ; F ; 2017_2019;89;Intermédiaire de la santé et du travail social;7811,600892;57665,06752;5,713249576
FE ; F ; 2017_2019;89;Intermédiaire des entreprises;7956,761574;56547,64057;5,684493829
FE ; F ; 2017_2019;89;Ouvrière peu qualifiée de type industriel ou artisanal;9996,462953;44122,63303;5,011043512
FE ; F ; 2017_2019;89;Ouvrière qualifiée de type industriel ou artisanal;9157,392448;48217,51973;5,339008198
FE ; F ; 2017_2019;89;Personnel des services aux particuliers;9071,918953;49788,54177;5,346860439
FE ; F ; 2017_2019;89;Profession de l’enseignement primaire et professionnel;7619,233166;58756,61058;5,825161877
FE ; F ; 2017_2019;90;Cadre administratif et commercial;9066,100179;53800,05055;5,216722438
FE ; F ; 2017_2019;90;Cadre de la fonction publique, profession intellectuelle et artistique;8558,385675;56491,14434;5,358016902
FE ; F ; 2017_2019;90;Commerçante et assimilée;10293,82824;47754,80888;4,885230912
FE ; F ; 2017_2019;90;Employée administratif d'entreprise;9623,01959;49496,26898;5,108254283
FE ; F ; 2017_2019;90;Employée de commerce;9853,889323;48580,38491;5,042869807
FE ; F ; 2017_2019;90;Employée de la fonction publique;10397,15114;47095,40844;4,880318134
FE ; F ; 2017_2019;90;Ensemble;10228,2166;46890,38505;4,916888141
FE ; F ; 2017_2019;90;Intermédiaire de la santé et du travail social;9088,563823;53160,50259;5,197362826
FE ; F ; 2017_2019;90;Intermédiaire des entreprises;9232,140283;52048,27963;5,175895075
FE ; F ; 2017_2019;90;Ouvrière peu qualifiée de type industriel ou artisanal;11388,59688;39711,93036;4,567607315
FE ; F ; 2017_2019;90;Ouvrière qualifiée de type industriel ou artisanal;10456,16421;43802,05222;4,877207119
FE ; F ; 2017_2019;90;Personnel des services aux particuliers;10397,15114;45271,76561;4,880318134
FE ; F ; 2017_2019;90;Profession de l’enseignement primaire et professionnel;8840,089392;54279,80742;5,305600264
FE ; F ; 2017_2019;91;Cadre administratif et commercial;10563,85311;48922,48407;-
FE ; F ; 2017_2019;91;Cadre de la fonction publique, profession intellectuelle et artistique;10057,52367;51656,41434;-
FE ; F ; 2017_2019;91;Commerçante et assimilée;11813,62166;42839,01088;-
FE ; F ; 2017_2019;91;Employée administratif d'entreprise;11048,66258;44733,23332;-
FE ; F ; 2017_2019;91;Employée de commerce;11295,6765;43793,32755;-
FE ; F ; 2017_2019;91;Employée de la fonction publique;11869,41236;42198,82765;-
FE ; F ; 2017_2019;91;Ensemble;11705,91083;42094,33491;-
FE ; F ; 2017_2019;91;Intermédiaire de la santé et du travail social;10539,51171;48328,97639;-
FE ; F ; 2017_2019;91;Intermédiaire des entreprises;10673,36756;47243,10944;-
FE ; F ; 2017_2019;91;Ouvrière peu qualifiée de type industriel ou artisanal;12950,82999;35189,2987;-
FE ; F ; 2017_2019;91;Ouvrière qualifiée de type industriel ou artisanal;11900,75526;39222,03772;-
FE ; F ; 2017_2019;91;Personnel des services aux particuliers;11869,41236;40564,79172;-
FE ; F ; 2017_2019;91;Profession de l’enseignement primaire et professionnel;10232,17782;49481,42392;-
FE ; F ; 2017_2019;92;Cadre administratif et commercial;12212,56603;43754,38472;-
FE ; F ; 2017_2019;92;Cadre de la fonction publique, profession intellectuelle et artistique;11707,21564;46461,05824;-
FE ; F ; 2017_2019;92;Commerçante et assimilée;13481,48039;37778,17221;-
FE ; F ; 2017_2019;92;Employée administratif d'entreprise;12625,12069;39790,80931;-
FE ; F ; 2017_2019;92;Employée de commerce;12882,37397;38846,57494;-
FE ; F ; 2017_2019;92;Employée de la fonction publique;13492,1903;37190,07478;-
FE ; F ; 2017_2019;92;Ensemble;13330,89292;37166,8096;-
FE ; F ; 2017_2019;92;Intermédiaire de la santé et du travail social;12176,70848;43235,33826;-
FE ; F ; 2017_2019;92;Intermédiaire des entreprises;12289,28375;42200,67873;-
FE ; F ; 2017_2019;92;Ouvrière peu qualifiée de type industriel ou artisanal;14700,53878;30631,99245;-
FE ; F ; 2017_2019;92;Ouvrière qualifiée de type industriel ou artisanal;13498,14202;34554,319;-
FE ; F ; 2017_2019;92;Personnel des services aux particuliers;13492,1903;35749,98932;-
FE ; F ; 2017_2019;92;Profession de l’enseignement primaire et professionnel;11814,08146;44418,39664;-
FE ; F ; 2017_2019;93;Cadre administratif et commercial;14009,8808;38410,85159;-
FE ; F ; 2017_2019;93;Cadre de la fonction publique, profession intellectuelle et artistique;13504,65799;41021,76196;-
FE ; F ; 2017_2019;93;Commerçante et assimilée;15291,66329;32685,11533;-
FE ; F ; 2017_2019;93;Employée administratif d'entreprise;14352,81513;34767,17161;-
FE ; F ; 2017_2019;93;Employée de commerce;14611,51215;33842,21389;-
FE ; F ; 2017_2019;93;Employée de la fonction publique;15268,32934;32172,31912;-
FE ; F ; 2017_2019;93;Ensemble;15112,97959;32212,14201;-
FE ; F ; 2017_2019;93;Intermédiaire de la santé et du travail social;14012,52559;37970,69716;-
FE ; F ; 2017_2019;93;Intermédiaire des entreprises;14088,00372;37014,51757;-
FE ; F ; 2017_2019;93;Ouvrière peu qualifiée de type industriel ou artisanal;16659,4495;26128,92452;-
FE ; F ; 2017_2019;93;Ouvrière qualifiée de type industriel ou artisanal;15256,16262;29890,12794;-
FE ; F ; 2017_2019;93;Personnel des services aux particuliers;15268,32934;30926,53273;-
FE ; F ; 2017_2019;93;Profession de l’enseignement primaire et professionnel;13607,72303;39170,77107;-
FE ; F ; 2017_2019;94;Cadre administratif et commercial;15918,85663;33029,53707;-
FE ; F ; 2017_2019;94;Cadre de la fonction publique, profession intellectuelle et artistique;15413,41324;35481,9133;-
FE ; F ; 2017_2019;94;Commerçante et assimilée;17200,13984;27687,01755;-
FE ; F ; 2017_2019;94;Employée administratif d'entreprise;16197,42087;29777,10374;-
FE ; F ; 2017_2019;94;Employée de commerce;16444,84583;28897,35469;-
FE ; F ; 2017_2019;94;Employée de la fonction publique;17165,52558;27260,14348;-
FE ; F ; 2017_2019;94;Ensemble;17026,50816;27343,92756;-
FE ; F ; 2017_2019;94;Intermédiaire de la santé et du travail social;16133,07143;32650,0435;-
FE ; F ; 2017_2019;94;Intermédiaire des entreprises;16133,07143;31799,91096;-
FE ; F ; 2017_2019;94;Ouvrière peu qualifiée de type industriel ou artisanal;18816,8326;21775,98953;-
FE ; F ; 2017_2019;94;Ouvrière qualifiée de type industriel ou artisanal;17149,29379;25330,04142;-
FE ; F ; 2017_2019;94;Personnel des services aux particuliers;17165,52558;26204,56786;-
FE ; F ; 2017_2019;94;Profession de l’enseignement primaire et professionnel;15607,77509;33840,52104;-
FE ; F ; 2017_2019;95;Cadre administratif et commercial;17896,49706;27771,61242;-
FE ; F ; 2017_2019;95;Cadre de la fonction publique, profession intellectuelle et artistique;17390,57611;30012,93938;-
FE ; F ; 2017_2019;95;Commerçante et assimilée;19178,99088;22924,81181;-
FE ; F ; 2017_2019;95;Employée administratif d'entreprise;18175,3245;24953,98092;-
FE ; F ; 2017_2019;95;Employée de commerce;18422,98324;24145,22926;-
FE ; F ; 2017_2019;95;Employée de la fonction publique;19144,34392;22580,79658;-
FE ; F ; 2017_2019;95;Ensemble;19061,3925;22688,21151;-
FE ; F ; 2017_2019;95;Intermédiaire de la santé et du travail social;18110,91426;27382,58866;-
FE ; F ; 2017_2019;95;Intermédiaire des entreprises;18110,91426;26669,60861;-
FE ; F ; 2017_2019;95;Ouvrière peu qualifiée de type industriel ou artisanal;20797,21117;17678,43804;-
FE ; F ; 2017_2019;95;Ouvrière qualifiée de type industriel ou artisanal;19128,09679;20986,1182;-
FE ; F ; 2017_2019;95;Personnel des services aux particuliers;19144,34392;21706,41606;-
FE ; F ; 2017_2019;95;Profession de l’enseignement primaire et professionnel;17585,1216;28558,76863;-
FE ; F ; 2017_2019;96;Cadre administratif et commercial;20022,98964;22801,46662;-
FE ; F ; 2017_2019;96;Cadre de la fonction publique, profession intellectuelle et artistique;19516,53172;24793,51632;-
FE ; F ; 2017_2019;96;Commerçante et assimilée;21306,84468;18528,06425;-
FE ; F ; 2017_2019;96;Employée administratif d'entreprise;20302,11303;20418,51391;-
FE ; F ; 2017_2019;96;Employée de commerce;20550,03462;19696,95772;-
FE ; F ; 2017_2019;96;Employée de la fonction publique;21272,16094;18257,85122;-
FE ; F ; 2017_2019;96;Ensemble;21176,70884;18363,52246;-
FE ; F ; 2017_2019;96;Intermédiaire de la santé et du travail social;20237,63442;22423,35151;-
FE ; F ; 2017_2019;96;Intermédiaire des entreprises;20237,63442;21839,49866;-
FE ; F ; 2017_2019;96;Ouvrière peu qualifiée de type industriel ou artisanal;22926,78251;14001,81595;-
FE ; F ; 2017_2019;96;Ouvrière qualifiée de type industriel ou artisanal;21255,89657;16971,8732;-
FE ; F ; 2017_2019;96;Personnel des services aux particuliers;21272,16094;17550,86512;-
FE ; F ; 2017_2019;96;Profession de l’enseignement primaire et professionnel;19711,28369;23536,67444;-
FE ; F ; 2017_2019;97;Cadre administratif et commercial;22258,68457;18235,93132;-
FE ; F ; 2017_2019;97;Cadre de la fonction publique, profession intellectuelle et artistique;21751,7789;19954,68184;-
FE ; F ; 2017_2019;97;Commerçante et assimilée;23543,67461;14580,31838;-
FE ; F ; 2017_2019;97;Employée administratif d'entreprise;22538,05471;16273,12414;-
FE ; F ; 2017_2019;97;Employée de commerce;22786,19549;15649,22609;-
FE ; F ; 2017_2019;97;Employée de la fonction publique;23508,96021;14374,01173;-
FE ; F ; 2017_2019;97;Ensemble;23400,96442;14474,73278;-
FE ; F ; 2017_2019;97;Intermédiaire de la santé et du travail social;22473,5191;17885,39561;-
FE ; F ; 2017_2019;97;Intermédiaire des entreprises;22473,5191;17419,70077;-
FE ; F ; 2017_2019;97;Ouvrière peu qualifiée de type industriel ou artisanal;25165,04458;10791,65006;-
FE ; F ; 2017_2019;97;Ouvrière qualifiée de type industriel ou artisanal;23492,68147;13364,34938;-
FE ; F ; 2017_2019;97;Personnel des services aux particuliers;23508,96021;13817,41684;-
FE ; F ; 2017_2019;97;Profession de l’enseignement primaire et professionnel;21946,70305;18897,29377;-
FE ; F ; 2017_2019;98;Cadre administratif et commercial;24575,63362;14176,85289;-
FE ; F ; 2017_2019;98;Cadre de la fonction publique, profession intellectuelle et artistique;24068,60209;15614,18357;-
FE ; F ; 2017_2019;98;Commerçante et assimilée;25860,94273;11147,57566;-
FE ; F ; 2017_2019;98;Employée administratif d'entreprise;24855,07313;12605,47852;-
FE ; F ; 2017_2019;98;Employée de commerce;25103,27552;12083,36284;-
FE ; F ; 2017_2019;98;Employée de la fonction publique;25826,21971;10994,83103;-
FE ; F ; 2017_2019;98;Ensemble;25718,33725;11087,50571;-
FE ; F ; 2017_2019;98;Intermédiaire de la santé et du travail social;24790,5215;13865,91781;-
FE ; F ; 2017_2019;98;Intermédiaire des entreprises;24790,5215;13504,88099;-
FE ; F ; 2017_2019;98;Ouvrière peu qualifiée de type industriel ou artisanal;27482,71529;8075,926509;-
FE ; F ; 2017_2019;98;Ouvrière qualifiée de type industriel ou artisanal;25809,93692;10224,70535;-
FE ; F ; 2017_2019;98;Personnel des services aux particuliers;25826,21971;10569,08581;-
FE ; F ; 2017_2019;98;Profession de l’enseignement primaire et professionnel;24263,57463;14749,96082;-
FE ; F ; 2017_2019;99;Cadre administratif et commercial;27005,70567;10692,80146;-
FE ; F ; 2017_2019;99;Cadre de la fonction publique, profession intellectuelle et artistique;26498,56689;11856,06785;-
FE ; F ; 2017_2019;99;Commerçante et assimilée;28291,28663;8264,707503;-
FE ; F ; 2017_2019;99;Employée administratif d'entreprise;27285,20428;9472,377614;-
FE ; F ; 2017_2019;99;Employée de commerce;27533,45917;9050,042977;-
FE ; F ; 2017_2019;99;Employée de la fonction publique;28256,55627;8155,28181;-
FE ; F ; 2017_2019;99;Ensemble;28148,94005;8235,983597;-
FE ; F ; 2017_2019;99;Intermédiaire de la santé et du travail social;27220,639;10428,48447;-
FE ; F ; 2017_2019;99;Intermédiaire des entreprises;27220,639;10156,95056;-
FE ; F ; 2017_2019;99;Ouvrière peu qualifiée de type industriel ou artisanal;29913,4022;5856,442619;-
FE ; F ; 2017_2019;99;Ouvrière qualifiée de type industriel ou artisanal;28240,27003;7585,71535;-
FE ; F ; 2017_2019;99;Personnel des services aux particuliers;28256,55627;7839,49049;-
FE ; F ; 2017_2019;99;Profession de l’enseignement primaire et professionnel;26693,58068;11171,09307;-
FE ; F ; 2017_2019;100;Cadre administratif et commercial;29280,41636;7805,134972;-
FE ; F ; 2017_2019;100;Cadre de la fonction publique, profession intellectuelle et artistique;28773,18836;8714,379783;-
FE ; F ; 2017_2019;100;Commerçante et assimilée;30566,22349;5926,515414;-
FE ; F ; 2017_2019;100;Employée administratif d'entreprise;29559,96414;6887,820032;-
FE ; F ; 2017_2019;100;Employée de commerce;29808,2627;6558,253089;-
FE ; F ; 2017_2019;100;Employée de la fonction publique;30531,48702;5850,880017;-
FE ; F ; 2017_2019;100;Ensemble;30423,86204;5917,641512;-
FE ; F ; 2017_2019;100;Intermédiaire de la santé et du travail social;29495,3875;7589,784362;-
FE ; F ; 2017_2019;100;Intermédiaire des entreprises;29495,3875;7392,163717;-
FE ; F ; 2017_2019;100;Ouvrière peu qualifiée de type industriel ou artisanal;32188,62445;4104,581384;-
FE ; F ; 2017_2019;100;Ouvrière qualifiée de type industriel ou artisanal;30515,19792;5443,488851;-
FE ; F ; 2017_2019;100;Personnel des services aux particuliers;30531,48702;5624,320449;-
FE ; F ; 2017_2019;100;Profession de l’enseignement primaire et professionnel;28968,23645;8189,128328;-
FE ; F ; 2017_2019;101;Cadre administratif et commercial;31597,49504;5519,758955;-
FE ; F ; 2017_2019;101;Cadre de la fonction publique, profession intellectuelle et artistique;31090,19271;6206,974874;-
FE ; F ; 2017_2019;101;Commerçante et assimilée;32883,4906;4115,003467;-
FE ; F ; 2017_2019;101;Employée administratif d'entreprise;31877,08379;4851,7829;-
FE ; F ; 2017_2019;101;Employée de commerce;32125,41874;4603,351779;-
FE ; F ; 2017_2019;101;Employée de la fonction publique;32848,74904;4064,519344;-
FE ; F ; 2017_2019;101;Ensemble;32741,36623;4117,266422;-
FE ; F ; 2017_2019;101;Intermédiaire de la santé et du travail social;31812,49768;5351,148054;-
FE ; F ; 2017_2019;101;Intermédiaire des entreprises;31812,49768;5211,816384;-
FE ; F ; 2017_2019;101;Ouvrière peu qualifiée de type industriel ou artisanal;34506,12932;2783,373097;-
FE ; F ; 2017_2019;101;Ouvrière qualifiée de type industriel ou artisanal;32832,45756;3782,397454;-
FE ; F ; 2017_2019;101;Personnel des services aux particuliers;32848,74904;3907,131781;-
FE ; F ; 2017_2019;101;Profession de l’enseignement primaire et professionnel;31285,26938;5816,88227;-
FE ; F ; 2017_2019;102;Cadre administratif et commercial;33583,27436;3775,653393;-
FE ; F ; 2017_2019;102;Cadre de la fonction publique, profession intellectuelle et artistique;33075,9114;4277,214425;-
FE ; F ; 2017_2019;102;Commerçante et assimilée;34869,42361;2761,846689;-
FE ; F ; 2017_2019;102;Employée administratif d'entreprise;33862,89652;3305,175999;-
FE ; F ; 2017_2019;102;Employée de commerce;34111,26115;3124,505744;-
FE ; F ; 2017_2019;102;Employée de la fonction publique;34834,67789;2729,375585;-
FE ; F ; 2017_2019;102;Ensemble;34727,17397;2769,217144;-
FE ; F ; 2017_2019;102;Intermédiaire de la santé et du travail social;33798,30269;3648,814204;-
FE ; F ; 2017_2019;102;Intermédiaire des entreprises;33798,30269;3553,807418;-
FE ; F ; 2017_2019;102;Ouvrière peu qualifiée de type industriel ou artisanal;36492,25624;1822,938777;-
FE ; F ; 2017_2019;102;Ouvrière qualifiée de type industriel ou artisanal;34818,38446;2540,543416;-
FE ; F ; 2017_2019;102;Personnel des services aux particuliers;34834,67789;2623,687868;-
FE ; F ; 2017_2019;102;Profession de l’enseignement primaire et professionnel;33271,01139;3997,054982;-
FE ; F ; 2017_2019;103;Cadre administratif et commercial;35502,20649;2507,665355;-
FE ; F ; 2017_2019;103;Cadre de la fonction publique, profession intellectuelle et artistique;34994,79267;2862,486771;-
FE ; F ; 2017_2019;103;Commerçante et assimilée;36788,48467;1798,806668;-
FE ; F ; 2017_2019;103;Employée administratif d'entreprise;35781,85669;2185,947671;-
FE ; F ; 2017_2019;103;Employée de commerce;36030,24621;2058,69743;-
FE ; F ; 2017_2019;103;Employée de la fonction publique;36753,73547;1778,606391;-
FE ; F ; 2017_2019;103;Ensemble;36646,22411;1807,546289;-
FE ; F ; 2017_2019;103;Intermédiaire de la santé et du travail social;35717,25638;2415,576934;-
FE ; F ; 2017_2019;103;Intermédiaire des entreprises;35717,25638;2352,680829;-
FE ; F ; 2017_2019;103;Ouvrière peu qualifiée de type industriel ou artisanal;38411,47999;1157,707287;-
FE ; F ; 2017_2019;103;Ouvrière qualifiée de type industriel ou artisanal;36737,44041;1655,967242;-
FE ; F ; 2017_2019;103;Personnel des services aux particuliers;36753,73547;1709,73465;-
FE ; F ; 2017_2019;103;Profession de l’enseignement primaire et professionnel;35189,91222;2667,194364;-
FE ; F ; 2017_2019;104;Cadre administratif et commercial;37151,67188;1617,388823;-
FE ; F ; 2017_2019;104;Cadre de la fonction publique, profession intellectuelle et artistique;36644,23507;1860,76546;-
FE ; F ; 2017_2019;104;Commerçante et assimilée;38438,00836;1137,052952;-
FE ; F ; 2017_2019;104;Employée administratif d'entreprise;37431,33475;1403,775008;-
FE ; F ; 2017_2019;104;Employée de commerce;37679,73553;1316,943677;-
FE ; F ; 2017_2019;104;Employée de la fonction publique;38403,25758;1124,902103;-
FE ; F ; 2017_2019;104;Ensemble;38297,00356;1145,148825;-
FE ; F ; 2017_2019;104;Intermédiaire de la santé et du travail social;37366,73152;1552,799128;-
FE ; F ; 2017_2019;104;Intermédiaire des entreprises;37366,73152;1512,367786;-
FE ; F ; 2017_2019;104;Ouvrière peu qualifiée de type industriel ou artisanal;40061,07722;713,0147843;-
FE ; F ; 2017_2019;104;Ouvrière qualifiée de type industriel ou artisanal;38386,96178;1047,607263;-
FE ; F ; 2017_2019;104;Personnel des services aux particuliers;38403,25758;1081,343299;-
FE ; F ; 2017_2019;104;Profession de l’enseignement primaire et professionnel;36839,36346;1728,611009;-
FE ; F ; 2017_2019;105;Cadre administratif et commercial;38819,05822;1016,501834;-
FE ; F ; 2017_2019;105;Cadre de la fonction publique, profession intellectuelle et artistique;38311,60043;1178,902191;-
FE ; F ; 2017_2019;105;Commerçante et assimilée;40105,44785;699,9924435;-
FE ; F ; 2017_2019;105;Employée administratif d'entreprise;39098,73265;878,3232856;-
FE ; F ; 2017_2019;105;Employée de commerce;39347,14369;820,7227826;-
FE ; F ; 2017_2019;105;Employée de la fonction publique;40070,69564;692,903051;-
FE ; F ; 2017_2019;105;Ensemble;39965,74039;706,5911387;-
FE ; F ; 2017_2019;105;Intermédiaire de la santé et du travail social;39034,12674;972,5688465;-
FE ; F ; 2017_2019;105;Intermédiaire des entreprises;39034,12674;947,2453757;-
FE ; F ; 2017_2019;105;Ouvrière peu qualifiée de type industriel ou artisanal;41728,58379;427,373381;-
FE ; F ; 2017_2019;105;Ouvrière qualifiée de type industriel ou artisanal;40054,39916;645,4626634;-
FE ; F ; 2017_2019;105;Personnel des services aux particuliers;40070,69564;666,0722468;-
FE ; F ; 2017_2019;105;Profession de l’enseignement primaire et professionnel;38506,73689;1091,801716;-
FE ; H; 2020_2022;30;Agent de maîtrise de production;52,44765669;100000;51,54147083
FE ; H; 2020_2022;30;Artisan;61,45523896;100000;50,87919649
FE ; H; 2020_2022;30;Cadre administratif et commercial;39,59773739;100000;53,32282207
FE ; H; 2020_2022;30;Cadre de la fonction publique, profession intellectuelle et artistique;30,87731044;100000;54,01177547
FE ; H; 2020_2022;30;Cadre technique d'entreprise;35,70981212;100000;53,69820155
FE ; H; 2020_2022;30;Commerçant et assimilé;65,92655943;100000;50,62388625
FE ; H; 2020_2022;30;Conducteur du transport;92,30218427;100000;49,16741755
FE ; H; 2020_2022;30;Employé administratif d'entreprise;78,90169707;100000;49,98402998
FE ; H; 2020_2022;30;Employé de la fonction publique;75,12368305;100000;50,19157913
FE ; H; 2020_2022;30;Ensemble;75,43525593;100000;50,07211183
FE ; H; 2020_2022;30;Intermédiaire des entreprises;49,51358623;100000;51,79742779
FE ; H; 2020_2022;30;Ouvrier peu qualifié de type industriel ou artisanal;109,4107996;100000;47,81660963
FE ; H; 2020_2022;30;Ouvrier qualifié de type industriel ou artisanal;99,21160001;100000;48,68308291
FE ; H; 2020_2022;30;Policier, militaire et agent de sécurité privée;69,55592177;100000;50,44674622
FE ; H; 2020_2022;30;Profession de l’enseignement primaire et professionnel;43,20047134;100000;52,97635071
FE ; H; 2020_2022;30;Technicien;45,51935287;100000;52,62537229
FE ; H; 2020_2022;31;Agent de maîtrise de production;55,14715824;99947,55234;50,5685173
FE ; H; 2020_2022;31;Artisan;64,61836431;99938,54476;49,91048364
FE ; H; 2020_2022;31;Cadre administratif et commercial;41,63584853;99960,40226;52,34394506
FE ; H; 2020_2022;31;Cadre de la fonction publique, profession intellectuelle et artistique;32,46657777;99969,12269;53,028458
FE ; H; 2020_2022;31;Cadre technique d'entreprise;37,54781022;99964,29019;52,71738392
FE ; H; 2020_2022;31;Commerçant et assimilé;69,3198254;99934,07344;49,65728285
FE ; H; 2020_2022;31;Conducteur du transport;97,05301405;99907,69782;48,21284208
FE ; H; 2020_2022;31;Employé administratif d'entreprise;82,96279849;99921,0983;49,02349937
FE ; H; 2020_2022;31;Employé de la fonction publique;78,99032861;99924,87632;49,22931324
FE ; H; 2020_2022;31;Ensemble;79,31793826;99924,56474;49,10991237
FE ; H; 2020_2022;31;Intermédiaire des entreprises;52,06207001;99950,48641;50,82308726
FE ; H; 2020_2022;31;Ouvrier peu qualifié de type industriel ou artisanal;115,0422166;99890,5892;46,86898347
FE ; H; 2020_2022;31;Ouvrier qualifié de type industriel ou artisanal;104,3180601;99900,7884;47,73143015
FE ; H; 2020_2022;31;Policier, militaire et agent de sécurité privée;73,13599245;99930,44408;49,48185934
FE ; H; 2020_2022;31;Profession de l’enseignement primaire et professionnel;45,42401662;99956,79953;51,99924663
FE ; H; 2020_2022;31;Technicien;47,86225189;99954,48065;51,64933793
FE ; H; 2020_2022;32;Agent de maîtrise de production;58,47900457;99892,43411;49,59641979
FE ; H; 2020_2022;32;Artisan;68,52243602;99873,96611;48,94275584
FE ; H; 2020_2022;32;Cadre administratif et commercial;44,15137704;99918,7829;51,36574798
FE ; H; 2020_2022;32;Cadre de la fonction publique, profession intellectuelle et artistique;34,42812306;99936,66614;52,04568012
FE ; H; 2020_2022;32;Cadre technique d'entreprise;39,81635021;99926,75579;51,73718558
FE ; H; 2020_2022;32;Commerçant et assimilé;73,50794703;99864,79932;48,69172907
FE ; H; 2020_2022;32;Conducteur du transport;102,916702;99810,73438;47,25967955
FE ; H; 2020_2022;32;Employé administratif d'entreprise;87,97519269;99838,20096;48,0642044
FE ; H; 2020_2022;32;Employé de la fonction publique;83,76271661;99845,94533;48,26823037
FE ; H; 2020_2022;32;Ensemble;84,11011959;99845,30664;48,14889626
FE ; H; 2020_2022;32;Intermédiaire des entreprises;55,20752342;99898,45012;49,84956059
FE ; H; 2020_2022;32;Ouvrier peu qualifié de type industriel ou artisanal;121,9927649;99775,67285;45,92296469
FE ; H; 2020_2022;32;Ouvrier qualifié de type industriel ou artisanal;110,6206831;99796,57384;46,78127464
FE ; H; 2020_2022;32;Policier, militaire et agent de sécurité privée;77,55467686;99857,35896;48,51807488
FE ; H; 2020_2022;32;Profession de l’enseignement primaire et professionnel;48,16841629;99911,39514;51,02287751
FE ; H; 2020_2022;32;Technicien;50,75396333;99906,64018;50,6740703
FE ; H; 2020_2022;33;Agent de maîtrise de production;62,23494326;99834,01801;48,62544026
FE ; H; 2020_2022;33;Artisan;72,9234355;99805,53003;47,9763156
FE ; H; 2020_2022;33;Cadre administratif et commercial;46,98709333;99874,66738;50,38843669
FE ; H; 2020_2022;33;Cadre de la fonction publique, profession intellectuelle et artistique;36,63934263;99902,25982;51,06360464
FE ; H; 2020_2022;33;Cadre technique d'entreprise;42,37364015;99886,9686;50,75779365
FE ; H; 2020_2022;33;Commerçant et assimilé;78,22915158;99791,39075;47,72754769
FE ; H; 2020_2022;33;Conducteur du transport;109,5267465;99708,01247;46,30836777
FE ; H; 2020_2022;33;Employé administratif d'entreprise;93,62558692;99750,36811;47,10652621
FE ; H; 2020_2022;33;Employé de la fonction publique;89,14255559;99762,31165;47,30869505
FE ; H; 2020_2022;33;Ensemble;89,51227126;99761,32663;47,18942845
FE ; H; 2020_2022;33;Intermédiaire des entreprises;58,75334427;99843,29866;48,8770965
FE ; H; 2020_2022;33;Ouvrier peu qualifié de type industriel ou artisanal;129,8280102;99653,95375;44,97905581
FE ; H; 2020_2022;33;Ouvrier qualifié de type industriel ou artisanal;117,7255322;99686,17818;45,83308172
FE ; H; 2020_2022;33;Policier, militaire et agent de sécurité privée;82,53579126;99779,9149;47,55573212
FE ; H; 2020_2022;33;Profession de l’enseignement primaire et professionnel;51,26213548;99863,2694;50,04746627
FE ; H; 2020_2022;33;Technicien;54,01374479;99855,9336;49,69980246
FE ; H; 2020_2022;34;Agent de maîtrise de production;66,52723697;99771,88636;47,65572112
FE ; H; 2020_2022;34;Artisan;77,95290587;99732,74841;47,01132711
FE ; H; 2020_2022;34;Cadre administratif et commercial;50,22775515;99827,73918;49,41212388
FE ; H; 2020_2022;34;Cadre de la fonction publique, profession intellectuelle et artistique;39,16632846;99865,65629;50,08232087
FE ; H; 2020_2022;34;Cadre technique d'entreprise;45,29611585;99844,64285;49,77931069
FE ; H; 2020_2022;34;Commerçant et assimilé;83,6245529;99713,32479;46,76491378
FE ; H; 2020_2022;34;Conducteur du transport;117,0807177;99598,80553;45,35914343
FE ; H; 2020_2022;34;Employé administratif d'entreprise;100,0828679;99656,97625;46,15067131
FE ; H; 2020_2022;34;Employé de la fonction publique;95,29064556;99673,38098;46,35090486
FE ; H; 2020_2022;34;Ensemble;95,68586022;99672,028;46,23170662
FE ; H; 2020_2022;34;Intermédiaire des entreprises;62,80551491;99784,63738;47,90583031
FE ; H; 2020_2022;34;Ouvrier peu qualifié de type industriel ou artisanal;138,7821431;99524,57501;44,03752714
FE ; H; 2020_2022;34;Ouvrier qualifié de type industriel ou artisanal;125,844967;99568,8221;44,88710255
FE ; H; 2020_2022;34;Policier, militaire et agent de sécurité privée;88,22821803;99697,56076;46,59501504
FE ; H; 2020_2022;34;Profession de l’enseignement primaire et professionnel;54,79764351;99812,07735;49,07313483
FE ; H; 2020_2022;34;Technicien;57,73902909;99801,99767;48,72666169
FE ; H; 2020_2022;35;Agent de maîtrise de production;70,99817039;99705,51088;46,68744626
FE ; H; 2020_2022;35;Artisan;83,1916963;99655,00384;46,0480024
FE ; H; 2020_2022;35;Cadre administratif et commercial;53,60328913;99777,59795;48,43695495
FE ; H; 2020_2022;35;Cadre de la fonction publique, profession intellectuelle et artistique;41,79848417;99826,54258;49,10194396
FE ; H; 2020_2022;35;Cadre technique d'entreprise;48,3402212;99799,41711;48,801869
FE ; H; 2020_2022;35;Commerçant et assimilé;89,24450384;99629,93997;45,80405346
FE ; H; 2020_2022;35;Conducteur du transport;124,9490753;99482,19453;44,41231249
FE ; H; 2020_2022;35;Employé administratif d'entreprise;106,8088926;99557,23669;45,1969065
FE ; H; 2020_2022;35;Employé de la fonction publique;101,6946111;99578,40157;45,39511506
FE ; H; 2020_2022;35;Ensemble;102,116386;99576,65597;45,2759862
FE ; H; 2020_2022;35;Intermédiaire des entreprises;67,02633165;99721,96713;46,93593673
FE ; H; 2020_2022;35;Ouvrier peu qualifié de type industriel ou artisanal;148,1089354;99386,45267;43,0987283
FE ; H; 2020_2022;35;Ouvrier qualifié de type industriel ou artisanal;134,3023221;99443,51975;43,94366189
FE ; H; 2020_2022;35;Policier, militaire et agent de sécurité privée;94,15755625;99609,59938;45,6361613
FE ; H; 2020_2022;35;Profession de l’enseignement primaire et professionnel;58,4802948;99757,38269;48,10004049
FE ; H; 2020_2022;35;Technicien;61,6193549;99744,37297;47,75481225
FE ; H; 2020_2022;36;Agent de maîtrise de production;76,79261819;99634,7218;45,72061704
FE ; H; 2020_2022;36;Artisan;89,46686081;99572,09915;45,08634241
FE ; H; 2020_2022;36;Cadre administratif et commercial;57,36281446;99724,11387;47,46293268
FE ; H; 2020_2022;36;Cadre de la fonction publique, profession intellectuelle et artistique;45,11248291;99784,81659;48,12247641
FE ; H; 2020_2022;36;Cadre technique d'entreprise;51,70493572;99751,17385;47,82547134
FE ; H; 2020_2022;36;Commerçant et assimilé;96,0180605;99541,02573;44,84496757
FE ; H; 2020_2022;36;Conducteur du transport;134,3996137;99357,89245;43,46787469
FE ; H; 2020_2022;36;Employé administratif d'entreprise;114,6518647;99450,9007;44,24523243
FE ; H; 2020_2022;36;Employé de la fonction publique;109,1313817;99477,1357;44,44132644
FE ; H; 2020_2022;36;Ensemble;109,3226942;99474,97188;44,32226766
FE ; H; 2020_2022;36;Intermédiaire des entreprises;72,51729143;99655,12715;45,96741726
FE ; H; 2020_2022;36;Ouvrier peu qualifié de type industriel ou artisanal;157,0852251;99239,25245;42,16265605
FE ; H; 2020_2022;36;Ouvrier qualifié de type industriel ou artisanal;144,719793;99309,96479;43,00275862
FE ; H; 2020_2022;36;Policier, militaire et agent de sécurité privée;101,1548063;99515,80942;44,67917169
FE ; H; 2020_2022;36;Profession de l’enseignement primaire et professionnel;62,71788105;99699,04428;47,128186
FE ; H; 2020_2022;36;Technicien;66,26628702;99682,91113;46,7842566
FE ; H; 2020_2022;37;Agent de maîtrise de production;83,11796711;99558,20968;44,75575408
FE ; H; 2020_2022;37;Artisan;96,50771665;99483,01512;44,12671586
FE ; H; 2020_2022;37;Cadre administratif et commercial;61,27879889;99666,90931;46,49017438
FE ; H; 2020_2022;37;Cadre de la fonction publique, profession intellectuelle et artistique;48,61517163;99739,80119;47,14419545
FE ; H; 2020_2022;37;Cadre technique d'entreprise;55,20504297;99699,59757;46,85021226
FE ; H; 2020_2022;37;Commerçant et assimilé;103,3621069;99445,44836;43,88806823
FE ; H; 2020_2022;37;Conducteur du transport;144,3615125;99224,35582;42,52637397
FE ; H; 2020_2022;37;Employé administratif d'entreprise;123,080044;99336,87839;43,29601864
FE ; H; 2020_2022;37;Employé de la fonction publique;117,0960558;99368,57493;43,48987886
FE ; H; 2020_2022;37;Ensemble;117,2371168;99366,22316;43,37077498
FE ; H; 2020_2022;37;Intermédiaire des entreprises;78,49687875;99582,85995;45,00077578
FE ; H; 2020_2022;37;Ouvrier peu qualifié de type industriel ou artisanal;166,7128186;99083,36225;41,22899155
FE ; H; 2020_2022;37;Ouvrier qualifié de type industriel ou artisanal;155,5877119;99166,24362;42,06508232
FE ; H; 2020_2022;37;Policier, militaire et agent de sécurité privée;108,7283129;99415,14439;43,72441258
FE ; H; 2020_2022;37;Profession de l’enseignement primaire et professionnel;67,16075234;99636,51515;46,15776234
FE ; H; 2020_2022;37;Technicien;71,1878467;99616,85497;45,81527935
FE ; H; 2020_2022;38;Agent de maîtrise de production;90,05150345;99475,45892;43,7929851
FE ; H; 2020_2022;38;Artisan;104,2014648;99387,00633;43,16934269
FE ; H; 2020_2022;38;Cadre administratif et commercial;65,39925245;99605,83463;45,51868047
FE ; H; 2020_2022;38;Cadre de la fonction publique, profession intellectuelle et artistique;52,34655092;99691,31251;46,16712583
FE ; H; 2020_2022;38;Cadre technique d'entreprise;58,88399013;99644,55836;45,87609023
FE ; H; 2020_2022;38;Commerçant et assimilé;111,3669883;99342,65945;42,9334788
FE ; H; 2020_2022;38;Conducteur du transport;154,9293111;99081,11404;41,58785444
FE ; H; 2020_2022;38;Employé administratif d'entreprise;132,1905013;99214,61452;42,34937307
FE ; H; 2020_2022;38;Employé de la fonction publique;125,7289764;99252,21825;42,54086349
FE ; H; 2020_2022;38;Ensemble;126,2946724;99249,72907;42,42168131
FE ; H; 2020_2022;38;Intermédiaire des entreprises;85,03722783;99504,69052;44,03612773
FE ; H; 2020_2022;38;Ouvrier peu qualifié de type industriel ou artisanal;177,1142592;98918,17758;40,29784035
FE ; H; 2020_2022;38;Ouvrier qualifié de type industriel ou artisanal;166,9968625;99011,95313;41,1306324
FE ; H; 2020_2022;38;Policier, militaire et agent de sécurité privée;116,9715013;99307,05198;42,77200514
FE ; H; 2020_2022;38;Profession de l’enseignement primaire et professionnel;71,86171556;99569,59852;45,18878308
FE ; H; 2020_2022;38;Technicien;76,44124118;99545,93987;44,84791749
FE ; H; 2020_2022;39;Agent de maîtrise de production;97,61475345;99385,87978;42,83245689
FE ; H; 2020_2022;39;Artisan;112,5702148;99283,44361;42,21437269
FE ; H; 2020_2022;39;Cadre administratif et commercial;69,73492893;99540,69316;44,54846882
FE ; H; 2020_2022;39;Cadre de la fonction publique, profession intellectuelle et artistique;56,31681178;99639,12755;45,19130539
FE ; H; 2020_2022;39;Cadre technique d'entreprise;62,75178914;99585,88367;44,90311982
FE ; H; 2020_2022;39;Commerçant et assimilé;120,0544723;99232,02452;41,98134583
FE ; H; 2020_2022;39;Conducteur du transport;166,1021211;98927,60836;40,65238619
FE ; H; 2020_2022;39;Employé administratif d'entreprise;141,998103;99083,46222;41,40542902
FE ; H; 2020_2022;39;Employé de la fonction publique;135,1880965;99127,42945;41,59441702
FE ; H; 2020_2022;39;Ensemble;135,4532623;99124,38195;41,47532539
FE ; H; 2020_2022;39;Intermédiaire des entreprises;92,15803734;99420,07449;43,07360671
FE ; H; 2020_2022;39;Ouvrier peu qualifié de type industriel ou artisanal;188,3001054;98742,97938;39,36934021
FE ; H; 2020_2022;39;Ouvrier qualifié de type industriel ou artisanal;178,9369438;98846,60627;40,19943416
FE ; H; 2020_2022;39;Policier, militaire et agent de sécurité privée;125,9057594;99190,89103;41,82209479
FE ; H; 2020_2022;39;Profession de l’enseignement primaire et professionnel;76,83220344;99498,04609;44,22127987
FE ; H; 2020_2022;39;Technicien;82,03883933;99469,84572;43,88222602
FE ; H; 2020_2022;40;Agent de maîtrise de production;105,8075657;99288,8645;41,87430854
FE ; H; 2020_2022;40;Artisan;121,6123005;99171,68003;41,26194706
FE ; H; 2020_2022;40;Cadre administratif et commercial;74,28750606;99471,27853;43,57955635
FE ; H; 2020_2022;40;Cadre de la fonction publique, profession intellectuelle et artistique;60,52779915;99583,01397;44,21677003
FE ; H; 2020_2022;40;Cadre technique d'entreprise;66,81047774;99523,39175;43,93131502
FE ; H; 2020_2022;40;Commerçant et assimilé;129,421823;99112,89204;41,03180689
FE ; H; 2020_2022;40;Conducteur du transport;177,8473321;98763,2875;39,72002301
FE ; H; 2020_2022;40;Employé administratif d'entreprise;152,4890398;98942,76559;40,46430755
FE ; H; 2020_2022;40;Employé de la fonction publique;145,404774;98993,42096;40,65072384
FE ; H; 2020_2022;40;Ensemble;145,7934383;98990,11474;40,53158127
FE ; H; 2020_2022;40;Intermédiaire des entreprises;99,85890306;99328,4509;42,11333911
FE ; H; 2020_2022;40;Ouvrier peu qualifié de type industriel ou artisanal;200,2452553;98557,04625;38,44361257
FE ; H; 2020_2022;40;Ouvrier qualifié de type industriel ou artisanal;191,3656313;98669,73318;39,27149475
FE ; H; 2020_2022;40;Policier, militaire et agent de sécurité privée;135,5272375;99066,00399;40,8748176
FE ; H; 2020_2022;40;Profession de l’enseignement primaire et professionnel;82,07275424;99421,59955;43,25528218
FE ; H; 2020_2022;40;Technicien;87,9797949;99388,24181;42,91825605
FE ; H; 2020_2022;41;Agent de maîtrise de production;114,8966402;99183,80937;40,91866165
FE ; H; 2020_2022;41;Artisan;131,6335377;99051,07507;40,31218776
FE ; H; 2020_2022;41;Cadre administratif et commercial;79,25124264;99397,38379;42,61195458
FE ; H; 2020_2022;41;Cadre de la fonction publique, profession intellectuelle et artistique;65,13821913;99522,73856;43,24354968
FE ; H; 2020_2022;41;Cadre technique d'entreprise;71,23543081;99456,8997;42,96068537
FE ; H; 2020_2022;41;Commerçant et assimilé;139,7940828;98984,61833;40,08497982
FE ; H; 2020_2022;41;Conducteur du transport;190,5836037;98587,63963;38,79078987
FE ; H; 2020_2022;41;Employé administratif d'entreprise;164,0351307;98791,88871;39,52610541
FE ; H; 2020_2022;41;Employé de la fonction publique;156,5757418;98849,4798;39,709918
FE ; H; 2020_2022;41;Ensemble;157,1839407;98845,79365;39,59075993
FE ; H; 2020_2022;41;Intermédiaire des entreprises;108,3917176;99229,2626;41,15543507
FE ; H; 2020_2022;41;Ouvrier peu qualifié de type industriel ou artisanal;213,4297344;98359,69044;37,52074854
FE ; H; 2020_2022;41;Ouvrier qualifié de type industriel ou artisanal;204,7282997;98480,91322;38,34679098
FE ; H; 2020_2022;41;Policier, militaire et agent de sécurité privée;146,1755101;98931,74257;39,93028929
FE ; H; 2020_2022;41;Profession de l’enseignement primaire et professionnel;87,79611985;99340,00151;42,29081214
FE ; H; 2020_2022;41;Technicien;94,48960855;99300,80024;41,95604869
FE ; H; 2020_2022;42;Agent de maîtrise de production;125,0319609;99069,8505;39,9657299
FE ; H; 2020_2022;42;Artisan;142,8047083;98920,69063;39,36532206
FE ; H; 2020_2022;42;Cadre administratif et commercial;84,73825162;99318,61013;41,64575187
FE ; H; 2020_2022;42;Cadre de la fonction publique, profession intellectuelle et artistique;70,24243838;99457,91122;42,27173612
FE ; H; 2020_2022;42;Cadre technique d'entreprise;76,12812945;99386,05114;41,99131041
FE ; H; 2020_2022;42;Commerçant et assimilé;151,3519982;98846,24369;39,1410947
FE ; H; 2020_2022;42;Conducteur du transport;204,5249599;98399,74775;37,86485992
FE ; H; 2020_2022;42;Employé administratif d'entreprise;176,8344188;98629,83531;38,59104864
FE ; H; 2020_2022;42;Employé de la fonction publique;168,9973093;98694,7055;38,77219161
FE ; H; 2020_2022;42;Ensemble;169,2899498;98690,42393;38,65308822
FE ; H; 2020_2022;42;Intermédiaire des entreprises;117,8985882;99121,70629;40,20009256
FE ; H; 2020_2022;42;Ouvrier peu qualifié de type industriel ou artisanal;228,095226;98149,76161;36,60100026
FE ; H; 2020_2022;42;Ouvrier qualifié de type industriel ou artisanal;219,250603;98279,29492;37,42545877
FE ; H; 2020_2022;42;Policier, militaire et agent de sécurité privée;158,0383413;98787,12859;38,98874304
FE ; H; 2020_2022;42;Profession de l’enseignement primaire et professionnel;94,12478513;99252,78484;41,32797446
FE ; H; 2020_2022;42;Technicien;101,6974375;99206,9713;40,9957303
FE ; H; 2020_2022;43;Agent de maîtrise de production;136,3953461;98945,98152;39,01576239
FE ; H; 2020_2022;43;Artisan;155,3335391;98779,42723;38,42161799
FE ; H; 2020_2022;43;Cadre administratif et commercial;90,88708921;99234,44928;40,68107168
FE ; H; 2020_2022;43;Cadre de la fonction publique, profession intellectuelle et artistique;75,95780954;99388,04956;41,30144969
FE ; H; 2020_2022;43;Cadre technique d'entreprise;81,61395621;99310,3904;41,02330196
FE ; H; 2020_2022;43;Commerçant et assimilé;164,3158812;98696,63793;38,20042532
FE ; H; 2020_2022;43;Conducteur du transport;219,9349388;98198,49571;36,94246173
FE ; H; 2020_2022;43;Employé administratif d'entreprise;191,1286934;98455,42381;37,65941179
FE ; H; 2020_2022;43;Employé de la fonction publique;182,9068781;98527,9141;37,83782649
FE ; H; 2020_2022;43;Ensemble;184,4014303;98523,35097;37,71863498
FE ; H; 2020_2022;43;Intermédiaire des entreprises;128,5522564;99004,8432;39,24754384
FE ; H; 2020_2022;43;Ouvrier peu qualifié de type industriel ou artisanal;244,5352906;97925,88669;35,68467625
FE ; H; 2020_2022;43;Ouvrier qualifié de type industriel ou artisanal;235,2120634;98063,81697;36,50769462
FE ; H; 2020_2022;43;Policier, militaire et agent de sécurité privée;171,3447569;98631,00705;38,05045773
FE ; H; 2020_2022;43;Profession de l’enseignement primaire et professionnel;101,2103037;99159,36337;40,36691097
FE ; H; 2020_2022;43;Technicien;109,7629939;99106,08036;40,03746435
FE ; H; 2020_2022;44;Agent de maîtrise de production;148,967428;98811,02381;38,06905076
FE ; H; 2020_2022;44;Artisan;169,2003548;98625,98965;37,4813925
FE ; H; 2020_2022;44;Cadre administratif et commercial;97,71181913;99144,25798;39,71807916
FE ; H; 2020_2022;44;Cadre de la fonction publique, profession intellectuelle et artistique;82,29769373;99312,55657;40,33284521
FE ; H; 2020_2022;44;Cadre technique d'entreprise;87,70678337;99229,33926;40,05681005
FE ; H; 2020_2022;44;Commerçant et assimilé;178,6667019;98534,46367;37,263298
FE ; H; 2020_2022;44;Conducteur du transport;236,7557662;97982,52291;36,0238902
FE ; H; 2020_2022;44;Employé administratif d'entreprise;206,879941;98267,24725;36,73152756
FE ; H; 2020_2022;44;Employé de la fonction publique;198,2747559;98347,69977;36,90716129
FE ; H; 2020_2022;44;Ensemble;200,6498226;98341,6725;36,78831717
FE ; H; 2020_2022;44;Intermédiaire des entreprises;140,3367978;98877,57024;38,29806239
FE ; H; 2020_2022;44;Ouvrier peu qualifié de type industriel ou artisanal;262,6837661;97686,42334;34,77215179
FE ; H; 2020_2022;44;Ouvrier qualifié de type industriel ou artisanal;252,5503271;97833,15905;35,59376757
FE ; H; 2020_2022;44;Policier, militaire et agent de sécurité privée;186,0746276;98462,00799;37,1157671
FE ; H; 2020_2022;44;Profession de l’enseignement primaire et professionnel;109,0646424;99059,00388;39,40780784
FE ; H; 2020_2022;44;Technicien;118,692627;98997,29856;39,08145896
FE ; H; 2020_2022;45;Agent de maîtrise de production;163,2380778;98663,82757;37,12584585
FE ; H; 2020_2022;45;Artisan;184,9668385;98459,11412;36,54491863
FE ; H; 2020_2022;45;Cadre administratif et commercial;105,5756607;99047,38232;38,75692637
FE ; H; 2020_2022;45;Cadre de la fonction publique, profession intellectuelle et artistique;89,56847263;99230,82463;39,36606555
FE ; H; 2020_2022;45;Cadre technique d'entreprise;94,73433189;99142,3084;39,09197343
FE ; H; 2020_2022;45;Commerçant et assimilé;195,001411;98358,4154;36,32999427
FE ; H; 2020_2022;45;Conducteur du transport;255,7486177;97750,54363;35,10938124
FE ; H; 2020_2022;45;Employé administratif d'entreprise;224,763188;98063,95202;35,80767526
FE ; H; 2020_2022;45;Employé de la fonction publique;215,7549765;98152,70111;35,98048426
FE ; H; 2020_2022;45;Ensemble;219,3346761;98144,35011;35,86228128
FE ; H; 2020_2022;45;Intermédiaire des entreprises;153,7173935;98738,80863;37,3518842
FE ; H; 2020_2022;45;Ouvrier peu qualifié de type industriel ou artisanal;283,3806532;97429,81697;33,86373315
FE ; H; 2020_2022;45;Ouvrier qualifié de type industriel ou artisanal;272,0797143;97586,08108;34,68388735
FE ; H; 2020_2022;45;Policier, militaire et agent de sécurité privée;202,8502817;98278,79518;36,18495888
FE ; H; 2020_2022;45;Profession de l’enseignement primaire et professionnel;118,0877598;98950,96553;38,45083475
FE ; H; 2020_2022;45;Technicien;128,9115879;98879,79606;38,12790089
FE ; H; 2020_2022;46;Agent de maîtrise de production;178,8678449;98502,77063;36,18654846
FE ; H; 2020_2022;46;Artisan;202,2569424;98276,99741;35,61263988
FE ; H; 2020_2022;46;Cadre administratif et commercial;114,3191688;98942,81239;37,7978875
FE ; H; 2020_2022;46;Cadre de la fonction publique, profession intellectuelle et artistique;97,63419994;99141,9451;38,40135674
FE ; H; 2020_2022;46;Cadre technique d'entreprise;102,5557905;99048,3866;38,12904207
FE ; H; 2020_2022;46;Commerçant et assimilé;212,9297929;98166,6151;35,40097669
FE ; H; 2020_2022;46;Conducteur du transport;276,3742134;97500,54797;34,19940323
FE ; H; 2020_2022;46;Employé administratif d'entreprise;244,3117389;97843,54036;34,88833904
FE ; H; 2020_2022;46;Employé de la fonction publique;234,9071519;97940,93177;35,0582818
FE ; H; 2020_2022;46;Ensemble;238,9610503;97929,08551;34,9411126
FE ; H; 2020_2022;46;Intermédiaire des entreprises;168,3798123;98587,0299;36,40938893
FE ; H; 2020_2022;46;Ouvrier peu qualifié de type industriel ou artisanal;306,0190775;97153,71971;32,95996914
FE ; H; 2020_2022;46;Ouvrier qualifié de type industriel ou artisanal;293,2322603;97320,56915;33,77851262
FE ; H; 2020_2022;46;Policier, militaire et agent de sécurité privée;221,2674159;98079,43636;35,25850936
FE ; H; 2020_2022;46;Profession de l’enseignement primaire et professionnel;128,0936823;98834,11655;37,49629416
FE ; H; 2020_2022;46;Technicien;140,2026703;98752,32855;37,17711561
FE ; H; 2020_2022;47;Agent de maîtrise de production;196,477448;98326,58085;35,25139054
FE ; H; 2020_2022;47;Artisan;221,7875004;98078,22536;34,68481489
FE ; H; 2020_2022;47;Cadre administratif et commercial;124,4303437;98829,70179;36,84114718
FE ; H; 2020_2022;47;Cadre de la fonction publique, profession intellectuelle et artistique;106,9059361;99045,14865;37,43888624
FE ; H; 2020_2022;47;Cadre technique d'entreprise;111,6121277;98946,80674;37,16818575
FE ; H; 2020_2022;47;Commerçant et assimilé;233,2173536;97957,58913;34,47651676
FE ; H; 2020_2022;47;Conducteur du transport;299,6160382;97231,0816;33,29418351
FE ; H; 2020_2022;47;Employé administratif d'entreprise;266,3916441;97604,4971;33,9737841
FE ; H; 2020_2022;47;Employé de la fonction publique;256,5703123;97710,86152;34,14083012
FE ; H; 2020_2022;47;Ensemble;262,6727673;97695,07314;34,02480825
FE ; H; 2020_2022;47;Intermédiaire des entreprises;184,9163346;98421,02925;35,47079839
FE ; H; 2020_2022;47;Ouvrier peu qualifié de type industriel ou artisanal;331,6736219;96856,4108;32,06114254
FE ; H; 2020_2022;47;Ouvrier qualifié de type industriel ou artisanal;317,0654212;97035,19385;32,87785342
FE ; H; 2020_2022;47;Policier, militaire et agent de sécurité privée;242,1255917;97862,41853;34,33669796
FE ; H; 2020_2022;47;Profession de l’enseignement primaire et professionnel;139,6173676;98707,51629;36,54438615
FE ; H; 2020_2022;47;Technicien;153,1295951;98613,87514;36,2293121
FE ; H; 2020_2022;48;Agent de maîtrise de production;216,0854313;98133,39129;34,32078792
FE ; H; 2020_2022;48;Artisan;243,5990531;97860,70012;33,76191247
FE ; H; 2020_2022;48;Cadre administratif et commercial;136,0419093;98706,72765;35,88704586
FE ; H; 2020_2022;48;Cadre de la fonction publique, profession intellectuelle et artistique;117,4903484;98939,26351;36,47895347
FE ; H; 2020_2022;48;Cadre technique d'entreprise;122,0266147;98836,37011;36,20971631
FE ; H; 2020_2022;48;Commerçant et assimilé;255,921037;97729,13503;33,55710994
FE ; H; 2020_2022;48;Conducteur du transport;325,5378253;96939,76168;32,394238
FE ; H; 2020_2022;48;Employé administratif d'entreprise;291,0532585;97344,48688;33,06452916
FE ; H; 2020_2022;48;Employé de la fonction publique;280,8004303;97460,16445;33,22865068
FE ; H; 2020_2022;48;Ensemble;287,1442737;97438,45479;33,11441753
FE ; H; 2020_2022;48;Intermédiaire des entreprises;203,3551593;98239,03269;34,53651121
FE ; H; 2020_2022;48;Ouvrier peu qualifié de type industriel ou artisanal;360,3910601;96535,16363;31,16783476
FE ; H; 2020_2022;48;Ouvrier qualifié de type industriel ou artisanal;343,6651415;96727,5288;31,9824293
FE ; H; 2020_2022;48;Policier, militaire et agent de sécurité privée;265,489305;97625,46857;33,42003768
FE ; H; 2020_2022;48;Profession de l’enseignement primaire et professionnel;152,7920671;98569,70346;35,59547979
FE ; H; 2020_2022;48;Technicien;167,8095392;98462,86812;35,28487499
FE ; H; 2020_2022;49;Agent de maîtrise de production;238,0665043;97921,33933;33,39511075
FE ; H; 2020_2022;49;Artisan;268,1419934;97622,31238;32,844357
FE ; H; 2020_2022;49;Cadre administratif et commercial;149,5582815;98572,44513;34,93593379
FE ; H; 2020_2022;49;Cadre de la fonction publique, profession intellectuelle et artistique;129,7225668;98823,01942;35,52186313
FE ; H; 2020_2022;49;Cadre technique d'entreprise;134,1677852;98715,76343;35,25395578
FE ; H; 2020_2022;49;Commerçant et assimilé;281,5345601;97479,02562;32,64320999
FE ; H; 2020_2022;49;Conducteur du transport;354,7784598;96624,18609;31,50003792
FE ; H; 2020_2022;49;Employé administratif d'entreprise;318,8477826;97061,16258;32,16104546
FE ; H; 2020_2022;49;Employé de la fonction publique;308,1355216;97186,49589;32,32221961
FE ; H; 2020_2022;49;Ensemble;317,0348215;97158,66585;32,20977751
FE ; H; 2020_2022;49;Intermédiaire des entreprises;224,0635264;98039,25855;33,6068861
FE ; H; 2020_2022;49;Ouvrier peu qualifié de type industriel ou artisanal;392,8431797;96187,25953;30,28056713
FE ; H; 2020_2022;49;Ouvrier qualifié de type industriel ou artisanal;373,7355825;96395,11;31,09272079
FE ; H; 2020_2022;49;Policier, militaire et agent de sécurité privée;291,8792111;97366,28339;32,5090005
FE ; H; 2020_2022;49;Profession de l’enseignement primaire et professionnel;168,0495999;98419,09677;34,64995009
FE ; H; 2020_2022;49;Technicien;184,6757751;98297,63803;34,3441859
FE ; H; 2020_2022;50;Agent de maîtrise de production;262,063197;97688,22142;32,47480304
FE ; H; 2020_2022;50;Artisan;295,0514847;97360,54597;31,9326633
FE ; H; 2020_2022;50;Cadre administratif et commercial;164,9828891;98425,02188;33,98826163
FE ; H; 2020_2022;50;Cadre de la fonction publique, profession intellectuelle et artistique;143,5824975;98694,82366;34,56800286
FE ; H; 2020_2022;50;Cadre technique d'entreprise;148,0465163;98583,31868;34,30131878
FE ; H; 2020_2022;50;Commerçant et assimilé;309,70283;97204,58847;31,73537137
FE ; H; 2020_2022;50;Conducteur du transport;386,9279917;96281,38429;30,61219116
FE ; H; 2020_2022;50;Employé administratif d'entreprise;349,3687711;96751,68521;31,26391825
FE ; H; 2020_2022;50;Employé de la fonction publique;338,1871006;96887,02978;31,42212369
FE ; H; 2020_2022;50;Ensemble;349,5873481;96850,63904;31,31221849
FE ; H; 2020_2022;50;Intermédiaire des entreprises;246,7242273;97819,58833;32,68235597
FE ; H; 2020_2022;50;Ouvrier peu qualifié de type industriel ou artisanal;428,5241097;95809,39444;29,39999142
FE ; H; 2020_2022;50;Ouvrier qualifié de type industriel ou artisanal;406,8889341;96034,84718;30,20936128
FE ; H; 2020_2022;50;Policier, militaire et agent de sécurité privée;320,9393754;97082,09145;31,60416528
FE ; H; 2020_2022;50;Profession de l’enseignement primaire et professionnel;185,36271;98253,70387;33,70827721
FE ; H; 2020_2022;50;Technicien;203,6419811;98116,10611;33,40772864
FE ; H; 2020_2022;51;Agent de maîtrise de production;288,3007666;97432,21655;31,56013116
FE ; H; 2020_2022;51;Artisan;324,622007;97073,28223;31,02715991
FE ; H; 2020_2022;51;Cadre administratif et commercial;182,7219311;98262,63743;33,04442912
FE ; H; 2020_2022;51;Cadre de la fonction publique, profession intellectuelle et artistique;159,3941672;98553,11517;33,61770783
FE ; H; 2020_2022;51;Cadre technique d'entreprise;164,0372864;98437,36951;33,35217598
FE ; H; 2020_2022;51;Commerçant et assimilé;340,7658859;96903,54311;30,83396205
FE ; H; 2020_2022;51;Conducteur du transport;422,470544;95908,84466;29,73109838
FE ; H; 2020_2022;51;Employé administratif d'entreprise;383,0016575;96413,66504;30,37352755
FE ; H; 2020_2022;51;Employé de la fonction publique;371,3297916;96559,37034;30,52874986
FE ; H; 2020_2022;51;Ensemble;385,7246559;96512,06146;30,42206606
FE ; H; 2020_2022;51;Intermédiaire des entreprises;271,5711265;97578,2437;31,7631907
FE ; H; 2020_2022;51;Ouvrier peu qualifié de type industriel ou artisanal;467,9119271;95398,82809;28,52651968
FE ; H; 2020_2022;51;Ouvrier qualifié de type industriel ou artisanal;443,6866771;95644,09201;29,33278201
FE ; H; 2020_2022;51;Policier, militaire et agent de sécurité privée;353,0360082;96770,51679;30,70592206
FE ; H; 2020_2022;51;Profession de l’enseignement primaire et professionnel;205,1498076;98071,57814;32,77087582
FE ; H; 2020_2022;51;Technicien;225,1011524;97916,30052;32,47589963
FE ; H; 2020_2022;52;Agent de maîtrise de production;316,389955;97151,31872;30,65138234
FE ; H; 2020_2022;52;Artisan;356,4321347;96758,16099;30,12820893
FE ; H; 2020_2022;52;Cadre administratif et commercial;202,7238084;98083,09005;32,10491906
FE ; H; 2020_2022;52;Cadre de la fonction publique, profession intellectuelle et artistique;177,0976224;98396,02725;32,67137804
FE ; H; 2020_2022;52;Cadre technique d'entreprise;182,1055087;98275,89552;32,40697588
FE ; H; 2020_2022;52;Commerçant et assimilé;374,2966057;96573,32889;29,93939295
FE ; H; 2020_2022;52;Conducteur du transport;460,8846194;95503,65805;28,85723641
FE ; H; 2020_2022;52;Employé administratif d'entreprise;419,2534044;96044,39911;29,49030593
FE ; H; 2020_2022;52;Employé de la fonction publique;407,0902524;96200,81663;29,64253472
FE ; H; 2020_2022;52;Ensemble;423,6259975;96139,79065;29,53986585
FE ; H; 2020_2022;52;Intermédiaire des entreprises;298,2541705;97313,24937;30,84968525
FE ; H; 2020_2022;52;Ouvrier peu qualifié de type industriel ou artisanal;510,4082098;94952,44559;27,66062617
FE ; H; 2020_2022;52;Ouvrier qualifié de type industriel ou artisanal;483,6059822;95219,73192;28,46350767
FE ; H; 2020_2022;52;Policier, militaire et agent de sécurité privée;387,7317941;96428,88202;29,81470908
FE ; H; 2020_2022;52;Profession de l’enseignement primaire et professionnel;227,3200842;97870,38449;31,83824341
FE ; H; 2020_2022;52;Technicien;248,9024139;97695,8898;31,54916818
FE ; H; 2020_2022;53;Agent de maîtrise de production;346,5745237;96843,94171;29,74866803
FE ; H; 2020_2022;53;Artisan;390,7620767;96413,28381;29,23597968
FE ; H; 2020_2022;53;Cadre administratif et commercial;225,3258481;97884,25227;31,17013559
FE ; H; 2020_2022;53;Cadre de la fonction publique, profession intellectuelle et artistique;196,9752623;98221,77023;31,72934093
FE ; H; 2020_2022;53;Cadre technique d'entreprise;202,5683962;98096,9297;31,46609843
FE ; H; 2020_2022;53;Commerçant et assimilé;410,5978069;96211,8582;29,0518761
FE ; H; 2020_2022;53;Conducteur du transport;502,5474112;95063,49637;27,99085078
FE ; H; 2020_2022;53;Employé administratif d'entreprise;458,4489786;95641,72969;28,61446559
FE ; H; 2020_2022;53;Employé de la fonction publique;445,7871638;95809,19248;28,76369984
FE ; H; 2020_2022;53;Ensemble;463,8338564;95732,5175;28,66553678
FE ; H; 2020_2022;53;Intermédiaire des entreprises;327,0184862;97023,00854;29,94197097
FE ; H; 2020_2022;53;Ouvrier peu qualifié de type industriel ou artisanal;556,4187726;94467,80052;26,80253257
FE ; H; 2020_2022;53;Ouvrier qualifié de type industriel ou artisanal;527,0625823;94759,2436;27,60182782
FE ; H; 2020_2022;53;Policier, militaire et agent de sécurité privée;425,3420415;96054,99659;28,93076016
FE ; H; 2020_2022;53;Profession de l’enseignement primaire et professionnel;252,2169389;97647,90545;30,91078303
FE ; H; 2020_2022;53;Technicien;275,3721324;97452,72238;30,62789076
FE ; H; 2020_2022;54;Agent de maîtrise de production;379,2016963;96508,30528;28,8521279
FE ; H; 2020_2022;54;Artisan;428,0014628;96036,53726;28,35067097
FE ; H; 2020_2022;54;Cadre administratif et commercial;250,9470062;97663,69375;30,24052857
FE ; H; 2020_2022;54;Cadre de la fonction publique, profession intellectuelle et artistique;219,3821359;98028,29764;30,79196323
FE ; H; 2020_2022;54;Cadre technique d'entreprise;225,8203458;97898,21632;30,52996818
FE ; H; 2020_2022;54;Commerçant et assimilé;450,0835468;95816,81442;28,17165428
FE ; H; 2020_2022;54;Conducteur du transport;547,9654219;94585,75723;27,13222857
FE ; H; 2020_2022;54;Employé administratif d'entreprise;501,0322497;95203,26116;27,74625249
FE ; H; 2020_2022;54;Employé de la fonction publique;487,8551007;95382,0874;27,89249889
FE ; H; 2020_2022;54;Ensemble;506,8321406;95288,47767;27,79911683
FE ; H; 2020_2022;54;Intermédiaire des entreprises;358,2080494;96705,72537;29,040208
FE ; H; 2020_2022;54;Ouvrier peu qualifié de type industriel ou artisanal;608,0337638;93942,16394;25,95250135
FE ; H; 2020_2022;54;Ouvrier qualifié de type industriel ou artisanal;574,6072832;94259,80308;26,74807756
FE ; H; 2020_2022;54;Policier, militaire et agent de sécurité privée;466,2946865;95646,43431;28,05434048
FE ; H; 2020_2022;54;Profession de l’enseignement primaire et professionnel;280,2689173;97401,62089;29,98894239
FE ; H; 2020_2022;54;Technicien;304,923965;97184,36474;29,71246433
FE ; H; 2020_2022;55;Agent de maîtrise de production;414,5421588;96142,34415;27,96195212
FE ; H; 2020_2022;55;Artisan;468,4448698;95625,49948;27,47253383
FE ; H; 2020_2022;55;Cadre administratif et commercial;279,9708512;97418,60963;29,31660719
FE ; H; 2020_2022;55;Cadre de la fonction publique, profession intellectuelle et artistique;244,6447466;97813,24107;29,85966382
FE ; H; 2020_2022;55;Cadre technique d'entreprise;252,2286248;97677,14223;29,5990671
FE ; H; 2020_2022;55;Commerçant et assimilé;493,0633479;95385,5587;27,29902352
FE ; H; 2020_2022;55;Conducteur du transport;597,510143;94067,45999;26,28172298
FE ; H; 2020_2022;55;Employé administratif d'entreprise;547,3244933;94726,26212;26,88597019
FE ; H; 2020_2022;55;Employé de la fonction publique;533,6094915;94916,76102;27,02924097
FE ; H; 2020_2022;55;Ensemble;554,0155702;94805,52504;26,94072943
FE ; H; 2020_2022;55;Intermédiaire des entreprises;392,0961029;96359,31768;28,14460633
FE ; H; 2020_2022;55;Ouvrier peu qualifié de type industriel ou artisanal;668,0034193;93370,96387;25,11126667
FE ; H; 2020_2022;55;Ouvrier qualifié de type industriel ou artisanal;626,6486986;93718,17939;25,90266221
FE ; H; 2020_2022;55;Policier, militaire et agent de sécurité privée;510,9061542;95200,44007;27,18576923
FE ; H; 2020_2022;55;Profession de l’enseignement primaire et professionnel;311,857964;97128,63442;29,07322831
FE ; H; 2020_2022;55;Technicien;337,9150248;96888,02632;28,80334186
FE ; H; 2020_2022;56;Agent de maîtrise de production;453,226729;95743,7936;27,07834871
FE ; H; 2020_2022;56;Artisan;512,783076;95177,54673;26,6018332
FE ; H; 2020_2022;56;Cadre administratif et commercial;313,0379052;97145,86592;28,39891559
FE ; H; 2020_2022;56;Cadre de la fonction publique, profession intellectuelle et artistique;273,3181698;97573,94611;28,93289307
FE ; H; 2020_2022;56;Cadre technique d'entreprise;282,3977452;97430,77252;28,67391321
FE ; H; 2020_2022;56;Commerçant et assimilé;540,257918;94915,24748;26,43429196
FE ; H; 2020_2022;56;Conducteur du transport;652,0435734;93505,39738;25,43970289
FE ; H; 2020_2022;56;Employé administratif d'entreprise;598,0966368;94207,80208;26,03393353
FE ; H; 2020_2022;56;Employé de la fonction publique;583,8040266;94410,27618;26,17424532
FE ; H; 2020_2022;56;Ensemble;606,8628494;94280,28767;26,09081677
FE ; H; 2020_2022;56;Intermédiaire des entreprises;429,2983503;95981,49655;27,25539463
FE ; H; 2020_2022;56;Ouvrier peu qualifié de type industriel ou artisanal;734,6374522;92747,24263;24,28013886
FE ; H; 2020_2022;56;Ouvrier qualifié de type industriel ou artisanal;684,1090845;93130,89564;25,06600449
FE ; H; 2020_2022;56;Policier, militaire et agent de sécurité privée;559,9149156;94714,05516;26,32537625
FE ; H; 2020_2022;56;Profession de l’enseignement primaire et professionnel;347,6445343;96825,73104;28,16417912
FE ; H; 2020_2022;56;Technicien;374,998881;96560,62712;27,90100269
FE ; H; 2020_2022;57;Agent de maîtrise de production;495,542239;95309,85713;26,20163379
FE ; H; 2020_2022;57;Artisan;561,304874;94689,49238;25,73894599
FE ; H; 2020_2022;57;Cadre administratif et commercial;350,5696129;96841,76254;27,48809412
FE ; H; 2020_2022;57;Cadre de la fonction publique, profession intellectuelle et artistique;305,7724854;97307,25879;28,01218865
FE ; H; 2020_2022;57;Cadre technique d'entreprise;316,7419957;97155,63021;27,75511701
FE ; H; 2020_2022;57;Commerçant et assimilé;591,9575495;94402,46034;25,57788107
FE ; H; 2020_2022;57;Conducteur du transport;711,8963377;92895,70144;24,60666953
FE ; H; 2020_2022;57;Employé administratif d'entreprise;653,6334238;93644,34839;25,1905785
FE ; H; 2020_2022;57;Employé de la fonction publique;638,7182263;93859,10518;25,32794895
FE ; H; 2020_2022;57;Ensemble;662,9053494;93708,13563;25,25011899
FE ; H; 2020_2022;57;Intermédiaire des entreprises;470,1075018;95569,44956;26,37290606
FE ; H; 2020_2022;57;Ouvrier peu qualifié de type industriel ou artisanal;808,3549707;92065,88665;23,45982993
FE ; H; 2020_2022;57;Ouvrier qualifié de type industriel ou artisanal;747,3521655;92493,77872;24,23866449
FE ; H; 2020_2022;57;Policier, militaire et agent de sécurité privée;613,6084014;94183,73704;25,47360592
FE ; H; 2020_2022;57;Profession de l’enseignement primaire et professionnel;388,0364116;96489,12168;27,26243192
FE ; H; 2020_2022;57;Technicien;416,5503635;96198,52585;27,00602497
FE ; H; 2020_2022;58;Agent de maîtrise de production;542,3810254;94837,55653;25,33212057
FE ; H; 2020_2022;58;Artisan;614,9674955;94157,99565;24,88423547
FE ; H; 2020_2022;58;Cadre administratif et commercial;393,4187626;96502,26475;26,58479804
FE ; H; 2020_2022;58;Cadre de la fonction publique, profession intellectuelle et artistique;342,7640128;97009,71996;27,09810493
FE ; H; 2020_2022;58;Cadre technique d'entreprise;356,0737662;96847,89753;26,84330846
FE ; H; 2020_2022;58;Commerçant et assimilé;649,1476159;93843,63784;24,73019289
FE ; H; 2020_2022;58;Conducteur du transport;778,22577;92234,38035;23,78309951
FE ; H; 2020_2022;58;Employé administratif d'entreprise;714,978548;93032,25763;24,35631586
FE ; H; 2020_2022;58;Employé de la fonction publique;699,3722012;93259,60997;24,4907631
FE ; H; 2020_2022;58;Ensemble;724,9606642;93086,93939;24,41862039
FE ; H; 2020_2022;58;Intermédiaire des entreprises;515,3929612;95120,17041;25,49747267
FE ; H; 2020_2022;58;Ouvrier peu qualifié de type industriel ou artisanal;890,4866639;91321,66748;22,65101408
FE ; H; 2020_2022;58;Ouvrier qualifié de type industriel ou artisanal;817,6073692;91802,52446;23,42117668
FE ; H; 2020_2022;58;Policier, militaire et agent de sécurité privée;672,9880452;93605,81771;24,63087915
FE ; H; 2020_2022;58;Profession de l’enseignement primaire et professionnel;433,9105574;96114,70875;26,36863218
FE ; H; 2020_2022;58;Technicien;463,4458564;95797,81054;26,11898922
FE ; H; 2020_2022;59;Agent de maîtrise de production;594,4053458;94323,17562;24,47026646
FE ; H; 2020_2022;59;Artisan;674,4464697;93578,95458;24,03821233
FE ; H; 2020_2022;59;Cadre administratif et commercial;442,2878706;96122,60673;25,68980072
FE ; H; 2020_2022;59;Cadre de la fonction publique, profession intellectuelle et artistique;384,9320299;96677,20556;26,19130694
FE ; H; 2020_2022;59;Cadre technique d'entreprise;401,0809381;96503,04757;25,939232
FE ; H; 2020_2022;59;Commerçant et assimilé;712,5048104;93234,45411;23,89177727
FE ; H; 2020_2022;59;Conducteur du transport;851,8017868;91516,58863;22,9696374
FE ; H; 2020_2022;59;Employé administratif d'entreprise;782,8211794;92367,09694;23,53171234
FE ; H; 2020_2022;59;Employé de la fonction publique;766,4395039;92607,37819;23,66325102
FE ; H; 2020_2022;59;Ensemble;791,0061772;92412,09569;23,59693851
FE ; H; 2020_2022;59;Intermédiaire des entreprises;565,8100667;94629,92775;24,62956565
FE ; H; 2020_2022;59;Ouvrier peu qualifié de type industriel ou artisanal;981,8972632;90508,46021;21,85453063
FE ; H; 2020_2022;59;Ouvrier qualifié de type industriel ou artisanal;895,6950375;91051,94025;22,61424852
FE ; H; 2020_2022;59;Policier, militaire et agent de sécurité privée;738,7272215;92975,86175;23,79776515
FE ; H; 2020_2022;59;Profession de l’enseignement primaire et professionnel;485,9664062;95697,65688;25,48354709
FE ; H; 2020_2022;59;Technicien;516,3673414;95353,83956;25,2406002
FE ; H; 2020_2022;60;Agent de maîtrise de production;652,3442271;93762,51362;23,61658878
FE ; H; 2020_2022;60;Artisan;740,4645449;92947,81462;23,20143808
FE ; H; 2020_2022;60;Cadre administratif et commercial;497,9154244;95697,4681;24,80392837
FE ; H; 2020_2022;60;Cadre de la fonction publique, profession intellectuelle et artistique;432,9679224;96305,06403;25,29251525
FE ; H; 2020_2022;60;Cadre technique d'entreprise;452,4965924;96115,99225;25,04368827
FE ; H; 2020_2022;60;Commerçant et assimilé;782,7394849;92570,15414;23,06322893
FE ; H; 2020_2022;60;Conducteur du transport;933,4190926;90737,04869;22,1669741
FE ; H; 2020_2022;60;Employé administratif d'entreprise;857,874127;91644,02775;22,71737699
FE ; H; 2020_2022;60;Employé de la fonction publique;840,6151323;91897,59866;22,84601631
FE ; H; 2020_2022;60;Ensemble;866,2833051;91681,11031;22,78507997
FE ; H; 2020_2022;60;Intermédiaire des entreprises;622,0811077;94094,50209;23,76971519
FE ; H; 2020_2022;60;Ouvrier peu qualifié de type industriel ou artisanal;1083,429835;89619,76012;21,0712476
FE ; H; 2020_2022;60;Ouvrier qualifié de type industriel ou artisanal;982,4567579;90236,39254;21,81863389
FE ; H; 2020_2022;60;Policier, militaire et agent de sécurité privée;811,5236655;92289,02375;22,97487407
FE ; H; 2020_2022;60;Profession de l’enseignement primaire et professionnel;544,9340285;95232,59842;24,60799333
FE ; H; 2020_2022;60;Technicien;576,0323428;94861,46347;24,37161091
FE ; H; 2020_2022;61;Agent de maîtrise de production;716,0926283;93150,85928;22,77166184
FE ; H; 2020_2022;61;Artisan;812,761021;92259,56901;22,3745181
FE ; H; 2020_2022;61;Cadre administratif et commercial;560,3495449;95220,97565;23,92804897
FE ; H; 2020_2022;61;Cadre de la fonction publique, profession intellectuelle et artistique;486,9921201;95888,09399;24,40249993
FE ; H; 2020_2022;61;Cadre technique d'entreprise;510,4394825;95681,07066;24,15752521
FE ; H; 2020_2022;61;Commerçant et assimilé;859,5009121;91845,57099;22,24517812
FE ; H; 2020_2022;61;Conducteur du transport;1022,591051;89890,09175;21,37583441
FE ; H; 2020_2022;61;Employé administratif d'entreprise;939,674729;90857,83734;21,91394983
FE ; H; 2020_2022;61;Employé de la fonction publique;921,4389332;91125,09354;22,03969144
FE ; H; 2020_2022;61;Ensemble;950,4222832;90886,89215;21,98418815
FE ; H; 2020_2022;61;Intermédiaire des entreprises;684,1347573;93509,15797;22,91850771
FE ; H; 2020_2022;61;Ouvrier peu qualifié de type industriel ou artisanal;1194,360159;88648,7929;20,30204026
FE ; H; 2020_2022;61;Ouvrier qualifié de type industriel ou artisanal;1077,376594;89349,85901;21,03511941
FE ; H; 2020_2022;61;Policier, militaire et agent de sécurité privée;890,9618685;91540,07648;22,16284604
FE ; H; 2020_2022;61;Profession de l’enseignement primaire et professionnel;610,7837683;94713,64358;23,74282541
FE ; H; 2020_2022;61;Technicien;642,3685156;94315,03076;23,51281264
FE ; H; 2020_2022;62;Agent de maîtrise de production;786,1352392;92483,81284;21,93590416
FE ; H; 2020_2022;62;Artisan;891,6998532;91509,71919;21,55785959
FE ; H; 2020_2022;62;Cadre administratif et commercial;629,9741337;94687,40534;23,06288524
FE ; H; 2020_2022;62;Cadre de la fonction publique, profession intellectuelle et artistique;547,4562799;95421,12653;23,52191975
FE ; H; 2020_2022;62;Cadre technique d'entreprise;575,3449763;95192,67669;23,28146741
FE ; H; 2020_2022;62;Commerçant et assimilé;943,0716863;91056,15747;21,43803322
FE ; H; 2020_2022;62;Conducteur du transport;1119,57065;88970,88372;20,59668013
FE ; H; 2020_2022;62;Employé administratif d'entreprise;1028,445025;90004,06921;21,12182301
FE ; H; 2020_2022;62;Employé de la fonction publique;1009,116308;90285,43145;21,24466242
FE ; H; 2020_2022;62;Ensemble;1041,032874;90023,08288;21,19513567
FE ; H; 2020_2022;62;Intermédiaire des entreprises;752,4606606;92869,42932;22,07638125
FE ; H; 2020_2022;62;Ouvrier peu qualifié de type industriel ou artisanal;1314,705016;87590,00704;19,54745083
FE ; H; 2020_2022;62;Ouvrier qualifié de type industriel ou artisanal;1180,7023;88387,22454;20,26421508
FE ; H; 2020_2022;62;Policier, militaire et agent de sécurité privée;977,2674881;90724,48931;21,36208368
FE ; H; 2020_2022;62;Profession de l’enseignement primaire et professionnel;683,8584376;94135,14802;22,88873391
FE ; H; 2020_2022;62;Technicien;715,7261632;93709,1807;22,66482804
FE ; H; 2020_2022;63;Agent de maîtrise de production;862,0382564;91756,765;21,10971643
FE ; H; 2020_2022;63;Artisan;976,5517843;90693,72716;20,75182054
FE ; H; 2020_2022;63;Cadre administratif et commercial;706,2884992;94090,89918;22,20909654
FE ; H; 2020_2022;63;Cadre de la fonction publique, profession intellectuelle et artistique;614,0915386;94898,73758;22,65140083
FE ; H; 2020_2022;63;Cadre technique d'entreprise;646,85224;94644,99041;22,41619129
FE ; H; 2020_2022;63;Commerçant et assimilé;1032,547536;90197,43263;20,64213406
FE ; H; 2020_2022;63;Conducteur du transport;1223,180024;87974,79182;19,82988541
FE ; H; 2020_2022;63;Employé administratif d'entreprise;1123,10114;89078,42683;20,34130662
FE ; H; 2020_2022;63;Employé de la fonction publique;1102,565999;89374,34643;20,46123121
FE ; H; 2020_2022;63;Ensemble;1134,904672;89085,91299;20,41810518
FE ; H; 2020_2022;63;Intermédiaire des entreprises;826,6672993;92170,6234;21,24375677
FE ; H; 2020_2022;63;Ouvrier peu qualifié de type industriel ou artisanal;1442,668864;86438,45682;18,80786584
FE ; H; 2020_2022;63;Ouvrier qualifié de type industriel ou artisanal;1291,154286;87343,63455;19,50633384
FE ; H; 2020_2022;63;Policier, militaire et agent de sécurité privée;1069,418926;89837,86837;20,57290871
FE ; H; 2020_2022;63;Profession de l’enseignement primaire et professionnel;763,5500227;93491,39687;22,04633824
FE ; H; 2020_2022;63;Technicien;795,4976715;93038,47957;21,82821555
FE ; H; 2020_2022;64;Agent de maîtrise de production;943,6422632;90965,78658;20,29327259
FE ; H; 2020_2022;64;Artisan;1066,844108;89808,05595;19,95647133
FE ; H; 2020_2022;64;Cadre administratif et commercial;788,7830435;93426,34598;21,3670726
FE ; H; 2020_2022;64;Cadre de la fonction publique, profession intellectuelle et artistique;686,6772166;94315,97246;21,79136064
FE ; H; 2020_2022;64;Cadre technique d'entreprise;724,5976831;94032,77717;21,56213496
FE ; H; 2020_2022;64;Commerçant et assimilé;1127,262157;89266,10126;19,85749764
FE ; H; 2020_2022;64;Conducteur du transport;1332,504188;86898,70174;19,07544424
FE ; H; 2020_2022;64;Employé administratif d'entreprise;1222,814059;88077,98601;19,57235497
FE ; H; 2020_2022;64;Employé de la fonction publique;1200,949884;88388,93528;19,68934489
FE ; H; 2020_2022;64;Ensemble;1233,49463;88074,8728;19,65249127
FE ; H; 2020_2022;64;Intermédiaire des entreprises;906,6186891;91408,679;20,42083582
FE ; H; 2020_2022;64;Ouvrier peu qualifié de type industriel ou artisanal;1576,601657;85191,43612;18,08317283
FE ; H; 2020_2022;64;Ouvrier qualifié de type industriel ou artisanal;1407,704932;86215,89347;18,7614851
FE ; H; 2020_2022;64;Policier, militaire et agent de sécurité privée;1166,623875;88877,1252;19,79529755
FE ; H; 2020_2022;64;Profession de l’enseignement primaire et professionnel;849,2656548;92777,54329;21,21596827
FE ; H; 2020_2022;64;Technicien;881,1487568;92298,36063;21,0032509
FE ; H; 2020_2022;65;Agent de maîtrise de production;1030,697149;90107,39497;19,48659274
FE ; H; 2020_2022;65;Artisan;1161,943535;88849,944;19,17167162
FE ; H; 2020_2022;65;Cadre administratif et commercial;876,6176905;92689,41481;20,53695243
FE ; H; 2020_2022;65;Cadre de la fonction publique, profession intellectuelle et artistique;764,7661044;93668,32617;20,94203158
FE ; H; 2020_2022;65;Cadre technique d'entreprise;807,9178672;93351,41785;20,71951406
FE ; H; 2020_2022;65;Commerçant et assimilé;1226,345359;88259,83828;19,08389579
FE ; H; 2020_2022;65;Conducteur du transport;1446,362017;85740,7729;18,33305805
FE ; H; 2020_2022;65;Employé administratif d'entreprise;1326,527293;87000,95601;18,81465132
FE ; H; 2020_2022;65;Employé de la fonction publique;1303,200483;87327,42846;18,92867833
FE ; H; 2020_2022;65;Ensemble;1335,413523;86988,47398;18,89793118
FE ; H; 2020_2022;65;Intermédiaire des entreprises;992,0843227;90579,95083;19,60766879
FE ; H; 2020_2022;65;Ouvrier peu qualifié de type industriel ou artisanal;1714,379081;83848,30652;17,37283932
FE ; H; 2020_2022;65;Ouvrier qualifié de type industriel ou artisanal;1529,018386;85002,22808;18,02936237
FE ; H; 2020_2022;65;Policier, militaire et agent de sécurité privée;1267,861627;87840,26344;19,02896019
FE ; H; 2020_2022;65;Profession de l’enseignement primaire et professionnel;940,085935;91989,61548;20,39769152
FE ; H; 2020_2022;65;Technicien;971,8689463;91485,07478;20,18996602
FE ; H; 2020_2022;66;Agent de maîtrise de production;1123,587261;89178,66062;18,68953218
FE ; H; 2020_2022;66;Artisan;1261,875573;87817,55782;18,39705444
FE ; H; 2020_2022;66;Cadre administratif et commercial;969,2295305;91876,883;19,71857513
FE ; H; 2020_2022;66;Cadre de la fonction publique, profession intellectuelle et artistique;848,2125341;92951,98256;20,1034234
FE ; H; 2020_2022;66;Cadre technique d'entreprise;896,4049393;92597,21506;19,88827416
FE ; H; 2020_2022;66;Commerçant et assimilé;1329,590842;87177,46785;18,32083597
FE ; H; 2020_2022;66;Conducteur du transport;1564,328506;84500,65093;17,60211193
FE ; H; 2020_2022;66;Employé administratif d'entreprise;1433,897126;85846,86458;18,06758808
FE ; H; 2020_2022;66;Employé de la fonction publique;1408,946048;86189,37699;18,17861412
FE ; H; 2020_2022;66;Ensemble;1441,670429;85826,81813;18,15371245
FE ; H; 2020_2022;66;Intermédiaire des entreprises;1083,436907;89681,32134;18,80414259
FE ; H; 2020_2022;66;Ouvrier peu qualifié de type industriel ou artisanal;1854,635614;82410,8287;16,67587075
FE ; H; 2020_2022;66;Ouvrier qualifié de type industriel ou artisanal;1654,531275;83702,52839;17,30931517
FE ; H; 2020_2022;66;Policier, militaire et agent de sécurité privée;1372,782773;86726,57045;18,2733192
FE ; H; 2020_2022;66;Profession de l’enseignement primaire et professionnel;1035,421885;91124,83404;19,59126713
FE ; H; 2020_2022;66;Technicien;1067,253003;90595,95974;19,38811175
FE ; H; 2020_2022;67;Agent de maîtrise de production;1222,232935;88176,66055;17,90191165
FE ; H; 2020_2022;67;Artisan;1366,212263;86709,40951;17,63216924
FE ; H; 2020_2022;67;Cadre administratif et commercial;1065,793795;90986,38512;18,91156388
FE ; H; 2020_2022;67;Cadre de la fonction publique, profession intellectuelle et artistique;936,5933936;92163,55219;19,2754019
FE ; H; 2020_2022;67;Cadre technique d'entreprise;989,3954897;91767,16905;19,06816619
FE ; H; 2020_2022;67;Commerçant et assimilé;1436,361947;86018,36422;17,56771055
FE ; H; 2020_2022;67;Conducteur du transport;1685,482732;83178,78316;16,88184269
FE ; H; 2020_2022;67;Employé administratif d'entreprise;1544,14362;84615,90886;17,33042755
FE ; H; 2020_2022;67;Employé de la fonction publique;1517,398552;84975,01517;17,43840125
FE ; H; 2020_2022;67;Ensemble;1549,47613;84589,47827;17,41925744
FE ; H; 2020_2022;67;Intermédiaire des entreprises;1180,603879;88709,6808;18,01010508
FE ; H; 2020_2022;67;Ouvrier peu qualifié de type industriel ou artisanal;1995,635265;80882,40812;15,99099173
FE ; H; 2020_2022;67;Ouvrier qualifié de type industriel ou artisanal;1783,164422;82317,64388;16,6005213
FE ; H; 2020_2022;67;Policier, militaire et agent de sécurité privée;1480,625771;85536,00303;17,52766378
FE ; H; 2020_2022;67;Profession de l’enseignement primaire et professionnel;1134,403347;90181,30757;18,79624174
FE ; H; 2020_2022;67;Technicien;1166,576366;89629,07164;18,59726414
FE ; H; 2020_2022;68;Agent de maîtrise de production;1328,2288;87098,93637;17,12342209
FE ; H; 2020_2022;68;Artisan;1476,511858;85524,77492;16,87639879
FE ; H; 2020_2022;68;Cadre administratif et commercial;1167,257972;90016,65787;18,1152935
FE ; H; 2020_2022;68;Cadre de la fonction publique, profession intellectuelle et artistique;1030,945019;91300,35445;18,45764088
FE ; H; 2020_2022;68;Cadre technique d'entreprise;1087,853489;90859,22882;18,25871101
FE ; H; 2020_2022;68;Commerçant et assimilé;1548,186653;84782,82917;16,82372373
FE ; H; 2020_2022;68;Conducteur du transport;1811,465929;81776,81913;16,17126133
FE ; H; 2020_2022;68;Employé administratif d'entreprise;1658,852775;83309,3177;16,60223128
FE ; H; 2020_2022;68;Employé de la fonction publique;1630,113587;83685,60552;16,70708835
FE ; H; 2020_2022;68;Ensemble;1660,736491;83278,7845;16,69341264
FE ; H; 2020_2022;68;Intermédiaire des entreprises;1285,134964;87662,37087;17,22527337
FE ; H; 2020_2022;68;Ouvrier peu qualifié de type industriel ou artisanal;2139,02533;79268,29026;15,31661179
FE ; H; 2020_2022;68;Ouvrier qualifié de type industriel ou artisanal;1916,570848;80849,78494;15,90191015
FE ; H; 2020_2022;68;Policier, militaire et agent de sécurité privée;1592,90962;84269,53492;16,79108314
FE ; H; 2020_2022;68;Profession de l’enseignement primaire et professionnel;1238,026706;89158,2878;18,01191353
FE ; H; 2020_2022;68;Technicien;1270,961799;88583,48008;17,8167762
FE ; H; 2020_2022;69;Agent de maîtrise de production;1443,401593;85942,06321;16,35392188
FE ; H; 2020_2022;69;Artisan;1594,57529;84261,99148;16,12931516
FE ; H; 2020_2022;69;Cadre administratif et commercial;1274,838934;88965,93126;17,32924305
FE ; H; 2020_2022;69;Cadre de la fonction publique, profession intellectuelle et artistique;1132,541192;90359,09799;17,64991121
FE ; H; 2020_2022;69;Cadre technique d'entreprise;1193,005051;89870,81353;17,45952358
FE ; H; 2020_2022;69;Commerçant et assimilé;1666,846227;83470,23273;16,08828224
FE ; H; 2020_2022;69;Conducteur du transport;1944,180172;80295,45992;15,46960257
FE ; H; 2020_2022;69;Employé administratif d'entreprise;1779,868161;81927,33877;15,88228351
FE ; H; 2020_2022;69;Employé de la fonction publique;1748,907019;82321,4351;15,98394596
FE ; H; 2020_2022;69;Ensemble;1773,581269;81895,74334;15,97532811
FE ; H; 2020_2022;69;Intermédiaire des entreprises;1398,811275;86535,79109;16,44952329
FE ; H; 2020_2022;69;Ouvrier peu qualifié de type industriel ou artisanal;2286,832565;77572,72145;14,65139918
FE ; H; 2020_2022;69;Ouvrier qualifié de type industriel ou artisanal;2056,674724;79300,24153;15,21263682
FE ; H; 2020_2022;69;Policier, militaire et agent de sécurité privée;1711,414142;82927,19739;16,06287939
FE ; H; 2020_2022;69;Profession de l’enseignement primaire et professionnel;1347,556612;88054,48438;17,23770114
FE ; H; 2020_2022;69;Technicien;1381,788017;87457,61788;17,0461357
FE ; H; 2020_2022;70;Agent de maîtrise de production;1570,712239;84701,5741;15,59343173
FE ; H; 2020_2022;70;Artisan;1723,418731;82918,37058;15,39067684
FE ; H; 2020_2022;70;Cadre administratif et commercial;1390,792806;87831,75893;16,55301573
FE ; H; 2020_2022;70;Cadre de la fonction publique, profession intellectuelle et artistique;1243,594558;89335,74399;16,85209353
FE ; H; 2020_2022;70;Cadre technique d'entreprise;1307,068296;88798,65019;16,67033153
FE ; H; 2020_2022;70;Commerçant et assimilé;1795,378092;82078,9123;15,36099486
FE ; H; 2020_2022;70;Conducteur du transport;2086,942242;78734,3715;14,77632271
FE ; H; 2020_2022;70;Employé administratif d'entreprise;1910,351079;80469,14016;15,17008979
FE ; H; 2020_2022;70;Employé de la fonction publique;1876,895606;80881,70974;15,26846631
FE ; H; 2020_2022;70;Ensemble;1896,659779;80443,25577;15,26377946
FE ; H; 2020_2022;70;Intermédiaire des entreprises;1524,520958;85325,31869;15,68288537
FE ; H; 2020_2022;70;Ouvrier peu qualifié de type industriel ou artisanal;2442,778743;75798,7632;13,99429357
FE ; H; 2020_2022;70;Ouvrier qualifié de type industriel ou artisanal;2206,885984;77669,2935;14,53208121
FE ; H; 2020_2022;70;Policier, militaire et agent de sécurité privée;1839,200988;81507,96961;15,34256842
FE ; H; 2020_2022;70;Profession de l’enseignement primaire et professionnel;1465,334568;86867,90036;16,47316189
FE ; H; 2020_2022;70;Technicien;1501,523576;86249,139;16,28497744
FE ; H; 2020_2022;71;Agent de maîtrise de production;1712,769209;83371,15611;14,84226818
FE ; H; 2020_2022;71;Artisan;1865,608284;81489,33985;14,66057411
FE ; H; 2020_2022;71;Cadre administratif et commercial;1517,084833;86610,20114;15,78648089
FE ; H; 2020_2022;71;Cadre de la fonction publique, profession intellectuelle et artistique;1366,092067;88224,76954;16,06430429
FE ; H; 2020_2022;71;Cadre technique d'entreprise;1432,019616;87637,99118;15,89110987
FE ; H; 2020_2022;71;Commerçant et assimilé;1936,32245;80605,28549;14,64182476
FE ; H; 2020_2022;71;Conducteur du transport;2242,419505;77091,23065;14,09126877
FE ; H; 2020_2022;71;Employé administratif d'entreprise;2052,89746;78931,89707;14,46553582
FE ; H; 2020_2022;71;Employé de la fonction publique;2016,646507;79363,64448;14,56052104
FE ; H; 2020_2022;71;Ensemble;2032,990194;78917,5209;14,55887845
FE ; H; 2020_2022;71;Intermédiaire des entreprises;1664,820564;84024,51632;14,92567563
FE ; H; 2020_2022;71;Ouvrier peu qualifié de type industriel ou artisanal;2609,820801;73947,16712;13,34470293
FE ; H; 2020_2022;71;Ouvrier qualifié de type industriel ou artisanal;2369,9101;75955,22075;13,86002502
FE ; H; 2020_2022;71;Policier, militaire et agent de sécurité privée;1978,805608;80008,87423;14,6300362
FE ; H; 2020_2022;71;Profession de l’enseignement primaire et professionnel;1593,365633;85594,99498;15,71813855
FE ; H; 2020_2022;71;Technicien;1632,280278;84954,08784;15,53322776
FE ; H; 2020_2022;72;Agent de maîtrise de production;1874,412614;81943,20062;14,10091195
FE ; H; 2020_2022;72;Artisan;2026,067561;79969,06798;13,9392826
FE ; H; 2020_2022;72;Cadre administratif et commercial;1657,650721;85296,25092;15,0296645
FE ; H; 2020_2022;72;Cadre de la fonction publique, profession intellectuelle et artistique;1503,838748;87019,53796;15,28679693
FE ; H; 2020_2022;72;Cadre technique d'entreprise;1571,73257;86382,99796;15,12197978
FE ; H; 2020_2022;72;Commerçant et assimilé;2094,632177;79044,50725;13,93093582
FE ; H; 2020_2022;72;Conducteur du transport;2415,986419;75362,52185;13,41450239
FE ; H; 2020_2022;72;Employé administratif d'entreprise;2212,621585;77311,50616;13,76872255
FE ; H; 2020_2022;72;Employé de la fonction publique;2173,207392;77763,16032;13,86019872
FE ; H; 2020_2022;72;Ensemble;2186,920759;77313,13543;13,86100114
FE ; H; 2020_2022;72;Intermédiaire des entreprises;1824,445264;82625,6589;14,17836823
FE ; H; 2020_2022;72;Ouvrier peu qualifié de type industriel ou artisanal;2794,04409;72017,27857;12,70230863
FE ; H; 2020_2022;72;Ouvrier qualifié de type industriel ou artisanal;2551,287625;74155,1503;13,19646856
FE ; H; 2020_2022;72;Policier, militaire et agent de sécurité privée;2135,209343;78425,65414;13,92538046
FE ; H; 2020_2022;72;Profession de l’enseignement primaire et professionnel;1735,692663;84231,15375;14,97264112
FE ; H; 2020_2022;72;Technicien;1778,2505;83567,39902;14,79098082
FE ; H; 2020_2022;73;Agent de maîtrise de production;2059,638737;80407,24693;13,3702701
FE ; H; 2020_2022;73;Artisan;2208,691895;78348,84063;13,22754222
FE ; H; 2020_2022;73;Cadre administratif et commercial;1815,646687;83882,337;14,28300332
FE ; H; 2020_2022;73;Cadre de la fonction publique, profession intellectuelle et artistique;1660,009299;85710,90443;14,52019564
FE ; H; 2020_2022;73;Cadre technique d'entreprise;1729,400814;85025,28824;14,36345216
FE ; H; 2020_2022;73;Commerçant et assimilé;2274,139785;77388,81557;13,22898063
FE ; H; 2020_2022;73;Conducteur du transport;2611,59602;73541,77356;12,74661883
FE ; H; 2020_2022;73;Employé administratif d'entreprise;2393,392693;75600,89509;13,08026554
FE ; H; 2020_2022;73;Employé de la fonction publique;2350,410841;76073,20557;13,16810094
FE ; H; 2020_2022;73;Ensemble;2357,582315;75622,35843;13,17090766
FE ; H; 2020_2022;73;Intermédiaire des entreprises;2007,322925;81118,19898;13,44185191
FE ; H; 2020_2022;73;Ouvrier peu qualifié de type industriel ou artisanal;2999,81905;70005,08406;12,06741805
FE ; H; 2020_2022;73;Ouvrier qualifié de type industriel ou artisanal;2755,018015;72263,23913;12,54196298
FE ; H; 2020_2022;73;Policier, militaire et agent de sécurité privée;2312,217624;76751,10224;13,22920375
FE ; H; 2020_2022;73;Profession de l’enseignement primaire et professionnel;1895,495702;82769,15979;14,23711053
FE ; H; 2020_2022;73;Technicien;1942,739489;82081,36133;14,05876336
FE ; H; 2020_2022;74;Agent de maîtrise de production;2272,647956;78751,14812;12,65144046
FE ; H; 2020_2022;74;Artisan;2417,510889;76618,35614;12,52629643
FE ; H; 2020_2022;74;Cadre administratif et commercial;1994,364918;82359,33013;13,54712776
FE ; H; 2020_2022;74;Cadre de la fonction publique, profession intellectuelle et artistique;1837,959404;84288,09545;13,76530101
FE ; H; 2020_2022;74;Cadre technique d'entreprise;1908,396878;83554,86022;13,61622528
FE ; H; 2020_2022;74;Commerçant et assimilé;2478,775485;75628,88573;12,53682699
FE ; H; 2020_2022;74;Conducteur du transport;2833,181987;71621,15953;12,0884359
FE ; H; 2020_2022;74;Employé administratif d'entreprise;2599,137213;73791,46879;12,4010042
FE ; H; 2020_2022;74;Employé de la fonction publique;2552,157499;74285,1727;12,48505514
FE ; H; 2020_2022;74;Ensemble;2555,742765;73839,49908;12,48892006
FE ; H; 2020_2022;74;Intermédiaire des entreprises;2217,586998;79489,89477;12,71720042
FE ; H; 2020_2022;74;Ouvrier peu qualifié de type industriel ou artisanal;3231,466944;67905,05821;11,44061396
FE ; H; 2020_2022;74;Ouvrier qualifié de type industriel ou artisanal;2985,033564;70272,37387;11,89728552
FE ; H; 2020_2022;74;Policier, militaire et agent de sécurité privée;2513,713583;74976,44973;12,54233194
FE ; H; 2020_2022;74;Profession de l’enseignement primaire et professionnel;2076,058706;81200,27393;13,51218844
FE ; H; 2020_2022;74;Technicien;2129,157571;80486,73431;13,33729974
FE ; H; 2020_2022;75;Agent de maîtrise de production;2517,806243;76961,41177;11,9456495
FE ; H; 2020_2022;75;Artisan;2656,661144;74766,09904;11,8366232
FE ; H; 2020_2022;75;Cadre administratif et commercial;2197,205603;80716,78454;12,82280493
FE ; H; 2020_2022;75;Cadre de la fonction publique, profession intellectuelle et artistique;2041,191015;82738,91447;13,02303877
FE ; H; 2020_2022;75;Cadre technique d'entreprise;2112,245926;81960,30187;12,88113238
FE ; H; 2020_2022;75;Commerçant et assimilé;2712,546782;73754,21545;11,85548562
FE ; H; 2020_2022;75;Conducteur du transport;3084,615185;69592,00174;11,44090951
FE ; H; 2020_2022;75;Employé administratif d'entreprise;2833,820826;71873,52726;11,73192438
FE ; H; 2020_2022;75;Employé de la fonction publique;2782,403535;72389,29809;11,81203854
FE ; H; 2020_2022;75;Ensemble;2783,930396;71952,35142;11,81647622
FE ; H; 2020_2022;75;Intermédiaire des entreprises;2459,535651;77727,1372;12,00561116
FE ; H; 2020_2022;75;Ouvrier peu qualifié de type industriel ou artisanal;3493,243432;65710,7287;10,82265928
FE ; H; 2020_2022;75;Ouvrier qualifié de type industriel ou artisanal;3245,144475;68174,71993;11,26335066
FE ; H; 2020_2022;75;Policier, militaire et agent de sécurité privée;2743,643235;73091,75653;11,86573978
FE ; H; 2020_2022;75;Profession de l’enseignement primaire et professionnel;2280,738862;79514,50857;12,79865666
FE ; H; 2020_2022;75;Technicien;2340,986078;78773,04492;12,62744961
FE ; H; 2020_2022;76;Agent de maîtrise de production;2800,208426;75023,67254;11,25418616
FE ; H; 2020_2022;76;Artisan;2930,999708;72779,81714;11,15966427
FE ; H; 2020_2022;76;Cadre administratif et commercial;2428,189071;78943,27083;12,11087788
FE ; H; 2020_2022;76;Cadre de la fonction publique, profession intellectuelle et artistique;2273,814565;81050,05518;12,29440293
FE ; H; 2020_2022;76;Cadre technique d'entreprise;2345,118807;80229,09874;12,15908461
FE ; H; 2020_2022;76;Commerçant et assimilé;2980,175044;71753,59785;11,18603759
FE ; H; 2020_2022;76;Conducteur du transport;3370,402498;67445,35629;10,80504987
FE ; H; 2020_2022;76;Employé administratif d'entreprise;3102,1167;69836,76028;11,07408224
FE ; H; 2020_2022;76;Employé de la fonction publique;3045,823352;70375,13571;11,15010345
FE ; H; 2020_2022;76;Ensemble;3045,64554;69949,24804;11,15485904
FE ; H; 2020_2022;76;Intermédiaire des entreprises;2738,178496;75815,41055;11,30833915
FE ; H; 2020_2022;76;Ouvrier peu qualifié de type industriel ou artisanal;3790,174496;63415,29298;10,21440578
FE ; H; 2020_2022;76;Ouvrier qualifié de type industriel ou artisanal;3539,764015;65962,35177;10,64112188
FE ; H; 2020_2022;76;Policier, militaire et agent de sécurité privée;3006,666746;71086,3795;11,20047736
FE ; H; 2020_2022;76;Profession de l’enseignement primaire et professionnel;2513,49476;77700,99027;12,09737354
FE ; H; 2020_2022;76;Technicien;2582,313489;76928,9789;11,93014245
FE ; H; 2020_2022;77;Agent de maîtrise de production;3122,935656;72922,85334;10,57840565
FE ; H; 2020_2022;77;Artisan;3243,265935;70646,64091;10,49663048
FE ; H; 2020_2022;77;Cadre administratif et commercial;2689,619234;77026,37895;11,41227129
FE ; H; 2020_2022;77;Cadre de la fonction publique, profession intellectuelle et artistique;2538,336825;79207,12722;11,58045925
FE ; H; 2020_2022;77;Cadre technique d'entreprise;2609,573106;78347,63105;11,45107716
FE ; H; 2020_2022;77;Commerçant et assimilé;3284,226578;69615,21503;10,52964108
FE ; H; 2020_2022;77;Conducteur du transport;3692,417777;65172,17631;10,18192578
FE ; H; 2020_2022;77;Employé administratif d'entreprise;3406,425494;67670,34247;10,42861109
FE ; H; 2020_2022;77;Employé de la fonction publique;3344,891862;68231,63339;10,50038485
FE ; H; 2020_2022;77;Ensemble;3345,731729;67818,84189;10,50526874
FE ; H; 2020_2022;77;Intermédiaire des entreprises;3056,550223;73739,44928;10,62669892
FE ; H; 2020_2022;77;Ouvrier peu qualifié de type industriel ou artisanal;4124,443418;61011,74272;9,616801062
FE ; H; 2020_2022;77;Ouvrier qualifié de type industriel ou artisanal;3870,466184;63627,44018;10,03161502
FE ; H; 2020_2022;77;Policier, militaire et agent de sécurité privée;3305,275279;68949,04896;10,54767754
FE ; H; 2020_2022;77;Profession de l’enseignement primaire et professionnel;2776,464361;75747,97995;11,40928015
FE ; H; 2020_2022;77;Technicien;2855,33678;74942,4315;11,24638243
FE ; H; 2020_2022;78;Agent de maîtrise de production;3490,166252;70645,51955;9,919411861
FE ; H; 2020_2022;78;Artisan;3597,417711;68355,38247;9,848475385
FE ; H; 2020_2022;78;Cadre administratif et commercial;2984,870078;74954,66265;10,72770182
FE ; H; 2020_2022;78;Cadre de la fonction publique, profession intellectuelle et artistique;2838,209671;77196,58354;10,88206611
FE ; H; 2020_2022;78;Cadre technique d'entreprise;2909,223329;76303,09234;10,75790837
FE ; H; 2020_2022;78;Commerçant et assimilé;3628,545886;67328,89364;9,88720144
FE ; H; 2020_2022;78;Conducteur du transport;4053,79033;62765,74729;9,572299232
FE ; H; 2020_2022;78;Employé administratif d'entreprise;3750,474278;65365,20268;9,796381797
FE ; H; 2020_2022;78;Employé de la fonction publique;3683,427358;65949,35904;9,863766081
FE ; H; 2020_2022;78;Ensemble;3687,261671;65549,80538;9,868913426
FE ; H; 2020_2022;78;Intermédiaire des entreprises;3418,743314;71485,56598;9,961750328
FE ; H; 2020_2022;78;Ouvrier peu qualifié de type industriel ou artisanal;4499,879851;58495,34792;9,030503503
FE ; H; 2020_2022;78;Ouvrier qualifié de type industriel ou artisanal;4240,072068;61164,76162;9,435518222
FE ; H; 2020_2022;78;Policier, militaire et agent de sécurité privée;3643,280388;66670,09309;9,90822438
FE ; H; 2020_2022;78;Profession de l’enseignement primaire et professionnel;3072,855855;73644,86429;10,73510105
FE ; H; 2020_2022;78;Technicien;3163,312928;72802,57269;10,57694315
FE ; H; 2020_2022;79;Agent de maîtrise de production;3908,178225;68179,87347;9,278135891
FE ; H; 2020_2022;79;Artisan;3999,668891;65896,35383;9,215987115
FE ; H; 2020_2022;79;Cadre administratif et commercial;3319,290125;72717,36335;10,05776163
FE ; H; 2020_2022;79;Cadre de la fonction publique, profession intellectuelle et artistique;3178,688134;75005,58264;10,199944
FE ; H; 2020_2022;79;Cadre technique d'entreprise;3249,640722;74083,26498;10,08025782
FE ; H; 2020_2022;79;Commerçant et assimilé;4019,302195;64885,83384;9,259471055
FE ; H; 2020_2022;79;Conducteur du transport;4460,003534;60221,3555;8,976735157
FE ; H; 2020_2022;79;Employé administratif d'entreprise;4140,383131;62913,69756;9,178109163
FE ; H; 2020_2022;79;Employé de la fonction publique;4067,650877;63520,1623;9,240985337
FE ; H; 2020_2022;79;Ensemble;4070,284152;63132,81253;9,246737448
FE ; H; 2020_2022;79;Intermédiaire des entreprises;3830,889742;69041,65797;9,314372239
FE ; H; 2020_2022;79;Ouvrier peu qualifié de type industriel ou artisanal;4923,211952;55863,12754;8,456012714
FE ; H; 2020_2022;79;Ouvrier qualifié de type industriel ou artisanal;4653,776094;58571,33165;8,853305475
FE ; H; 2020_2022;79;Policier, militaire et agent de sécurité privée;4026,86531;64241,11467;9,282857718
FE ; H; 2020_2022;79;Profession de l’enseignement primaire et professionnel;3407,858085;71381,86376;10,07543314
FE ; H; 2020_2022;79;Technicien;3511,48328;70499,5995;9,922454568
FE ; H; 2020_2022;80;Agent de maîtrise de production;4384,748474;65515,2825;8,655489634
FE ; H; 2020_2022;80;Artisan;4457,871663;63260,71787;8,599953467
FE ; H; 2020_2022;80;Cadre administratif et commercial;3699,739219;70303,66309;9,403069699
FE ; H; 2020_2022;80;Cadre de la fonction publique, profession intellectuelle et artistique;3566,390809;72621,38909;9,534812845
FE ; H; 2020_2022;80;Cadre technique d'entreprise;3637,928771;71675,82503;9,418832441
FE ; H; 2020_2022;80;Commerçant et assimilé;4464,365475;62277,87609;8,647222063
FE ; H; 2020_2022;80;Conducteur du transport;4918,094017;57535,48091;8,395787617
FE ; H; 2020_2022;80;Employé administratif d'entreprise;4583,999539;60308,82944;8,574531448
FE ; H; 2020_2022;80;Employé de la fonction publique;4505,549721;60936,38386;8,632814604
FE ; H; 2020_2022;80;Ensemble;4504,668189;60563,12766;8,639075199
FE ; H; 2020_2022;80;Intermédiaire des entreprises;4300,57156;66396,74818;8,685409602
FE ; H; 2020_2022;80;Ouvrier peu qualifié de type industriel ou artisanal;5403,223908;53112,86737;7,893877136
FE ; H; 2020_2022;80;Ouvrier qualifié de type industriel ou artisanal;5118,273067;55845,55302;8,285428528
FE ; H; 2020_2022;80;Policier, militaire et agent de sécurité privée;4463,959347;61654,21151;8,672350235
FE ; H; 2020_2022;80;Profession de l’enseignement primaire et professionnel;3788,134996;68949,27115;9,430903533
FE ; H; 2020_2022;80;Technicien;3906,537712;68024,01785;9,28356006
FE ; H; 2020_2022;81;Agent de maîtrise de production;4934,12834;62642,60215;8,052415275
FE ; H; 2020_2022;81;Artisan;4986,586523;60440,63625;8,00121613
FE ; H; 2020_2022;81;Cadre administratif et commercial;4138,858108;67702,61089;8,764324232
FE ; H; 2020_2022;81;Cadre de la fonction publique, profession intellectuelle et artistique;4013,407847;70031,42654;8,887437508
FE ; H; 2020_2022;81;Cadre technique d'entreprise;4086,955361;69068,30957;8,774418836
FE ; H; 2020_2022;81;Commerçant et assimilé;4978,388773;59497,5641;8,051305417
FE ; H; 2020_2022;81;Conducteur du transport;5442,103869;54705,83187;7,83005818
FE ; H; 2020_2022;81;Employé administratif d'entreprise;5096,093517;57544,27298;7,986471248
FE ; H; 2020_2022;81;Employé de la fonction publique;5012,009884;58190,86479;8,040121786
FE ; H; 2020_2022;81;Ensemble;5006,768943;57834,95972;8,046594252
FE ; H; 2020_2022;81;Intermédiaire des entreprises;4841,697815;63541,30851;8,07571732
FE ; H; 2020_2022;81;Ouvrier peu qualifié de type industriel ou artisanal;5956,832968;50243,06022;7,344763387
FE ; H; 2020_2022;81;Ouvrier qualifié de type industriel ou artisanal;5647,380103;52987,22512;7,732375343
FE ; H; 2020_2022;81;Policier, militaire et agent de sécurité privée;4969,326021;58901,99257;8,077569235
FE ; H; 2020_2022;81;Profession de l’enseignement primaire et professionnel;4226,159408;66337,37968;8,802225051
FE ; H; 2020_2022;81;Technicien;4361,061199;65366,63394;8,660969476
FE ; H; 2020_2022;82;Agent de maîtrise de production;5570,980177;59551,73576;7,470353382
FE ; H; 2020_2022;82;Artisan;5600,784922;57426,71163;7,421143749
FE ; H; 2020_2022;82;Cadre administratif et commercial;4649,902502;64900,49589;8,142728804
FE ; H; 2020_2022;82;Cadre de la fonction publique, profession intellectuelle et artistique;4532,425959;67220,77977;8,259040568
FE ; H; 2020_2022;82;Cadre technique d'entreprise;4610,338704;66245,51859;8,148306019
FE ; H; 2020_2022;82;Commerçant et assimilé;5576,438572;56535,54404;7,47313081
FE ; H; 2020_2022;82;Conducteur du transport;6045,998984;51728,68368;7,280702617
FE ; H; 2020_2022;82;Employé administratif d'entreprise;5691,799502;54611,76301;7,415324031
FE ; H; 2020_2022;82;Employé de la fonction publique;5602,365749;55274,3329;7,464356153
FE ; H; 2020_2022;82;Ensemble;5589,88457;54939,29692;7,470702767
FE ; H; 2020_2022;82;Intermédiaire des entreprises;5468,580619;60464,83037;7,4866135
FE ; H; 2020_2022;82;Ouvrier peu qualifié de type industriel ou artisanal;6601,361541;47250,16505;6,809991537
FE ; H; 2020_2022;82;Ouvrier qualifié de type industriel ou artisanal;6254,642378;49994,83511;7,195188806
FE ; H; 2020_2022;82;Policier, militaire et agent de sécurité privée;5558,163503;55974,96053;7,499959957
FE ; H; 2020_2022;82;Profession de l’enseignement primaire et professionnel;4734,881515;63533,85627;8,190635978
FE ; H; 2020_2022;82;Technicien;4888,045814;62515,95503;8,055902945
FE ; H; 2020_2022;83;Agent de maîtrise de production;6280,554804;56234,12037;6,911077967
FE ; H; 2020_2022;83;Artisan;6319,097416;54210,36502;6,861446457
FE ; H; 2020_2022;83;Cadre administratif et commercial;5249,435713;61882,68611;7,539822211
FE ; H; 2020_2022;83;Cadre de la fonction publique, profession intellectuelle et artistique;5139,772392;64174,0477;7,65114742
FE ; H; 2020_2022;83;Cadre technique d'entreprise;5225,163571;63191,37581;7,542127007
FE ; H; 2020_2022;83;Commerçant et assimilé;6276,983085;53382,87416;6,914476744
FE ; H; 2020_2022;83;Conducteur du transport;6747,583416;48601,16799;6,749220404
FE ; H; 2020_2022;83;Employé administratif d'entreprise;6389,783284;51503,37096;6,862862393
FE ; H; 2020_2022;83;Employé de la fonction publique;6295,341856;52177,6626;6,907355107
FE ; H; 2020_2022;83;Ensemble;6283,765179;51868,25363;6,913032129
FE ; H; 2020_2022;83;Intermédiaire des entreprises;6199,743371;57158,26237;6,919709182
FE ; H; 2020_2022;83;Ouvrier peu qualifié de type industriel ou artisanal;7358,721594;44131,01082;6,291317786
FE ; H; 2020_2022;83;Ouvrier qualifié de type industriel ou artisanal;6957,623404;46867,83697;6,675248127
FE ; H; 2020_2022;83;Policier, militaire et agent de sécurité privée;6248,94817;52863,7807;6,941353361
FE ; H; 2020_2022;83;Profession de l’enseignement primaire et professionnel;5330,52484;60525,60345;7,597728222
FE ; H; 2020_2022;83;Technicien;5503,923938;59460,14651;7,469916336
FE ; H; 2020_2022;84;Agent de maîtrise de production;7088,110129;52702,30562;6,374219889
FE ; H; 2020_2022;84;Artisan;7153,018598;50784,75925;6,324274498
FE ; H; 2020_2022;84;Cadre administratif et commercial;5948,555244;58634,19429;6,95754861
FE ; H; 2020_2022;84;Cadre de la fonction publique, profession intellectuelle et artistique;5846,605607;60875,64772;7,065706369
FE ; H; 2020_2022;84;Cadre technique d'entreprise;5943,230393;59889,52306;6,957942521
FE ; H; 2020_2022;84;Commerçant et assimilé;7091,31697;50032,04018;6,377565268
FE ; H; 2020_2022;84;Conducteur du transport;7556,853781;45321,76363;6,237582308
FE ; H; 2020_2022;84;Employé administratif d'entreprise;7201,500261;48212,41717;6,331317706
FE ; H; 2020_2022;84;Employé de la fonction publique;7102,553041;48892,90037;6,371410605
FE ; H; 2020_2022;84;Ensemble;7082,425834;48608,97437;6,376557693
FE ; H; 2020_2022;84;Intermédiaire des entreprises;7047,04184;53614,59679;6,377068497
FE ; H; 2020_2022;84;Ouvrier peu qualifié de type industriel ou artisanal;8243,183322;40883,5326;5,791052427
FE ; H; 2020_2022;84;Ouvrier qualifié de type industriel ou artisanal;7765,781822;43606,94938;6,174417047
FE ; H; 2020_2022;84;Policier, militaire et agent de sécurité privée;7053,004877;49560,35044;6,404027182
FE ; H; 2020_2022;84;Profession de l’enseignement primaire et professionnel;6023,632012;57299,27112;7,025531154
FE ; H; 2020_2022;84;Technicien;6219,213026;56187,50527;6,905001612
FE ; H; 2020_2022;85;Agent de maîtrise de production;8028,905512;48966,70816;5,86049966
FE ; H; 2020_2022;85;Artisan;8120,099365;47152,11598;5,811502541
FE ; H; 2020_2022;85;Cadre administratif et commercial;6782,102762;55146,30685;6,397598865
FE ; H; 2020_2022;85;Cadre de la fonction publique, profession intellectuelle et artistique;6669,656356;57316,48868;6,504462706
FE ; H; 2020_2022;85;Cadre technique d'entreprise;6782,102762;56330,15072;6,397598865
FE ; H; 2020_2022;85;Commerçant et assimilé;8036,792026;46484,10962;5,864337175
FE ; H; 2020_2022;85;Conducteur du transport;8490,279055;41896,86423;5,747479465
FE ; H; 2020_2022;85;Employé administratif d'entreprise;8144,757169;44740,39982;5,822650931
FE ; H; 2020_2022;85;Employé de la fonction publique;8041,886721;45420,25619;5,858542202
FE ; H; 2020_2022;85;Ensemble;8029,805552;45166,27982;5,862595963
FE ; H; 2020_2022;85;Intermédiaire des entreprises;8028,380138;49836,35372;5,860533137
FE ; H; 2020_2022;85;Ouvrier peu qualifié de type industriel ou artisanal;9277,399501;37513,42806;5,311304856
FE ; H; 2020_2022;85;Ouvrier qualifié de type industriel ou artisanal;8695,211585;40220,52883;5,694280245
FE ; H; 2020_2022;85;Policier, militaire et agent de sécurité privée;7987,759663;46064,85651;5,889977641
FE ; H; 2020_2022;85;Profession de l’enseignement primaire et professionnel;6830,405664;53847,77389;6,475848774
FE ; H; 2020_2022;85;Technicien;7050,145632;52693,08462;6,362917113
FE ; H; 2020_2022;86;Agent de maîtrise de production;9109,173739;45035,21743;5,372110382
FE ; H; 2020_2022;86;Artisan;9225,873718;43323,31731;5,32510756
FE ; H; 2020_2022;86;Cadre administratif et commercial;7750,250579;51406,22765;5,863058548
FE ; H; 2020_2022;86;Cadre de la fonction publique, profession intellectuelle et artistique;7616,629319;53493,67585;5,969290428
FE ; H; 2020_2022;86;Cadre technique d'entreprise;7750,250579;52509,78201;5,863058548
FE ; H; 2020_2022;86;Commerçant et assimilé;9118,919705;42748,27841;5,376829717
FE ; H; 2020_2022;86;Conducteur du transport;9551,985902;38339,70354;5,280731059
FE ; H; 2020_2022;86;Employé administratif d'entreprise;9225,640973;41096,4029;5,338942396
FE ; H; 2020_2022;86;Employé de la fonction publique;9119,639197;41767,61064;5,370881256
FE ; H; 2020_2022;86;Ensemble;9108,164867;41539,51537;5,374452069
FE ; H; 2020_2022;86;Intermédiaire des entreprises;9109,173739;45835,3018;5,372110382
FE ; H; 2020_2022;86;Ouvrier peu qualifié de type industriel ou artisanal;10472,20667;34033,15747;4,854445118
FE ; H; 2020_2022;86;Ouvrier qualifié de type industriel ou artisanal;9749,39454;36723,26875;5,236562555
FE ; H; 2020_2022;86;Policier, militaire et agent de sécurité privée;9058,956489;42385,30648;5,401297936
FE ; H; 2020_2022;86;Profession de l’enseignement primaire et professionnel;7757,702381;50169,75249;5,950603166
FE ; H; 2020_2022;86;Technicien;8003,153209;48978,14542;5,845537474
FE ; H; 2020_2022;87;Agent de maîtrise de production;10345,72301;40932,88123;4,910508907
FE ; H; 2020_2022;87;Artisan;10486,32943;39326,36276;4,86632753
FE ; H; 2020_2022;87;Cadre administratif et commercial;8865,971404;47422,11619;5,355636286
FE ; H; 2020_2022;87;Cadre de la fonction publique, profession intellectuelle et artistique;8704,844342;49419,26085;5,461433897
FE ; H; 2020_2022;87;Cadre technique d'entreprise;8865,971404;48440,14233;5,355636286
FE ; H; 2020_2022;87;Commerçant et assimilé;10353,63834;38850,09722;4,916335611
FE ; H; 2020_2022;87;Conducteur du transport;10757,6618;34677,50046;4,838415703
FE ; H; 2020_2022;87;Employé administratif d'entreprise;10461,21959;37304,99632;4,881553396
FE ; H; 2020_2022;87;Employé de la fonction publique;10352,86885;37958,55524;4,909837074
FE ; H; 2020_2022;87;Ensemble;10355,55687;37756,02783;4,913019647
FE ; H; 2020_2022;87;Intermédiaire des entreprises;10345,72301;41660,08452;4,910508907
FE ; H; 2020_2022;87;Ouvrier peu qualifié de type industriel ou artisanal;11853,09862;30469,13488;4,422277192
FE ; H; 2020_2022;87;Ouvrier qualifié de type industriel ou artisanal;10943,81263;33142,97239;4,802246454
FE ; H; 2020_2022;87;Policier, militaire et agent de sécurité privée;10282,80839;38545,64001;4,939340178
FE ; H; 2020_2022;87;Profession de l’enseignement primaire et professionnel;8822,189861;46277,7324;5,451056966
FE ; H; 2020_2022;87;Technicien;9094,618223;45058,3494;5,354062859
FE ; H; 2020_2022;88;Agent de maîtrise de production;11739,80401;36698,07872;4,477160791
FE ; H; 2020_2022;88;Artisan;11901,49217;35202,47081;4,436407086
FE ; H; 2020_2022;88;Cadre administratif et commercial;10135,42998;43217,68493;4,876659211
FE ; H; 2020_2022;88;Cadre de la fonction publique, profession intellectuelle et artistique;9939,707218;45117,39112;4,98217272
FE ; H; 2020_2022;88;Cadre technique d'entreprise;10135,42998;44145,45316;4,876659211
FE ; H; 2020_2022;88;Commerçant et assimilé;11741,18891;34827,69866;4,484144052
FE ; H; 2020_2022;88;Conducteur du transport;12107,45299;30947,01224;4,421659496
FE ; H; 2020_2022;88;Employé administratif d'entreprise;11853,21056;33402,43873;4,451887298
FE ; H; 2020_2022;88;Employé de la fonction publique;11743,31394;34028,7558;4,476847961
FE ; H; 2020_2022;88;Ensemble;11739,52376;33846,18089;4,480562403
FE ; H; 2020_2022;88;Intermédiaire des entreprises;11739,80401;37350,04757;4,477160791
FE ; H; 2020_2022;88;Ouvrier peu qualifié de type industriel ou artisanal;13430,89273;26857,59828;4,016940043
FE ; H; 2020_2022;88;Ouvrier qualifié de type industriel ou artisanal;12278,36655;29515,86759;4,392378224
FE ; H; 2020_2022;88;Policier, militaire et agent de sécurité privée;11660,04279;34582,06571;4,505455631
FE ; H; 2020_2022;88;Profession de l’enseignement primaire et professionnel;10028,38304;42195,02299;4,978490773
FE ; H; 2020_2022;88;Technicien;10328,19589;40960,46455;4,889709448
FE ; H; 2020_2022;89;Agent de maîtrise de production;13310,78898;32389,7962;4,072683944
FE ; H; 2020_2022;89;Artisan;13489,60569;31012,8515;4,035734651
FE ; H; 2020_2022;89;Cadre administratif et commercial;11581,77869;38837,38674;4,426676175
FE ; H; 2020_2022;89;Cadre de la fonction publique, profession intellectuelle et artistique;11343,36824;40632,85454;4,532041443
FE ; H; 2020_2022;89;Cadre technique d'entreprise;11581,77869;39671,12167;4,426676175
FE ; H; 2020_2022;89;Commerçant et assimilé;13299,86072;30738,51277;4,080675796
FE ; H; 2020_2022;89;Conducteur du transport;13621,42264;27200,11728;4,030755902
FE ; H; 2020_2022;89;Employé administratif d'entreprise;13422,21036;29443,17734;4,050538228
FE ; H; 2020_2022;89;Employé de la fonction publique;13311,19306;30032,65218;4,072531228
FE ; H; 2020_2022;89;Ensemble;13306,59729;29872,80044;4,076521898
FE ; H; 2020_2022;89;Intermédiaire des entreprises;13310,78898;32965,22519;4,072683944
FE ; H; 2020_2022;89;Ouvrier peu qualifié de type industriel ou artisanal;15241,25021;23250,38306;3,640154173
FE ; H; 2020_2022;89;Ouvrier qualifié de type industriel ou artisanal;13773,57919;25891,80117;4,007177877
FE ; H; 2020_2022;89;Policier, militaire et agent de sécurité privée;13209,41914;30549,78205;4,100133364
FE ; H; 2020_2022;89;Profession de l’enseignement primaire et professionnel;11397,6971;37963,54446;4,533401467
FE ; H; 2020_2022;89;Technicien;11724,74381;36729,98753;4,45289514
FE ; H; 2020_2022;90;Agent de maîtrise de production;15052,89468;28078,45878;3,69802862
FE ; H; 2020_2022;90;Artisan;15243,35345;26829,34012;3,665028617
FE ; H; 2020_2022;90;Cadre administratif et commercial;13208,18218;34339,32655;4,006520274
FE ; H; 2020_2022;90;Cadre de la fonction publique, profession intellectuelle et artistique;12918,5359;36023,72022;4,111903479
FE ; H; 2020_2022;90;Cadre technique d'entreprise;13208,18218;35076,50015;4,006520274
FE ; H; 2020_2022;90;Commerçant et assimilé;15022,76922;26650,33338;3,706654256
FE ; H; 2020_2022;90;Conducteur du transport;15295,24745;23495,07435;3,666383755
FE ; H; 2020_2022;90;Employé administratif d'entreprise;15164,16152;25491,25214;3,678495773
FE ; H; 2020_2022;90;Employé de la fonction publique;15052,01364;26034,94786;3,697874353
FE ; H; 2020_2022;90;Ensemble;15020,40924;25897,74719;3,702228509
FE ; H; 2020_2022;90;Intermédiaire des entreprises;15052,89468;28577,29363;3,69802862
FE ; H; 2020_2022;90;Ouvrier peu qualifié de type industriel ou artisanal;17296,09182;19706,73401;3,294723768
FE ; H; 2020_2022;90;Ouvrier qualifié de type industriel ou artisanal;15425,74444;22325,57344;3,647273817
FE ; H; 2020_2022;90;Policier, militaire et agent de sécurité privée;14924,7933;26514,33329;3,724168594
FE ; H; 2020_2022;90;Profession de l’enseignement primaire et professionnel;12931,85888;33636,57465;4,116572954
FE ; H; 2020_2022;90;Technicien;13284,61329;32423,49059;4,044329897
FE ; H; 2020_2022;91;Agent de maîtrise de production;16982,45329;23851,83795;-
FE ; H; 2020_2022;91;Artisan;17177,86953;22739,64898;-
FE ; H; 2020_2022;91;Cadre administratif et commercial;15039,16077;29803,72574;-
FE ; H; 2020_2022;91;Cadre de la fonction publique, profession intellectuelle et artistique;14689,0919;31369,98299;-
FE ; H; 2020_2022;91;Cadre technique d'entreprise;15039,16077;30443,53211;-
FE ; H; 2020_2022;91;Commerçant et assimilé;16925,18116;22646,7153;-
FE ; H; 2020_2022;91;Conducteur du transport;17149,24821;19901,44459;-
FE ; H; 2020_2022;91;Employé administratif d'entreprise;17098,24852;21625,71749;-
FE ; H; 2020_2022;91;Employé de la fonction publique;16983,96469;22116,16396;-
FE ; H; 2020_2022;91;Ensemble;16954,12;22007,79958;-
FE ; H; 2020_2022;91;Intermédiaire des entreprises;16982,45329;24275,58372;-
FE ; H; 2020_2022;91;Ouvrier peu qualifié de type industriel ou artisanal;19638,87402;16298,2392;-
FE ; H; 2020_2022;91;Ouvrier qualifié de type industriel ou artisanal;17256,70932;18881,68753;-
FE ; H; 2020_2022;91;Policier, militaire et agent de sécurité privée;16822,10721;22557,12385;-
FE ; H; 2020_2022;91;Profession de l’enseignement primaire et professionnel;14653,75754;29286,74029;-
FE ; H; 2020_2022;91;Technicien;15029,6711;28116,15525;-
FE ; H; 2020_2022;92;Agent de maîtrise de production;19068,8362;19801,21071;-
FE ; H; 2020_2022;92;Artisan;19264,75346;18833,46174;-
FE ; H; 2020_2022;92;Cadre administratif et commercial;17493,10737;25321,49551;-
FE ; H; 2020_2022;92;Cadre de la fonction publique, profession intellectuelle et artistique;16769,59493;26762,01736;-
FE ; H; 2020_2022;92;Cadre technique d'entreprise;17493,10737;25865,08037;-
FE ; H; 2020_2022;92;Commerçant et assimilé;19011,41723;18813,71771;-
FE ; H; 2020_2022;92;Conducteur du transport;19236,05876;16488,49646;-
FE ; H; 2020_2022;92;Employé administratif d'entreprise;19184,92832;17928,09857;-
FE ; H; 2020_2022;92;Employé de la fonction publique;19070,35147;18359,96248;-
FE ; H; 2020_2022;92;Ensemble;19017,48751;18276,57083;-
FE ; H; 2020_2022;92;Intermédiaire des entreprises;19068,8362;20152,99405;-
FE ; H; 2020_2022;92;Ouvrier peu qualifié de type industriel ou artisanal;21732,06765;13097,44853;-
FE ; H; 2020_2022;92;Ouvrier qualifié de type industriel ou artisanal;19343,79538;15623,3296;-
FE ; H; 2020_2022;92;Policier, militaire et agent de sécurité privée;18908,07901;18762,5403;-
FE ; H; 2020_2022;92;Profession de l’enseignement primaire et professionnel;16734,16997;24995,13238;-
FE ; H; 2020_2022;92;Technicien;17111,04732;23890,38959;-
FE ; H; 2020_2022;93;Agent de maîtrise de production;21308,57691;16025,35027;-
FE ; H; 2020_2022;93;Artisan;21505,32977;15205,24177;-
FE ; H; 2020_2022;93;Cadre administratif et commercial;19726,12748;20891,97911;-
FE ; H; 2020_2022;93;Cadre de la fonction publique, profession intellectuelle et artistique;18999,5292;22274,13546;-
FE ; H; 2020_2022;93;Cadre technique d'entreprise;19726,12748;21340,47409;-
FE ; H; 2020_2022;93;Commerçant et assimilé;21250,91304;15236,96334;-
FE ; H; 2020_2022;93;Conducteur du transport;21476,51269;13316,75959;-
FE ; H; 2020_2022;93;Employé administratif d'entreprise;21425,16417;14488,60571;-
FE ; H; 2020_2022;93;Employé de la fonction publique;21310,09864;14858,65311;-
FE ; H; 2020_2022;93;Ensemble;21289,68394;14800,82625;-
FE ; H; 2020_2022;93;Intermédiaire des entreprises;21308,57691;16310,05263;-
FE ; H; 2020_2022;93;Ouvrier peu qualifié de type industriel ou artisanal;23983,16723;10251,10216;-
FE ; H; 2020_2022;93;Ouvrier qualifié de type industriel ou artisanal;21584,70881;12601,18469;-
FE ; H; 2020_2022;93;Policier, militaire et agent de sécurité privée;21147,13408;15214,90435;-
FE ; H; 2020_2022;93;Profession de l’enseignement primaire et professionnel;18963,95315;20812,40444;-
FE ; H; 2020_2022;93;Technicien;19342,43791;19802,49372;-
FE ; H; 2020_2022;94;Agent de maîtrise de production;23650,44694;12610,57619;-
FE ; H; 2020_2022;94;Artisan;23848,21989;11935,30439;-
FE ; H; 2020_2022;94;Cadre administratif et commercial;22059,79311;16770,80068;-
FE ; H; 2020_2022;94;Cadre de la fonction publique, profession intellectuelle et artistique;21329,42768;18042,15459;-
FE ; H; 2020_2022;94;Cadre technique d'entreprise;22059,79311;17130,82497;-
FE ; H; 2020_2022;94;Commerçant et assimilé;23592,48411;11998,96951;-
FE ; H; 2020_2022;94;Conducteur du transport;23819,25341;10456,78403;-
FE ; H; 2020_2022;94;Employé administratif d'entreprise;23767,63866;11384,39815;-
FE ; H; 2020_2022;94;Employé de la fonction publique;23651,97657;11692,25947;-
FE ; H; 2020_2022;94;Ensemble;23580,86679;11649,77712;-
FE ; H; 2020_2022;94;Intermédiaire des entreprises;23650,44694;12834,61252;-
FE ; H; 2020_2022;94;Ouvrier peu qualifié de type industriel ou artisanal;26338,90402;7792,563185;-
FE ; H; 2020_2022;94;Ouvrier qualifié de type industriel ou artisanal;23928,01048;9881,25567;-
FE ; H; 2020_2022;94;Policier, militaire et agent de sécurité privée;23488,16709;11997,38813;-
FE ; H; 2020_2022;94;Profession de l’enseignement primaire et professionnel;21293,66719;16865,54981;-
FE ; H; 2020_2022;94;Technicien;21674,11425;15972,20867;-
FE ; H; 2020_2022;95;Agent de maîtrise de production;25997,88254;9628,118557;-
FE ; H; 2020_2022;95;Artisan;26196,52968;9088,94675;-
FE ; H; 2020_2022;95;Cadre administratif et commercial;24400,19781;13071,19675;-
FE ; H; 2020_2022;95;Cadre de la fonction publique, profession intellectuelle et artistique;23666,60408;14193,86627;-
FE ; H; 2020_2022;95;Cadre technique d'entreprise;24400,19781;13351,80042;-
FE ; H; 2020_2022;95;Commerçant et assimilé;25939,6635;9168,114536;-
FE ; H; 2020_2022;95;Conducteur du transport;26167,43515;7966,056142;-
FE ; H; 2020_2022;95;Employé administratif d'entreprise;26115,59226;8678,595536;-
FE ; H; 2020_2022;95;Employé de la fonction publique;25999,41893;8926,809002;-
FE ; H; 2020_2022;95;Ensemble;25993,6271;8902,658699;-
FE ; H; 2020_2022;95;Intermédiaire des entreprises;25997,88254;9799,169295;-
FE ; H; 2020_2022;95;Ouvrier peu qualifié de type industriel ou artisanal;28698,22294;5740,087447;-
FE ; H; 2020_2022;95;Ouvrier qualifié de type industriel ou artisanal;26276,67295;7516,867777;-
FE ; H; 2020_2022;95;Policier, militaire et agent de sécurité privée;25834,88539;9179,421559;-
FE ; H; 2020_2022;95;Profession de l’enseignement primaire et professionnel;23630,68552;13274,25577;-
FE ; H; 2020_2022;95;Technicien;24012,81421;12510,37391;-
FE ; H; 2020_2022;96;Agent de maîtrise de production;28255,23161;7125,011604;-
FE ; H; 2020_2022;96;Artisan;28454,49561;6707,958118;-
FE ; H; 2020_2022;96;Cadre administratif et commercial;26652,58551;9881,798885;-
FE ; H; 2020_2022;96;Cadre de la fonction publique, profession intellectuelle et artistique;25916,71371;10834,66014;-
FE ; H; 2020_2022;96;Cadre technique d'entreprise;26652,58551;10093,93471;-
FE ; H; 2020_2022;96;Commerçant et assimilé;28196,83178;6789,936476;-
FE ; H; 2020_2022;96;Conducteur du transport;28425,31074;5881,543567;-
FE ; H; 2020_2022;96;Employé administratif d'entreprise;28373,30686;6412,128912;-
FE ; H; 2020_2022;96;Employé de la fonction publique;28256,77277;6605,890533;-
FE ; H; 2020_2022;96;Ensemble;28364,56605;6588,534794;-
FE ; H; 2020_2022;96;Intermédiaire des entreprises;28255,23161;7251,592772;-
FE ; H; 2020_2022;96;Ouvrier peu qualifié de type industriel ou artisanal;30963,95751;4092,784355;-
FE ; H; 2020_2022;96;Ouvrier qualifié de type industriel ou artisanal;28534,88776;5541,685016;-
FE ; H; 2020_2022;96;Policier, militaire et agent de sécurité privée;28091,7283;6807,92852;-
FE ; H; 2020_2022;96;Profession de l’enseignement primaire et professionnel;25880,68361;10137,45813;-
FE ; H; 2020_2022;96;Technicien;26263,99894;9506,281069;-
FE ; H; 2020_2022;97;Agent de maîtrise de production;30645,06554;5111,823073;-
FE ; H; 2020_2022;97;Artisan;30844,80174;4799,242469;-
FE ; H; 2020_2022;97;Cadre administratif et commercial;29038,62166;7248,043987;-
FE ; H; 2020_2022;97;Cadre de la fonction publique, profession intellectuelle et artistique;28301,00607;8026,672287;-
FE ; H; 2020_2022;97;Cadre technique d'entreprise;29038,62166;7403,640127;-
FE ; H; 2020_2022;97;Commerçant et assimilé;30586,52732;4875,38951;-
FE ; H; 2020_2022;97;Conducteur du transport;30815,54771;4209,696532;-
FE ; H; 2020_2022;97;Employé administratif d'entreprise;30763,42059;4592,795899;-
FE ; H; 2020_2022;97;Employé de la fonction publique;30646,61035;4739,279056;-
FE ; H; 2020_2022;97;Ensemble;30683,58619;4719,725491;-
FE ; H; 2020_2022;97;Intermédiaire des entreprises;30645,06554;5202,638439;-
FE ; H; 2020_2022;97;Ouvrier peu qualifié de type industriel ou artisanal;33360,2103;2825,496346;-
FE ; H; 2020_2022;97;Ouvrier qualifié de type industriel ou artisanal;30925,38439;3960,371416;-
FE ; H; 2020_2022;97;Policier, militaire et agent de sécurité privée;30481,17477;4895,463737;-
FE ; H; 2020_2022;97;Profession de l’enseignement primaire et professionnel;28264,89059;7513,814666;-
FE ; H; 2020_2022;97;Technicien;28649,11426;7009,551509;-
FE ; H; 2020_2022;98;Agent de maîtrise de production;32957,76621;3545,301542;-
FE ; H; 2020_2022;98;Artisan;33157,71375;3318,925645;-
FE ; H; 2020_2022;98;Cadre administratif et commercial;31349,62258;5143,311916;-
FE ; H; 2020_2022;98;Cadre de la fonction publique, profession intellectuelle et artistique;30611,22654;5755,043276;-
FE ; H; 2020_2022;98;Cadre technique d'entreprise;31349,62258;5253,725082;-
FE ; H; 2020_2022;98;Commerçant et assimilé;32899,16606;3384,177165;-
FE ; H; 2020_2022;98;Conducteur du transport;33128,42876;2912,455489;-
FE ; H; 2020_2022;98;Employé administratif d'entreprise;33076,2465;3179,89478;-
FE ; H; 2020_2022;98;Employé de la fonction publique;32959,31266;3286,85067;-
FE ; H; 2020_2022;98;Ensemble;32957,66904;3271,544452;-
FE ; H; 2020_2022;98;Intermédiaire des entreprises;32957,76621;3608,28648;-
FE ; H; 2020_2022;98;Ouvrier peu qualifié de type industriel ou artisanal;35675,78381;1882,904823;-
FE ; H; 2020_2022;98;Ouvrier qualifié de type industriel ou artisanal;33238,38166;2735,611333;-
FE ; H; 2020_2022;98;Policier, militaire et agent de sécurité privée;32793,70204;3403,26888;-
FE ; H; 2020_2022;98;Profession de l’enseignement primaire et professionnel;30575,07284;5390,043172;-
FE ; H; 2020_2022;98;Technicien;30959,70306;5001,377088;-
FE ; H; 2020_2022;99;Agent de maîtrise de production;35114,57551;2376,849348;-
FE ; H; 2020_2022;99;Artisan;35314,48762;2218,44578;-
FE ; H; 2020_2022;99;Cadre administratif et commercial;33506,71682;3530,903042;-
FE ; H; 2020_2022;99;Cadre de la fonction publique, profession intellectuelle et artistique;32768,45161;3993,353941;-
FE ; H; 2020_2022;99;Cadre technique d'entreprise;33506,71682;3606,702097;-
FE ; H; 2020_2022;99;Commerçant et assimilé;35055,98574;2270,8111;-
FE ; H; 2020_2022;99;Conducteur du transport;35285,20782;1947,604747;-
FE ; H; 2020_2022;99;Employé administratif d'entreprise;35233,0348;2128,104944;-
FE ; H; 2020_2022;99;Employé de la fonction publique;35116,12168;2203,527281;-
FE ; H; 2020_2022;99;Ensemble;35114,82673;2193,319659;-
FE ; H; 2020_2022;99;Intermédiaire des entreprises;35114,57551;2419,075857;-
FE ; H; 2020_2022;99;Ouvrier peu qualifié de type industriel ou artisanal;37832,11152;1211,163769;-
FE ; H; 2020_2022;99;Ouvrier qualifié de type industriel ou artisanal;35395,14124;1826,338397;-
FE ; H; 2020_2022;99;Policier, militaire et agent de sécurité privée;34950,5404;2287,211024;-
FE ; H; 2020_2022;99;Profession de l’enseignement primaire et professionnel;32732,30432;3742,033546;-
FE ; H; 2020_2022;99;Technicien;33116,86638;3452,965593;-
FE ; H; 2020_2022;100;Agent de maîtrise de production;37489,16859;1542,228789;-
FE ; H; 2020_2022;100;Artisan;37689,04921;1435,01302;-
FE ; H; 2020_2022;100;Cadre administratif et commercial;35881,5631;2347,813359;-
FE ; H; 2020_2022;100;Cadre de la fonction publique, profession intellectuelle et artistique;35143,41415;2684,793687;-
FE ; H; 2020_2022;100;Cadre technique d'entreprise;35881,5631;2398,214639;-
FE ; H; 2020_2022;100;Commerçant et assimilé;37430,58804;1474,755885;-
FE ; H; 2020_2022;100;Conducteur du transport;37659,77403;1260,388364;-
FE ; H; 2020_2022;100;Employé administratif d'entreprise;37607,60922;1378,308989;-
FE ; H; 2020_2022;100;Employé de la fonction publique;37490,71451;1429,73396;-
FE ; H; 2020_2022;100;Ensemble;37489,28013;1423,139261;-
FE ; H; 2020_2022;100;Intermédiaire des entreprises;37489,16859;1569,627639;-
FE ; H; 2020_2022;100;Ouvrier peu qualifié de type industriel ou artisanal;40206,27664;752,9549412;-
FE ; H; 2020_2022;100;Ouvrier qualifié de type industriel ou artisanal;37769,69013;1179,903342;-
FE ; H; 2020_2022;100;Policier, militaire et agent de sécurité privée;37325,15931;1487,818411;-
FE ; H; 2020_2022;100;Profession de l’enseignement primaire et professionnel;35107,27255;2517,179738;-
FE ; H; 2020_2022;100;Technicien;35491,77406;2309,451591;-
FE ; H; 2020_2022;101;Agent de maîtrise de production;39822,20315;964,0600384;-
FE ; H; 2020_2022;101;Artisan;40022,05633;894,1702564;-
FE ; H; 2020_2022;101;Cadre administratif et commercial;38214,81839;1505,381227;-
FE ; H; 2020_2022;101;Cadre de la fonction publique, profession intellectuelle et artistique;37476,77079;1741,265523;-
FE ; H; 2020_2022;101;Cadre technique d'entreprise;38214,81839;1537,69774;-
FE ; H; 2020_2022;101;Commerçant et assimilé;39763,63064;922,7460848;-
FE ; H; 2020_2022;101;Conducteur du transport;39992,78516;785,7289545;-
FE ; H; 2020_2022;101;Employé administratif d'entreprise;39940,62752;859,9599302;-
FE ; H; 2020_2022;101;Employé de la fonction publique;39823,74886;893,7164827;-
FE ; H; 2020_2022;101;Ensemble;39822,21282;889,6145968;-
FE ; H; 2020_2022;101;Intermédiaire des entreprises;39822,20315;981,1872871;-
FE ; H; 2020_2022;101;Ouvrier peu qualifié de type industriel ou artisanal;42538,93813;450,2197946;-
FE ; H; 2020_2022;101;Ouvrier qualifié de type industriel ou artisanal;40102,68618;734,2575058;-
FE ; H; 2020_2022;101;Policier, militaire et agent de sécurité privée;39658,21639;932,4878187;-
FE ; H; 2020_2022;101;Profession de l’enseignement primaire et professionnel;37440,63416;1633,466587;-
FE ; H; 2020_2022;101;Technicien;37825,08287;1489,786251;-
FE ; H; 2020_2022;102;Agent de maîtrise de production;42296,44699;580,1500915;-
FE ; H; 2020_2022;102;Artisan;42496,27606;536,3049327;-
FE ; H; 2020_2022;102;Cadre administratif et commercial;40689,25619;930,1025249;-
FE ; H; 2020_2022;102;Cadre de la fonction publique, profession intellectuelle et artistique;39951,29765;1088,695434;-
FE ; H; 2020_2022;102;Cadre technique d'entreprise;40689,25619;950,0693412;-
FE ; H; 2020_2022;102;Commerçant et assimilé;42237,88155;555,8287398;-
FE ; H; 2020_2022;102;Conducteur du transport;42467,00842;471,4940618;-
FE ; H; 2020_2022;102;Employé administratif d'entreprise;42414,85707;516,4865377;-
FE ; H; 2020_2022;102;Employé de la fonction publique;42297,99252;537,8050751;-
FE ; H; 2020_2022;102;Ensemble;42295,99484;535,3503788;-
FE ; H; 2020_2022;102;Intermédiaire des entreprises;42296,44699;590,4568924;-
FE ; H; 2020_2022;102;Ouvrier peu qualifié de type industriel ou artisanal;45012,85415;258,7010747;-
FE ; H; 2020_2022;102;Ouvrier qualifié de type industriel ou artisanal;42576,89617;439,8005225;-
FE ; H; 2020_2022;102;Policier, militaire et agent de sécurité privée;42132,48002;562,6797817;-
FE ; H; 2020_2022;102;Profession de l’enseignement primaire et professionnel;39915,16537;1021,886338;-
FE ; H; 2020_2022;102;Technicien;40299,56769;926,2733668;-
FE ; H; 2020_2022;103;Agent de maîtrise de production;44410,69259;334,7672156;-
FE ; H; 2020_2022;103;Artisan;44610,50134;308,395308;-
FE ; H; 2020_2022;103;Cadre administratif et commercial;42803,66517;551,6507257;-
FE ; H; 2020_2022;103;Cadre de la fonction publique, profession intellectuelle et artistique;42065,78164;653,7474806;-
FE ; H; 2020_2022;103;Cadre technique d'entreprise;42803,66517;563,4931929;-
FE ; H; 2020_2022;103;Commerçant et assimilé;44352,13311;321,0584551;-
FE ; H; 2020_2022;103;Conducteur du transport;44581,23668;271,2646389;-
FE ; H; 2020_2022;103;Employé administratif d'entreprise;44529,09064;297,4195109;-
FE ; H; 2020_2022;103;Employé de la fonction publique;44412,23796;310,3243247;-
FE ; H; 2020_2022;103;Ensemble;44410,2539;308,9186102;-
FE ; H; 2020_2022;103;Intermédiaire des entreprises;44410,69259;340,7146059;-
FE ; H; 2020_2022;103;Ouvrier peu qualifié de type industriel ou artisanal;47126,82362;142,2523373;-
FE ; H; 2020_2022;103;Ouvrier qualifié de type industriel ou artisanal;44691,11326;252,5471107;-
FE ; H; 2020_2022;103;Policier, militaire et agent de sécurité privée;44246,74229;325,6088351;-
FE ; H; 2020_2022;103;Profession de l’enseignement primaire et professionnel;42029,65304;613,9987162;-
FE ; H; 2020_2022;103;Technicien;42414,01629;552,9892043;-
FE ; H; 2020_2022;104;Agent de maîtrise de production;46402,63503;186,0947766;-
FE ; H; 2020_2022;104;Artisan;46602,434;170,818615;-
FE ; H; 2020_2022;104;Cadre administratif et commercial;44795,68623;315,5239962;-
FE ; H; 2020_2022;104;Cadre de la fonction publique, profession intellectuelle et artistique;44057,8388;378,7434929;-
FE ; H; 2020_2022;104;Cadre technique d'entreprise;44795,68623;322,2974534;-
FE ; H; 2020_2022;104;Commerçant et assimilé;46344,07841;178,6621817;-
FE ; H; 2020_2022;104;Conducteur du transport;46573,17078;150,3315082;-
FE ; H; 2020_2022;104;Employé administratif d'entreprise;46521,02728;164,9813073;-
FE ; H; 2020_2022;104;Employé de la fonction publique;46404,18032;172,5023471;-
FE ; H; 2020_2022;104;Ensemble;46400,43193;171,7270711;-
FE ; H; 2020_2022;104;Intermédiaire des entreprises;46402,63503;189,4008897;-
FE ; H; 2020_2022;104;Ouvrier peu qualifié de type industriel ou artisanal;49118,63318;75,21332918;-
FE ; H; 2020_2022;104;Ouvrier qualifié de type industriel ou artisanal;46683,04198;139,6809954;-
FE ; H; 2020_2022;104;Policier, militaire et agent de sécurité privée;46238,69275;181,537533;-
FE ; H; 2020_2022;104;Profession de l’enseignement primaire et professionnel;44021,71196;355,9371861;-
FE ; H; 2020_2022;104;Technicien;44406,0564;318,4442731;-
FE ; H; 2020_2022;105;Agent de maîtrise de production;48043,79752;99,7418966;-
FE ; H; 2020_2022;105;Artisan;48243,58798;91,21298267;-
FE ; H; 2020_2022;105;Cadre administratif et commercial;46436,91719;174,1828569;-
FE ; H; 2020_2022;105;Cadre de la fonction publique, profession intellectuelle et artistique;45699,1012;211,8772953;-
FE ; H; 2020_2022;105;Cadre technique d'entreprise;46436,91719;177,9220975;-
FE ; H; 2020_2022;105;Commerçant et assimilé;47985,2434;95,86284013;-
FE ; H; 2020_2022;105;Conducteur du transport;48214,326;80,31735814;-
FE ; H; 2020_2022;105;Employé administratif d'entreprise;48162,18473;88,23030835;-
FE ; H; 2020_2022;105;Employé de la fonction publique;48045,34275;92,45404692;-
FE ; H; 2020_2022;105;Ensemble;48040,39733;92,04496835;-
FE ; H; 2020_2022;105;Intermédiaire des entreprises;48043,79752;101,5138861;-
FE ; H; 2020_2022;105;Ouvrier peu qualifié de type industriel ou artisanal;50759,67994;38,26956992;-
FE ; H; 2020_2022;105;Ouvrier qualifié de type industriel ou artisanal;48324,19253;74,47365768;-
FE ; H; 2020_2022;105;Policier, militaire et agent de sécurité privée;47879,86222;97,59695087;-
FE ; H; 2020_2022;105;Profession de l’enseignement primaire et professionnel;45662,9759;199,2475433;-
FE ; H; 2020_2022;105;Technicien;46047,30396;177,0357296;-
FE ; H; 2017_2019;30;Agent de maîtrise de production;56,96880544;100000;52,11870842
FE ; H; 2017_2019;30;Artisan;62,48861242;100000;51,4812471
FE ; H; 2017_2019;30;Cadre administratif et commercial;23,65561613;100000;54,01952794
FE ; H; 2017_2019;30;Cadre de la fonction publique, profession intellectuelle et artistique;16,4857172;100000;54,95040674
FE ; H; 2017_2019;30;Cadre technique d'entreprise;20,76909135;100000;54,37803537
FE ; H; 2017_2019;30;Commerçant et assimilé;62,48861242;100000;51,86457736
FE ; H; 2017_2019;30;Conducteur du transport;70,58066954;100000;49,78057636
FE ; H; 2017_2019;30;Employé administratif d'entreprise;65,8237564;100000;50,70952818
FE ; H; 2017_2019;30;Employé de la fonction publique;65,8237564;100000;51,04550311
FE ; H; 2017_2019;30;Ensemble;76,69549477;100000;50,44463409
FE ; H; 2017_2019;30;Intermédiaire des entreprises;50,80884768;100000;52,10696329
FE ; H; 2017_2019;30;Ouvrier peu qualifié de type industriel ou artisanal;97,39851507;100000;47,91014237
FE ; H; 2017_2019;30;Ouvrier qualifié de type industriel ou artisanal;83,31624042;100000;48,81360683
FE ; H; 2017_2019;30;Policier, militaire et agent de sécurité privée;65,8237564;100000;50,18702055
FE ; H; 2017_2019;30;Profession de l’enseignement primaire et professionnel;27,82269906;100000;53,56002848
FE ; H; 2017_2019;30;Technicien;39,53466671;100000;52,45533031
FE ; H; 2017_2019;31;Agent de maîtrise de production;61,74479251;99943,03119;51,14841675
FE ; H; 2017_2019;31;Artisan;66,99104412;99937,51139;50,51343713
FE ; H; 2017_2019;31;Cadre administratif et commercial;26,49173027;99976,34438;53,03230961
FE ; H; 2017_2019;31;Cadre de la fonction publique, profession intellectuelle et artistique;18,8708932;99983,51428;53,9594672
FE ; H; 2017_2019;31;Cadre technique d'entreprise;23,33415062;99979,23091;53,38933154
FE ; H; 2017_2019;31;Commerçant et assimilé;66,99104412;99937,51139;50,89700708
FE ; H; 2017_2019;31;Conducteur du transport;75,17004402;99929,41933;48,81573664
FE ; H; 2017_2019;31;Employé administratif d'entreprise;69,67640804;99934,17624;49,74292908
FE ; H; 2017_2019;31;Employé de la fonction publique;69,67640804;99934,17624;50,07912531
FE ; H; 2017_2019;31;Ensemble;80,93503838;99923,30451;49,48335255
FE ; H; 2017_2019;31;Intermédiaire des entreprises;56,02233155;99949,19115;51,1334517
FE ; H; 2017_2019;31;Ouvrier peu qualifié de type industriel ou artisanal;105,7852438;99902,60148;46,95685163
FE ; H; 2017_2019;31;Ouvrier qualifié de type industriel ou artisanal;89,33189099;99916,68376;47,85431041
FE ; H; 2017_2019;31;Policier, militaire et agent de sécurité privée;69,67640804;99934,17624;49,22007729
FE ; H; 2017_2019;31;Profession de l’enseignement primaire et professionnel;31,14722177;99972,1773;52,57493447
FE ; H; 2017_2019;31;Technicien;44,24405569;99960,46533;51,47607655
FE ; H; 2017_2019;32;Agent de maîtrise de production;66,35671707;99881,32158;50,18001775
FE ; H; 2017_2019;32;Artisan;71,24415134;99870,56221;49,54729929
FE ; H; 2017_2019;32;Cadre administratif et commercial;29,34007281;99949,85892;52,04636251
FE ; H; 2017_2019;32;Cadre de la fonction publique, profession intellectuelle et artistique;21,30309129;99964,6465;52,96965176
FE ; H; 2017_2019;32;Cadre technique d'entreprise;25,91701317;99955,9016;52,4017924
FE ; H; 2017_2019;32;Commerçant et assimilé;71,24415134;99870,56221;49,93112637
FE ; H; 2017_2019;32;Conducteur du transport;79,43107053;99854,30234;47,85245905
FE ; H; 2017_2019;32;Employé administratif d'entreprise;73,18257584;99864,5457;48,77761233
FE ; H; 2017_2019;32;Employé de la fonction publique;73,18257584;99864,5457;49,11404298
FE ; H; 2017_2019;32;Ensemble;84,74737338;99842,43154;48,52343436
FE ; H; 2017_2019;32;Intermédiaire des entreprises;61,17935876;99893,19729;50,16211391
FE ; H; 2017_2019;32;Ouvrier peu qualifié de type industriel ou artisanal;113,9123272;99796,91927;46,00657765
FE ; H; 2017_2019;32;Ouvrier qualifié de type industriel ou artisanal;95,01629845;99827,4263;46,89709779
FE ; H; 2017_2019;32;Policier, militaire et agent de sécurité privée;73,18257584;99864,5457;48,25439598
FE ; H; 2017_2019;32;Profession de l’enseignement primaire et professionnel;34,48507276;99941,03875;51,59131521
FE ; H; 2017_2019;32;Technicien;48,97100883;99916,23877;50,49886174
FE ; H; 2017_2019;33;Agent de maîtrise de production;71,39667692;99815,04361;49,21333767
FE ; H; 2017_2019;33;Artisan;75,88806339;99799,41027;48,58262401
FE ; H; 2017_2019;33;Cadre administratif et commercial;32,4573223;99920,53356;51,06163743
FE ; H; 2017_2019;33;Cadre de la fonction publique, profession intellectuelle et artistique;23,96637484;99943,35094;51,98093834
FE ; H; 2017_2019;33;Cadre technique d'entreprise;28,74398828;99929,99602;51,4153769
FE ; H; 2017_2019;33;Commerçant et assimilé;75,88806339;99799,41027;48,96672474
FE ; H; 2017_2019;33;Conducteur du transport;84,08048125;99774,987;46,89049899
FE ; H; 2017_2019;33;Employé administratif d'entreprise;77,00526607;99791,46225;47,81333519
FE ; H; 2017_2019;33;Employé de la fonction publique;77,00526607;99791,46225;48,15001222
FE ; H; 2017_2019;33;Ensemble;88,90184777;99757,8177;47,56459158
FE ; H; 2017_2019;33;Intermédiaire des entreprises;66,82010196;99832,08327;49,19282155
FE ; H; 2017_2019;33;Ouvrier peu qualifié de type industriel ou artisanal;122,7948704;99683,23828;45,05904458
FE ; H; 2017_2019;33;Ouvrier qualifié de type industriel ou artisanal;101,2231081;99732,57397;45,94170006
FE ; H; 2017_2019;33;Policier, militaire et agent de sécurité privée;77,00526607;99791,46225;47,28973565
FE ; H; 2017_2019;33;Profession de l’enseignement primaire et professionnel;38,1380042;99906,57401;50,60911265
FE ; H; 2017_2019;33;Technicien;54,14411584;99867,30878;49,52360365
FE ; H; 2017_2019;34;Agent de maîtrise de production;77,21116516;99743,77899;48,24849946
FE ; H; 2017_2019;34;Artisan;81,27910283;99723,67443;47,61952043
FE ; H; 2017_2019;34;Cadre administratif et commercial;36,01485964;99888,10203;50,07821605
FE ; H; 2017_2019;34;Cadre de la fonction publique, profession intellectuelle et artistique;26,99335805;99919,39814;50,99339927
FE ; H; 2017_2019;34;Cadre technique d'entreprise;31,9679634;99901,27215;50,43015997
FE ; H; 2017_2019;34;Commerçant et assimilé;81,27910283;99723,67443;48,00391286
FE ; H; 2017_2019;34;Conducteur du transport;89,50474399;99691,09571;45,92995793
FE ; H; 2017_2019;34;Employé administratif d'entreprise;81,49111755;99714,61757;46,85018235
FE ; H; 2017_2019;34;Employé de la fonction publique;81,49111755;99714,61757;47,18711884
FE ; H; 2017_2019;34;Ensemble;93,79430972;99669,13116;46,606915
FE ; H; 2017_2019;34;Intermédiaire des entreprises;73,28434823;99765,37537;48,22571423
FE ; H; 2017_2019;34;Ouvrier peu qualifié de type industriel ou artisanal;133,0324027;99560,83238;44,1144428
FE ; H; 2017_2019;34;Ouvrier qualifié de type industriel ou artisanal;108,4278103;99631,62156;44,9882508
FE ; H; 2017_2019;34;Policier, militaire et agent de sécurité privée;81,49111755;99714,61757;46,3261793
FE ; H; 2017_2019;34;Profession de l’enseignement primaire et professionnel;42,30722591;99868,47163;49,62842131
FE ; H; 2017_2019;34;Technicien;60,04881535;99813,23651;48,5504323
FE ; H; 2017_2019;35;Agent de maîtrise de production;82,12003649;99666,76565;47,28578148
FE ; H; 2017_2019;35;Artisan;86,44660233;99642,61992;46,65825663
FE ; H; 2017_2019;35;Cadre administratif et commercial;38,30458434;99852,12747;49,09625815
FE ; H; 2017_2019;35;Cadre de la fonction publique, profession intellectuelle et artistique;28,70952075;99892,42654;50,00716782
FE ; H; 2017_2019;35;Cadre technique d'entreprise;34,00039768;99869,33575;49,44628663
FE ; H; 2017_2019;35;Commerçant et assimilé;86,44660233;99642,61992;47,04296175
FE ; H; 2017_2019;35;Conducteur du transport;95,19520691;99601,86745;44,97110424
FE ; H; 2017_2019;35;Employé administratif d'entreprise;86,67209636;99633,35902;45,88839222
FE ; H; 2017_2019;35;Employé de la fonction publique;86,67209636;99633,35902;46,22560351
FE ; H; 2017_2019;35;Ensemble;99,75749131;99575,64719;45,65067068
FE ; H; 2017_2019;35;Intermédiaire des entreprises;77,94356345;99692,26296;47,26108205
FE ; H; 2017_2019;35;Ouvrier peu qualifié de type industriel ou artisanal;141,4902332;99428,38421;43,17320748
FE ; H; 2017_2019;35;Ouvrier qualifié de type industriel ou artisanal;115,3213492;99523,59317;44,03708352
FE ; H; 2017_2019;35;Policier, militaire et agent de sécurité privée;86,67209636;99633,35902;45,36396181
FE ; H; 2017_2019;35;Profession de l’enseignement primaire et professionnel;44,99700178;99826,22005;48,64942661
FE ; H; 2017_2019;35;Technicien;63,86655217;99753,29984;47,57960377
FE ; H; 2017_2019;36;Agent de maîtrise de production;89,81028889;99584,91927;46,32464449
FE ; H; 2017_2019;36;Artisan;93,66777906;99556,48226;45,698626
FE ; H; 2017_2019;36;Cadre administratif et commercial;42,90439983;99813,87953;48,11507148
FE ; H; 2017_2019;36;Cadre de la fonction publique, profession intellectuelle et artistique;32,58907169;99863,7479;49,02152876
FE ; H; 2017_2019;36;Cadre technique d'entreprise;38,16263416;99835,37978;48,46310428
FE ; H; 2017_2019;36;Commerçant et assimilé;93,66777906;99556,48226;46,08366398
FE ; H; 2017_2019;36;Conducteur du transport;102,5334052;99507,05125;44,01395537
FE ; H; 2017_2019;36;Employé administratif d'entreprise;92,81090448;99547,00469;44,92819915
FE ; H; 2017_2019;36;Employé de la fonction publique;92,81090448;99547,00469;45,26570297
FE ; H; 2017_2019;36;Ensemble;106,5896491;99476,31302;44,69625612
FE ; H; 2017_2019;36;Intermédiaire des entreprises;86,3753208;99614,55926;46,29794775
FE ; H; 2017_2019;36;Ouvrier peu qualifié de type industriel ou artisanal;155,0030662;99287,70276;42,23437991
FE ; H; 2017_2019;36;Ouvrier qualifié de type industriel ou artisanal;124,9700527;99408,82122;43,08792631
FE ; H; 2017_2019;36;Policier, militaire et agent de sécurité privée;92,81090448;99547,00469;44,40331382
FE ; H; 2017_2019;36;Profession de l’enseignement primaire et professionnel;50,38864975;99781,30125;47,67132725
FE ; H; 2017_2019;36;Technicien;71,50375238;99689,59085;46,61001065
FE ; H; 2017_2019;37;Agent de maîtrise de production;97,17393867;99495,48177;45,36628619
FE ; H; 2017_2019;37;Artisan;100,7557045;99463,22992;44,74147102
FE ; H; 2017_2019;37;Cadre administratif et commercial;47,3687979;99771,05498;47,13572382
FE ; H; 2017_2019;37;Cadre de la fonction publique, profession intellectuelle et artistique;36,48610792;99831,20324;48,03750963
FE ; H; 2017_2019;37;Cadre technique d'entreprise;42,19968381;99797,27997;47,48160614
FE ; H; 2017_2019;37;Commerçant et assimilé;100,4210561;99463,22992;45,12686999
FE ; H; 2017_2019;37;Conducteur du transport;109,9911201;99405,02328;43,0591307
FE ; H; 2017_2019;37;Employé administratif d'entreprise;102,2216394;99454,61422;43,96993616
FE ; H; 2017_2019;37;Employé de la fonction publique;102,32716;99454,61422;44,3077535
FE ; H; 2017_2019;37;Ensemble;114,5049961;99370,28156;43,74394853
FE ; H; 2017_2019;37;Intermédiaire des entreprises;94,5553784;99528,51687;45,33797232
FE ; H; 2017_2019;37;Ouvrier peu qualifié de type industriel ou artisanal;168,2908999;99133,80377;41,29994612
FE ; H; 2017_2019;37;Ouvrier qualifié de type industriel ou artisanal;134,5656374;99284,58997;42,14184069
FE ; H; 2017_2019;37;Policier, militaire et agent de sécurité privée;102,57785;99454,61422;43,44456322
FE ; H; 2017_2019;37;Profession de l’enseignement primaire et professionnel;55,64688041;99731,0228;46,6953603
FE ; H; 2017_2019;37;Technicien;79,02074917;99618,30905;45,6433624
FE ; H; 2017_2019;38;Agent de maîtrise de production;104,9979885;99398,79809;44,41041328
FE ; H; 2017_2019;38;Artisan;109,3901056;99363,01504;43,78659607
FE ; H; 2017_2019;38;Cadre administratif et commercial;52,05850439;99723,79463;46,15806203
FE ; H; 2017_2019;38;Cadre de la fonction publique, profession intellectuelle et artistique;40,67932389;99794,77872;47,05504304
FE ; H; 2017_2019;38;Cadre technique d'entreprise;46,42916884;99755,16583;46,50165168
FE ; H; 2017_2019;38;Commerçant et assimilé;107,5330073;99363,34789;44,17223243
FE ; H; 2017_2019;38;Conducteur du transport;118,5443802;99295,68658;42,10654407
FE ; H; 2017_2019;38;Employé administratif d'entreprise;111,574369;99352,95008;43,01492894
FE ; H; 2017_2019;38;Employé de la fonction publique;111,5504314;99352,84514;43,35313881
FE ; H; 2017_2019;38;Ensemble;122,3424634;99256,49763;42,79409496
FE ; H; 2017_2019;38;Intermédiaire des entreprises;103,2191842;99434,4073;44,38088239
FE ; H; 2017_2019;38;Ouvrier peu qualifié de type industriel ou artisanal;182,7455963;98966,9706;40,36956734
FE ; H; 2017_2019;38;Ouvrier qualifié de type industriel ou artisanal;145,2710282;99150,98703;41,19862554
FE ; H; 2017_2019;38;Policier, militaire et agent de sécurité privée;110,7821416;99352,59581;42,48917348
FE ; H; 2017_2019;38;Profession de l’enseignement primaire et professionnel;61,1973058;99675,52559;45,72135927
FE ; H; 2017_2019;38;Technicien;87,02234427;99539,58992;44,67945865
FE ; H; 2017_2019;39;Agent de maîtrise de production;112,9518578;99294,43135;43,45709233
FE ; H; 2017_2019;39;Artisan;118,5337886;99254,32173;42,83454673
FE ; H; 2017_2019;39;Cadre administratif et commercial;56,80442837;99671,87992;45,18210374
FE ; H; 2017_2019;39;Cadre de la fonction publique, profession intellectuelle et artistique;45,0406601;99754,18287;46,07419251
FE ; H; 2017_2019;39;Cadre technique d'entreprise;50,69800759;99708,85034;45,52325204
FE ; H; 2017_2019;39;Commerçant et assimilé;115,001404;99256,4995;43,21978329
FE ; H; 2017_2019;39;Conducteur du transport;127,8903075;99177,97712;41,15651825
FE ; H; 2017_2019;39;Employé administratif d'entreprise;121,8392782;99242,09765;42,06297618
FE ; H; 2017_2019;39;Employé de la fonction publique;121,5282808;99242,01661;42,40155343
FE ; H; 2017_2019;39;Ensemble;130,3499313;99135,06478;41,84651444
FE ; H; 2017_2019;39;Intermédiaire des entreprises;112,0252084;99331,77192;43,42673931
FE ; H; 2017_2019;39;Ouvrier peu qualifié de type industriel ou artisanal;197,8206552;98786,11282;39,44347601
FE ; H; 2017_2019;39;Ouvrier qualifié de type industriel ou artisanal;156,6888739;99006,94937;40,25856228
FE ; H; 2017_2019;39;Policier, militaire et agent de sécurité privée;119,8223557;99242,53088;41,5362961
FE ; H; 2017_2019;39;Profession de l’enseignement primaire et professionnel;66,84126174;99614,52686;44,74935665
FE ; H; 2017_2019;39;Technicien;95,22065761;99452,96823;43,71837363
FE ; H; 2017_2019;40;Agent de maîtrise de production;121,1587997;99182,27644;42,50623343
FE ; H; 2017_2019;40;Artisan;128,3394922;99136,67182;41,8853804
FE ; H; 2017_2019;40;Cadre administratif et commercial;61,6652464;99615,26187;44,20778376
FE ; H; 2017_2019;40;Cadre de la fonction publique, profession intellectuelle et artistique;49,61454218;99709,25293;45,09495398
FE ; H; 2017_2019;40;Cadre technique d'entreprise;55,05677277;99658,29994;44,54634313
FE ; H; 2017_2019;40;Commerçant et assimilé;123,7217383;99142,35313;42,26954387
FE ; H; 2017_2019;40;Conducteur du transport;138,2369097;99051,1381;40,20922085
FE ; H; 2017_2019;40;Employé administratif d'entreprise;133,2130498;99121,1818;41,11428793
FE ; H; 2017_2019;40;Employé de la fonction publique;132,4373956;99121,40949;41,45314601
FE ; H; 2017_2019;40;Ensemble;139,3235354;99005,84229;40,90113254
FE ; H; 2017_2019;40;Intermédiaire des entreprises;121,0737454;99220,49529;42,47544276
FE ; H; 2017_2019;40;Ouvrier peu qualifié de type industriel ou artisanal;213,7477039;98590,69349;38,52165801
FE ; H; 2017_2019;40;Ouvrier qualifié de type industriel ou artisanal;169,0454581;98851,81649;39,32174196
FE ; H; 2017_2019;40;Policier, militaire et agent de sécurité privée;129,9005434;99123,61614;40,58612557
FE ; H; 2017_2019;40;Profession de l’enseignement primaire et professionnel;72,6456316;99547,94325;43,77928769
FE ; H; 2017_2019;40;Technicien;103,6979012;99358,26846;42,76004223
FE ; H; 2017_2019;41;Agent de maîtrise de production;130,146622;99062,10839;41,55779594
FE ; H; 2017_2019;41;Artisan;139,3894827;99009,44032;40,93920496
FE ; H; 2017_2019;41;Cadre administratif et commercial;66,91790192;99553,83388;43,23506142
FE ; H; 2017_2019;41;Cadre de la fonction publique, profession intellectuelle et artistique;54,62281135;99659,78264;44,11733874
FE ; H; 2017_2019;41;Cadre technique d'entreprise;59,75184245;99603,43129;43,57088242
FE ; H; 2017_2019;41;Commerçant et assimilé;133,4013665;99019,69249;41,32190527
FE ; H; 2017_2019;41;Conducteur du transport;150,2573562;98914,21287;39,26488178
FE ; H; 2017_2019;41;Employé administratif d'entreprise;146,3448033;98989,13945;40,16913058
FE ; H; 2017_2019;41;Employé de la fonction publique;144,9011084;98990,13568;40,50811828
FE ; H; 2017_2019;41;Ensemble;149,8804716;98867,90385;39,95819695
FE ; H; 2017_2019;41;Intermédiaire des entreprises;130,8759987;99100,36532;41,52693171
FE ; H; 2017_2019;41;Ouvrier peu qualifié de type industriel ou artisanal;231,4740314;98379,95814;37,60417355
FE ; H; 2017_2019;41;Ouvrier qualifié de type industriel ou artisanal;183,1328064;98684,71199;38,38832614
FE ; H; 2017_2019;41;Policier, militaire et agent de sécurité privée;141,6580939;98994,85403;39,63891575
FE ; H; 2017_2019;41;Profession de l’enseignement primaire et professionnel;78,93284906;99475,62602;42,81111455
FE ; H; 2017_2019;41;Technicien;112,8948133;99255,23602;41,80442952
FE ; H; 2017_2019;42;Agent de maîtrise de production;140,0940194;98933,1824;40,61195249
FE ; H; 2017_2019;42;Artisan;151,9056685;98871,43158;39,99634956
FE ; H; 2017_2019;42;Cadre administratif et commercial;72,67562226;99487,21454;42,26401279
FE ; H; 2017_2019;42;Cadre de la fonction publique, profession intellectuelle et artistique;60,1606833;99605,34567;43,14145004
FE ; H; 2017_2019;42;Cadre technique d'entreprise;64,88414589;99543,91641;42,59693239
FE ; H; 2017_2019;42;Commerçant et assimilé;144,2339005;98887,59886;40,37710289
FE ; H; 2017_2019;42;Conducteur du transport;164,2455694;98765,58699;38,32396894
FE ; H; 2017_2019;42;Employé administratif d'entreprise;161,5245939;98844,27399;39,22800217
FE ; H; 2017_2019;42;Employé de la fonction publique;159,1792434;98846,69788;39,56690017
FE ; H; 2017_2019;42;Ensemble;162,5862809;98719,72017;39,01817638
FE ; H; 2017_2019;42;Intermédiaire des entreprises;141,6015552;98970,66673;40,58135172
FE ; H; 2017_2019;42;Ouvrier peu qualifié de type industriel ou artisanal;251,3420829;98152,23409;36,69141939
FE ; H; 2017_2019;42;Ouvrier qualifié de type industriel ou artisanal;199,2702301;98503,98791;37,45875674
FE ; H; 2017_2019;42;Policier, militaire et agent de sécurité privée;155,3841298;98854,6198;38,69514714
FE ; H; 2017_2019;42;Profession de l’enseignement primaire et professionnel;85,83127808;99397,10707;41,84493328
FE ; H; 2017_2019;42;Technicien;122,9689087;99143,18201;40,8516779
FE ; H; 2017_2019;43;Agent de maîtrise de production;151,3004326;98794,58293;39,66892723
FE ; H; 2017_2019;43;Artisan;166,2446592;98721,24027;39,05719872
FE ; H; 2017_2019;43;Cadre administratif et commercial;79,12496837;99414,91159;41,29475076
FE ; H; 2017_2019;43;Cadre de la fonction publique, profession intellectuelle et artistique;66,38510909;99545,42241;42,16741986
FE ; H; 2017_2019;43;Cadre technique d'entreprise;70,6205981;99479,32819;41,62458899
FE ; H; 2017_2019;43;Commerçant et assimilé;156,5385661;98744,96942;39,43542448
FE ; H; 2017_2019;43;Conducteur du transport;180,6555662;98603,36889;37,38701791
FE ; H; 2017_2019;43;Employé administratif d'entreprise;179,1939269;98684,61618;38,29146756
FE ; H; 2017_2019;43;Employé de la fonction publique;175,6763868;98689,35445;38,62998287
FE ; H; 2017_2019;43;Ensemble;178,6303384;98559,21545;38,08171789
FE ; H; 2017_2019;43;Intermédiaire des entreprises;153,5426068;98830,52272;39,63889703
FE ; H; 2017_2019;43;Ouvrier peu qualifié de type industriel ou artisanal;273,9139196;97905,53622;35,78387275
FE ; H; 2017_2019;43;Ouvrier qualifié de type industriel ou artisanal;217,9622948;98307,69878;36,53354993
FE ; H; 2017_2019;43;Policier, militaire et agent de sécurité privée;171,5208867;98701,01541;37,75536682
FE ; H; 2017_2019;43;Profession de l’enseignement primaire et professionnel;93,55386635;99311,79326;40,88088017
FE ; H; 2017_2019;43;Technicien;134,1895656;99021,26672;39,90197461
FE ; H; 2017_2019;44;Agent de maîtrise de production;163,3529398;98645,1063;38,72903743
FE ; H; 2017_2019;44;Artisan;181,9758873;98557,12148;38,12223735
FE ; H; 2017_2019;44;Cadre administratif et commercial;86,09097913;99336,24957;40,3274511
FE ; H; 2017_2019;44;Cadre de la fonction publique, profession intellectuelle et artistique;72,76824215;99479,33907;41,19543134
FE ; H; 2017_2019;44;Cadre technique d'entreprise;76,80609359;99409,07529;40,6540053
FE ; H; 2017_2019;44;Commerçant et assimilé;169,8961848;98590,39546;38,49725291
FE ; H; 2017_2019;44;Conducteur du transport;199,0992279;98425,23642;36,45468188
FE ; H; 2017_2019;44;Employé administratif d'entreprise;198,9440065;98507,77934;37,36020672
FE ; H; 2017_2019;44;Employé de la fonction publique;193,9627597;98515,98056;37,69796606
FE ; H; 2017_2019;44;Ensemble;196,3011148;98383,15879;37,14986512
FE ; H; 2017_2019;44;Intermédiaire des entreprises;166,2665043;98678,77576;38,69985322
FE ; H; 2017_2019;44;Ouvrier peu qualifié de type industriel ou artisanal;298,4557872;97637,35933;34,88215897
FE ; H; 2017_2019;44;Ouvrier qualifié de type industriel ou artisanal;238,6927673;98093,42507;35,61335323
FE ; H; 2017_2019;44;Policier, militaire et agent de sécurité privée;189,7098632;98531,72256;36,82023643
FE ; H; 2017_2019;44;Profession de l’enseignement primaire et professionnel;101,8831366;99218,88324;39,91916163
FE ; H; 2017_2019;44;Technicien;146,196265;98888,39051;38,95559084
FE ; H; 2017_2019;45;Agent de maîtrise de production;176,4046569;98483,96662;37,79240597
FE ; H; 2017_2019;45;Artisan;199,2658376;98377,77128;37,1917371
FE ; H; 2017_2019;45;Cadre administratif et commercial;93,70435493;99250,73002;39,36219931
FE ; H; 2017_2019;45;Cadre de la fonction publique, profession intellectuelle et artistique;79,23208411;99406,94971;40,22543036
FE ; H; 2017_2019;45;Cadre technique d'entreprise;83,55937658;99332,72307;39,68525405
FE ; H; 2017_2019;45;Commerçant et assimilé;184,4647025;98422,89414;37,56276959
FE ; H; 2017_2019;45;Conducteur du transport;219,8400901;98229,27253;35,52740767
FE ; H; 2017_2019;45;Employé administratif d'entreprise;220,9829708;98311,80401;36,43468077
FE ; H; 2017_2019;45;Employé de la fonction publique;214,2223971;98324,89624;36,77122818
FE ; H; 2017_2019;45;Ensemble;217,2127433;98190,03156;36,22293416
FE ; H; 2017_2019;45;Intermédiaire des entreprises;179,9100623;98514,70601;37,76430528
FE ; H; 2017_2019;45;Ouvrier peu qualifié de type industriel ou artisanal;325,2308474;97345,95498;33,98657844
FE ; H; 2017_2019;45;Ouvrier qualifié de type industriel ou artisanal;261,7400068;97859,28315;34,69856312
FE ; H; 2017_2019;45;Policier, militaire et agent de sécurité privée;210,2038053;98344,79816;35,89022082
FE ; H; 2017_2019;45;Profession de l’enseignement primaire et professionnel;110,95863;99117,79593;38,959874
FE ; H; 2017_2019;45;Technicien;159,1247287;98743,81938;38,01262584
FE ; H; 2017_2019;46;Agent de maîtrise de production;190,2137843;98310,23631;36,85919134
FE ; H; 2017_2019;46;Artisan;217,8149058;98181,73799;36,2659955
FE ; H; 2017_2019;46;Cadre administratif et commercial;101,9016237;99157,72776;38,399118
FE ; H; 2017_2019;46;Cadre de la fonction publique, profession intellectuelle et artistique;86,12350594;99328,18751;39,25732708
FE ; H; 2017_2019;46;Cadre technique d'entreprise;90,82724099;99249,72126;38,71844254
FE ; H; 2017_2019;46;Commerçant et assimilé;199,9824335;98241,33864;36,63218769
FE ; H; 2017_2019;46;Conducteur du transport;242,6298844;98013,32521;34,60568323
FE ; H; 2017_2019;46;Employé administratif d'entreprise;244,9779572;98094,55167;35,51537353
FE ; H; 2017_2019;46;Employé de la fonction publique;236,1233549;98114,26229;35,8501695
FE ; H; 2017_2019;46;Ensemble;237,8024955;97976,75029;35,30178626
FE ; H; 2017_2019;46;Intermédiaire des entreprises;194,206286;98337,46814;36,83236952
FE ; H; 2017_2019;46;Ouvrier peu qualifié de type industriel ou artisanal;353,753335;97029,3559;33,09747394
FE ; H; 2017_2019;46;Ouvrier qualifié de type industriel ou artisanal;286,7810115;97603,14626;33,78962148
FE ; H; 2017_2019;46;Policier, militaire et agent de sécurité privée;232,7591004;98138,07365;34,96582234
FE ; H; 2017_2019;46;Profession de l’enseignement primaire et professionnel;120,6852888;99007,81618;38,00315136
FE ; H; 2017_2019;46;Technicien;172,7568023;98586,69354;37,07320974
FE ; H; 2017_2019;47;Agent de maîtrise de production;205,2570106;98123,23669;35,92943622
FE ; H; 2017_2019;47;Artisan;238,113301;97967,88353;35,34516067
FE ; H; 2017_2019;47;Cadre administratif et commercial;111,0210898;99056,68443;37,43828724
FE ; H; 2017_2019;47;Cadre de la fonction publique, profession intellectuelle et artistique;93,717192;99242,64259;38,29116601
FE ; H; 2017_2019;47;Cadre technique d'entreprise;98,91618105;99159,57548;37,7536414
FE ; H; 2017_2019;47;Commerçant et assimilé;216,9319784;98044,87322;35,70559243
FE ; H; 2017_2019;47;Conducteur du transport;268,0929806;97775,51559;33,68985118
FE ; H; 2017_2019;47;Employé administratif d'entreprise;271,4426106;97854,24164;34,60259203
FE ; H; 2017_2019;47;Employé de la fonction publique;260,1652226;97882,59161;34,93502047
FE ; H; 2017_2019;47;Ensemble;261,9769799;97743,75914;34,3859349
FE ; H; 2017_2019;47;Intermédiaire des entreprises;209,6202544;98146,4906;35,90403948
FE ; H; 2017_2019;47;Ouvrier peu qualifié de type industriel ou artisanal;384,8401586;96686,11132;32,21497302
FE ; H; 2017_2019;47;Ouvrier qualifié de type industriel ou artisanal;314,5424472;97323,23897;32,8868024
FE ; H; 2017_2019;47;Policier, militaire et agent de sécurité privée;257,9577318;97909,64835;34,04739835
FE ; H; 2017_2019;47;Profession de l’enseignement primaire et professionnel;131,4380139;98888,32831;37,049071
FE ; H; 2017_2019;47;Technicien;187,5269175;98416,37832;36,13736706
FE ; H; 2017_2019;48;Agent de maîtrise de production;221,1434284;97921,83187;35,00333559
FE ; H; 2017_2019;48;Artisan;259,6254843;97734,60897;34,42952308
FE ; H; 2017_2019;48;Cadre administratif et commercial;120,9588086;98946,71062;36,47989783
FE ; H; 2017_2019;48;Cadre de la fonction publique, profession intellectuelle et artistique;101,9131034;99149,63517;37,32708508
FE ; H; 2017_2019;48;Cadre technique d'entreprise;107,7403656;99061,49061;36,79102284
FE ; H; 2017_2019;48;Commerçant et assimilé;234,8731752;97832,18254;34,78321767
FE ; H; 2017_2019;48;Conducteur du transport;295,7023316;97513,3863;32,7804141
FE ; H; 2017_2019;48;Employé administratif d'entreprise;299,6919922;97588,62353;33,69677386
FE ; H; 2017_2019;48;Employé de la fonction publique;285,7098206;97627,93514;34,02614632
FE ; H; 2017_2019;48;Ensemble;288,4506112;97487,69299;33,47625475
FE ; H; 2017_2019;48;Intermédiaire des entreprises;225,7309213;97940,75568;34,97945972
FE ; H; 2017_2019;48;Ouvrier peu qualifié de type industriel ou artisanal;417,6629268;96314,02434;31,33942813
FE ; H; 2017_2019;48;Ouvrier qualifié de type industriel ou artisanal;344,4106691;97017,11607;31,99057175
FE ; H; 2017_2019;48;Policier, militaire et agent de sécurité privée;285,2642112;97657,08285;33,13545339
FE ; H; 2017_2019;48;Profession de l’enseignement primaire et professionnel;143,0608208;98758,35146;36,09783165
FE ; H; 2017_2019;48;Technicien;203,0853861;98231,82112;35,20526168
FE ; H; 2017_2019;49;Agent de maîtrise de production;238,4338781;97705,28417;34,08091473
FE ; H; 2017_2019;49;Artisan;282,8829624;97480,86502;33,51914357
FE ; H; 2017_2019;49;Cadre administratif et commercial;132,1550112;98827,02586;35,52407692
FE ; H; 2017_2019;49;Cadre de la fonction publique, profession intellectuelle et artistique;111,0688139;99048,5887;36,36516508
FE ; H; 2017_2019;49;Cadre technique d'entreprise;117,7012138;98954,7614;35,83070437
FE ; H; 2017_2019;49;Commerçant et assimilé;254,3596635;97602,40099;33,86510645
FE ; H; 2017_2019;49;Conducteur du transport;326,1208145;97225,03694;31,87763403
FE ; H; 2017_2019;49;Employé administratif d'entreprise;330,2049286;97296,15824;32,79806395
FE ; H; 2017_2019;49;Employé de la fonction publique;313,255018;97349,00254;33,12364092
FE ; H; 2017_2019;49;Ensemble;319,9258779;97206,48914;32,57309655
FE ; H; 2017_2019;49;Intermédiaire des entreprises;243,0884595;97719,67311;34,05859781
FE ; H; 2017_2019;49;Ouvrier peu qualifié de type industriel ou artisanal;453,1414091;95911,75636;30,47087028
FE ; H; 2017_2019;49;Ouvrier qualifié de type industriel ou artisanal;377,1934886;96682,97877;31,10113147
FE ; H; 2017_2019;49;Policier, militaire et agent de sécurité privée;315,2723434;97378,50214;32,2302474
FE ; H; 2017_2019;49;Profession de l’enseignement primaire et professionnel;156,0325049;98617,06695;35,14954749
FE ; H; 2017_2019;49;Technicien;219,957038;98032,32665;34,27690391
FE ; H; 2017_2019;50;Agent de maîtrise de production;256,7058844;97472,32167;33,16236939
FE ; H; 2017_2019;50;Artisan;307,2192825;97205,10826;32,61423251
FE ; H; 2017_2019;50;Cadre administratif et commercial;144,5468263;98696,42099;34,57108589
FE ; H; 2017_2019;50;Cadre de la fonction publique, profession intellectuelle et artistique;121,1161138;98938,57661;35,40560034
FE ; H; 2017_2019;50;Cadre technique d'entreprise;128,7551226;98838,29044;34,87292724
FE ; H; 2017_2019;50;Commerçant et assimilé;274,8863067;97354,13985;32,95146529
FE ; H; 2017_2019;50;Conducteur du transport;358,6255761;96907,96586;30,98193377
FE ; H; 2017_2019;50;Employé administratif d'entreprise;362,0150784;96974,88153;31,90672357
FE ; H; 2017_2019;50;Employé de la fonction publique;341,9458673;97044,05191;32,22772844
FE ; H; 2017_2019;50;Ensemble;352,4131201;96895,50043;31,67764078
FE ; H; 2017_2019;50;Intermédiaire des entreprises;261,2395479;97482,12786;33,14159208
FE ; H; 2017_2019;50;Ouvrier peu qualifié de type industriel ou artisanal;490,2963138;95477,14048;29,60957494
FE ; H; 2017_2019;50;Ouvrier qualifié de type industriel ou artisanal;412,1184107;96318,29687;30,21888708
FE ; H; 2017_2019;50;Policier, militaire et agent de sécurité privée;347,2206077;97071,49465;31,33218182
FE ; H; 2017_2019;50;Profession de l’enseignement primaire et professionnel;170,2251982;98463,19227;34,20447792
FE ; H; 2017_2019;50;Technicien;237,7699164;97816,69765;33,35246458
FE ; H; 2017_2019;51;Agent de maîtrise de production;276,1632103;97222,10449;32,24771824
FE ; H; 2017_2019;51;Artisan;332,6869091;96906,47542;31,7147385
FE ; H; 2017_2019;51;Cadre administratif et commercial;158,4301491;98553,75845;33,62112963
FE ; H; 2017_2019;51;Cadre de la fonction publique, profession intellectuelle et artistique;132,2886064;98818,74605;34,44853423
FE ; H; 2017_2019;51;Cadre technique d'entreprise;141,1803764;98711,03108;33,91788581
FE ; H; 2017_2019;51;Commerçant et assimilé;296,6078834;97086,52665;32,04229403
FE ; H; 2017_2019;51;Conducteur du transport;393,2905579;96560,42911;30,09344281
FE ; H; 2017_2019;51;Employé administratif d'entreprise;394,9554217;96623,81784;31,0226504
FE ; H; 2017_2019;51;Employé de la fonction publique;371,7033842;96712,21378;31,33830795
FE ; H; 2017_2019;51;Ensemble;388,352064;96554,02797;30,78967176
FE ; H; 2017_2019;51;Intermédiaire des entreprises;280,3723065;97227,46599;32,2283978
FE ; H; 2017_2019;51;Ouvrier peu qualifié de type industriel ou artisanal;529,309185;95009,01958;28,75546489
FE ; H; 2017_2019;51;Ouvrier qualifié de type industriel ou artisanal;449,3578163;95921,35144;29,34394004
FE ; H; 2017_2019;51;Policier, militaire et agent de sécurité privée;381,1078911;96734,44242;30,44135268
FE ; H; 2017_2019;51;Profession de l’enseignement primaire et professionnel;185,9280447;98295,58311;33,26280184
FE ; H; 2017_2019;51;Technicien;256,7296062;97584,11897;32,43195571
FE ; H; 2017_2019;52;Agent de maîtrise de production;297,0593316;96953,6128;31,3370212
FE ; H; 2017_2019;52;Artisan;359,4851508;96584,08027;30,82060147
FE ; H; 2017_2019;52;Cadre administratif et commercial;174,0813435;98397,61958;32,67448016
FE ; H; 2017_2019;52;Cadre de la fonction publique, profession intellectuelle et artistique;144,8076994;98688,02011;33,49416608
FE ; H; 2017_2019;52;Cadre technique d'entreprise;155,2359958;98571,67048;32,96583891
FE ; H; 2017_2019;52;Commerçant et assimilé;319,7628347;96798,56036;31,13761673
FE ; H; 2017_2019;52;Conducteur du transport;430,3737448;96180,66606;29,21226479
FE ; H; 2017_2019;52;Employé administratif d'entreprise;429,1284508;96242,19683;30,14566188
FE ; H; 2017_2019;52;Employé de la fonction publique;402,6700096;96352,73121;30,4552281
FE ; H; 2017_2019;52;Ensemble;424,935679;96179,05841;29,90971025
FE ; H; 2017_2019;52;Intermédiaire des entreprises;300,7310262;96954,8671;31,31901136
FE ; H; 2017_2019;52;Ouvrier peu qualifié de type industriel ou artisanal;570,5143168;94506,12811;27,90848013
FE ; H; 2017_2019;52;Ouvrier qualifié de type industriel ou artisanal;489,2337137;95490,32135;28,47639452
FE ; H; 2017_2019;52;Policier, militaire et agent de sécurité privée;417,1424393;96365,77983;29,55781091
FE ; H; 2017_2019;52;Profession de l’enseignement primaire et professionnel;203,4182248;98112,82405;32,32476192
FE ; H; 2017_2019;52;Technicien;277,0805409;97333,59164;31,51543245
FE ; H; 2017_2019;53;Agent de maîtrise de production;320,031962;96665,60305;30,4303881
FE ; H; 2017_2019;53;Artisan;388,3014555;96236,87484;29,93179669
FE ; H; 2017_2019;53;Cadre administratif et commercial;192,0089411;98226,32768;31,73145953
FE ; H; 2017_2019;53;Cadre de la fonction publique, profession intellectuelle et artistique;159,0891767;98545,11226;32,54273855
FE ; H; 2017_2019;53;Cadre technique d'entreprise;171,3901527;98418,65176;32,01709332
FE ; H; 2017_2019;53;Commerçant et assimilé;345,0108116;96489,03454;30,23750266
FE ; H; 2017_2019;53;Conducteur du transport;470,725131;95766,72972;28,33853013
FE ; H; 2017_2019;53;Employé administratif d'entreprise;465,2510152;95829,19418;29,27558302
FE ; H; 2017_2019;53;Employé de la fonction publique;435,5531694;95964,74766;29,57835797
FE ; H; 2017_2019;53;Ensemble;464,5790691;95770,35928;29,03734967
FE ; H; 2017_2019;53;Intermédiaire des entreprises;322,9501243;96663,29373;30,41348144
FE ; H; 2017_2019;53;Ouvrier peu qualifié de type industriel ou artisanal;614,9875298;93966,95712;27,0686156
FE ; H; 2017_2019;53;Ouvrier qualifié de type industriel ou artisanal;532,718004;95023,1505;27,61639558
FE ; H; 2017_2019;53;Policier, militaire et agent de sécurité privée;456,1160384;95963,79726;28,68162557
FE ; H; 2017_2019;53;Profession de l’enseignement primaire et professionnel;223,2398146;97913,24469;31,3906504
FE ; H; 2017_2019;53;Technicien;299,428232;97063,8992;30,60299821
FE ; H; 2017_2019;54;Agent de maîtrise de production;345,8498582;96356,24222;29,52808774
FE ; H; 2017_2019;54;Artisan;419,9819581;95863,18565;29,04847535
FE ; H; 2017_2019;54;Cadre administratif et commercial;212,8438536;98037,72435;30,79250398
FE ; H; 2017_2019;54;Cadre de la fonction publique, profession intellectuelle et artistique;175,6492782;98388,33765;31,59459302
FE ; H; 2017_2019;54;Cadre technique d'entreprise;190,2250086;98249,97189;31,07206168
FE ; H; 2017_2019;54;Commerçant et assimilé;373,1526044;96156,13693;29,34218648
FE ; H; 2017_2019;54;Conducteur du transport;515,4109765;95315,93166;27,47255761
FE ; H; 2017_2019;54;Employé administratif d'entreprise;504,2397071;95383,34788;28,41242462
FE ; H; 2017_2019;54;Employé de la fonction publique;471,2415994;95546,77016;28,70775103
FE ; H; 2017_2019;54;Ensemble;509,5055003;95325,43023;28,17288077
FE ; H; 2017_2019;54;Intermédiaire des entreprises;347,7922164;96351,1195;29,51202005
FE ; H; 2017_2019;54;Ouvrier peu qualifié de type industriel ou artisanal;664,0349903;93389,07205;26,23611431
FE ; H; 2017_2019;54;Ouvrier qualifié de type industriel ou artisanal;581,0109772;94516,94507;26,76430101
FE ; H; 2017_2019;54;Policier, militaire et agent de sécurité privée;499,0307472;95526,09099;27,81304649
FE ; H; 2017_2019;54;Profession de l’enseignement primaire et professionnel;246,0645953;97694,66334;30,46088362
FE ; H; 2017_2019;54;Technicien;324,5096783;96773,26248;29,69490743
FE ; H; 2017_2019;55;Agent de maîtrise de production;375,455323;96022,9943;28,630565
FE ; H; 2017_2019;55;Artisan;455,5725446;95460,57757;28,17098824
FE ; H; 2017_2019;55;Cadre administratif et commercial;237,3820257;97829,05708;29,85818372
FE ; H; 2017_2019;55;Cadre de la fonction publique, profession intellectuelle et artistique;195,1402478;98215,51925;30,65018634
FE ; H; 2017_2019;55;Cadre technique d'entreprise;212,4768673;98063,07587;30,13128116
FE ; H; 2017_2019;55;Commerçant et assimilé;405,1724779;95797,32781;28,45208771
FE ; H; 2017_2019;55;Conducteur du transport;565,7712914;94824,66288;26,61488777
FE ; H; 2017_2019;55;Employé administratif d'entreprise;547,2507337;94902,38717;27,55641742
FE ; H; 2017_2019;55;Employé de la fonction publique;510,8448824;95096,51403;27,84367442
FE ; H; 2017_2019;55;Ensemble;557,8345152;94839,74192;27,31715825
FE ; H; 2017_2019;55;Intermédiaire des entreprises;376,188516;96016,01781;28,61501878
FE ; H; 2017_2019;55;Ouvrier peu qualifié de type industriel ou artisanal;719,256451;92768,93594;25,41149588
FE ; H; 2017_2019;55;Ouvrier qualifié de type industriel ou artisanal;635,6050189;93967,79125;25,92071331
FE ; H; 2017_2019;55;Policier, militaire et agent de sécurité privée;547,1516702;95049,38643;26,95253825
FE ; H; 2017_2019;55;Profession de l’enseignement primaire et professionnel;272,7357984;97454,27136;29,53602196
FE ; H; 2017_2019;55;Technicien;353,2346503;96459,22388;28,791584
FE ; H; 2017_2019;56;Agent de maîtrise de production;409,9346074;95662,47085;27,7384651
FE ; H; 2017_2019;56;Artisan;496,2704332;95025,68539;27,29991488
FE ; H; 2017_2019;56;Cadre administratif et commercial;266,5846521;97596,82848;28,92923034
FE ; H; 2017_2019;56;Cadre de la fonction publique, profession intellectuelle et artistique;218,3519079;98023,86124;29,71011414
FE ; H; 2017_2019;56;Cadre technique d'entreprise;239,0390697;97854,71452;29,19543948
FE ; H; 2017_2019;56;Commerçant et assimilé;442,2019329;95409,1834;27,56783672
FE ; H; 2017_2019;56;Conducteur du transport;623,3648823;94288,17216;25,76632395
FE ; H; 2017_2019;56;Employé administratif d'entreprise;595,610141;94383,03316;26,70804992
FE ; H; 2017_2019;56;Employé de la fonction publique;555,6314294;94610,71836;26,98664275
FE ; H; 2017_2019;56;Ensemble;612,4533764;94310,69311;26,47039761
FE ; H; 2017_2019;56;Intermédiaire des entreprises;409,207409;95654,81658;27,72307167
FE ; H; 2017_2019;56;Ouvrier peu qualifié de type industriel ou artisanal;782,4649323;92101,68938;24,59559384
FE ; H; 2017_2019;56;Ouvrier qualifié de type industriel ou artisanal;698,2216034;93370,52725;25,08652054
FE ; H; 2017_2019;56;Policier, militaire et agent de sécurité privée;601,9508064;94529,32212;26,10082085
FE ; H; 2017_2019;56;Profession de l’enseignement primaire et professionnel;304,2618278;97188,47868;28,61679757
FE ; H; 2017_2019;56;Technicien;386,6599089;96118,49648;27,89364637
FE ; H; 2017_2019;57;Agent de maîtrise de production;449,4627823;95270,31728;26,85264272
FE ; H; 2017_2019;57;Artisan;542,1379481;94554,10101;26,436072
FE ; H; 2017_2019;57;Cadre administratif et commercial;300,8877619;97336,65032;28,00655737
FE ; H; 2017_2019;57;Cadre de la fonction publique, profession intellectuelle et artistique;245,6516226;97809,82427;28,7751287
FE ; H; 2017_2019;57;Cadre technique d'entreprise;270,3448862;97620,80352;28,26539521
FE ; H; 2017_2019;57;Commerçant et assimilé;484,3776189;94987,28215;26,69028369
FE ; H; 2017_2019;57;Conducteur du transport;688,3338085;93700,41281;24,92794968
FE ; H; 2017_2019;57;Employé administratif d'entreprise;649,260526;93820,87824;25,86807893
FE ; H; 2017_2019;57;Employé de la fonction publique;605,5837073;94085,03147;26,13742682
FE ; H; 2017_2019;57;Ensemble;671,7290738;93733,08408;25,63351547
FE ; H; 2017_2019;57;Intermédiaire des entreprises;447,0052989;95263,38998;26,83698267
FE ; H; 2017_2019;57;Ouvrier peu qualifié de type industriel ou artisanal;853,655077;91381,02596;23,78956348
FE ; H; 2017_2019;57;Ouvrier qualifié de type industriel ou artisanal;768,9837095;92718,59406;24,26291165
FE ; H; 2017_2019;57;Policier, militaire et agent de sécurité privée;663,5282922;93960,3021;25,25888643
FE ; H; 2017_2019;57;Profession de l’enseignement primaire et professionnel;341,027825;96892,77124;27,70413329
FE ; H; 2017_2019;57;Technicien;424,993802;95746,84479;27,00191856
FE ; H; 2017_2019;58;Agent de maîtrise de production;495,0337098;94842,11266;25,97388028
FE ; H; 2017_2019;58;Artisan;594,1966938;94041,48734;25,5801732
FE ; H; 2017_2019;58;Cadre administratif et commercial;341,3023862;97043,77625;27,09107999
FE ; H; 2017_2019;58;Cadre de la fonction publique, profession intellectuelle et artistique;277,8942191;97569,55285;27,84598934
FE ; H; 2017_2019;58;Cadre technique d'entreprise;307,3549224;97356,89067;27,3420164
FE ; H; 2017_2019;58;Commerçant et assimilé;532,7060087;94527,18501;25,82019471
FE ; H; 2017_2019;58;Conducteur du transport;761,9987235;93055,44119;24,10072647
FE ; H; 2017_2019;58;Employé administratif d'entreprise;709,2735019;93211,73632;25,03712772
FE ; H; 2017_2019;58;Employé de la fonction publique;661,7445062;93515,26785;25,2966752
FE ; H; 2017_2019;58;Ensemble;739,1785987;93103,45171;24,8068677
FE ; H; 2017_2019;58;Intermédiaire des entreprises;490,5619983;94837,55758;25,95748405
FE ; H; 2017_2019;58;Ouvrier peu qualifié de type industriel ou artisanal;934,3000727;90600,94719;22,99439284
FE ; H; 2017_2019;58;Ouvrier qualifié de type industriel ou artisanal;849,3284479;92005,60317;23,45093536
FE ; H; 2017_2019;58;Policier, militaire et agent de sécurité privée;733,1237035;93336,84892;24,42760578
FE ; H; 2017_2019;58;Profession de l’enseignement primaire et professionnel;384,057071;96562,33993;26,7989354
FE ; H; 2017_2019;58;Technicien;471,6353349;95339,92663;26,11716483
FE ; H; 2017_2019;59;Agent de maîtrise de production;546,7537051;94372,61223;25,10309942
FE ; H; 2017_2019;59;Artisan;652,3687167;93482,69594;24,7330783
FE ; H; 2017_2019;59;Cadre administratif et commercial;388,2736151;96712,56352;26,18385915
FE ; H; 2017_2019;59;Cadre de la fonction publique, profession intellectuelle et artistique;315,4977928;97298,4127;26,92358737
FE ; H; 2017_2019;59;Cadre technique d'entreprise;350,5343879;97057,65947;26,42631252
FE ; H; 2017_2019;59;Commerçant et assimilé;587,2236927;94023,63302;24,95847708
FE ; H; 2017_2019;59;Conducteur du transport;844,239714;92346,35992;23,28578383
FE ; H; 2017_2019;59;Employé administratif d'entreprise;775,3859239;92550,61017;24,21597797
FE ; H; 2017_2019;59;Employé de la fonction publique;723,9181047;92896,4357;24,4651897
FE ; H; 2017_2019;59;Ensemble;810,0965694;92415,25092;23,99160027
FE ; H; 2017_2019;59;Intermédiaire des entreprises;539,9866053;94372,32056;25,08544935
FE ; H; 2017_2019;59;Ouvrier peu qualifié de type industriel ou artisanal;1024,098469;89754,46248;22,21125561
FE ; H; 2017_2019;59;Ouvrier qualifié de type industriel ou artisanal;939,0757859;91224,17341;22,65181697
FE ; H; 2017_2019;59;Policier, militaire et agent de sécurité privée;810,594462;92652,57435;23,60801296
FE ; H; 2017_2019;59;Profession de l’enseignement primaire et professionnel;433,7174447;96191,48543;25,90225541
FE ; H; 2017_2019;59;Technicien;524,4588518;94890,26985;25,24092631
FE ; H; 2017_2019;60;Agent de maîtrise de production;604,6395937;93856,62648;24,2411061
FE ; H; 2017_2019;60;Artisan;716,4565827;92872,84407;23,89548868
FE ; H; 2017_2019;60;Cadre administratif et commercial;442,1569433;96337,05416;25,28592044
FE ; H; 2017_2019;60;Cadre de la fonction publique, profession intellectuelle et artistique;358,8456698;96991,43836;26,00879954
FE ; H; 2017_2019;60;Cadre technique d'entreprise;400,2793187;96717,439;25,51927169
FE ; H; 2017_2019;60;Commerçant et assimilé;647,8616418;93471,50397;24,1059049
FE ; H; 2017_2019;60;Conducteur du transport;934,694414;91566,73527;22,48404547
FE ; H; 2017_2019;60;Employé administratif d'entreprise;847,1905051;91832,98577;23,40521255
FE ; H; 2017_2019;60;Employé de la fonction publique;791,7781954;92223,94159;23,6435891
FE ; H; 2017_2019;60;Ensemble;888,7733629;91666,59814;23,18754272
FE ; H; 2017_2019;60;Intermédiaire des entreprises;595,3243654;93862,72267;24,22164285
FE ; H; 2017_2019;60;Ouvrier peu qualifié de type industriel ou artisanal;1122,512861;88835,2884;21,44107431
FE ; H; 2017_2019;60;Ouvrier qualifié de type industriel ou artisanal;1037,771517;90367,50929;21,86655121
FE ; H; 2017_2019;60;Policier, militaire et agent de sécurité privée;895,5826428;91901,53771;22,80094208
FE ; H; 2017_2019;60;Profession de l’enseignement primaire et professionnel;490,2783164;95774,28618;25,01508738
FE ; H; 2017_2019;60;Technicien;583,5118681;94392,60943;24,37400252
FE ; H; 2017_2019;61;Agent de maîtrise de production;667,8115284;93289,13215;23,38856904
FE ; H; 2017_2019;61;Artisan;785,2075996;92207,45047;23,06792492
FE ; H; 2017_2019;61;Cadre administratif et commercial;502,5785232;95911,09318;24,39822044
FE ; H; 2017_2019;61;Cadre de la fonction publique, profession intellectuelle et artistique;407,7781311;96643,38878;25,10246711
FE ; H; 2017_2019;61;Cadre technique d'entreprise;456,3352262;96330,29909;24,62183058
FE ; H; 2017_2019;61;Commerçant et assimilé;713,5864504;92865,93795;23,2630962
FE ; H; 2017_2019;61;Conducteur du transport;1031,512335;90710,86611;21,69618545
FE ; H; 2017_2019;61;Employé administratif d'entreprise;923,0503995;91054,98543;22,60519351
FE ; H; 2017_2019;61;Employé de la fonction publique;863,8480306;91493,73252;22,83228796
FE ; H; 2017_2019;61;Ensemble;971,591379;90851,88983;22,39547547
FE ; H; 2017_2019;61;Intermédiaire des entreprises;655,7711052;93303,93501;23,36670377
FE ; H; 2017_2019;61;Ouvrier peu qualifié de type industriel ou artisanal;1227,300001;87838,10086;20,68448545
FE ; H; 2017_2019;61;Ouvrier qualifié de type industriel ou artisanal;1143,302906;89429,70102;21,09585571
FE ; H; 2017_2019;61;Policier, militaire et agent de sécurité privée;986,3319669;91078,48349;22,00698868
FE ; H; 2017_2019;61;Profession de l’enseignement primaire et professionnel;553,2166963;95304,72562;24,13833519
FE ; H; 2017_2019;61;Technicien;647,9954651;93841,81735;23,51706249
FE ; H; 2017_2019;62;Agent de maîtrise de production;735,7817697;92666,13657;22,54581068
FE ; H; 2017_2019;62;Artisan;857,8704263;91483,43056;22,25048953
FE ; H; 2017_2019;62;Cadre administratif et commercial;569,3114352;95429,06463;23,52146003
FE ; H; 2017_2019;62;Cadre de la fonction publique, profession intellectuelle et artistique;462,3128453;96249,29817;24,20524861
FE ; H; 2017_2019;62;Cadre technique d'entreprise;518,5852007;95890,71;23,73470375
FE ; H; 2017_2019;62;Commerçant et assimilé;783,7908095;92203,2592;22,43029158
FE ; H; 2017_2019;62;Conducteur du transport;1133,363947;89775,17234;20,92231685
FE ; H; 2017_2019;62;Employé administratif d'entreprise;1001,967885;90214,50202;21,8157948
FE ; H; 2017_2019;62;Employé de la fonction publique;939,239349;90703,36572;22,0312429
FE ; H; 2017_2019;62;Ensemble;1056,265441;89969,1807;21,61520283
FE ; H; 2017_2019;62;Intermédiaire des entreprises;720,9512736;92692,07477;22,52094735
FE ; H; 2017_2019;62;Ouvrier peu qualifié de type industriel ou artisanal;1336,953109;86760,06385;19,94150049
FE ; H; 2017_2019;62;Ouvrier qualifié de type industriel ou artisanal;1254,129415;88407,24865;20,33983466
FE ; H; 2017_2019;62;Policier, militaire et agent de sécurité privée;1081,624216;90180,1473;21,22621292
FE ; H; 2017_2019;62;Profession de l’enseignement primaire et professionnel;622,2107378;94777,48397;23,27261535
FE ; H; 2017_2019;62;Technicien;717,4799271;93233,72663;22,6704459
FE ; H; 2017_2019;63;Agent de maîtrise de production;807,1703728;91984,31603;21,71292827
FE ; H; 2017_2019;63;Artisan;932,7047715;90698,62126;21,44302157
FE ; H; 2017_2019;63;Cadre administratif et commercial;641,2715709;94885,77605;22,65613712
FE ; H; 2017_2019;63;Cadre de la fonction publique, profession intellectuelle et artistique;521,8344719;95804,32531;23,31767233
FE ; H; 2017_2019;63;Cadre technique d'entreprise;586,1334139;95393,43497;22,85843003
FE ; H; 2017_2019;63;Commerçant et assimilé;856,9285089;91480,57852;21,60748699
FE ; H; 2017_2019;63;Conducteur du transport;1237,490368;88757,6929;20,16216115
FE ; H; 2017_2019;63;Employé administratif d'entreprise;1081,850182;89310,58169;21,03659439
FE ; H; 2017_2019;63;Employé de la fonction publique;1016,023466;89851,44402;21,24013096
FE ; H; 2017_2019;63;Ensemble;1139,857977;89018,86734;20,8459541
FE ; H; 2017_2019;63;Intermédiaire des entreprises;789,6590776;92023,81008;21,68449148
FE ; H; 2017_2019;63;Ouvrier peu qualifié de type industriel ou artisanal;1448,377856;85600,12248;19,21172173
FE ; H; 2017_2019;63;Ouvrier qualifié de type industriel ou artisanal;1367,117718;87298,50734;19,59816227
FE ; H; 2017_2019;63;Policier, militaire et agent de sécurité privée;1178,919061;89204,73699;20,45831121
FE ; H; 2017_2019;63;Profession de l’enseignement primaire et professionnel;696,0495921;94187,76828;22,41832669
FE ; H; 2017_2019;63;Technicien;790,6651053;92564,79336;21,83427726
FE ; H; 2017_2019;64;Agent de maîtrise de production;881,6824929;91241,84589;20,88961475
FE ; H; 2017_2019;64;Artisan;1009,302049;89852,67089;20,64490463
FE ; H; 2017_2019;64;Cadre administratif et commercial;718,0161278;94277,30054;21,80236219
FE ; H; 2017_2019;64;Cadre de la fonction publique, profession intellectuelle et artistique;586,3133075;95304,38531;22,43999028
FE ; H; 2017_2019;64;Cadre technique d'entreprise;658,6648313;94834,30218;21,99320087
FE ; H; 2017_2019;64;Commerçant et assimilé;932,6268594;90696,65537;20,79424811
FE ; H; 2017_2019;64;Conducteur du transport;1342,781791;87659,325;19,41479224
FE ; H; 2017_2019;64;Employé administratif d'entreprise;1162,231645;88344,37499;20,26666788
FE ; H; 2017_2019;64;Employé de la fonction publique;1093,778982;88938,53226;20,45815081
FE ; H; 2017_2019;64;Ensemble;1221,173495;88004,17868;20,08630806
FE ; H; 2017_2019;64;Intermédiaire des entreprises;867,314027;91297,13571;20,85708796
FE ; H; 2017_2019;64;Ouvrier peu qualifié de type industriel ou artisanal;1560,517004;84360,30926;18,49406951
FE ; H; 2017_2019;64;Ouvrier qualifié de type industriel ou artisanal;1480,946762;86105,03397;18,86980591
FE ; H; 2017_2019;64;Policier, militaire et agent de sécurité privée;1277,293654;88153,08534;19,70237546
FE ; H; 2017_2019;64;Profession de l’enseignement primaire et professionnel;774,2845484;93532,17471;21,57546311
FE ; H; 2017_2019;64;Technicien;867,314027;91832,91584;21,00828912
FE ; H; 2017_2019;65;Agent de maîtrise de production;959,8122269;90437,38251;20,07543316
FE ; H; 2017_2019;65;Artisan;1088,198755;88945,78605;19,8553986
FE ; H; 2017_2019;65;Cadre administratif et commercial;799,5895001;93600,37432;20,96003881
FE ; H; 2017_2019;65;Cadre de la fonction publique, profession intellectuelle et artistique;656,1888282;94745,60302;21,57233488
FE ; H; 2017_2019;65;Cadre technique d'entreprise;736,3122158;94209,66198;21,13902282
FE ; H; 2017_2019;65;Commerçant et assimilé;1011,357508;89850,794;19,99000655
FE ; H; 2017_2019;65;Conducteur du transport;1449,307243;86482,25155;18,67903879
FE ; H; 2017_2019;65;Employé administratif d'entreprise;1243,782234;87317,60871;19,50498328
FE ; H; 2017_2019;65;Employé de la fonction publique;1173,14079;87965,74129;19,68439234
FE ; H; 2017_2019;65;Ensemble;1299,003048;86929,49497;19,33462916
FE ; H; 2017_2019;65;Intermédiaire des entreprises;947,9896726;90505,30284;20,03956707
FE ; H; 2017_2019;65;Ouvrier peu qualifié de type industriel ou artisanal;1673,721653;83043,85229;17,78724771
FE ; H; 2017_2019;65;Ouvrier qualifié de type industriel ou artisanal;1595,573917;84829,86426;18,15345843
FE ; H; 2017_2019;65;Policier, militaire et agent de sécurité privée;1376,981434;87027,11157;18,95728864
FE ; H; 2017_2019;65;Profession de l’enseignement primaire et professionnel;857,0427845;92807,96953;20,74382217
FE ; H; 2017_2019;65;Technicien;947,9896726;91036,43608;20,1920911
FE ; H; 2017_2019;66;Agent de maîtrise de production;1043,217786;89569,35345;19,26998697
FE ; H; 2017_2019;66;Artisan;1171,255939;87977,87911;19,07384189
FE ; H; 2017_2019;66;Cadre administratif et commercial;886,9041744;92851,95556;20,12898395
FE ; H; 2017_2019;66;Cadre de la fonction publique, profession intellectuelle et artistique;732,6962167;94123,89295;20,71482514
FE ; H; 2017_2019;66;Cadre technique d'entreprise;820,0158888;93515,98473;20,2958266
FE ; H; 2017_2019;66;Commerçant et assimilé;1094,815349;88942,08125;19,19424254
FE ; H; 2017_2019;66;Conducteur du transport;1558,834863;85228,85801;17,95373667
FE ; H; 2017_2019;66;Employé administratif d'entreprise;1328,696072;86231,56781;18,75063821
FE ; H; 2017_2019;66;Employé de la fonction publique;1256,179725;86933,7793;18,91805922
FE ; H; 2017_2019;66;Ensemble;1378,656865;85800,27818;18,58909207
FE ; H; 2017_2019;66;Intermédiaire des entreprises;1034,442324;89647,32192;19,23135826
FE ; H; 2017_2019;66;Ouvrier peu qualifié de type industriel ou artisanal;1790,298673;81653,92935;17,09002436
FE ; H; 2017_2019;66;Ouvrier qualifié de type industriel ou artisanal;1712,797877;83476,34107;17,44780683
FE ; H; 2017_2019;66;Policier, militaire et agent de sécurité privée;1479,855938;85828,7644;18,22197162
FE ; H; 2017_2019;66;Profession de l’enseignement primaire et professionnel;945,4181418;92012,56552;19,92314245
FE ; H; 2017_2019;66;Technicien;1034,442324;90173,42006;19,38534204
FE ; H; 2017_2019;67;Agent de maîtrise de production;1132,739187;88634,95003;18,47313417
FE ; H; 2017_2019;67;Artisan;1259,355453;86947,43298;18,29989304
FE ; H; 2017_2019;67;Cadre administratif et commercial;980,3004388;92028,44769;19,30910626
FE ; H; 2017_2019;67;Cadre de la fonction publique, profession intellectuelle et artistique;816,5612708;93434,25075;19,86772215
FE ; H; 2017_2019;67;Cadre technique d'entreprise;910,1925627;92749,1388;19,46363163
FE ; H; 2017_2019;67;Commerçant et assimilé;1183,824046;87968,32969;18,40671018
FE ; H; 2017_2019;67;Conducteur du transport;1671,936323;83900,28086;17,23803756
FE ; H; 2017_2019;67;Employé administratif d'entreprise;1417,970989;85085,81235;18,00313208
FE ; H; 2017_2019;67;Employé de la fonction publique;1343,859831;85841,73479;18,15872727
FE ; H; 2017_2019;67;Ensemble;1464,160147;84617,38676;17,84895447
FE ; H; 2017_2019;67;Intermédiaire des entreprises;1127,558148;88719,97208;18,43237497
FE ; H; 2017_2019;67;Ouvrier peu qualifié de type industriel ou artisanal;1911,082978;80192,08014;16,40156434
FE ; H; 2017_2019;67;Ouvrier qualifié de type industriel ou artisanal;1833,137121;82046,56008;16,75186031
FE ; H; 2017_2019;67;Policier, militaire et agent de sécurité privée;1586,605613;84558,62234;17,49568106
FE ; H; 2017_2019;67;Profession de l’enseignement primaire et professionnel;1039,856829;91142,66204;19,11329721
FE ; H; 2017_2019;67;Technicien;1127,558148;89240,62804;18,58796827
FE ; H; 2017_2019;68;Agent de maîtrise de production;1231,279799;87630,94721;17,68478404
FE ; H; 2017_2019;68;Artisan;1355,60853;85852,45574;17,53329307
FE ; H; 2017_2019;68;Cadre administratif et commercial;1082,083709;91126,29241;18,50026747
FE ; H; 2017_2019;68;Cadre de la fonction publique, profession intellectuelle et artistique;910,0531868;92671,30285;19,0312899
FE ; H; 2017_2019;68;Cadre technique d'entreprise;1009,085456;91904,94303;18,64241543
FE ; H; 2017_2019;68;Commerçant et assimilé;1281,353869;86926,93945;17,62722374
FE ; H; 2017_2019;68;Conducteur du transport;1792,284092;82497,52159;16,53114717
FE ; H; 2017_2019;68;Employé administratif d'entreprise;1515,01662;83879,32022;17,26208312
FE ; H; 2017_2019;68;Employé de la fonction publique;1439,459151;84688,14219;17,40607917
FE ; H; 2017_2019;68;Ensemble;1560,820173;83378,45271;17,114175
FE ; H; 2017_2019;68;Intermédiaire des entreprises;1230,180263;87719,6028;17,64258091
FE ; H; 2017_2019;68;Ouvrier peu qualifié de type industriel ou artisanal;2040,349509;78659,54294;15,7211188
FE ; H; 2017_2019;68;Ouvrier qualifié de type industriel ou artisanal;1960,566641;80542,53413;16,06467928
FE ; H; 2017_2019;68;Policier, militaire et agent de sécurité privée;1700,793735;83217,01049;16,77774374
FE ; H; 2017_2019;68;Profession de l’enseignement primaire et professionnel;1142,827601;90194,90884;18,31413658
FE ; H; 2017_2019;68;Technicien;1230,180263;88234,38807;17,79994862
FE ; H; 2017_2019;69;Agent de maîtrise de production;1339,692615;86551,96506;16,90524774
FE ; H; 2017_2019;69;Artisan;1460,796255;84688,63252;16,77424222
FE ; H; 2017_2019;69;Cadre administratif et commercial;1192,823503;90140,22964;17,70264575
FE ; H; 2017_2019;69;Cadre de la fonction publique, profession intellectuelle et artistique;1014,019077;91827,9447;18,20607541
FE ; H; 2017_2019;69;Cadre technique d'entreprise;1117,344636;90977,54362;17,83245096
FE ; H; 2017_2019;69;Commerçant et assimilé;1388,213555;85813,09775;16,85602257
FE ; H; 2017_2019;69;Conducteur du transport;1920,413195;81018,93163;15,83283948
FE ; H; 2017_2019;69;Employé administratif d'entreprise;1620,5641;82608,53458;16,52762963
FE ; H; 2017_2019;69;Employé de la fonction publique;1543,736688;83469,09098;16,66029186
FE ; H; 2017_2019;69;Ensemble;1661,345258;82077,065;16,38553189
FE ; H; 2017_2019;69;Intermédiaire des entreprises;1343,089939;86640,49356;16,86231964
FE ; H; 2017_2019;69;Ouvrier peu qualifié de type industriel ou artisanal;2178,736356;77054,61335;15,04856563
FE ; H; 2017_2019;69;Ouvrier qualifié de type industriel ou artisanal;2095,611372;78963,44407;15,38593649
FE ; H; 2017_2019;69;Policier, militaire et agent de sécurité privée;1823,001874;81801,66079;16,06803582
FE ; H; 2017_2019;69;Profession de l’enseignement primaire et professionnel;1254,936524;89164,13653;17,52585516
FE ; H; 2017_2019;69;Technicien;1343,089939;87148,94604;17,02164737
FE ; H; 2017_2019;70;Agent de maîtrise de production;1468,784851;85392,43478;16,13480141
FE ; H; 2017_2019;70;Artisan;1577,593664;83451,50415;16,02291228
FE ; H; 2017_2019;70;Cadre administratif et commercial;1314,620832;89065,0158;16,91635626
FE ; H; 2017_2019;70;Cadre de la fonction publique, profession intellectuelle et artistique;1130,617849;90896,79182;17,39257967
FE ; H; 2017_2019;70;Cadre technique d'entreprise;1237,065227;89961,01092;17,03395236
FE ; H; 2017_2019;70;Commerçant et assimilé;1507,020597;84621,82869;16,09331428
FE ; H; 2017_2019;70;Conducteur du transport;2059,288855;79463,03338;15,14284888
FE ; H; 2017_2019;70;Employé administratif d'entreprise;1737,420833;81269,81032;15,79988249
FE ; H; 2017_2019;70;Employé de la fonction publique;1659,440813;82180,548;15,9215155
FE ; H; 2017_2019;70;Ensemble;1777,208713;80713,48157;15,66235107
FE ; H; 2017_2019;70;Intermédiaire des entreprises;1468,784851;85476,83381;16,09187895
FE ; H; 2017_2019;70;Ouvrier peu qualifié de type industriel ou artisanal;2329,618599;75375,79647;14,38373669
FE ; H; 2017_2019;70;Ouvrier qualifié de type industriel ou artisanal;2241,443761;77308,67716;14,71526742
FE ; H; 2017_2019;70;Policier, militaire et agent de sécurité privée;1956,121853;80310,41498;15,36639552
FE ; H; 2017_2019;70;Profession de l’enseignement primaire et professionnel;1378,395342;88045,18321;16,74858869
FE ; H; 2017_2019;70;Technicien;1468,784851;85978,45732;16,25337573
FE ; H; 2017_2019;71;Agent de maîtrise de production;1607,161912;84138,20363;15,37531962
FE ; H; 2017_2019;71;Artisan;1705,897658;82134,97851;15,27974044
FE ; H; 2017_2019;71;Cadre administratif et commercial;1447,273291;87894,14855;16,14170468
FE ; H; 2017_2019;71;Cadre de la fonction publique, profession intellectuelle et artistique;1260,045748;89869,09647;16,59147199
FE ; H; 2017_2019;71;Cadre technique d'entreprise;1368,19313;88848,13453;16,24731287
FE ; H; 2017_2019;71;Commerçant et assimilé;1637,757682;83346,56031;15,33955473
FE ; H; 2017_2019;71;Conducteur du transport;2208,157521;77826,65999;14,46124048
FE ; H; 2017_2019;71;Employé administratif d'entreprise;1865,290403;79857,81171;15,07924667
FE ; H; 2017_2019;71;Employé de la fonction publique;1786,374528;80816,81045;15,19018199
FE ; H; 2017_2019;71;Ensemble;1900,055404;79279,03454;14,94574016
FE ; H; 2017_2019;71;Intermédiaire des entreprises;1607,161912;84221,36303;15,33175733
FE ; H; 2017_2019;71;Ouvrier peu qualifié de type industriel ou artisanal;2492,133709;73619,8279;13,72681532
FE ; H; 2017_2019;71;Ouvrier qualifié de type industriel ou artisanal;2397,175262;75575,84664;14,05266443
FE ; H; 2017_2019;71;Policier, militaire et agent de sécurité privée;2099,51957;78739,4454;14,67297807
FE ; H; 2017_2019;71;Profession de l’enseignement primaire et professionnel;1512,987575;86831,57251;15,98267712
FE ; H; 2017_2019;71;Technicien;1607,161912;84715,61876;15,4956615
FE ; H; 2017_2019;72;Agent de maîtrise de production;1761,823213;82785,96647;14,62646217
FE ; H; 2017_2019;72;Artisan;1849,637182;80733,83983;14,54492088
FE ; H; 2017_2019;72;Cadre administratif et commercial;1593,911861;86622,08001;15,37874995
FE ; H; 2017_2019;72;Cadre de la fonction publique, profession intellectuelle et artistique;1405,365334;88736,70474;15,8032
FE ; H; 2017_2019;72;Cadre technique d'entreprise;1513,825981;87632,52046;15,47269109
FE ; H; 2017_2019;72;Commerçant et assimilé;1784,270816;81981,54561;14,59496243
FE ; H; 2017_2019;72;Conducteur du transport;2371,426923;76108,12474;13,78777791
FE ; H; 2017_2019;72;Employé administratif d'entreprise;2008,280693;78368,23161;14,36586467
FE ; H; 2017_2019;72;Employé de la fonction publique;1928,565109;79373,11953;14,46647109
FE ; H; 2017_2019;72;Ensemble;2045,03065;77772,68896;14,23521773
FE ; H; 2017_2019;72;Intermédiaire des entreprises;1761,823213;82867,78936;14,58218832
FE ; H; 2017_2019;72;Ouvrier peu qualifié de type industriel ou artisanal;2671,233442;71785,12335;13,07764916
FE ; H; 2017_2019;72;Ouvrier qualifié de type industriel ou artisanal;2567,525271;73764,16114;13,39780505
FE ; H; 2017_2019;72;Policier, militaire et agent de sécurité privée;2257,472005;77086,29534;13,98764664
FE ; H; 2017_2019;72;Profession de l’enseignement primaire et professionnel;1661,981797;85517,82161;15,22820789
FE ; H; 2017_2019;72;Technicien;1761,823213;83354,1016;14,74876973
FE ; H; 2017_2019;73;Agent de maîtrise de production;1933,568103;81327,4241;13,88877608
FE ; H; 2017_2019;73;Artisan;2009,831398;79240,55671;13,81901896
FE ; H; 2017_2019;73;Cadre administratif et commercial;1755,173637;85241,4004;14,62784401
FE ; H; 2017_2019;73;Cadre de la fonction publique, profession intellectuelle et artistique;1567,460485;87489,62986;15,0284584
FE ; H; 2017_2019;73;Cadre technique d'entreprise;1674,722841;86305,9166;14,71052104
FE ; H; 2017_2019;73;Commerçant et assimilé;1947,627944;80518,77282;13,86010698
FE ; H; 2017_2019;73;Conducteur du transport;2549,607821;74303,27618;13,12268712
FE ; H; 2017_2019;73;Employé administratif d'entreprise;2167,270465;76794,37754;13,66028433
FE ; H; 2017_2019;73;Employé de la fonction publique;2086,970303;77842,35724;13,75095282
FE ; H; 2017_2019;73;Ensemble;2201,954647;76182,21363;13,53240997
FE ; H; 2017_2019;73;Intermédiaire des entreprises;1933,568103;81407,80541;13,84370822
FE ; H; 2017_2019;73;Ouvrier peu qualifié de type industriel ou artisanal;2867,439505;69867,57513;12,43657135
FE ; H; 2017_2019;73;Ouvrier qualifié de type industriel ou artisanal;2752,967808;71870,24766;12,7508619
FE ; H; 2017_2019;73;Policier, militaire et agent de sécurité privée;2430,562228;75346,0938;13,31070684
FE ; H; 2017_2019;73;Profession de l’enseignement primaire et professionnel;1826,024579;84096,53098;14,48557533
FE ; H; 2017_2019;73;Technicien;1933,568103;81885,54969;14,01327713
FE ; H; 2017_2019;74;Agent de maîtrise de production;2125,861757;79754,90296;13,16261999
FE ; H; 2017_2019;74;Artisan;2190,416553;77647,95513;13,10245452
FE ; H; 2017_2019;74;Cadre administratif et commercial;1934,135803;83745,26582;13,88917488
FE ; H; 2017_2019;74;Cadre de la fonction publique, profession intellectuelle et artistique;1749,32761;86118,26448;14,26777474
FE ; H; 2017_2019;74;Cadre technique d'entreprise;1853,974772;84860,5317;13,96107763
FE ; H; 2017_2019;74;Commerçant et assimilé;2131,716762;78950,5667;13,13541222
FE ; H; 2017_2019;74;Conducteur du transport;2746,810758;72408,83404;12,46601776
FE ; H; 2017_2019;74;Employé administratif d'entreprise;2346,267477;75130,03568;12,9628981
FE ; H; 2017_2019;74;Employé de la fonction publique;2265,574238;76217,81036;13,04404793
FE ; H; 2017_2019;74;Ensemble;2386,893882;74504,71584;12,83709656
FE ; H; 2017_2019;74;Intermédiaire des entreprises;2125,861757;79833,73005;13,11666352
FE ; H; 2017_2019;74;Ouvrier peu qualifié de type industriel ou artisanal;3085,299168;67864,16468;11,80370998
FE ; H; 2017_2019;74;Ouvrier qualifié de type industriel ou artisanal;2957,864157;69891,68288;12,11182626
FE ; H; 2017_2019;74;Policier, militaire et agent de sécurité privée;2622,812786;73514,7601;12,64229122
FE ; H; 2017_2019;74;Profession de l’enseignement primaire et professionnel;2008,29404;82560,90765;13,75500535
FE ; H; 2017_2019;74;Technicien;2125,861757;80302,23682;13,28957581
FE ; H; 2017_2019;75;Agent de maîtrise de production;2340,725323;78059,42398;12,44851686
FE ; H; 2017_2019;75;Artisan;2393,97628;75947,14146;12,3958801
FE ; H; 2017_2019;75;Cadre administratif et commercial;2132,610448;82125,51865;13,16310864
FE ; H; 2017_2019;75;Cadre de la fonction publique, profession intellectuelle et artistique;1952,779312;84611,7739;13,52180874
FE ; H; 2017_2019;75;Cadre technique d'entreprise;2053,485157;83287,23885;13,22480186
FE ; H; 2017_2019;75;Commerçant et assimilé;2339,122663;77267,56424;12,42152103
FE ; H; 2017_2019;75;Conducteur du transport;2965,248753;70419,9004;11,8181069
FE ; H; 2017_2019;75;Employé administratif d'entreprise;2547,769532;73367,28409;12,27434985
FE ; H; 2017_2019;75;Employé de la fonction publique;2466,935621;74491,03929;12,34642101
FE ; H; 2017_2019;75;Ensemble;2595,618338;72726,36734;12,1509969
FE ; H; 2017_2019;75;Intermédiaire des entreprises;2340,725323;78136,57531;12,40156221
FE ; H; 2017_2019;75;Ouvrier peu qualifié de type industriel ou artisanal;3327,186245;65770,35217;11,17948349
FE ; H; 2017_2019;75;Ouvrier qualifié de type industriel ou artisanal;3184,511022;67824,38184;11,4809972
FE ; H; 2017_2019;75;Policier, militaire et agent de sécurité privée;2836,454386;71586,60558;11,98280591
FE ; H; 2017_2019;75;Profession de l’enseignement primaire et professionnel;2210,633309;80902,84186;13,03690773
FE ; H; 2017_2019;75;Technicien;2340,725323;78595,12228;12,57823022
FE ; H; 2017_2019;76;Agent de maîtrise de production;2581,816443;76232,26728;11,74688646
FE ; H; 2017_2019;76;Artisan;2624,999281;74128,98491;11,699913
FE ; H; 2017_2019;76;Cadre administratif et commercial;2353,956993;80374,10126;12,44994354
FE ; H; 2017_2019;76;Cadre de la fonction publique, profession intellectuelle et artistique;2180,926647;82959,49268;12,79111886
FE ; H; 2017_2019;76;Cadre technique d'entreprise;2276,655425;81576,94776;12,50206476
FE ; H; 2017_2019;76;Commerçant et assimilé;2574,28328;75460,18113;11,71903486
FE ; H; 2017_2019;76;Conducteur du transport;3209,327282;68331,77518;11,17925202
FE ; H; 2017_2019;76;Employé administratif d'entreprise;2776,269398;71498,05478;11,59524773
FE ; H; 2017_2019;76;Employé de la fonction publique;2695,568561;72653,3933;11,65870306
FE ; H; 2017_2019;76;Ensemble;2837,060854;70838,66841;11,47479497
FE ; H; 2017_2019;76;Intermédiaire des entreprises;2583,118962;76307,61271;11,69880639
FE ; H; 2017_2019;76;Ouvrier peu qualifié de type industriel ou artisanal;3597,891833;63582,05006;10,56424754
FE ; H; 2017_2019;76;Ouvrier qualifié de type industriel ou artisanal;3437,554689;65664,50693;10,8586368
FE ; H; 2017_2019;76;Policier, militaire et agent de sécurité privée;3075,829098;69556,08416;11,33261491
FE ; H; 2017_2019;76;Profession de l’enseignement primaire et professionnel;2436,471794;79114,37669;12,33162099
FE ; H; 2017_2019;76;Technicien;2581,816443;76755,42635;11,87970882
FE ; H; 2017_2019;77;Agent de maîtrise de production;2851,326848;74264,09007;11,05820724
FE ; H; 2017_2019;77;Artisan;2886,918753;72183,09959;11,01531493
FE ; H; 2017_2019;77;Cadre administratif et commercial;2600,412902;78482,12948;11,75007482
FE ; H; 2017_2019;77;Cadre de la fonction publique, profession intellectuelle et artistique;2435,694891;81150,207;12,07630345
FE ; H; 2017_2019;77;Cadre technique d'entreprise;2525,81645;79719,72176;11,79332468
FE ; H; 2017_2019;77;Commerçant et assimilé;2845,907983;73517,6223;11,02868735
FE ; H; 2017_2019;77;Conducteur du transport;3481,93338;66138,78488;10,54992697
FE ; H; 2017_2019;77;Employé administratif d'entreprise;3035,094351;69513,07616;10,92635549
FE ; H; 2017_2019;77;Employé de la fonction publique;2954,889173;70694,97127;10,98167739
FE ; H; 2017_2019;77;Ensemble;3119,416504;68828,93228;10,80984753
FE ; H; 2017_2019;77;Intermédiaire des entreprises;2867,632446;74336,4963;11,00901349
FE ; H; 2017_2019;77;Ouvrier peu qualifié de type industriel ou artisanal;3900,445766;61294,43667;9,958523357
FE ; H; 2017_2019;77;Ouvrier qualifié de type industriel ou artisanal;3720,003373;63407,25359;10,24519658
FE ; H; 2017_2019;77;Policier, militaire et agent de sécurité privée;3343,844291;67416,65789;10,69224849
FE ; H; 2017_2019;77;Profession de l’enseignement primaire et professionnel;2688,051066;77186,77722;11,63958081
FE ; H; 2017_2019;77;Technicien;2851,326848;74773,74213;11,19454971
FE ; H; 2017_2019;78;Agent de maîtrise de production;3153,911578;72146,57813;10,38276714
FE ; H; 2017_2019;78;Artisan;3186,562797;70099,23215;10,34277153
FE ; H; 2017_2019;78;Cadre administratif et commercial;2877,027267;76441,27006;11,06378299
FE ; H; 2017_2019;78;Cadre de la fonction publique, profession intellectuelle et artistique;2721,406432;79173,63556;11,37778861
FE ; H; 2017_2019;78;Cadre technique d'entreprise;2806,031118;77706,14791;11,09892122
FE ; H; 2017_2019;78;Commerçant et assimilé;3172,955549;71425,37842;10,35174764
FE ; H; 2017_2019;78;Conducteur du transport;3789,834785;63835,87645;9,930520412
FE ; H; 2017_2019;78;Employé administratif d'entreprise;3331,109397;67403,28871;10,26836088
FE ; H; 2017_2019;78;Employé de la fonction publique;3251,787565;68606,01322;10,31605425
FE ; H; 2017_2019;78;Ensemble;3441,320242;66681,87121;10,15790919
FE ; H; 2017_2019;78;Intermédiaire des entreprises;3190,914835;72204,79881;10,33403186
FE ; H; 2017_2019;78;Ouvrier peu qualifié de type industriel ou artisanal;4242,152069;58903,68041;9,362715453
FE ; H; 2017_2019;78;Ouvrier qualifié de type industriel ou artisanal;4039,012018;61048,50162;9,641043767
FE ; H; 2017_2019;78;Policier, militaire et agent de sécurité privée;3647,149857;65162,34982;10,06214954
FE ; H; 2017_2019;78;Profession de l’enseignement primaire et professionnel;2970,489199;75111,95723;10,96110132
FE ; H; 2017_2019;78;Technicien;3157,487743;72641,69835;10,52311128
FE ; H; 2017_2019;79;Agent de maîtrise de production;3496,221018;69871,13885;9,720894674
FE ; H; 2017_2019;79;Artisan;3547,037944;67865,4761;9,683198354
FE ; H; 2017_2019;79;Cadre administratif et commercial;3191,145019;74242,03388;10,39152013
FE ; H; 2017_2019;79;Cadre de la fonction publique, profession intellectuelle et artistique;3044,313158;77018,99915;10,69608667
FE ; H; 2017_2019;79;Cadre technique d'entreprise;3124,63142;75525,68922;10,41935179
FE ; H; 2017_2019;79;Commerçant et assimilé;3547,037944;69159,08291;9,690967278
FE ; H; 2017_2019;79;Conducteur du transport;4142,811795;61416,6022;9,321695623
FE ; H; 2017_2019;79;Employé administratif d'entreprise;3674,097076;65158,01143;9,622197909
FE ; H; 2017_2019;79;Employé de la fonction publique;3596,061711;66375,09142;9,662785381
FE ; H; 2017_2019;79;Ensemble;3810,07777;64387,13447;9,519933801
FE ; H; 2017_2019;79;Intermédiaire des entreprises;3561,728728;69900,80517;9,674650884
FE ; H; 2017_2019;79;Ouvrier peu qualifié de type industriel ou artisanal;4633,580426;56404,89672;8,777491511
FE ; H; 2017_2019;79;Ouvrier qualifié de type industriel ou artisanal;4404,922044;58582,7453;9,046836709
FE ; H; 2017_2019;79;Policier, militaire et agent de sécurité privée;3995,33405;62785,78127;9,443022215
FE ; H; 2017_2019;79;Profession de l’enseignement primaire et professionnel;3291,22522;72880,76466;10,29666761
FE ; H; 2017_2019;79;Technicien;3513,621485;70348,04562;9,866210543
FE ; H; 2017_2019;80;Agent de maîtrise de production;3911,085767;67428,28941;9,073071517
FE ; H; 2017_2019;80;Artisan;3977,535813;65458,26191;9,039295992
FE ; H; 2017_2019;80;Cadre administratif et commercial;3552,206111;71872,86291;9,734059532
FE ; H; 2017_2019;80;Cadre de la fonction publique, profession intellectuelle et artistique;3412,341409;74674,29962;10,03193326
FE ; H; 2017_2019;80;Cadre technique d'entreprise;3491,04355;73165,7898;9,755418989
FE ; H; 2017_2019;80;Commerçant et assimilé;3977,535813;66705,984;9,047350616
FE ; H; 2017_2019;80;Conducteur du transport;4553,361273;58872,22796;8,724566094
FE ; H; 2017_2019;80;Employé administratif d'entreprise;4076,63145;62764,04284;8,989211227
FE ; H; 2017_2019;80;Employé de la fonction publique;4000,323275;63988,20217;9,023226802
FE ; H; 2017_2019;80;Ensemble;4235,70079;61933,93458;8,897017879
FE ; H; 2017_2019;80;Intermédiaire des entreprises;3991,229949;67411,12811;9,031962162
FE ; H; 2017_2019;80;Ouvrier peu qualifié de type industriel ou artisanal;5088,19135;53791,33046;8,203964614
FE ; H; 2017_2019;80;Ouvrier qualifié de type industriel ou artisanal;4830,931623;56002,22104;8,463705562
FE ; H; 2017_2019;80;Policier, militaire et agent de sécurité privée;4400,660407;60277,27957;8,836003408
FE ; H; 2017_2019;80;Profession de l’enseignement primaire et professionnel;3659,791565;70482,09455;9,647087233
FE ; H; 2017_2019;80;Technicien;3923,843166;67876,28158;9,225495759
FE ; H; 2017_2019;81;Agent de maîtrise de production;4402,453298;64791,11118;8,442370735
FE ; H; 2017_2019;81;Artisan;4475,198381;62854,6361;8,413730494
FE ; H; 2017_2019;81;Cadre administratif et commercial;3971,575185;69319,79068;9,092568363
FE ; H; 2017_2019;81;Cadre de la fonction publique, profession intellectuelle et artistique;3834,780451;72126,15757;9,38635102
FE ; H; 2017_2019;81;Cadre technique d'entreprise;3916,627261;70611,54022;9,108304294
FE ; H; 2017_2019;81;Commerçant et assimilé;4475,198381;64052,7296;8,422118765
FE ; H; 2017_2019;81;Conducteur du transport;5036,556054;56191,56273;8,140778775
FE ; H; 2017_2019;81;Employé administratif d'entreprise;4554,086046;60205,38413;8,371242235
FE ; H; 2017_2019;81;Employé de la fonction publique;4480,028878;61428,46722;8,399226237
FE ; H; 2017_2019;81;Ensemble;4736,558529;59310,59842;8,290537239
FE ; H; 2017_2019;81;Intermédiaire des entreprises;4492,779824;64720,59498;8,407434505
FE ; H; 2017_2019;81;Ouvrier peu qualifié de type industriel ou artisanal;5622,118562;51054,32464;7,643776502
FE ; H; 2017_2019;81;Ouvrier qualifié de type industriel ou artisanal;5332,946832;53296,79203;7,89333657
FE ; H; 2017_2019;81;Policier, militaire et agent de sécurité privée;4877,946549;57624,6812;8,242745238
FE ; H; 2017_2019;81;Profession de l’enseignement primaire et professionnel;4087,615098;67902,5968;9,013562758
FE ; H; 2017_2019;81;Technicien;4400,283229;65212,92274;8,602273929
FE ; H; 2017_2019;82;Agent de maîtrise de production;4986,531859;61938,71277;7,831158357
FE ; H; 2017_2019;82;Artisan;5054,078393;60041,76644;7,807901562
FE ; H; 2017_2019;82;Cadre administratif et commercial;4464,071322;66566,70308;8,468621796
FE ; H; 2017_2019;82;Cadre de la fonction publique, profession intellectuelle et artistique;4323,772119;69360,27778;8,760650538
FE ; H; 2017_2019;82;Cadre technique d'entreprise;4416,209826;67845,94938;8,479584276
FE ; H; 2017_2019;82;Commerçant et assimilé;5054,078393;61186,24288;7,816682811
FE ; H; 2017_2019;82;Conducteur du transport;5611,700529;53361,44318;7,572539534
FE ; H; 2017_2019;82;Employé administratif d'entreprise;5126,248501;57463,57913;7,770665907
FE ; H; 2017_2019;82;Employé de la fonction publique;5055,087097;58676,45415;7,793162454
FE ; H; 2017_2019;82;Ensemble;5327,927292;56501,31721;7,702747991
FE ; H; 2017_2019;82;Intermédiaire des entreprises;5083,629828;61812,84114;7,802930804
FE ; H; 2017_2019;82;Ouvrier peu qualifié de type industriel ou artisanal;6256,015946;48183,98998;7,09911855
FE ; H; 2017_2019;82;Ouvrier qualifié de type industriel ou artisanal;5931,303778;50454,50245;7,337997546
FE ; H; 2017_2019;82;Policier, militaire et agent de sécurité privée;5446,197064;54813,78005;7,665440809
FE ; H; 2017_2019;82;Profession de l’enseignement primaire et professionnel;4589,579477;65127;8,397704757
FE ; H; 2017_2019;82;Technicien;4958,683734;62343,36944;7,998221144
FE ; H; 2017_2019;83;Agent de maîtrise de production;5674,157328;58850,11912;7,242156097
FE ; H; 2017_2019;83;Artisan;5722,727627;57007,2085;7,22352496
FE ; H; 2017_2019;83;Cadre administratif et commercial;5038,137854;63595,11797;7,864331894
FE ; H; 2017_2019;83;Cadre de la fonction publique, profession intellectuelle et artistique;4885,657066;66361,29743;8,156559296
FE ; H; 2017_2019;83;Cadre technique d'entreprise;4998,474714;64849,7299;7,871362247
FE ; H; 2017_2019;83;Commerçant et assimilé;5722,727627;58093,8422;7,232773645
FE ; H; 2017_2019;83;Conducteur du transport;6288,123667;50366,95879;7,022752371
FE ; H; 2017_2019;83;Employé administratif d'entreprise;5804,280929;54517,85327;7,190532981
FE ; H; 2017_2019;83;Employé de la fonction publique;5736,984044;55710,30829;7,208088475
FE ; H; 2017_2019;83;Ensemble;6014,396736;53490,96811;7,136240996
FE ; H; 2017_2019;83;Intermédiaire des entreprises;5773,544358;58670,50512;7,220848301
FE ; H; 2017_2019;83;Ouvrier peu qualifié de type industriel ou artisanal;6999,522803;45169,59188;6,572879072
FE ; H; 2017_2019;83;Ouvrier qualifié de type industriel ou artisanal;6635,587455;47461,89264;6,800679547
FE ; H; 2017_2019;83;Policier, militaire et agent de sécurité privée;6114,897611;51828,51357;7,106961932
FE ; H; 2017_2019;83;Profession de l’enseignement primaire et professionnel;5173,976175;62137,94457;7,801664127
FE ; H; 2017_2019;83;Technicien;5607,781069;59251,95892;7,415520175
FE ; H; 2017_2019;84;Agent de maîtrise de production;6481,63024;55510,87077;6,677806942
FE ; H; 2017_2019;84;Artisan;6496,613945;53744,84123;6,662000372
FE ; H; 2017_2019;84;Cadre administratif et commercial;5707,771723;60391,10826;7,281568744
FE ; H; 2017_2019;84;Cadre de la fonction publique, profession intellectuelle et artistique;5531,967625;63119,11201;7,575530298
FE ; H; 2017_2019;84;Cadre technique d'entreprise;5677,664145;61608,23255;7,285511442
FE ; H; 2017_2019;84;Commerçant et assimilé;6496,613945;54769,28984;6,671810462
FE ; H; 2017_2019;84;Conducteur du transport;7080,952919;47199,82213;6,493983309
FE ; H; 2017_2019;84;Employé administratif d'entreprise;6604,927819;51353,48391;6,633609098
FE ; H; 2017_2019;84;Employé de la fonction publique;6542,73499;52514,21679;6,646783208
FE ; H; 2017_2019;84;Ensemble;6819,49064;50273,80907;6,592908645
FE ; H; 2017_2019;84;Intermédiaire des entreprises;6578,07891;55283,13748;6,663291855
FE ; H; 2017_2019;84;Ouvrier peu qualifié de type industriel ou artisanal;7868,704603;42007,936;6,06757564
FE ; H; 2017_2019;84;Ouvrier qualifié de type industriel ou artisanal;7461,428009;44312,51725;6,284016856
FE ; H; 2017_2019;84;Policier, militaire et agent de sécurité privée;6899,235629;48659,25303;6,569850542
FE ; H; 2017_2019;84;Profession de l’enseignement primaire et professionnel;5854,72787;58922,94213;7,227344997
FE ; H; 2017_2019;84;Technicien;6362,224545;55929,23879;6,856071463
FE ; H; 2017_2019;85;Agent de maîtrise de production;7416,751459;51912,86139;6,140636604
FE ; H; 2017_2019;85;Artisan;7429,832066;50253,24638;6,124876064
FE ; H; 2017_2019;85;Cadre administratif et commercial;6480,270589;56944,12166;6,722342421
FE ; H; 2017_2019;85;Cadre de la fonction publique, profession intellectuelle et artistique;6267,244752;59627,38317;7,019146909
FE ; H; 2017_2019;85;Cadre technique d'entreprise;6461,385946;58110,32402;6,724057484
FE ; H; 2017_2019;85;Commerçant et assimilé;7402,052013;51211,14052;6,135367759
FE ; H; 2017_2019;85;Conducteur du transport;7995,948288;43857,62495;5,988861286
FE ; H; 2017_2019;85;Employé administratif d'entreprise;7536,409126;47961,62336;6,102739945
FE ; H; 2017_2019;85;Employé de la fonction publique;7480,911974;49078,35075;6,112109697
FE ; H; 2017_2019;85;Ensemble;7721,492802;46845,39137;6,075415975
FE ; H; 2017_2019;85;Intermédiaire des entreprises;7504,247394;51646,56907;6,132471456
FE ; H; 2017_2019;85;Ouvrier peu qualifié de type industriel ou artisanal;8869,090383;38702,4556;5,585792172
FE ; H; 2017_2019;85;Ouvrier qualifié de type industriel ou artisanal;8414,538145;41006,17067;5,790700051
FE ; H; 2017_2019;85;Policier, militaire et agent de sécurité privée;7805,315524;45302,13651;6,056709562
FE ; H; 2017_2019;85;Profession de l’enseignement primaire et professionnel;6638,763848;55473,16421;6,676800793
FE ; H; 2017_2019;85;Technicien;7228,696766;52370,89503;6,32190767
FE ; H; 2017_2019;86;Agent de maîtrise de production;8497,120362;48062,61348;5,632556862
FE ; H; 2017_2019;86;Artisan;8519,163455;46519,51457;5,616468567
FE ; H; 2017_2019;86;Cadre administratif et commercial;7372,886268;53253,98849;6,188154268
FE ; H; 2017_2019;86;Cadre de la fonction publique, profession intellectuelle et artistique;7105,153243;55890,38913;6,488467495
FE ; H; 2017_2019;86;Cadre technique d'entreprise;7367,163702;54355,59171;6,188536576
FE ; H; 2017_2019;86;Commerçant et assimilé;8487,156435;47420,46526;5,625813954
FE ; H; 2017_2019;86;Conducteur du transport;9049,716223;40350,79194;5,509345159
FE ; H; 2017_2019;86;Employé administratif d'entreprise;8617,056457;44347,0392;5,600154598
FE ; H; 2017_2019;86;Employé de la fonction publique;8570,054998;45406,84254;5,606322898
FE ; H; 2017_2019;86;Ensemble;8772,912989;43228,22785;5,583782248
FE ; H; 2017_2019;86;Intermédiaire des entreprises;8569,306783;47770,88276;5,630003306
FE ; H; 2017_2019;86;Ouvrier peu qualifié de type industriel ou artisanal;10018,16638;35269,89983;5,12941558
FE ; H; 2017_2019;86;Ouvrier qualifié de type industriel ou artisanal;9512,008769;37555,6908;5,322728448
FE ; H; 2017_2019;86;Policier, militaire et agent de sécurité privée;8849,829015;41766,16182;5,569478052
FE ; H; 2017_2019;86;Profession de l’enseignement primaire et professionnel;7543,083002;51790,43184;6,151577108
FE ; H; 2017_2019;86;Technicien;8224,307631;48585,16183;5,814507773
FE ; H; 2017_2019;87;Agent de maîtrise de production;9723,163223;43978,67537;5,155606123
FE ; H; 2017_2019;87;Artisan;9759,832419;42556,44108;5,13950285
FE ; H; 2017_2019;87;Cadre administratif et commercial;8399,543737;49327,63249;5,680715849
FE ; H; 2017_2019;87;Cadre de la fonction publique, profession intellectuelle et artistique;8046,307378;51919,29133;5,98474428
FE ; H; 2017_2019;87;Cadre technique d'entreprise;8399,543737;50351,12629;5,680715849
FE ; H; 2017_2019;87;Commerçant et assimilé;9721,070524;43395,81619;5,147567636
FE ; H; 2017_2019;87;Conducteur du transport;10240,778;36699,15977;5,057534875
FE ; H; 2017_2019;87;Employé administratif d'entreprise;9847,818751;40525,6298;5,128227414
FE ; H; 2017_2019;87;Employé de la fonction publique;9811,334021;41515,45116;5,131823549
FE ; H; 2017_2019;87;Ensemble;9944,345685;39435,85303;5,12075035
FE ; H; 2017_2019;87;Intermédiaire des entreprises;9773,743326;43677,24926;5,157673215
FE ; H; 2017_2019;87;Ouvrier peu qualifié de type industriel ou artisanal;11313,32401;31736,50259;4,700501283
FE ; H; 2017_2019;87;Ouvrier qualifié de type industriel ou artisanal;10751,84307;33983,3902;4,882248435
FE ; H; 2017_2019;87;Policier, militaire et agent de sécurité privée;10031,79557;38069,92791;5,110222276
FE ; H; 2017_2019;87;Profession de l’enseignement primaire et professionnel;8571,204755;47883,83658;5,653452557
FE ; H; 2017_2019;87;Technicien;9350,815345;44589,36866;5,33556405
FE ; H; 2017_2019;88;Agent de maîtrise de production;11109,6319;39702,55698;4,710884771
FE ; H; 2017_2019;88;Artisan;11166,94805;38403,00375;4,69536049
FE ; H; 2017_2019;88;Cadre administratif et commercial;9578,185158;45184,33642;5,201623967
FE ; H; 2017_2019;88;Cadre de la fonction publique, profession intellectuelle et artistique;9105,464536;47741,70556;5,508432787
FE ; H; 2017_2019;88;Cadre technique d'entreprise;9578,185158;46121,86141;5,201623967
FE ; H; 2017_2019;88;Commerçant et assimilé;11118,59622;39177,2783;4,701848334
FE ; H; 2017_2019;88;Conducteur du transport;11583,49392;32940,88029;4,634557389
FE ; H; 2017_2019;88;Employé administratif d'entreprise;11244,12546;36534,73923;4,688411909
FE ; H; 2017_2019;88;Employé de la fonction publique;11220,15285;37442,23157;4,690098077
FE ; H; 2017_2019;88;Ensemble;11295,85442;35514,21548;4,686206368
FE ; H; 2017_2019;88;Intermédiaire des entreprises;11133,41506;39408,34703;4,716377255
FE ; H; 2017_2019;88;Ouvrier peu qualifié de type industriel ou artisanal;12769,49954;28146,04922;4,300121163
FE ; H; 2017_2019;88;Ouvrier qualifié de type industriel ou artisanal;12148,61395;30329,54941;4,470419338
FE ; H; 2017_2019;88;Policier, militaire et agent de sécurité privée;11365,68527;34250,83057;4,680031416
FE ; H; 2017_2019;88;Profession de l’enseignement primaire et professionnel;9741,944744;43779,6149;5,183448598
FE ; H; 2017_2019;88;Technicien;10625,81407;40419,89913;4,885948198
FE ; H; 2017_2019;89;Agent de maîtrise de production;12641,23974;35291,74904;4,299657175
FE ; H; 2017_2019;89;Artisan;12724,93926;34114,56027;4,285600783
FE ; H; 2017_2019;89;Cadre administratif et commercial;10900,27435;40856,49702;4,752620621
FE ; H; 2017_2019;89;Cadre de la fonction publique, profession intellectuelle et artistique;10275,64161;43394,6015;5,060246371
FE ; H; 2017_2019;89;Cadre technique d'entreprise;10900,27435;41704,22413;4,752620621
FE ; H; 2017_2019;89;Commerçant et assimilé;12664,12129;34821,31491;4,290024835
FE ; H; 2017_2019;89;Conducteur du transport;13061,5149;29125,17543;4,24173324
FE ; H; 2017_2019;89;Employé administratif d'entreprise;12790,77412;32426,72731;4,282367993
FE ; H; 2017_2019;89;Employé de la fonction publique;12781,14348;33241,15596;4,282840901
FE ; H; 2017_2019;89;Ensemble;12766,356;31502,5814;4,282962073
FE ; H; 2017_2019;89;Intermédiaire des entreprises;12635,33429;35020,85218;4,307256105
FE ; H; 2017_2019;89;Ouvrier peu qualifié de type industriel ou artisanal;14367,82822;24551,9396;3,92960735
FE ; H; 2017_2019;89;Ouvrier qualifié de type industriel ou artisanal;13684,57143;26644,92954;4,088615603
FE ; H; 2017_2019;89;Policier, militaire et agent de sécurité privée;12835,79022;30357,98897;4,280157499
FE ; H; 2017_2019;89;Profession de l’enseignement primaire et professionnel;11051,03227;39514,62901;4,742920765
FE ; H; 2017_2019;89;Technicien;12040,71945;36124,9558;4,466844981
FE ; H; 2017_2019;90;Agent de maîtrise de production;14307,02301;30830,43444;3,921838591
FE ; H; 2017_2019;90;Artisan;14375,43764;29773,5032;3,910452937
FE ; H; 2017_2019;90;Cadre administratif et commercial;12370,94555;36403,02675;4,334046302
FE ; H; 2017_2019;90;Cadre de la fonction publique, profession intellectuelle et artistique;11557,56287;38935,52777;4,639768801
FE ; H; 2017_2019;90;Cadre technique d'entreprise;12370,94555;37158,34928;4,334046302
FE ; H; 2017_2019;90;Commerçant et assimilé;14345,79918;30411,50136;3,912099012
FE ; H; 2017_2019;90;Conducteur du transport;14664,37921;25320,9863;3,879005236
FE ; H; 2017_2019;90;Employé administratif d'entreprise;14375,43764;28279,09787;3,910452937
FE ; H; 2017_2019;90;Employé de la fonction publique;14375,43764;28992,55612;3,910452937
FE ; H; 2017_2019;90;Ensemble;14418,69504;27480,84971;3,909759442
FE ; H; 2017_2019;90;Intermédiaire des entreprises;14272,65142;30595,85044;3,930203842
FE ; H; 2017_2019;90;Ouvrier peu qualifié de type industriel ou artisanal;16096,22357;21024,35909;3,588938093
FE ; H; 2017_2019;90;Ouvrier qualifié de type industriel ou artisanal;15348,0755;22998,68513;3,736830565
FE ; H; 2017_2019;90;Policier, militaire et agent de sécurité privée;14375,43764;26461,30119;3,910452937
FE ; H; 2017_2019;90;Profession de l’enseignement primaire et professionnel;12502,19004;35147,85461;4,332181908
FE ; H; 2017_2019;90;Technicien;13594,55946;31775,25122;4,078310046
FE ; H; 2017_2019;91;Agent de maîtrise de production;16080,46339;26419,51709;-
FE ; H; 2017_2019;91;Artisan;16111,65088;25493,43181;-
FE ; H; 2017_2019;91;Cadre administratif et commercial;13986,61396;31899,62814;-
FE ; H; 2017_2019;91;Cadre de la fonction publique, profession intellectuelle et artistique;12944,09043;34435,52967;-
FE ; H; 2017_2019;91;Cadre technique d'entreprise;13986,61396;32561,51013;-
FE ; H; 2017_2019;91;Commerçant et assimilé;16111,65088;26048,72845;-
FE ; H; 2017_2019;91;Conducteur du transport;16366,9268;21607,82085;-
FE ; H; 2017_2019;91;Employé administratif d'entreprise;16111,65088;24213,85379;-
FE ; H; 2017_2019;91;Employé de la fonction publique;16111,65088;24824,7493;-
FE ; H; 2017_2019;91;Ensemble;16163,20404;23518,4698;-
FE ; H; 2017_2019;91;Intermédiaire des entreprises;16025,04474;26229,01136;-
FE ; H; 2017_2019;91;Ouvrier peu qualifié de type industriel ou artisanal;17926,80374;17640,23125;-
FE ; H; 2017_2019;91;Ouvrier qualifié de type industriel ou artisanal;17112,00405;19468,82957;-
FE ; H; 2017_2019;91;Policier, militaire et agent de sécurité privée;16111,65088;22657,37333;-
FE ; H; 2017_2019;91;Profession de l’enseignement primaire et professionnel;14090,17678;30753,60303;-
FE ; H; 2017_2019;91;Technicien;15275,43758;27455,5458;-
FE ; H; 2017_2019;92;Agent de maîtrise de production;17986,92707;22171,13632;-
FE ; H; 2017_2019;92;Artisan;18015,55126;21386,01908;-
FE ; H; 2017_2019;92;Cadre administratif et commercial;15794,24442;27437,95029;-
FE ; H; 2017_2019;92;Cadre de la fonction publique, profession intellectuelle et artistique;14475,10228;29978,16357;-
FE ; H; 2017_2019;92;Cadre technique d'entreprise;15794,24442;28007,25741;-
FE ; H; 2017_2019;92;Commerçant et assimilé;18015,55126;21851,84826;-
FE ; H; 2017_2019;92;Conducteur du transport;18197,86662;18071,28463;-
FE ; H; 2017_2019;92;Employé administratif d'entreprise;18015,55126;20312,6022;-
FE ; H; 2017_2019;92;Employé de la fonction publique;18015,55126;20825,07236;-
FE ; H; 2017_2019;92;Ensemble;18011,46857;19717,13154;-
FE ; H; 2017_2019;92;Intermédiaire des entreprises;17926,14815;22025,80055;-
FE ; H; 2017_2019;92;Ouvrier peu qualifié de type industriel ou artisanal;19891,04046;14477,90161;-
FE ; H; 2017_2019;92;Ouvrier qualifié de type industriel ou artisanal;19005,41662;16137,32267;-
FE ; H; 2017_2019;92;Policier, militaire et agent de sécurité privée;18015,55126;19006,89644;-
FE ; H; 2017_2019;92;Profession de l’enseignement primaire et professionnel;15860,40619;26420,366;-
FE ; H; 2017_2019;92;Technicien;17125,00606;23261,59104;-
FE ; H; 2017_2019;93;Agent de maîtrise de production;19992,55875;18183,2302;-
FE ; H; 2017_2019;93;Artisan;20075,37654;17533,20985;-
FE ; H; 2017_2019;93;Cadre administratif et commercial;17930,53886;23104,33336;-
FE ; H; 2017_2019;93;Cadre de la fonction publique, profession intellectuelle et artistique;16148,71064;25638,79373;-
FE ; H; 2017_2019;93;Cadre technique d'entreprise;17930,53886;23583,72271;-
FE ; H; 2017_2019;93;Commerçant et assimilé;20071,52357;17915,11733;-
FE ; H; 2017_2019;93;Conducteur du transport;20126,33324;14782,69636;-
FE ; H; 2017_2019;93;Employé administratif d'entreprise;20075,37654;16653,17494;-
FE ; H; 2017_2019;93;Employé de la fonction publique;20075,37654;17073,32077;-
FE ; H; 2017_2019;93;Ensemble;19965,33829;16165,78659;-
FE ; H; 2017_2019;93;Intermédiaire des entreprises;19953,02421;18077,42291;-
FE ; H; 2017_2019;93;Ouvrier peu qualifié de type industriel ou artisanal;21955,4369;11598,09634;-
FE ; H; 2017_2019;93;Ouvrier qualifié de type industriel ou artisanal;20994,87277;13070,35726;-
FE ; H; 2017_2019;93;Policier, militaire et agent de sécurité privée;20075,37654;15582,69927;-
FE ; H; 2017_2019;93;Profession de l’enseignement primaire et professionnel;17812,48516;22229,98863;-
FE ; H; 2017_2019;93;Technicien;19133,45947;19278,04217;-
FE ; H; 2017_2019;94;Agent de maîtrise de production;21990,67622;14547,93722;-
FE ; H; 2017_2019;94;Artisan;22073,57484;14013,35195;-
FE ; H; 2017_2019;94;Cadre administratif et commercial;19926,64371;18961,60189;-
FE ; H; 2017_2019;94;Cadre de la fonction publique, profession intellectuelle et artistique;18143,07634;21498,45912;-
FE ; H; 2017_2019;94;Cadre technique d'entreprise;19926,64371;19355,03415;-
FE ; H; 2017_2019;94;Commerçant et assimilé;22069,71811;14319,28034;-
FE ; H; 2017_2019;94;Conducteur du transport;22124,58128;11807,48163;-
FE ; H; 2017_2019;94;Employé administratif d'entreprise;22073,57484;13309,98736;-
FE ; H; 2017_2019;94;Employé de la fonction publique;22073,57484;13645,78734;-
FE ; H; 2017_2019;94;Ensemble;22031,373;12938,23261;-
FE ; H; 2017_2019;94;Intermédiaire des entreprises;21951,1031;14470,43034;-
FE ; H; 2017_2019;94;Ouvrier peu qualifié de type industriel ou artisanal;23955,47024;9051,683619;-
FE ; H; 2017_2019;94;Ouvrier qualifié de type industriel ou artisanal;22993,96855;10326,25238;-
FE ; H; 2017_2019;94;Policier, militaire et agent de sécurité privée;22073,57484;12454,41372;-
FE ; H; 2017_2019;94;Profession de l’enseignement primaire et professionnel;19808,47478;18270,27521;-
FE ; H; 2017_2019;94;Technicien;21130,73842;15589,48578;-
FE ; H; 2017_2019;95;Agent de maîtrise de production;24119,15858;11348,74745;-
FE ; H; 2017_2019;95;Artisan;24202,23801;10920,10422;-
FE ; H; 2017_2019;95;Cadre administratif et commercial;22050,62413;15183,19104;-
FE ; H; 2017_2019;95;Cadre de la fonction publique, profession intellectuelle et artistique;20263,16656;17597,97727;-
FE ; H; 2017_2019;95;Cadre technique d'entreprise;22050,62413;15498,22545;-
FE ; H; 2017_2019;95;Commerçant et assimilé;24198,37287;11159,05553;-
FE ; H; 2017_2019;95;Conducteur du transport;24253,3557;9195,125756;-
FE ; H; 2017_2019;95;Employé administratif d'entreprise;24202,23801;10371,99734;-
FE ; H; 2017_2019;95;Employé de la fonction publique;24202,23801;10633,67426;-
FE ; H; 2017_2019;95;Ensemble;24199,09691;10087,76232;-
FE ; H; 2017_2019;95;Intermédiaire des entreprises;24079,49914;11294,01126;-
FE ; H; 2017_2019;95;Ouvrier peu qualifié de type industriel ou artisanal;26088,23807;6883,310244;-
FE ; H; 2017_2019;95;Ouvrier qualifié de type industriel ou artisanal;25124,63922;7951,837159;-
FE ; H; 2017_2019;95;Policier, militaire et agent de sécurité privée;24202,23801;9705,279385;-
FE ; H; 2017_2019;95;Profession de l’enseignement primaire et professionnel;21932,19746;14651,21235;-
FE ; H; 2017_2019;95;Technicien;23257,34514;12295,31232;-
FE ; H; 2017_2019;96;Agent de maîtrise de production;26337,17446;8611,525054;-
FE ; H; 2017_2019;96;Artisan;26420,52974;8277,194607;-
FE ; H; 2017_2019;96;Cadre administratif et commercial;24261,77195;11835,20265;-
FE ; H; 2017_2019;96;Cadre de la fonction publique, profession intellectuelle et artistique;22468,37956;14032,06982;-
FE ; H; 2017_2019;96;Cadre technique d'entreprise;24261,77195;12080,77001;-
FE ; H; 2017_2019;96;Commerçant et assimilé;26416,65177;8458,745665;-
FE ; H; 2017_2019;96;Conducteur du transport;26471,81715;6964,999199;-
FE ; H; 2017_2019;96;Employé administratif d'entreprise;26420,52974;7861,741858;-
FE ; H; 2017_2019;96;Employé de la fonction publique;26420,52974;8060,087104;-
FE ; H; 2017_2019;96;Ensemble;26419,27227;7646,614941;-
FE ; H; 2017_2019;96;Intermédiaire des entreprises;26297,38335;8574,469914;-
FE ; H; 2017_2019;96;Ouvrier peu qualifié de type industriel ou artisanal;28312,79181;5087,57588;-
FE ; H; 2017_2019;96;Ouvrier qualifié de type industriel ou artisanal;27345,99356;5953,966761;-
FE ; H; 2017_2019;96;Policier, militaire et agent de sécurité privée;26420,52974;7356,384568;-
FE ; H; 2017_2019;96;Profession de l’enseignement primaire et professionnel;24142,95207;11437,87953;-
FE ; H; 2017_2019;96;Technicien;25472,49958;9435,749098;-
FE ; H; 2017_2019;97;Agent de maîtrise de production;28681,26773;6343,492676;-
FE ; H; 2017_2019;97;Artisan;28764,8552;6090,315944;-
FE ; H; 2017_2019;97;Cadre administratif et commercial;26600,08417;8963,772775;-
FE ; H; 2017_2019;97;Cadre de la fonction publique, profession intellectuelle et artistique;24801,69628;10879,29111;-
FE ; H; 2017_2019;97;Cadre technique d'entreprise;26600,08417;9149,761142;-
FE ; H; 2017_2019;97;Commerçant et assimilé;28760,96642;6224,228279;-
FE ; H; 2017_2019;97;Conducteur du transport;28816,28547;5121,237347;-
FE ; H; 2017_2019;97;Employé administratif d'entreprise;28764,8552;5784,628012;-
FE ; H; 2017_2019;97;Employé de la fonction publique;28764,8552;5930,569394;-
FE ; H; 2017_2019;97;Ensemble;28770,80262;5626,43492;-
FE ; H; 2017_2019;97;Intermédiaire des entreprises;28641,36578;6319,608691;-
FE ; H; 2017_2019;97;Ouvrier peu qualifié de type industriel ou artisanal;30662,38817;3647,141113;-
FE ; H; 2017_2019;97;Ouvrier qualifié de type industriel ou artisanal;29692,8969;4325,795394;-
FE ; H; 2017_2019;97;Policier, militaire et agent de sécurité privée;28764,8552;5412,788795;-
FE ; H; 2017_2019;97;Profession de l’enseignement primaire et professionnel;26480,93332;8676,437755;-
FE ; H; 2017_2019;97;Technicien;27814,18429;7032,227948;-
FE ; H; 2017_2019;98;Agent de maîtrise de production;30754,4042;4524,098558;-
FE ; H; 2017_2019;98;Artisan;30838,18148;4338,445382;-
FE ; H; 2017_2019;98;Cadre administratif et commercial;28668,49467;6579,401672;-
FE ; H; 2017_2019;98;Cadre de la fonction publique, profession intellectuelle et artistique;26866,02299;8181,042375;-
FE ; H; 2017_2019;98;Cadre technique d'entreprise;28668,49467;6715,916977;-
FE ; H; 2017_2019;98;Commerçant et assimilé;30834,28387;4434,080074;-
FE ; H; 2017_2019;98;Conducteur du transport;30889,72854;3645,486973;-
FE ; H; 2017_2019;98;Employé administratif d'entreprise;30838,18148;4120,688141;-
FE ; H; 2017_2019;98;Employé de la fonction publique;30838,18148;4224,649695;-
FE ; H; 2017_2019;98;Ensemble;30845,54913;4007,664435;-
FE ; H; 2017_2019;98;Intermédiaire des entreprises;30714,41163;4509,58645;-
FE ; H; 2017_2019;98;Ouvrier peu qualifié de type industriel ou artisanal;32740,02338;2528,840548;-
FE ; H; 2017_2019;98;Ouvrier qualifié de type industriel ou artisanal;31768,33058;3041,341428;-
FE ; H; 2017_2019;98;Policier, militaire et agent de sécurité privée;30838,18148;3855,807936;-
FE ; H; 2017_2019;98;Profession de l’enseignement primaire et professionnel;28549,07326;6378,836059;-
FE ; H; 2017_2019;98;Technicien;29885,35178;5076,271107;-
FE ; H; 2017_2019;99;Agent de maîtrise de production;32661,40185;3132,739001;-
FE ; H; 2017_2019;99;Artisan;32745,33354;3000,547722;-
FE ; H; 2017_2019;99;Cadre administratif et commercial;30571,64776;4693,186254;-
FE ; H; 2017_2019;99;Cadre de la fonction publique, profession intellectuelle et artistique;28765,85392;5983,121649;-
FE ; H; 2017_2019;99;Cadre technique d'entreprise;30571,64776;4790,564676;-
FE ; H; 2017_2019;99;Commerçant et assimilé;32741,42875;3066,863237;-
FE ; H; 2017_2019;99;Conducteur du transport;32796,97561;2519,405943;-
FE ; H; 2017_2019;99;Employé administratif d'entreprise;32745,33354;2849,942854;-
FE ; H; 2017_2019;99;Employé de la fonction publique;32745,33354;2921,844555;-
FE ; H; 2017_2019;99;Ensemble;32753,84415;2771,478333;-
FE ; H; 2017_2019;99;Intermédiaire des entreprises;32621,33558;3124,493505;-
FE ; H; 2017_2019;99;Ouvrier peu qualifié de type industriel ou artisanal;34650,68075;1700,897561;-
FE ; H; 2017_2019;99;Ouvrier qualifié de type industriel ou artisanal;33677,19701;2075,158029;-
FE ; H; 2017_2019;99;Policier, militaire et agent de sécurité privée;32745,33354;2666,746888;-
FE ; H; 2017_2019;99;Profession de l’enseignement primaire et professionnel;30452,00624;4557,737479;-
FE ; H; 2017_2019;99;Technicien;31790,74767;3559,209629;-
FE ; H; 2017_2019;100;Agent de maîtrise de production;34204,06755;2109,542527;-
FE ; H; 2017_2019;100;Artisan;34288,1226;2018,008362;-
FE ; H; 2017_2019;100;Cadre administratif et commercial;32111,24205;3258,401884;-
FE ; H; 2017_2019;100;Cadre de la fonction publique, profession intellectuelle et artistique;30302,79414;4262,025616;-
FE ; H; 2017_2019;100;Cadre technique d'entreprise;32111,24205;3326,010118;-
FE ; H; 2017_2019;100;Commerçant et assimilé;34284,21207;2062,728395;-
FE ; H; 2017_2019;100;Conducteur du transport;34339,84057;1693,116991;-
FE ; H; 2017_2019;100;Employé administratif d'entreprise;34288,1226;1916,719561;-
FE ; H; 2017_2019;100;Employé de la fonction publique;34288,1226;1965,07681;-
FE ; H; 2017_2019;100;Ensemble;34293,07996;1863,712639;-
FE ; H; 2017_2019;100;Intermédiaire des entreprises;34163,94239;2105,241994;-
FE ; H; 2017_2019;100;Ouvrier peu qualifié de type industriel ou artisanal;36196,27019;1111,524977;-
FE ; H; 2017_2019;100;Ouvrier qualifié de type industriel ou artisanal;35221,35568;1376,302971;-
FE ; H; 2017_2019;100;Policier, militaire et agent de sécurité privée;34288,1226;1793,511725;-
FE ; H; 2017_2019;100;Profession de l’enseignement primaire et professionnel;31991,42468;3169,814978;-
FE ; H; 2017_2019;100;Technicien;33332,13373;2427,710277;-
FE ; H; 2017_2019;101;Agent de maîtrise de production;35620,27625;1387,993176;-
FE ; H; 2017_2019;101;Artisan;35704,43706;1326,071181;-
FE ; H; 2017_2019;101;Cadre administratif et commercial;33524,8175;2212,088568;-
FE ; H; 2017_2019;101;Cadre de la fonction publique, profession intellectuelle et artistique;31714,09417;2970,512767;-
FE ; H; 2017_2019;101;Cadre technique d'entreprise;33524,8175;2257,986958;-
FE ; H; 2017_2019;101;Commerçant et assimilé;35700,52161;1355,538218;-
FE ; H; 2017_2019;101;Conducteur du transport;35756,2201;1111,703315;-
FE ; H; 2017_2019;101;Employé administratif d'entreprise;35704,43706;1259,512408;-
FE ; H; 2017_2019;101;Employé de la fonction publique;35704,43706;1291,288864;-
FE ; H; 2017_2019;101;Ensemble;35705,42642;1224,588174;-
FE ; H; 2017_2019;101;Intermédiaire des entreprises;35580,1006;1386,008332;-
FE ; H; 2017_2019;101;Ouvrier peu qualifié de type industriel ou artisanal;37614,98553;709,1943933;-
FE ; H; 2017_2019;101;Ouvrier qualifié de type industriel ou artisanal;36638,84435;891,5504064;-
FE ; H; 2017_2019;101;Policier, militaire et agent de sécurité privée;35704,43706;1178,550226;-
FE ; H; 2017_2019;101;Profession de l’enseignement primaire et professionnel;33404,84938;2155,746007;-
FE ; H; 2017_2019;101;Technicien;34747,24534;1618,502641;-
FE ; H; 2017_2019;102;Agent de maîtrise de production;36931,37071;893,5861725;-
FE ; H; 2017_2019;102;Artisan;37015,62548;852,6049308;-
FE ; H; 2017_2019;102;Cadre administratif et commercial;34833,57248;1470,489913;-
FE ; H; 2017_2019;102;Cadre de la fonction publique, profession intellectuelle et artistique;33020,82755;2028,441551;-
FE ; H; 2017_2019;102;Cadre technique d'entreprise;34833,57248;1501,000951;-
FE ; H; 2017_2019;102;Commerçant et assimilé;37011,70566;871,6040036;-
FE ; H; 2017_2019;102;Conducteur du transport;37067,46634;714,2002311;-
FE ; H; 2017_2019;102;Employé administratif d'entreprise;37015,62548;809,810593;-
FE ; H; 2017_2019;102;Employé de la fonction publique;37015,62548;830,2414446;-
FE ; H; 2017_2019;102;Ensemble;37011,56282;787,3437443;-
FE ; H; 2017_2019;102;Intermédiaire des entreprises;36891,15021;892,8651729;-
FE ; H; 2017_2019;102;Ouvrier peu qualifié de type industriel ou artisanal;38928,30699;442,4310249;-
FE ; H; 2017_2019;102;Ouvrier qualifié de type industriel ou artisanal;37951,076;564,8966407;-
FE ; H; 2017_2019;102;Policier, militaire et agent de sécurité privée;37015,62548;757,7555021;-
FE ; H; 2017_2019;102;Profession de l’enseignement primaire et professionnel;34713,47041;1435,6223;-
FE ; H; 2017_2019;102;Technicien;36057,3651;1056,117557;-
FE ; H; 2017_2019;103;Agent de maîtrise de production;38503,2828;563,5725505;-
FE ; H; 2017_2019;103;Artisan;38587,62636;537,0078828;-
FE ; H; 2017_2019;103;Cadre administratif et commercial;36403,27378;958,265743;-
FE ; H; 2017_2019;103;Cadre de la fonction publique, profession intellectuelle et artistique;34588,61847;1358,633364;-
FE ; H; 2017_2019;103;Cadre technique d'entreprise;36403,27378;978,148697;-
FE ; H; 2017_2019;103;Commerçant et assimilé;38583,7024;549,0084953;-
FE ; H; 2017_2019;103;Conducteur du transport;38639,52185;449,4643009;-
FE ; H; 2017_2019;103;Employé administratif d'entreprise;38587,62636;510,0541368;-
FE ; H; 2017_2019;103;Employé de la fonction publique;38587,62636;522,9223809;-
FE ; H; 2017_2019;103;Ensemble;38584,87144;495,9355198;-
FE ; H; 2017_2019;103;Intermédiaire des entreprises;38463,01991;563,4769408;-
FE ; H; 2017_2019;103;Ouvrier peu qualifié de type industriel ou artisanal;40502,32357;270,2001173;-
FE ; H; 2017_2019;103;Ouvrier qualifié de type industriel ou artisanal;39524,06271;350,5122873;-
FE ; H; 2017_2019;103;Policier, militaire et agent de sécurité privée;38587,62636;477,2675634;-
FE ; H; 2017_2019;103;Profession de l’enseignement primaire et professionnel;36283,04514;937,2679779;-
FE ; H; 2017_2019;103;Technicien;37628,35611;675,3093937;-
FE ; H; 2017_2019;104;Agent de maîtrise de production;40120,9061;346,5786176;-
FE ; H; 2017_2019;104;Artisan;40205,29061;329,7892875;-
FE ; H; 2017_2019;104;Cadre administratif et commercial;38019,87768;609,4256411;-
FE ; H; 2017_2019;104;Cadre de la fonction publique, profession intellectuelle et artistique;36204,34149;888,7008535;-
FE ; H; 2017_2019;104;Cadre technique d'entreprise;38019,87768;622,0705489;-
FE ; H; 2017_2019;104;Commerçant et assimilé;40201,36475;337,1806913;-
FE ; H; 2017_2019;104;Conducteur du transport;40257,21129;275,7934441;-
FE ; H; 2017_2019;104;Employé administratif d'entreprise;40205,29061;313,2363523;-
FE ; H; 2017_2019;104;Employé de la fonction publique;40205,29061;321,1390464;-
FE ; H; 2017_2019;104;Ensemble;40225,05916;304,5794371;-
FE ; H; 2017_2019;104;Intermédiaire des entreprises;40080,62367;346,7466929;-
FE ; H; 2017_2019;104;Ouvrier peu qualifié de type industriel ou artisanal;42120,91727;160,7627915;-
FE ; H; 2017_2019;104;Ouvrier qualifié de type industriel ou artisanal;41142,18154;211,975591;-
FE ; H; 2017_2019;104;Policier, militaire et agent de sécurité privée;40205,29061;293,1013393;-
FE ; H; 2017_2019;104;Profession de l’enseignement primaire et professionnel;37899,59068;597,1986144;-
FE ; H; 2017_2019;104;Technicien;39245,5547;421,2015702;-
FE ; H; 2017_2019;105;Agent de maîtrise de production;41808,94944;207,5281359;-
FE ; H; 2017_2019;105;Artisan;41893,37664;197,196546;-
FE ; H; 2017_2019;105;Cadre administratif et commercial;39706,85802;377,7227578;-
FE ; H; 2017_2019;105;Cadre de la fonction publique, profession intellectuelle et artistique;37890,40326;566,9525617;-
FE ; H; 2017_2019;105;Cadre technique d'entreprise;39706,85802;385,5600871;-
FE ; H; 2017_2019;105;Commerçant et assimilé;41889,4488;201,6294517;-
FE ; H; 2017_2019;105;Conducteur du transport;41945,32359;164,7666946;-
FE ; H; 2017_2019;105;Employé administratif d'entreprise;41893,37664;187,2987665;-
FE ; H; 2017_2019;105;Employé de la fonction publique;41893,37664;192,0241595;-
FE ; H; 2017_2019;105;Ensemble;41934,96892;182,0621783;-
FE ; H; 2017_2019;105;Intermédiaire des entreprises;41768,64663;207,7684558;-
FE ; H; 2017_2019;105;Ouvrier peu qualifié de type industriel ou artisanal;43809,9725;93,0480291;-
FE ; H; 2017_2019;105;Ouvrier qualifié de type industriel ou artisanal;42830,74158;124,7642086;-
FE ; H; 2017_2019;105;Policier, militaire et agent de sécurité privée;41893,37664;175,2590941;-
FE ; H; 2017_2019;105;Profession de l’enseignement primaire et professionnel;39586,51016;370,862784;-
FE ; H; 2017_2019;105;Technicien;40933,15516;255,8986776;-
