Zone;Genre;Période;Âge;Diplôme;Quotient de mortalité, pour 100 000;Survie à l’âge x;Espérance de vie à l’âge x
FE ; F ; 2020_2022;30;Baccalauréat;32,73848079;100000;56,59803623
FE ; F ; 2020_2022;30;Brevet, CEP;40,11725203;100000;55,32786609
FE ; F ; 2020_2022;30;CAP, BEP;40,11725203;100000;55,94201224
FE ; F ; 2020_2022;30;Ensemble;30,42884383;100000;55,73937919
FE ; F ; 2020_2022;30;Sans diplôme;74,22452974;100000;52,02892858
FE ; F ; 2020_2022;30;Supérieur au baccalauréat;16,53846577;100000;57,5547417
FE ; F ; 2020_2022;31;Baccalauréat;34,70708016;99967,26152;55,61657164
FE ; F ; 2020_2022;31;Brevet, CEP;42,52954469;99959,88275;54,35007102
FE ; F ; 2020_2022;31;CAP, BEP;42,52954469;99959,88275;54,96446364
FE ; F ; 2020_2022;31;Ensemble;32,25856229;99969,57116;54,7563452
FE ; F ; 2020_2022;31;Sans diplôme;78,68772896;99925,77547;51,06757549
FE ; F ; 2020_2022;31;Supérieur au baccalauréat;17,53294115;99983,46153;56,56426195
FE ; F ; 2020_2022;32;Baccalauréat;37,20807747;99932,5658;54,63588123
FE ; F ; 2020_2022;32;Brevet, CEP;45,59422995;99917,37026;53,37319569
FE ; F ; 2020_2022;32;CAP, BEP;45,59422995;99917,37026;53,98784972
FE ; F ; 2020_2022;32;Ensemble;34,58311905;99937,32241;53,77401451
FE ; F ; 2020_2022;32;Sans diplôme;84,35797832;99847,14615;50,10779105
FE ; F ; 2020_2022;32;Supérieur au baccalauréat;18,79636748;99965,93149;55,57418107
FE ; F ; 2020_2022;33;Baccalauréat;39,88080837;99895,38282;53,65621775
FE ; F ; 2020_2022;33;Brevet, CEP;48,86935502;99871,81371;52,39754189
FE ; F ; 2020_2022;33;CAP, BEP;48,86935502;99871,81371;53,0124763
FE ; F ; 2020_2022;33;Ensemble;37,06729392;99902,76097;52,79261768
FE ; F ; 2020_2022;33;Sans diplôme;90,41758125;99762,91711;49,15009666
FE ; F ; 2020_2022;33;Supérieur au baccalauréat;20,14654829;99947,14153;54,58462896
FE ; F ; 2020_2022;34;Baccalauréat;43,41189498;99855,54373;52,67762482
FE ; F ; 2020_2022;34;Brevet, CEP;53,19629653;99823,007;51,42316075
FE ; F ; 2020_2022;34;CAP, BEP;53,19629653;99823,007;52,03839582
FE ; F ; 2020_2022;34;Ensemble;40,34926915;99865,72972;51,81219373
FE ; F ; 2020_2022;34;Sans diplôme;98,42324422;99672,7139;48,19457721
FE ; F ; 2020_2022;34;Supérieur au baccalauréat;21,9303438;99927,00563;53,59562809
FE ; F ; 2020_2022;35;Baccalauréat;46,75759834;99812,19455;51,70050311
FE ; F ; 2020_2022;35;Brevet, CEP;57,29607213;99769,90486;50,45053053
FE ; F ; 2020_2022;35;CAP, BEP;57,29607213;99769,90486;51,06609305
FE ; F ; 2020_2022;35;Ensemble;43,45893956;99825,43462;50,83310801
FE ; F ; 2020_2022;35;Sans diplôme;106,0086071;99574,61278;47,24205861
FE ; F ; 2020_2022;35;Supérieur au baccalauréat;23,62048943;99905,09129;52,60738438
FE ; F ; 2020_2022;36;Baccalauréat;51,09767215;99765,52476;50,72468833
FE ; F ; 2020_2022;36;Brevet, CEP;61,9777934;99712,74062;49,47945327
FE ; F ; 2020_2022;36;CAP, BEP;61,9777934;99712,74062;50,09536869
FE ; F ; 2020_2022;36;Ensemble;46,83124136;99782,05155;49,85520915
FE ; F ; 2020_2022;36;Sans diplôme;113,8335823;99469,05512;46,2921924
FE ; F ; 2020_2022;36;Supérieur au baccalauréat;26,26210033;99881,49322;51,61981343
FE ; F ; 2020_2022;37;Baccalauréat;55,98218503;99714,5469;49,75062072
FE ; F ; 2020_2022;37;Brevet, CEP;67,35044301;99650,94086;48,51013856
FE ; F ; 2020_2022;37;CAP, BEP;67,35044301;99650,94086;49,12643595
FE ; F ; 2020_2022;37;Ensemble;50,60328762;99735,32238;48,8785679
FE ; F ; 2020_2022;37;Sans diplôme;122,8799021;99355,82593;45,34494852
FE ; F ; 2020_2022;37;Supérieur au baccalauréat;29,27018131;99855,26224;50,63337344
FE ; F ; 2020_2022;38;Baccalauréat;61,55211908;99658,72452;48,7784878
FE ; F ; 2020_2022;38;Brevet, CEP;73,58684576;99583,82551;47,54283237
FE ; F ; 2020_2022;38;CAP, BEP;73,58684576;99583,82551;48,15954512
FE ; F ; 2020_2022;38;Ensemble;55,1784163;99684,85302;47,90331458
FE ; F ; 2020_2022;38;Sans diplôme;133,4530295;99233,73759;44,4007369
FE ; F ; 2020_2022;38;Supérieur au baccalauréat;32,73613435;99826,03443;49,64819826
FE ; F ; 2020_2022;39;Baccalauréat;67,78830051;99597,38246;47,80853049
FE ; F ; 2020_2022;39;Brevet, CEP;80,66908207;99510,54492;46,57784341
FE ; F ; 2020_2022;39;CAP, BEP;80,66908207;99510,54492;47,19501031
FE ; F ; 2020_2022;39;Ensemble;61,07969095;99629,8485;46,92976147
FE ; F ; 2020_2022;39;Sans diplôme;145,5119326;99101,30716;43,46007021
FE ; F ; 2020_2022;39;Supérieur au baccalauréat;36,67039179;99793,35524;48,66445649
FE ; F ; 2020_2022;40;Baccalauréat;74,43763421;99529,86709;46,84096106
FE ; F ; 2020_2022;40;Brevet, CEP;88,30522845;99430,27067;45,61544766
FE ; F ; 2020_2022;40;CAP, BEP;88,30522845;99430,27067;46,23311283
FE ; F ; 2020_2022;40;Ensemble;67,77993438;99568,9949;45,95844354
FE ; F ; 2020_2022;40;Sans diplôme;158,5295409;98957,10293;42,52340195
FE ; F ; 2020_2022;40;Supérieur au baccalauréat;40,95466657;99756,76063;47,68230848
FE ; F ; 2020_2022;41;Baccalauréat;81,56431117;99455,77941;45,87585434
FE ; F ; 2020_2022;41;Brevet, CEP;96,58273222;99342,46855;44,65576409
FE ; F ; 2020_2022;41;CAP, BEP;96,58273222;99342,46855;45,27397517
FE ; F ; 2020_2022;41;Ensemble;75,42780106;99501,5071;44,98961527
FE ; F ; 2020_2022;41;Sans diplôme;172,6705441;98800,22669;41,59092114
FE ; F ; 2020_2022;41;Supérieur au baccalauréat;45,63947641;99715,90558;46,70184461
FE ; F ; 2020_2022;42;Baccalauréat;88,70701059;99374,65899;44,91330321
FE ; F ; 2020_2022;42;Brevet, CEP;104,9649635;99246,52087;43,69893554
FE ; F ; 2020_2022;42;CAP, BEP;104,9649635;99246,52087;44,31774428
FE ; F ; 2020_2022;42;Ensemble;82,53514794;99426,4553;44,02357556
FE ; F ; 2020_2022;42;Sans diplôme;186,9883139;98629,6278;40,66286063
FE ; F ; 2020_2022;42;Supérieur au baccalauréat;50,47934381;99670,39576;45,72316882
FE ; F ; 2020_2022;43;Baccalauréat;96,03172283;99286,5067;43,95317983
FE ; F ; 2020_2022;43;Brevet, CEP;113,6547401;99142,3468;42,74485231
FE ; F ; 2020_2022;43;CAP, BEP;113,6547401;99142,3468;43,36431127
FE ; F ; 2020_2022;43;Ensemble;90,96893641;99344,39353;43,0599405
FE ; F ; 2020_2022;43;Sans diplôme;201,8640562;98445,20192;39,73903787
FE ; F ; 2020_2022;43;Supérieur au baccalauréat;55,57473383;99620,0828;44,74626123
FE ; F ; 2020_2022;44;Baccalauréat;103,5189364;99191,16016;42,9954294
FE ; F ; 2020_2022;44;Brevet, CEP;122,6298063;99029,66682;41,79348914
FE ; F ; 2020_2022;44;CAP, BEP;122,6298063;99029,66682;42,41365294
FE ; F ; 2020_2022;44;Ensemble;98,79853763;99254,02099;42,09914734
FE ; F ; 2020_2022;44;Sans diplôme;217,2763576;98246,47645;38,81941897
FE ; F ; 2020_2022;44;Supérieur au baccalauréat;60,92380697;99564,71921;43,77114268
FE ; F ; 2020_2022;45;Baccalauréat;111,8261776;99088,47852;42,03998393
FE ; F ; 2020_2022;45;Brevet, CEP;132,6654372;98908,22694;40,84480334
FE ; F ; 2020_2022;45;CAP, BEP;132,6654372;98908,22694;41,46572858
FE ; F ; 2020_2022;45;Ensemble;108,3445021;99155,95947;41,14078181
FE ; F ; 2020_2022;45;Sans diplôme;234,6153986;98033,01008;37,90394805
FE ; F ; 2020_2022;45;Supérieur au baccalauréat;66,92970792;99504,06059;42,79782598
FE ; F ; 2020_2022;46;Baccalauréat;120,8301516;98977,67166;41,08704827
FE ; F ; 2020_2022;46;Brevet, CEP;143,6084652;98777,0099;39,89906226
FE ; F ; 2020_2022;46;CAP, BEP;143,6084652;98777,0099;40,52081235
FE ; F ; 2020_2022;46;Ensemble;118,8558165;99048,52944;40,18540393
FE ; F ; 2020_2022;46;Sans diplôme;253,6249685;97803,00954;36,99308568
FE ; F ; 2020_2022;46;Supérieur au baccalauréat;73,54762494;99437,46281;41,82648962
FE ; F ; 2020_2022;47;Baccalauréat;131,2577512;98858,07679;40,13675387
FE ; F ; 2020_2022;47;Brevet, CEP;156,3112002;98635,15776;38,95644309
FE ; F ; 2020_2022;47;CAP, BEP;156,3112002;98635,15776;39,57908735
FE ; F ; 2020_2022;47;Ensemble;132,1098267;98930,8045;39,23322346
FE ; F ; 2020_2022;47;Sans diplôme;275,8289932;97554,95669;36,08714795
FE ; F ; 2020_2022;47;Supérieur au baccalauréat;81,25532829;99364,32892;40,85727465
FE ; F ; 2020_2022;48;Baccalauréat;142,8535769;98728,3179;39,18950571
FE ; F ; 2020_2022;48;Brevet, CEP;170,4528861;98480,97996;38,01743171
FE ; F ; 2020_2022;48;CAP, BEP;170,4528861;98480,97996;38,64105076
FE ; F ; 2020_2022;48;Ensemble;146,2452557;98800,10718;38,28512297
FE ; F ; 2020_2022;48;Sans diplôme;300,6839755;97285,87184;35,18696208
FE ; F ; 2020_2022;48;Supérieur au baccalauréat;89,94421804;99283,59011;39,89050036
FE ; F ; 2020_2022;49;Baccalauréat;155,7668478;98587,28097;38,24556941
FE ; F ; 2020_2022;49;Brevet, CEP;188,6452511;98313,11628;37,08234417
FE ; F ; 2020_2022;49;CAP, BEP;186,1837312;98313,11628;37,707028
FE ; F ; 2020_2022;49;Ensemble;163,5607672;98655,61671;37,34119515
FE ; F ; 2020_2022;49;Sans diplôme;328,4850972;96993,34881;34,29308272
FE ; F ; 2020_2022;49;Supérieur au baccalauréat;99,75624602;99194,29026;38,92641186
FE ; F ; 2020_2022;50;Baccalauréat;169,5407068;98433,71467;37,30523627
FE ; F ; 2020_2022;50;Brevet, CEP;209,0062524;98127,65326;36,15243046
FE ; F ; 2020_2022;50;CAP, BEP;202,9164126;98130,07326;36,77736331
FE ; F ; 2020_2022;50;Ensemble;181,4718655;98494,25483;36,40237075
FE ; F ; 2020_2022;50;Sans diplôme;358,2322614;96674,74011;33,40610164
FE ; F ; 2020_2022;50;Supérieur au baccalauréat;110,4474499;99095,33776;37,96528217
FE ; F ; 2020_2022;51;Baccalauréat;184,1804495;98266,82946;36,36859125
FE ; F ; 2020_2022;51;Brevet, CEP;230,8019409;97922,56033;35,22814956
FE ; F ; 2020_2022;51;CAP, BEP;220,5991863;97930,95123;35,85214235
FE ; F ; 2020_2022;51;Ensemble;201,155067;98315,51547;35,46855091
FE ; F ; 2020_2022;51;Sans diplôme;389,8739463;96328,42;32,52620332
FE ; F ; 2020_2022;51;Supérieur au baccalauréat;122,062309;98985,88948;37,00726022
FE ; F ; 2020_2022;52;Baccalauréat;199,022032;98085,84117;35,43569868
FE ; F ; 2020_2022;52;Brevet, CEP;253,0317275;97696,55316;34,3096449
FE ; F ; 2020_2022;52;CAP, BEP;238,3620445;97714,91635;34,93140674
FE ; F ; 2020_2022;52;Ensemble;221,0227695;98117,74883;34,5400415
FE ; F ; 2020_2022;52;Sans diplôme;421,9131502;95952,86059;31,65351085
FE ; F ; 2020_2022;52;Supérieur au baccalauréat;134,1965277;98865,06502;36,05248734
FE ; F ; 2020_2022;53;Baccalauréat;214,2147835;97890,62873;34,50636417
FE ; F ; 2020_2022;53;Brevet, CEP;275,6561352;97449,34988;33,39667942
FE ; F ; 2020_2022;53;CAP, BEP;256,2998899;97482,00108;34,0148689
FE ; F ; 2020_2022;53;Ensemble;241,4200111;97900,88626;33,61655197
FE ; F ; 2020_2022;53;Sans diplôme;454,5498311;95548,02286;30,78762702
FE ; F ; 2020_2022;53;Supérieur au baccalauréat;146,9739254;98732,39154;35,10093354
FE ; F ; 2020_2022;54;Baccalauréat;229,7323558;97680,93253;33,58044058
FE ; F ; 2020_2022;54;Brevet, CEP;298,4957749;97180,72477;32,48899388
FE ; F ; 2020_2022;54;CAP, BEP;274,3321754;97232,15482;33,10227299
FE ; F ; 2020_2022;54;Ensemble;261,0352411;97664,53393;32,69790545
FE ; F ; 2020_2022;54;Sans diplôme;487,6333878;95113,70948;29,92821116
FE ; F ; 2020_2022;54;Supérieur au baccalauréat;160,3965127;98587,28067;34,15259869
FE ; F ; 2020_2022;55;Baccalauréat;246,1762735;97456,52783;32,65776336
FE ; F ; 2020_2022;55;Brevet, CEP;322,2381571;96890,64441;31,5862625
FE ; F ; 2020_2022;55;CAP, BEP;293,1467554;96965,41573;32,19333298
FE ; F ; 2020_2022;55;Ensemble;281,8642242;97409,59508;31,78348189
FE ; F ; 2020_2022;55;Sans diplôme;522,3518775;94649,90327;29,07486625
FE ; F ; 2020_2022;55;Supérieur au baccalauréat;174,9065937;98429,15011;33,20746627
FE ; F ; 2020_2022;56;Baccalauréat;264,2135918;97216,61298;31,73835743
FE ; F ; 2020_2022;56;Brevet, CEP;347,6813595;96578,42579;30,68837453
FE ; F ; 2020_2022;56;CAP, BEP;313,5041754;96681,16476;31,28798416
FE ; F ; 2020_2022;56;Ensemble;303,7292263;97135,03228;30,87332138
FE ; F ; 2020_2022;56;Sans diplôme;560,0177706;94155,49773;28,22753683
FE ; F ; 2020_2022;56;Supérieur au baccalauréat;191,0213221;98256,99103;32,26565009
FE ; F ; 2020_2022;57;Baccalauréat;284,4578421;96959,75347;30,82243663
FE ; F ; 2020_2022;57;Brevet, CEP;375,564171;96242,6406;29,79544455
FE ; F ; 2020_2022;57;CAP, BEP;336,0907518;96378,06527;30,38638178
FE ; F ; 2020_2022;57;Ensemble;328,5754647;96840,0048;29,96737836
FE ; F ; 2020_2022;57;Sans diplôme;601,8049182;93628,21021;27,38650631
FE ; F ; 2020_2022;57;Supérieur au baccalauréat;209,2497327;98069,29923;31,32740232
FE ; F ; 2020_2022;58;Baccalauréat;307,1207924;96683,94385;29,91036358
FE ; F ; 2020_2022;58;Brevet, CEP;406,0913527;95881,18773;28,90776741
FE ; F ; 2020_2022;58;CAP, BEP;361,1069027;96054,14751;29,48885199
FE ; F ; 2020_2022;58;Ensemble;357,5082441;96521,8123;29,06616842
FE ; F ; 2020_2022;58;Sans diplôme;648,0032512;93064,75104;26,55231751
FE ; F ; 2020_2022;58;Supérieur au baccalauréat;229,8287068;97864,08948;30,39309228
FE ; F ; 2020_2022;59;Baccalauréat;332,239802;96387,00736;29,00250752
FE ; F ; 2020_2022;59;Brevet, CEP;439,2244723;95491,82252;28,02563802
FE ; F ; 2020_2022;59;CAP, BEP;388,5436668;95707,28935;28,59572419
FE ; F ; 2020_2022;59;Ensemble;389,089883;96176,73887;28,1704552
FE ; F ; 2020_2022;59;Sans diplôme;698,4997228;92461,68842;25,72549962
FE ; F ; 2020_2022;59;Supérieur au baccalauréat;252,8696149;97639,16971;29,46310524
FE ; F ; 2020_2022;60;Baccalauréat;360,0423917;96066,77135;28,0991866
FE ; F ; 2020_2022;60;Brevet, CEP;475,165286;95072,39906;27,14927653
FE ; F ; 2020_2022;60;CAP, BEP;418,6136111;95335,42474;27,70726445
FE ; F ; 2020_2022;60;Ensemble;423,0072807;95802,52491;27,28049173
FE ; F ; 2020_2022;60;Sans diplôme;753,5443096;91815,84379;24,90645615
FE ; F ; 2020_2022;60;Supérieur au baccalauréat;278,627885;97392,26992;28,53779736
FE ; F ; 2020_2022;61;Baccalauréat;390,4212911;95720,89025;27,20072115
FE ; F ; 2020_2022;61;Brevet, CEP;513,6654843;94620,64802;26,27889638
FE ; F ; 2020_2022;61;CAP, BEP;451,13955;94936,33768;26,82373841
FE ; F ; 2020_2022;61;Ensemble;458,0364214;95397,27325;26,39638041
FE ; F ; 2020_2022;61;Sans diplôme;812,64466;91123,97072;24,09556233
FE ; F ; 2020_2022;61;Supérieur au baccalauréat;307,1005129;97120,9079;27,61753379
FE ; F ; 2020_2022;62;Baccalauréat;423,6688425;95347,17552;26,3073348
FE ; F ; 2020_2022;62;Brevet, CEP;554,9995722;94134,61441;25,41457895
FE ; F ; 2020_2022;62;CAP, BEP;486,4117396;94508,04231;25,94529931
FE ; F ; 2020_2022;62;Ensemble;497,2203108;94960,31899;25,51784179
FE ; F ; 2020_2022;62;Sans diplôme;876,1020717;90383,45664;23,29297792
FE ; F ; 2020_2022;62;Supérieur au baccalauréat;338,5898819;96822,64909;26,70260864
FE ; F ; 2020_2022;63;Baccalauréat;459,5661431;94943,21924;25,41926499
FE ; F ; 2020_2022;63;Brevet, CEP;598,7707344;93612,16771;24,55641696
FE ; F ; 2020_2022;63;CAP, BEP;524,1363922;94048,3441;25,07211715
FE ; F ; 2020_2022;63;Ensemble;539,6866795;94488,157;24,6453557
FE ; F ; 2020_2022;63;Sans diplôme;943,1128066;89591,6053;22,49885184
FE ; F ; 2020_2022;63;Supérieur au baccalauréat;372,9875254;96494,8174;25,79332814
FE ; F ; 2020_2022;64;Baccalauréat;497,7856969;94506,89235;24,53662267
FE ; F ; 2020_2022;64;Brevet, CEP;644,4546122;93051,64544;23,70433931
FE ; F ; 2020_2022;64;CAP, BEP;563,9133364;93555,4025;24,20422164
FE ; F ; 2020_2022;64;Ensemble;586,3684806;93978,217;23,77908513
FE ; F ; 2020_2022;64;Sans diplôme;1012,626773;88746,6554;21,71306164
FE ; F ; 2020_2022;64;Supérieur au baccalauréat;410,0719784;96134,90377;24,88989421
FE ; F ; 2020_2022;65;Baccalauréat;538,087999;94036,45056;23,6593735
FE ; F ; 2020_2022;65;Brevet, CEP;691,6642944;92451,96982;22,8580939
FE ; F ; 2020_2022;65;CAP, BEP;605,4636287;93027,83111;23,34148653
FE ; F ; 2020_2022;65;Ensemble;633,9662623;93427,15836;22,9193406
FE ; F ; 2020_2022;65;Sans diplôme;1083,759978;87847,983;20,93518317
FE ; F ; 2020_2022;65;Supérieur au baccalauréat;449,6650044;95740,68146;23,99238096
FE ; F ; 2020_2022;66;Baccalauréat;580,5342948;93530,4517;22,78737049
FE ; F ; 2020_2022;66;Brevet, CEP;740,4241646;91812,51256;22,01729632
FE ; F ; 2020_2022;66;CAP, BEP;648,8656976;92464,58143;22,48367162
FE ; F ; 2020_2022;66;Ensemble;680,6759231;92834,8617;22,06556852
FE ; F ; 2020_2022;66;Sans diplôme;1156,217195;86895,92172;20,16455616
FE ; F ; 2020_2022;66;Supérieur au baccalauréat;491,8159507;95310,16912;23,10075362
FE ; F ; 2020_2022;67;Baccalauréat;625,9740861;92987,47536;21,92043145
FE ; F ; 2020_2022;67;Brevet, CEP;791,7754191;91132,71053;21,18153375
FE ; F ; 2020_2022;67;CAP, BEP;695,0868851;91864,61047;21,63051326
FE ; F ; 2020_2022;67;Ensemble;730,156947;92202,95714;21,21679288
FE ; F ; 2020_2022;67;Sans diplôme;1231,221134;85891,21613;19,40042944
FE ; F ; 2020_2022;67;Supérieur au baccalauréat;537,2358789;94841,41851;22,21492834
FE ; F ; 2020_2022;68;Baccalauréat;675,3310952;92405,39786;21,05851202
FE ; F ; 2020_2022;68;Brevet, CEP;846,8401627;90411,14413;20,35058242
FE ; F ; 2020_2022;68;CAP, BEP;745,1696457;91226,07161;20,78191651
FE ; F ; 2020_2022;68;Ensemble;783,4313001;91529,73085;20,37284822
FE ; F ; 2020_2022;68;Sans diplôme;1310,021837;84833,70533;18,64226921
FE ; F ; 2020_2022;68;Supérieur au baccalauréat;586,7166904;94331,89638;21,33491954
FE ; F ; 2020_2022;69;Baccalauréat;729,9597852;91781,35547;20,20169365
FE ; F ; 2020_2022;69;Brevet, CEP;907,2616159;89645,50625;19,5243912
FE ; F ; 2020_2022;69;CAP, BEP;800,6249494;90546,28262;19,93793968
FE ; F ; 2020_2022;69;Ensemble;846,1942929;90812,65829;19,53371578
FE ; F ; 2020_2022;69;Sans diplôme;1394,550404;83722,36526;17,88972878
FE ; F ; 2020_2022;69;Supérieur au baccalauréat;641,4413104;93778,4354;20,46083384
FE ; F ; 2020_2022;70;Baccalauréat;790,8749315;91111,38849;19,35024223
FE ; F ; 2020_2022;70;Brevet, CEP;974,2355105;88832,18698;18,70315032
FE ; F ; 2020_2022;70;CAP, BEP;862,5854308;89821,34649;19,09885613
FE ; F ; 2020_2022;70;Ensemble;915,6996525;90044,20676;18,7004196
FE ; F ; 2020_2022;70;Sans diplôme;1485,886005;82554,81468;17,14273841
FE ; F ; 2020_2022;70;Supérieur au baccalauréat;702,3110307;93176,90178;19,59292537
FE ; F ; 2020_2022;71;Baccalauréat;860,1016154;90390,81135;18,50449842
FE ; F ; 2020_2022;71;Brevet, CEP;1050,156081;87966,75227;17,8871557
FE ; F ; 2020_2022;71;CAP, BEP;933,2678884;89046,56064;18,26503351
FE ; F ; 2020_2022;71;Ensemble;992,6209024;89219,67227;17,87324181
FE ; F ; 2020_2022;71;Sans diplôme;1586,836622;81328,14424;16,40130192
FE ; F ; 2020_2022;71;Supérieur au baccalauréat;771,1480267;92522,51012;18,73150188
FE ; F ; 2020_2022;72;Baccalauréat;939,3772456;89613,35853;17,66503671
FE ; F ; 2020_2022;72;Brevet, CEP;1136,916401;87042,96407;17,07699234
FE ; F ; 2020_2022;72;CAP, BEP;1014,488972;88215,51769;17,43710105
FE ; F ; 2020_2022;72;Ensemble;1077,870935;88334,05915;17,05243404
FE ; F ; 2020_2022;72;Sans diplôme;1699,562487;80037,59947;15,66576031
FE ; F ; 2020_2022;72;Supérieur au baccalauréat;849,6102194;91809,02461;17,87707205
FE ; F ; 2020_2022;73;Baccalauréat;1031,896264;88771,55103;16,83255164
FE ; F ; 2020_2022;73;Brevet, CEP;1238,077601;86053,35834;16,27337618
FE ; F ; 2020_2022;73;CAP, BEP;1109,597372;87320,58099;16,61581151
FE ; F ; 2020_2022;73;Ensemble;1177,909901;87381,932;16,23824002
FE ; F ; 2020_2022;73;Sans diplôme;1828,591143;78677,31045;14,936613
FE ; F ; 2020_2022;73;Supérieur au baccalauréat;940,7268582;91029,00575;17,03025897
FE ; F ; 2020_2022;74;Baccalauréat;1139,67682;87855,52071;16,00805714
FE ; F ; 2020_2022;74;Brevet, CEP;1355,68333;84987,95098;15,47737892
FE ; F ; 2020_2022;74;CAP, BEP;1220,639433;86351,67412;15,80224883
FE ; F ; 2020_2022;74;Ensemble;1298,073501;86352,65157;15,43179173
FE ; F ; 2020_2022;74;Sans diplôme;1975,938952;77238,62412;14,21483004
FE ; F ; 2020_2022;74;Supérieur au baccalauréat;1046,511135;90172,67145;16,19198863
FE ; F ; 2020_2022;75;Baccalauréat;1265,372059;86854,2517;15,19260046
FE ; F ; 2020_2022;75;Brevet, CEP;1492,46219;83835,7835;14,69008681
FE ; F ; 2020_2022;75;CAP, BEP;1350,32188;85297,63153;14,99752087
FE ; F ; 2020_2022;75;Ensemble;1443,874611;85231,73069;14,63474217
FE ; F ; 2020_2022;75;Sans diplôme;2144,410821;75712,43606;13,50136822
FE ; F ; 2020_2022;75;Supérieur au baccalauréat;1169,587048;89229,0044;15,36323167
FE ; F ; 2020_2022;76;Baccalauréat;1411,109548;85755,22227;14,38730714
FE ; F ; 2020_2022;76;Brevet, CEP;1650,443592;82584,56613;13,91265251
FE ; F ; 2020_2022;76;CAP, BEP;1500,766502;84145,83895;14,20280771
FE ; F ; 2020_2022;76;Ensemble;1608,452898;84001,09137;13,84914521
FE ; F ; 2020_2022;76;Sans diplôme;2335,576358;74088,85039;12,79723768
FE ; F ; 2020_2022;76;Supérieur au baccalauréat;1312,125764;88185,39352;14,54504449
FE ; F ; 2020_2022;77;Baccalauréat;1581,177524;84545,12214;13,59323366
FE ; F ; 2020_2022;77;Brevet, CEP;1834,10505;81221,55445;13,14612635
FE ; F ; 2020_2022;77;CAP, BEP;1676,367285;82883,00638;13,41920633
FE ; F ; 2020_2022;77;Ensemble;1796,155896;82649,97338;13,0755437
FE ; F ; 2020_2022;77;Sans diplôme;2554,242654;72358,44872;12,10327466
FE ; F ; 2020_2022;77;Supérieur au baccalauréat;1478,341446;87028,29025;13,73843125
FE ; F ; 2020_2022;78;Baccalauréat;1779,682591;83208,31367;12,81161989
FE ; F ; 2020_2022;78;Brevet, CEP;2047,580412;79731,86582;12,39174502
FE ; F ; 2020_2022;78;CAP, BEP;1881,277778;81493,58278;12,64799689
FE ; F ; 2020_2022;78;Ensemble;2010,213436;81165,45101;12,3146964
FE ; F ; 2020_2022;78;Sans diplôme;2804,37306;70510,23835;11,42052501
FE ; F ; 2020_2022;78;Supérieur au baccalauréat;1672,344474;85741,71497;12,94457975
FE ; F ; 2020_2022;79;Baccalauréat;2014,442464;81727,4698;12,04375737
FE ; F ; 2020_2022;79;Brevet, CEP;2299,120856;78099,29175;11,65077991
FE ; F ; 2020_2022;79;CAP, BEP;2123,516392;79960,46212;11,89050306
FE ; F ; 2020_2022;79;Ensemble;2268,203862;79533,85221;11,56732649
FE ; F ; 2020_2022;79;Sans diplôme;3095,154201;68532,86823;10,75003997
FE ; F ; 2020_2022;79;Supérieur au baccalauréat;1901,811702;84307,81813;12,16473954
FE ; F ; 2020_2022;80;Baccalauréat;2291,689943;80081,11694;11,29135974
FE ; F ; 2020_2022;80;Brevet, CEP;2594,940777;76303,69464;10,9249489
FE ; F ; 2020_2022;80;CAP, BEP;2409,341711;78262,4886;11,14847798
FE ; F ; 2020_2022;80;Ensemble;2574,221178;77729,8623;10,83578625
FE ; F ; 2020_2022;80;Sans diplôme;3432,407851;66411,67028;10,09339773
FE ; F ; 2020_2022;80;Supérieur au baccalauréat;2173,046771;82704,44218;11,40057513
FE ; F ; 2020_2022;81;Baccalauréat;2618,33867;78245,90604;10,55619182
FE ; F ; 2020_2022;81;Brevet, CEP;2941,85097;74323,65896;10,21599739
FE ; F ; 2020_2022;81;CAP, BEP;2745,645294;76376,87782;10,42371429
FE ; F ; 2020_2022;81;Ensemble;2942,295555;75728,92372;10,12209354
FE ; F ; 2020_2022;81;Sans diplôme;3822,300362;64132,15089;9,45215844
FE ; F ; 2020_2022;81;Supérieur au baccalauréat;2493,109901;80907,23597;10,65381805
FE ; F ; 2020_2022;82;Baccalauréat;3001,267067;76197,16322;9,840020263
FE ; F ; 2020_2022;82;Brevet, CEP;3346,445877;72137,16768;9,525646213
FE ; F ; 2020_2022;82;CAP, BEP;3139,181818;74279,83966;9,717992343
FE ; F ; 2020_2022;82;Ensemble;3366,928556;73500,75497;9,428943889
FE ; F ; 2020_2022;82;Sans diplôme;4270,305043;61680,82746;8,827806732
FE ; F ; 2020_2022;82;Supérieur au baccalauréat;2869,162663;78890,12966;9,926220741
FE ; F ; 2020_2022;83;Baccalauréat;3450,51904;73910,28286;9,144483299
FE ; F ; 2020_2022;83;Brevet, CEP;3818,663783;69723,1364;8,855453634
FE ; F ; 2020_2022;83;CAP, BEP;3599,892112;71948,06044;9,032944719
FE ; F ; 2020_2022;83;Ensemble;3854,386673;71026,03706;8,757470965
FE ; F ; 2020_2022;83;Sans diplôme;4785,774077;59046,86797;8,221597056
FE ; F ; 2020_2022;83;Supérieur au baccalauréat;3311,563827;76626,64352;9,219432894
FE ; F ; 2020_2022;84;Baccalauréat;3976,65657;71359,99448;8,471292035
FE ; F ; 2020_2022;84;Brevet, CEP;4368,767051;67060,64424;8,207039518
FE ; F ; 2020_2022;84;CAP, BEP;4138,083516;69358,00789;8,370264118
FE ; F ; 2020_2022;84;Ensemble;4420,928258;68288,41895;8,108549691
FE ; F ; 2020_2022;84;Sans diplôme;5377,947326;56221,01827;7,63484104
FE ; F ; 2020_2022;84;Supérieur au baccalauréat;3831,412621;74089,10331;8,535197029
FE ; F ; 2020_2022;85;Baccalauréat;4593,653605;68522,25257;7,822117343
FE ; F ; 2020_2022;85;Brevet, CEP;5010,502558;64130,92091;7,581965604
FE ; F ; 2020_2022;85;CAP, BEP;4767,396371;66487,9156;7,731584371
FE ; F ; 2020_2022;85;Ensemble;5087,316201;65269,43694;7,483603725
FE ; F ; 2020_2022;85;Sans diplôme;6059,872985;53197,48152;7,068775539
FE ; F ; 2020_2022;85;Supérieur au baccalauréat;4443,40498;71250,44405;7,875244258
FE ; F ; 2020_2022;86;Baccalauréat;5318,114898;65374,57764;7,198739014
FE ; F ; 2020_2022;86;Brevet, CEP;5760,151412;60917,63948;6,98189885
FE ; F ; 2020_2022;86;CAP, BEP;5503,908421;63318,17312;7,118631726
FE ; F ; 2020_2022;86;Ensemble;5868,61951;61948,9743;6,884724597
FE ; F ; 2020_2022;86;Sans diplôme;6847,071834;49973,78171;6,524766852
FE ; F ; 2020_2022;86;Supérieur au baccalauréat;5165,205173;68084,49827;7,241445037
FE ; F ; 2020_2022;87;Baccalauréat;6168,718209;61897,88249;6,603079518
FE ; F ; 2020_2022;87;Brevet, CEP;6635,866006;57408,69121;6,408648204
FE ; F ; 2020_2022;87;CAP, BEP;6365,468263;59833,19886;6,533255192
FE ; F ; 2020_2022;87;Ensemble;6776,300393;58313,42471;6,313952649
FE ; F ; 2020_2022;87;Sans diplôme;7756,717975;46552,04098;6,004360443
FE ; F ; 2020_2022;87;Supérieur au baccalauréat;6017,042872;64567,79425;6,635852485
FE ; F ; 2020_2022;88;Baccalauréat;7165,240252;58079,57654;6,037183541
FE ; F ; 2020_2022;88;Brevet, CEP;7656,596286;53599,12739;5,864143574
FE ; F ; 2020_2022;88;CAP, BEP;7370,595708;56024,53558;5,977399333
FE ; F ; 2020_2022;88;Ensemble;7828,303193;54361,93188;5,77290504
FE ; F ; 2020_2022;88;Sans diplôme;8806,48271;42941,13045;5,509265837
FE ; F ; 2020_2022;88;Supérieur au baccalauréat;7020,917369;60682,72239;6,060697692
FE ; F ; 2020_2022;89;Baccalauréat;8323,279216;53918,03534;5,503149852
FE ; F ; 2020_2022;89;Brevet, CEP;8836,512508;49495,25859;5,350365416
FE ; F ; 2020_2022;89;CAP, BEP;8533,190241;51895,19356;5,453025773
FE ; F ; 2020_2022;89;Ensemble;9048,064552;50106,31503;5,263207948
FE ; F ; 2020_2022;89;Sans diplôme;10008,02406;39159,52722;5,041291092
FE ; F ; 2020_2022;89;Supérieur au baccalauréat;8195,225539;56422,23859;5,518345331
FE ; F ; 2020_2022;90;Baccalauréat;9651,949188;49430,28672;5,002777809
FE ; F ; 2020_2022;90;Brevet, CEP;10182,79099;45121,60387;4,868978429
FE ; F ; 2020_2022;90;CAP, BEP;9860,532052;47466,87797;4,961753545
FE ; F ; 2020_2022;90;Ensemble;10455,9843;45572,6633;4,786801481
FE ; F ; 2020_2022;90;Sans diplôme;11364,56705;35240,43231;4,601933994
FE ; F ; 2020_2022;90;Supérieur au baccalauréat;9551,935746;51798,30888;5,010956798
FE ; F ; 2020_2022;91;Baccalauréat;11151,7435;44659,30056;-
FE ; F ; 2020_2022;91;Brevet, CEP;11693,61613;40526,96526;-
FE ; F ; 2020_2022;91;CAP, BEP;11351,05672;42786,39125;-
FE ; F ; 2020_2022;91;Ensemble;12039,52435;40807,59279;-
FE ; F ; 2020_2022;91;Sans diplôme;12869,7899;31235,50975;-
FE ; F ; 2020_2022;91;Supérieur au baccalauréat;11094,56535;46850,5677;-
FE ; F ; 2020_2022;92;Baccalauréat;12819,65812;39679,00991;-
FE ; F ; 2020_2022;92;Brevet, CEP;13363,81982;35787,89751;-
FE ; F ; 2020_2022;92;CAP, BEP;12999,73871;37929,68371;-
FE ; F ; 2020_2022;92;Ensemble;13775,32593;35894,55272;-
FE ; F ; 2020_2022;92;Sans diplôme;14514,68958;27215,56527;-
FE ; F ; 2020_2022;92;Supérieur au baccalauréat;12819,65812;41652,70085;-
FE ; F ; 2020_2022;93;Baccalauréat;14650,84053;34592,2965;-
FE ; F ; 2020_2022;93;Brevet, CEP;15186,70733;31005,26737;-
FE ; F ; 2020_2022;93;CAP, BEP;14799,88875;32998,92394;-
FE ; F ; 2020_2022;93;Ensemble;15632,31493;30949,96109;-
FE ; F ; 2020_2022;93;Sans diplôme;16289,70653;23265,31046;-
FE ; F ; 2020_2022;93;Supérieur au baccalauréat;14650,84053;36312,967;-
FE ; F ; 2020_2022;94;Baccalauréat;16728,98506;29524,2343;-
FE ; F ; 2020_2022;94;Brevet, CEP;17247,30952;26296,58816;-
FE ; F ; 2020_2022;94;CAP, BEP;16834,217;28115,1199;-
FE ; F ; 2020_2022;94;Ensemble;17614,51316;26111,7657;-
FE ; F ; 2020_2022;94;Sans diplôme;18283,59073;19475,45966;-
FE ; F ; 2020_2022;94;Supérieur au baccalauréat;16728,98506;30992,81212;-
FE ; F ; 2020_2022;95;Baccalauréat;19055,82518;24585,12956;-
FE ; F ; 2020_2022;95;Brevet, CEP;19571,38385;21761,1342;-
FE ; F ; 2020_2022;95;CAP, BEP;19160,49559;23382,15961;-
FE ; F ; 2020_2022;95;Ensemble;19733,79242;21512,3053;-
FE ; F ; 2020_2022;95;Sans diplôme;20602,13545;15914,64632;-
FE ; F ; 2020_2022;95;Supérieur au baccalauréat;19055,82518;25808,02921;-
FE ; F ; 2020_2022;96;Baccalauréat;21223,6151;19900,23025;-
FE ; F ; 2020_2022;96;Brevet, CEP;21737,4479;17502,1791;-
FE ; F ; 2020_2022;96;CAP, BEP;21327,93512;18902,02195;-
FE ; F ; 2020_2022;96;Ensemble;22007,07474;17267,11162;-
FE ; F ; 2020_2022;96;Sans diplôme;22764,74896;12635,88933;-
FE ; F ; 2020_2022;96;Supérieur au baccalauréat;21223,6151;20890,09628;-
FE ; F ; 2020_2022;97;Baccalauréat;23532,96483;15676,68198;-
FE ; F ; 2020_2022;97;Brevet, CEP;24046,31402;13697,65203;-
FE ; F ; 2020_2022;97;CAP, BEP;23637,18667;14870,61097;-
FE ; F ; 2020_2022;97;Ensemble;24382,16281;13467,12546;-
FE ; F ; 2020_2022;97;Sans diplôme;25072,64823;9759,360846;-
FE ; F ; 2020_2022;97;Supérieur au baccalauréat;23532,96483;16456,46265;-
FE ; F ; 2020_2022;98;Baccalauréat;25911,67848;11987,49392;-
FE ; F ; 2020_2022;98;Brevet, CEP;26425,91135;10403,87161;-
FE ; F ; 2020_2022;98;CAP, BEP;26016,07973;11355,6169;-
FE ; F ; 2020_2022;98;Ensemble;26762,20794;10183,54901;-
FE ; F ; 2020_2022;98;Sans diplôme;27454,01226;7312,430632;-
FE ; F ; 2020_2022;98;Supérieur au baccalauréat;25911,67848;12583,76908;-
FE ; F ; 2020_2022;99;Baccalauréat;28352,28258;8881,333038;-
FE ; F ; 2020_2022;99;Brevet, CEP;28867,27279;7654,553723;-
FE ; F ; 2020_2022;99;CAP, BEP;28456,83759;8401,330552;-
FE ; F ; 2020_2022;99;Ensemble;29204,04452;7458,206447;-
FE ; F ; 2020_2022;99;Sans diplôme;29896,88784;5304,875029;-
FE ; F ; 2020_2022;99;Supérieur au baccalauréat;28352,28258;9323,103298;-
FE ; F ; 2020_2022;100;Baccalauréat;30835,74602;6363,272397;-
FE ; F ; 2020_2022;100;Brevet, CEP;31351,38895;5444,892819;-
FE ; F ; 2020_2022;100;CAP, BEP;30940,43354;6010,577562;-
FE ; F ; 2020_2022;100;Ensemble;31688,55654;5280,108515;-
FE ; F ; 2020_2022;100;Sans diplôme;32382,30902;3718,882492;-
FE ; F ; 2020_2022;100;Supérieur au baccalauréat;30835,74602;6679,790705;-
FE ; F ; 2020_2022;101;Baccalauréat;33389,41574;4401,109883;-
FE ; F ; 2020_2022;101;Brevet, CEP;33905,62286;3737,843293;-
FE ; F ; 2020_2022;101;CAP, BEP;33494,21781;4150,878806;-
FE ; F ; 2020_2022;101;Ensemble;34243,77036;3606,918343;-
FE ; F ; 2020_2022;101;Sans diplôme;34937,67089;2514,622471;-
FE ; F ; 2020_2022;101;Supérieur au baccalauréat;33389,41574;4620,027409;-
FE ; F ; 2020_2022;102;Baccalauréat;35980,71403;2931,605007;-
FE ; F ; 2020_2022;102;Brevet, CEP;36497,40312;2470,504243;-
FE ; F ; 2020_2022;102;CAP, BEP;36085,61394;2760,574418;-
FE ; F ; 2020_2022;102;Ensemble;36837,31745;2371,773509;-
FE ; F ; 2020_2022;102;Sans diplôme;37530,41475;1636,071948;-
FE ; F ; 2020_2022;102;Supérieur au baccalauréat;35980,71403;3077,42725;-
FE ; F ; 2020_2022;103;Baccalauréat;38481,71074;1876,792593;-
FE ; F ; 2020_2022;103;Brevet, CEP;38998,80721;1568,83435;-
FE ; F ; 2020_2022;103;CAP, BEP;38586,69336;1764,404191;-
FE ; F ; 2020_2022;103;Ensemble;39340,2538;1498,075772;-
FE ; F ; 2020_2022;103;Sans diplôme;40032,6333;1022,04736;-
FE ; F ; 2020_2022;103;Supérieur au baccalauréat;38481,71074;1970,146952;-
FE ; F ; 2020_2022;104;Baccalauréat;40744,52678;1154,570696;-
FE ; F ; 2020_2022;104;Brevet, CEP;41261,81312;957,0076667;-
FE ; F ; 2020_2022;104;CAP, BEP;40849,54795;1083,578956;-
FE ; F ; 2020_2022;104;Ensemble;41615,66712;908,7289613;-
FE ; F ; 2020_2022;104;Sans diplôme;42296,01883;612,8948885;-
FE ; F ; 2020_2022;104;Supérieur au baccalauréat;40744,52678;1212,0007;-
FE ; F ; 2017_2019;30;Baccalauréat;27,83715909;100000;57,36061402
FE ; F ; 2017_2019;30;Brevet, CEP;49,37651783;100000;55,34607352
FE ; F ; 2017_2019;30;CAP, BEP;31,07234675;100000;56,54950749
FE ; F ; 2017_2019;30;Ensemble;29,59513385;100000;56,02907619
FE ; F ; 2017_2019;30;Sans diplôme;98,57613092;100000;52,52389385
FE ; F ; 2017_2019;30;Supérieur au baccalauréat;16,02510107;100000;58,04376422
FE ; F ; 2017_2019;31;Baccalauréat;29,26460209;99972,16284;56,37658603
FE ; F ; 2017_2019;31;Brevet, CEP;51,90846316;99950,62348;54,37341498
FE ; F ; 2017_2019;31;CAP, BEP;32,66568476;99968,92765;55,56708421
FE ; F ; 2017_2019;31;Ensemble;31,11272286;99970,40487;55,04566298
FE ; F ; 2017_2019;31;Sans diplôme;103,6309502;99901,42387;51,57572096
FE ; F ; 2017_2019;31;Supérieur au baccalauréat;16,84684147;99983,9749;57,05306728
FE ; F ; 2017_2019;32;Baccalauréat;31,15893906;99942,90639;55,39308924
FE ; F ; 2017_2019;32;Brevet, CEP;55,26856764;99898,74065;53,40165404
FE ; F ; 2017_2019;32;CAP, BEP;34,78017838;99936,27212;54,58524151
FE ; F ; 2017_2019;32;Ensemble;33,12669117;99939,30135;54,06279451
FE ; F ; 2017_2019;32;Sans diplôme;110,3391207;99797,89507;50,62922482
FE ; F ; 2017_2019;32;Supérieur au baccalauréat;17,93736013;99967,13076;56,06268054
FE ; F ; 2017_2019;33;Baccalauréat;33,397209;99911,76524;54,41035452
FE ; F ; 2017_2019;33;Brevet, CEP;59,23872764;99843,52805;52,43118469
FE ; F ; 2017_2019;33;CAP, BEP;37,27857627;99901,5141;53,60423296
FE ; F ; 2017_2019;33;Ensemble;35,50631253;99906,19477;53,08070966
FE ; F ; 2017_2019;33;Sans diplôme;118,2652165;99687,77895;49,68515037
FE ; F ; 2017_2019;33;Supérieur au baccalauréat;19,22587171;99949,19929;55,07273851
FE ; F ; 2017_2019;34;Baccalauréat;36,89219063;99878,39749;53,42853213
FE ; F ; 2017_2019;34;Brevet, CEP;65,43799612;99784,38201;51,46226267
FE ; F ; 2017_2019;34;CAP, BEP;41,17973877;99864,27224;52,62422331
FE ; F ; 2017_2019;34;Ensemble;39,22200955;99870,72176;52,09956336
FE ; F ; 2017_2019;34;Sans diplôme;130,6415429;99569,88299;48,74398019
FE ; F ; 2017_2019;34;Supérieur au baccalauréat;21,2378383;99929,98319;54,08332876
FE ; F ; 2017_2019;35;Baccalauréat;40,70521669;99841,55017;52,44825036
FE ; F ; 2017_2019;35;Brevet, CEP;72,20139997;99719,08511;50,49596059
FE ; F ; 2017_2019;35;CAP, BEP;45,43590828;99823,1484;51,64590275
FE ; F ; 2017_2019;35;Ensemble;43,27583617;99831,55046;51,12000587
FE ; F ; 2017_2019;35;Sans diplôme;144,1441189;99439,80336;47,80774338
FE ; F ; 2017_2019;35;Supérieur au baccalauréat;23,43289447;99908,76022;53,09481733
FE ; F ; 2017_2019;36;Baccalauréat;45,38290152;99800,90945;51,46960823
FE ; F ; 2017_2019;36;Brevet, CEP;78,89819225;99647,08654;49,53244573
FE ; F ; 2017_2019;36;CAP, BEP;50,04013117;99777,79284;50,6693792
FE ; F ; 2017_2019;36;Ensemble;47,74060651;99788,34752;50,14213806
FE ; F ; 2017_2019;36;Sans diplôme;154,948391;99296,46673;46,87675491
FE ; F ; 2017_2019;36;Supérieur au baccalauréat;26,69532215;99885,34871;52,1072619
FE ; F ; 2017_2019;37;Baccalauréat;49,8802779;99755,6169;50,49297724
FE ; F ; 2017_2019;37;Brevet, CEP;85,30537361;99568,46679;48,57155679
FE ; F ; 2017_2019;37;CAP, BEP;54,45113513;99727,8639;49,69474692
FE ; F ; 2017_2019;37;Ensemble;52,17833827;99740,70796;49,16608765
FE ; F ; 2017_2019;37;Sans diplôme;164,3082427;99142,60845;45,94950241
FE ; F ; 2017_2019;37;Supérieur au baccalauréat;29,98757624;99858,68399;51,12117582
FE ; F ; 2017_2019;38;Baccalauréat;54,94171356;99705,85852;49,51817584
FE ; F ; 2017_2019;38;Brevet, CEP;92,73431578;99483,52953;47,61302631
FE ; F ; 2017_2019;38;CAP, BEP;59,50283903;99673,56095;48,72182102
FE ; F ; 2017_2019;38;Ensemble;56,94442753;99688,66491;48,19175509
FE ; F ; 2017_2019;38;Sans diplôme;174,7348308;98979,70897;45,02512548
FE ; F ; 2017_2019;38;Supérieur au baccalauréat;33,76206296;99828,73879;50,13651042
FE ; F ; 2017_2019;39;Baccalauréat;60,30992223;99651,07841;48,54539693
FE ; F ; 2017_2019;39;Brevet, CEP;100,7535444;99391,27416;46,65722091
FE ; F ; 2017_2019;39;CAP, BEP;64,92588177;99614,25235;47,75082915
FE ; F ; 2017_2019;39;Ensemble;62,01273736;99631,89777;47,21921325
FE ; F ; 2017_2019;39;Sans diplôme;185,3307041;98806,75694;44,10393777
FE ; F ; 2017_2019;39;Supérieur au baccalauréat;37,88058077;99795,03455;49,15344325
FE ; F ; 2017_2019;40;Baccalauréat;66,27323867;99590,97892;47,57469229
FE ; F ; 2017_2019;40;Brevet, CEP;109,8525467;99291,13393;45,70427713
FE ; F ; 2017_2019;40;CAP, BEP;71,04405418;99549,57692;46,78185193
FE ; F ; 2017_2019;40;Ensemble;68,16012879;99570,11331;46,24851335
FE ; F ; 2017_2019;40;Sans diplôme;196,9409628;98623,63769;43,18582768
FE ; F ; 2017_2019;40;Supérieur au baccalauréat;42,53986241;99757,23161;48,17206992
FE ; F ; 2017_2019;41;Baccalauréat;72,82560306;99524,97676;46,60624249
FE ; F ; 2017_2019;41;Brevet, CEP;120,0184473;99182,06009;44,75453965
FE ; F ; 2017_2019;41;CAP, BEP;77,86308478;99478,85286;45,81511129
FE ; F ; 2017_2019;41;Ensemble;75,15962084;99502,24619;45,28005789
FE ; F ; 2017_2019;41;Sans diplôme;209,4606961;98429,40734;42,27104609
FE ; F ; 2017_2019;41;Supérieur au baccalauréat;47,75766367;99714,79502;47,19257097
FE ; F ; 2017_2019;42;Baccalauréat;80,14165729;99452,49709;45,64020851
FE ; F ; 2017_2019;42;Brevet, CEP;131,5316752;99063,02332;43,8083179
FE ; F ; 2017_2019;42;CAP, BEP;85,58388444;99401,39556;44,85081214
FE ; F ; 2017_2019;42;Ensemble;83,78411892;99427,46068;44,31411581
FE ; F ; 2017_2019;42;Sans diplôme;223,3068791;98223,23642;41,35977317
FE ; F ; 2017_2019;42;Supérieur au baccalauréat;53,67000047;99667,17357;46,21511981
FE ; F ; 2017_2019;43;Baccalauréat;88,02818722;99372,79421;44,67681466
FE ; F ; 2017_2019;43;Brevet, CEP;144,0597241;98932,72407;42,86601561
FE ; F ; 2017_2019;43;CAP, BEP;94,01571298;99316,32399;43,88923009
FE ; F ; 2017_2019;43;Ensemble;92,86031677;99344,15626;43,35127514
FE ; F ; 2017_2019;43;Sans diplôme;237,8586857;98003,89718;40,45233909
FE ; F ; 2017_2019;43;Supérieur au baccalauréat;60,16787387;99613,68219;45,23993678
FE ; F ; 2017_2019;44;Baccalauréat;96,73075237;99285,31814;43,7161775
FE ; F ; 2017_2019;44;Brevet, CEP;157,9790054;98790,20186;41,92785736
FE ; F ; 2017_2019;44;CAP, BEP;103,4374438;99222,95103;42,93053169
FE ; F ; 2017_2019;44;Ensemble;103,3188421;99251,90496;42,39156868
FE ; F ; 2017_2019;44;Sans diplôme;253,7270928;97770,7864;39,54878791
FE ; F ; 2017_2019;44;Supérieur au baccalauréat;67,43332265;99553,74676;44,26717308
FE ; F ; 2017_2019;45;Baccalauréat;106,0672179;99189,27871;42,75850543
FE ; F ; 2017_2019;45;Brevet, CEP;172,9496583;98634,13408;40,99419938
FE ; F ; 2017_2019;45;CAP, BEP;113,6708488;99120,31735;41,97498392
FE ; F ; 2017_2019;45;Ensemble;113,9963261;99149,35904;41,43541246
FE ; F ; 2017_2019;45;Sans diplôme;270,3730676;97522,71542;38,64938915
FE ; F ; 2017_2019;45;Supérieur au baccalauréat;75,35253154;99486,61436;43,29704405
FE ; F ; 2017_2019;46;Baccalauréat;116,1601065;99084,0714;41,80390635
FE ; F ; 2017_2019;46;Brevet, CEP;189,1095739;98463,54668;40,06522154
FE ; F ; 2017_2019;46;CAP, BEP;124,8620578;99007,64644;41,02275154
FE ; F ; 2017_2019;46;Ensemble;126,9645327;99036,33241;40,48270122
FE ; F ; 2017_2019;46;Sans diplôme;288,0829673;97259,04027;37,75416999
FE ; F ; 2017_2019;46;Supérieur au baccalauréat;84,01601277;99411,64868;42,32969407
FE ; F ; 2017_2019;47;Baccalauréat;127,1552239;98968,97524;40,85252228
FE ; F ; 2017_2019;47;Brevet, CEP;206,6081739;98277,34269;39,14113226
FE ; F ; 2017_2019;47;CAP, BEP;137,1812548;98884,02346;40,07403743
FE ; F ; 2017_2019;47;Ensemble;140,6774993;98910,5914;39,53416523
FE ; F ; 2017_2019;47;Sans diplôme;307,1813728;96978,85354;36,86324755
FE ; F ; 2017_2019;47;Supérieur au baccalauréat;93,53012557;99328,12697;41,3652877
FE ; F ; 2017_2019;48;Baccalauréat;139,0541652;98843,13102;39,90453453
FE ; F ; 2017_2019;48;Brevet, CEP;225,3291595;98074,29367;38,22216847
FE ; F ; 2017_2019;48;CAP, BEP;150,6412203;98748,37312;39,12908701
FE ; F ; 2017_2019;48;Ensemble;155,5301596;98771,44645;38,58985925
FE ; F ; 2017_2019;48;Sans diplôme;327,6347257;96680,95256;35,9768335
FE ; F ; 2017_2019;48;Supérieur au baccalauréat;103,8913851;99235,22525;40,40401292
FE ; F ; 2017_2019;49;Baccalauréat;151,7908831;98705,68552;38,96010072
FE ; F ; 2017_2019;49;Brevet, CEP;245,0118222;97853,30369;37,30848866
FE ; F ; 2017_2019;49;CAP, BEP;165,176256;98599,61736;38,18812047
FE ; F ; 2017_2019;49;Ensemble;172,5253869;98617,82706;37,64997162
FE ; F ; 2017_2019;49;Sans diplôme;349,2733376;96364,19219;35,09509356
FE ; F ; 2017_2019;49;Supérieur au baccalauréat;115,034353;99132,1284;39,44603286
FE ; F ; 2017_2019;50;Baccalauréat;165,1409676;98555,85929;38,0193285
FE ; F ; 2017_2019;50;Brevet, CEP;265,1041471;97613,55152;36,40012339
FE ; F ; 2017_2019;50;CAP, BEP;180,5395584;98436,75421;37,25130254
FE ; F ; 2017_2019;50;Ensemble;189,6101726;98447,68627;36,71503963
FE ; F ; 2017_2019;50;Sans diplôme;371,6039884;96027,61776;34,218101
FE ; F ; 2017_2019;50;Supérieur au baccalauréat;126,7573824;99018,0924;38,49146161
FE ; F ; 2017_2019;51;Baccalauréat;179,2624362;98393,10319;37,08221784
FE ; F ; 2017_2019;51;Brevet, CEP;285,6329153;97354,77395;35,49687812
FE ; F ; 2017_2019;51;CAP, BEP;196,8913544;98259,03692;36,31867752
FE ; F ; 2017_2019;51;Ensemble;208,3278921;98261,01945;35,78478733
FE ; F ; 2017_2019;51;Sans diplôme;395,0353934;95670,7753;33,3457311
FE ; F ; 2017_2019;51;Supérieur au baccalauréat;139,1350892;98892,57966;37,54031431
FE ; F ; 2017_2019;52;Baccalauréat;193,7166099;98216,72132;36,14881171
FE ; F ; 2017_2019;52;Brevet, CEP;305,6537993;97076,69667;34,59855933
FE ; F ; 2017_2019;52;CAP, BEP;213,729345;98065,57338;35,39032693
FE ; F ; 2017_2019;52;Ensemble;226,0622784;98056,31433;34,85949266
FE ; F ; 2017_2019;52;Sans diplôme;418,6658765;95292,84188;32,47798098
FE ; F ; 2017_2019;52;Supérieur au baccalauréat;151,7715761;98754,98538;36,59261883
FE ; F ; 2017_2019;53;Baccalauréat;209,281093;98026,45922;35,21897388
FE ; F ; 2017_2019;53;Brevet, CEP;326,2601011;96779,97806;33,70463536
FE ; F ; 2017_2019;53;CAP, BEP;231,9013407;97855,97847;34,46612845
FE ; F ; 2017_2019;53;Ensemble;245,46396;97834,646;33,93847537
FE ; F ; 2017_2019;53;Sans diplôme;444,2117018;94893,88327;31,61452687
FE ; F ; 2017_2019;53;Supérieur au baccalauréat;165,2449677;98605,10338;35,64824044
FE ; F ; 2017_2019;54;Baccalauréat;226,0276179;97821,30837;34,29283511
FE ; F ; 2017_2019;54;Brevet, CEP;347,472788;96464,2236;32,81496009
FE ; F ; 2017_2019;54;CAP, BEP;251,4900837;97629,04914;33,54624165
FE ; F ; 2017_2019;54;Ensemble;264,2566236;97594,4972;33,02198709
FE ; F ; 2017_2019;54;Sans diplôme;471,7784403;94472,35353;30,75558891
FE ; F ; 2017_2019;54;Supérieur au baccalauréat;179,6089515;98442,16341;34,70724487
FE ; F ; 2017_2019;55;Baccalauréat;244,5145256;97600,2052;33,37052198
FE ; F ; 2017_2019;55;Brevet, CEP;370,0592253;96129,03668;31,92938072
FE ; F ; 2017_2019;55;CAP, BEP;273,1205792;97383,52176;32,63081982
FE ; F ; 2017_2019;55;Ensemble;287,2136093;97336,59728;32,10948108
FE ; F ; 2017_2019;55;Sans diplôme;502,4663625;94026,65334;29,90137494
FE ; F ; 2017_2019;55;Supérieur au baccalauréat;195,3116906;98265,35247;33,76969435
FE ; F ; 2017_2019;56;Baccalauréat;264,7771856;97361,55852;32,45231776
FE ; F ; 2017_2019;56;Brevet, CEP;393,9708143;95773,30231;31,04797722
FE ; F ; 2017_2019;56;CAP, BEP;296,8378138;97117,54733;31,72018538
FE ; F ; 2017_2019;56;Ensemble;311,7547831;97057,03332;31,20196952
FE ; F ; 2017_2019;56;Sans diplôme;536,2529334;93554,20103;29,05237803
FE ; F ; 2017_2019;56;Supérieur au baccalauréat;212,3955691;98073,42875;32,83577958
FE ; F ; 2017_2019;57;Baccalauréat;287,2664411;97103,76732;31,53847221
FE ; F ; 2017_2019;57;Brevet, CEP;419,7808397;95395,98345;30,170781
FE ; F ; 2017_2019;57;CAP, BEP;323,1507328;96829,26572;30,81462322
FE ; F ; 2017_2019;57;Ensemble;338,3762221;96754,45338;30,29954736
FE ; F ; 2017_2019;57;Sans diplôme;573,9495561;93052,51388;28,20901221
FE ; F ; 2017_2019;57;Supérieur au baccalauréat;231,2440869;97865,12513;31,90566977
FE ; F ; 2017_2019;58;Baccalauréat;311,4492902;96824,82079;30,62933267
FE ; F ; 2017_2019;58;Brevet, CEP;446,6262865;94995,52939;29,29796606
FE ; F ; 2017_2019;58;CAP, BEP;351,4601248;96516,36124;29,91452373
FE ; F ; 2017_2019;58;Ensemble;366,7534;96427,05932;29,40242193
FE ; F ; 2017_2019;58;Sans diplôme;614,3851153;92518,43939;27,37185233
FE ; F ; 2017_2019;58;Supérieur au baccalauréat;251,4599357;97638,81782;30,97962075
FE ; F ; 2017_2019;59;Baccalauréat;336,9522758;96523,26057;29,72502554
FE ; F ; 2017_2019;59;Brevet, CEP;473,9551086;94571,25438;28,42940552
FE ; F ; 2017_2019;59;CAP, BEP;381,3349687;96177,14472;29,02003217
FE ; F ; 2017_2019;59;Ensemble;397,0941538;96073,4098;28,51065325
FE ; F ; 2017_2019;59;Sans diplôme;656,754294;91950,01987;26,54106051
FE ; F ; 2017_2019;59;Supérieur au baccalauréat;272,7820248;97393,29531;30,05771847
FE ; F ; 2017_2019;60;Baccalauréat;363,4106804;96198,02325;28,82552332
FE ; F ; 2017_2019;60;Brevet, CEP;501,3011721;94123,02909;27,5647898
FE ; F ; 2017_2019;60;CAP, BEP;412,3449687;95810,38763;28,13111931
FE ; F ; 2017_2019;60;Ensemble;428,3842783;95691,9079;27,62431875
FE ; F ; 2017_2019;60;Sans diplôme;700,2964996;91346,13417;25,71652242
FE ; F ; 2017_2019;60;Supérieur au baccalauréat;294,9690535;97127,62391;29,13993479
FE ; F ; 2017_2019;61;Baccalauréat;390,4988406;95848,42936;27,93066043
FE ; F ; 2017_2019;61;Brevet, CEP;528,3248208;93651,18925;26,70366861
FE ; F ; 2017_2019;61;CAP, BEP;444,0961155;95415,31832;27,24759686
FE ; F ; 2017_2019;61;Ensemble;459,0637998;95281,97881;26,74316611
FE ; F ; 2017_2019;61;Sans diplôme;744,3448575;90706,44039;24,8978844
FE ; F ; 2017_2019;61;Supérieur au baccalauréat;317,8269853;96841,12747;28,22614287
FE ; F ; 2017_2019;62;Baccalauréat;418,6376618;95474,14235;27,04015692
FE ; F ; 2017_2019;62;Brevet, CEP;555,7448969;93156,40677;25,84550005
FE ; F ; 2017_2019;62;CAP, BEP;477,0384226;94991,5826;26,36914216
FE ; F ; 2017_2019;62;Ensemble;489,7922643;94844,57374;25,86650049
FE ; F ; 2017_2019;62;Sans diplôme;789,6510647;90031,27167;24,08460033
FE ; F ; 2017_2019;62;Supérieur au baccalauréat;341,7887254;96533,34024;27,3161392
FE ; F ; 2017_2019;63;Baccalauréat;447,8791872;95074,45163;26,15383309
FE ; F ; 2017_2019;63;Brevet, CEP;583,7909462;92638,69479;24,98993781
FE ; F ; 2017_2019;63;CAP, BEP;511,200886;94538,43625;25,49553604
FE ; F ; 2017_2019;63;Ensemble;520,6126023;94380,03236;24,99381619
FE ; F ; 2017_2019;63;Sans diplôme;836,2275764;89320,33877;23,27629838
FE ; F ; 2017_2019;63;Supérieur au baccalauréat;367,0119667;96203,40016;26,40982289
FE ; F ; 2017_2019;64;Baccalauréat;479,2194789;94648,63295;25,27149766
FE ; F ; 2017_2019;64;Brevet, CEP;613,9334034;92097,87848;24,13668349
FE ; F ; 2017_2019;64;CAP, BEP;547,6875049;94055,15492;24,62653914
FE ; F ; 2017_2019;64;Ensemble;556,2617885;93888,67801;24,12461812
FE ; F ; 2017_2019;64;Sans diplôme;885,8104678;88573,41747;22,47258259
FE ; F ; 2017_2019;64;Supérieur au baccalauréat;394,4577834;95850,32217;25,50710714
FE ; F ; 2017_2019;65;Baccalauréat;512,5491994;94195,05827;24,39318676
FE ; F ; 2017_2019;65;Brevet, CEP;646,2066201;91532,45884;23,28578202
FE ; F ; 2017_2019;65;CAP, BEP;586,337638;93540,02659;23,76215838
FE ; F ; 2017_2019;65;Ensemble;593,6888208;93366,41117;23,2595648
FE ; F ; 2017_2019;65;Sans diplôme;938,0210656;87788,82486;21,67342617
FE ; F ; 2017_2019;65;Supérieur au baccalauréat;424,219368;95472,23312;24,60812036
FE ; F ; 2017_2019;66;Baccalauréat;548,6552465;93712,26225;23,51885797
FE ; F ; 2017_2019;66;Brevet, CEP;681,8216912;90940,97003;22,43723498
FE ; F ; 2017_2019;66;CAP, BEP;628,0091494;92991,56621;22,9023066
FE ; F ; 2017_2019;66;Ensemble;637,0009348;92812,10523;22,39847896
FE ; F ; 2017_2019;66;Sans diplôme;994,0931434;86965,34719;20,87865254
FE ; F ; 2017_2019;66;Supérieur au baccalauréat;457,173242;95067,22141;23,71295752
FE ; F ; 2017_2019;67;Baccalauréat;587,3474343;93198,10501;22,64860729
FE ; F ; 2017_2019;67;Brevet, CEP;720,8017849;90320,91477;21,59126714
FE ; F ; 2017_2019;67;CAP, BEP;672,4349788;92407,57067;22,04704415
FE ; F ; 2017_2019;67;Ensemble;680,5605211;92220,89125;21,54207217
FE ; F ; 2017_2019;67;Sans diplôme;1053,427929;86100,83064;20,08828978
FE ; F ; 2017_2019;67;Supérieur au baccalauréat;493,4412711;94632,59951;22,82186471
FE ; F ; 2017_2019;68;Baccalauréat;630,1825644;92650,70833;21,78241925
FE ; F ; 2017_2019;68;Brevet, CEP;765,3822792;89669,88;20,74802731
FE ; F ; 2017_2019;68;CAP, BEP;721,3385506;91786,18984;21,19629983
FE ; F ; 2017_2019;68;Ensemble;729,8614296;91593,27227;20,68968359
FE ; F ; 2017_2019;68;Sans diplôme;1118,51529;85193,82044;19,30215839
FE ; F ; 2017_2019;68;Supérieur au baccalauréat;534,6801059;94165,64321;21,93503564
FE ; F ; 2017_2019;69;Baccalauréat;677,4990425;92066,83972;20,92055879
FE ; F ; 2017_2019;69;Brevet, CEP;816,2884247;88983,56263;19,90805385
FE ; F ; 2017_2019;69;CAP, BEP;775,0401338;91124,10067;20,35030784
FE ; F ; 2017_2019;69;Ensemble;784,1031743;90924,76831;19,84179985
FE ; F ; 2017_2019;69;Sans diplôme;1189,577848;84240,91453;18,52049814
FE ; F ; 2017_2019;69;Supérieur au baccalauréat;581,583849;93662,15825;21,05294837
FE ; F ; 2017_2019;70;Baccalauréat;731,2051777;91443,08776;20,06326219
FE ; F ; 2017_2019;70;Brevet, CEP;875,9057236;88257,20011;19,07189843
FE ; F ; 2017_2019;70;CAP, BEP;835,6585655;90417,85232;19,50926285
FE ; F ; 2017_2019;70;Ensemble;850,103026;90211,82431;18,99860958
FE ; F ; 2017_2019;70;Sans diplôme;1269,596854;83238,80328;17,74346627
FE ; F ; 2017_2019;70;Supérieur au baccalauréat;636,091991;93117,43427;20,17610517
FE ; F ; 2017_2019;71;Baccalauréat;792,7735171;90774,45117;19,2110464
FE ; F ; 2017_2019;71;Brevet, CEP;946,0105609;87484,15024;18,24042643
FE ; F ; 2017_2019;71;CAP, BEP;904,8007491;89662,26779;18,67366754
FE ; F ; 2017_2019;71;Ensemble;924,5803422;89444,93086;18,16150209
FE ; F ; 2017_2019;71;Sans diplôme;1360,665058;82182,00605;16,97163356
FE ; F ; 2017_2019;71;Supérieur au baccalauréat;699,8104073;92525,12173;19,30526534
FE ; F ; 2017_2019;72;Baccalauréat;862,7297887;90054,81536;18,36456353
FE ; F ; 2017_2019;72;Brevet, CEP;1027,262296;86656,54094;17,41463078
FE ; F ; 2017_2019;72;CAP, BEP;982,9731675;88851,00292;17,84416973
FE ; F ; 2017_2019;72;Ensemble;1011,766043;88617,94062;17,33098679
FE ; F ; 2017_2019;72;Sans diplôme;1463,136678;81063,78421;16,20574614
FE ; F ; 2017_2019;72;Supérieur au baccalauréat;773,5756521;91877,62129;18,44131771
FE ; F ; 2017_2019;73;Baccalauréat;941,809168;89277,88564;17,52437887
FE ; F ; 2017_2019;73;Brevet, CEP;1120,586795;85766,35097;16,5953815
FE ; F ; 2017_2019;73;CAP, BEP;1070,90371;87977,6214;17,02131442
FE ; F ; 2017_2019;73;Ensemble;1114,613177;87721,33438;16,50812809
FE ; F ; 2017_2019;73;Sans diplôme;1577,658036;79877,71025;15,44637914
FE ; F ; 2017_2019;73;Supérieur au baccalauréat;858,4329041;91166,87839;17,58508742
FE ; F ; 2017_2019;74;Baccalauréat;1031,350079;88437,05833;16,69099428
FE ; F ; 2017_2019;74;Brevet, CEP;1227,626973;84805,26457;15,78345468
FE ; F ; 2017_2019;74;CAP, BEP;1169,985794;87035,46579;16,2055695
FE ; F ; 2017_2019;74;Ensemble;1226,386262;86743,58083;15,69420388
FE ; F ; 2017_2019;74;Sans diplôme;1705,796189;78617,51313;14,69397642
FE ; F ; 2017_2019;74;Supérieur au baccalauréat;955,9964234;90384,2719;16,73735067
FE ; F ; 2017_2019;75;Baccalauréat;1133,64934;87524,96266;15,86493075
FE ; F ; 2017_2019;75;Brevet, CEP;1351,150885;83764,17226;14,97962486
FE ; F ; 2017_2019;75;CAP, BEP;1282,670984;86017,1632;15,39741695
FE ; F ; 2017_2019;75;Ensemble;1355,024823;85679,76947;14,8890652
FE ; F ; 2017_2019;75;Sans diplôme;1850,552572;77276,45859;13,94897548
FE ; F ; 2017_2019;75;Supérieur au baccalauréat;1068,807422;89520,2015;15,89890359
FE ; F ; 2017_2019;76;Baccalauréat;1251,747088;86532,7365;15,04684571
FE ; F ; 2017_2019;76;Brevet, CEP;1494,785682;82632,39191;14,18479434
FE ; F ; 2017_2019;76;CAP, BEP;1412,209045;84913,84601;14,59748131
FE ; F ; 2017_2019;76;Ensemble;1500,792967;84518,78733;14,09358705
FE ; F ; 2017_2019;76;Sans diplôme;2015,908786;75846,4171;13,21197555
FE ; F ; 2017_2019;76;Supérieur au baccalauréat;1200,17418;88563,40294;15,07066808
FE ; F ; 2017_2019;77;Baccalauréat;1392,014893;85449,56549;14,2375817
FE ; F ; 2017_2019;77;Brevet, CEP;1666,100727;81397,21475;13,40004414
FE ; F ; 2017_2019;77;CAP, BEP;1565,541959;83714,68499;13,80658119
FE ; F ; 2017_2019;77;Ensemble;1673,628871;83250,33531;13,30832539
FE ; F ; 2017_2019;77;Sans diplôme;2210,848999;74317,42251;12,4837966
FE ; F ; 2017_2019;77;Supérieur au baccalauréat;1356,711524;87500,48784;14,25373952
FE ; F ; 2017_2019;78;Baccalauréat;1559,024143;84260,09481;13,43856872
FE ; F ; 2017_2019;78;Brevet, CEP;1870,459966;80041,05516;12,62708511
FE ; F ; 2017_2019;78;CAP, BEP;1747,484806;82404,09648;13,02616672
FE ; F ; 2017_2019;78;Ensemble;1880,938195;81857,03367;12,53484852
FE ; F ; 2017_2019;78;Sans diplôme;2440,942941;72674,37652;11,76603434
FE ; F ; 2017_2019;78;Supérieur au baccalauréat;1543,454945;86313,35864;13,44978137
FE ; F ; 2017_2019;79;Baccalauréat;1758,200807;82946,45959;12,6513973
FE ; F ; 2017_2019;79;Brevet, CEP;2114,125659;78543,91927;11,86777162
FE ; F ; 2017_2019;79;CAP, BEP;1963,716686;80964,09741;12,25784556
FE ; F ; 2017_2019;79;Ensemble;2136,283535;80317,35345;11,77514103
FE ; F ; 2017_2019;79;Sans diplôme;2712,632061;70900,43646;11,06042237
FE ; F ; 2017_2019;79;Supérieur au baccalauréat;1758,200807;84981,15084;12,66062699
FE ; F ; 2017_2019;80;Baccalauréat;1995,06167;81488,09427;11,87781515
FE ; F ; 2017_2019;80;Brevet, CEP;2403,251945;76883,40212;11,12409012
FE ; F ; 2017_2019;80;CAP, BEP;2219,90946;79374,19192;11,50337644
FE ; F ; 2017_2019;80;Ensemble;2436,534543;78601,54706;11,03218256
FE ; F ; 2017_2019;80;Sans diplôme;3031,962145;68977,16849;10,36881653
FE ; F ; 2017_2019;80;Supérieur au baccalauréat;1995,06167;83487,01156;11,88721002
FE ; F ; 2017_2019;81;Baccalauréat;2275,717373;79862,35653;11,11960882
FE ; F ; 2017_2019;81;Brevet, CEP;2744,360982;75035,70026;10,3980131
FE ; F ; 2017_2019;81;CAP, BEP;2522,28049;77612,15672;10,76453855
FE ; F ; 2017_2019;81;Ensemble;2786,575839;76686,39321;10,30769854
FE ; F ; 2017_2019;81;Sans diplôme;3405,317259;66885,80685;9,693024998
FE ; F ; 2017_2019;81;Supérieur au baccalauréat;2275,717373;81821,39419;11,12919494
FE ; F ; 2017_2019;82;Baccalauréat;2607,481267;78044,91501;10,37855252
FE ; F ; 2017_2019;82;Brevet, CEP;3144,913387;72976,44978;9,691424374
FE ; F ; 2017_2019;82;CAP, BEP;2878,25092;75654,56044;10,0430759
FE ; F ; 2017_2019;82;Ensemble;3195,738398;74549,46871;9,603163744
FE ; F ; 2017_2019;82;Sans diplôme;3840,240225;64608,13292;9,034739722
FE ; F ; 2017_2019;82;Supérieur au baccalauréat;2607,481267;79959,37051;10,38836187
FE ; F ; 2017_2019;83;Baccalauréat;3001,775128;76009,90847;9,656416587
FE ; F ; 2017_2019;83;Brevet, CEP;3616,598051;70681,40364;9,006107798
FE ; F ; 2017_2019;83;CAP, BEP;3299,613211;73477,03236;9,340707404
FE ; F ; 2017_2019;83;Ensemble;3673,214265;72167,06271;8,920186968
FE ; F ; 2017_2019;83;Sans diplôme;4349,494553;62127,02541;8,395551469
FE ; F ; 2017_2019;83;Supérieur au baccalauréat;3001,775128;77874,4449;9,666488565
FE ; F ; 2017_2019;84;Baccalauréat;3472,94894;73728,26195;8,955250831
FE ; F ; 2017_2019;84;Brevet, CEP;4173,596593;68125,14137;8,344044323
FE ; F ; 2017_2019;84;CAP, BEP;3801,145283;71052,57449;8,659431274
FE ; F ; 2017_2019;84;Ensemble;4237,292922;69516,21187;8,260339064
FE ; F ; 2017_2019;84;Sans diplôme;4948,884767;59424,81383;7,777320548
FE ; F ; 2017_2019;84;Supérieur au baccalauréat;3472,94894;75536,82919;8,965634502
FE ; F ; 2017_2019;85;Baccalauréat;4035,92216;71167,71705;8,277452002
FE ; F ; 2017_2019;85;Brevet, CEP;4829,317208;65281,87279;7,707458515
FE ; F ; 2017_2019;85;CAP, BEP;4397,972967;68351,7629;8,001594977
FE ; F ; 2017_2019;85;Ensemble;4906,687003;66570,60634;7,625841223
FE ; F ; 2017_2019;85;Sans diplôme;5653,589751;56483,94827;7,182250707
FE ; F ; 2017_2019;85;Supérieur au baccalauréat;4035,92216;72913,47368;8,288209268
FE ; F ; 2017_2019;86;Baccalauréat;4709,216409;68295,44339;7,625573431
FE ; F ; 2017_2019;86;Brevet, CEP;5600,183403;62129,20408;7,098563853
FE ; F ; 2017_2019;86;CAP, BEP;5108,853291;65345,67085;7,369691758
FE ; F ; 2017_2019;86;Ensemble;5698,699787;63304,19505;7,01932437
FE ; F ; 2017_2019;86;Sans diplôme;6482,420004;53290,57756;6,61263803
FE ; F ; 2017_2019;86;Supérieur au baccalauréat;4709,216409;69970,74264;7,636783111
FE ; F ; 2017_2019;87;Baccalauréat;5506,317815;65079,26316;7,002424939
FE ; F ; 2017_2019;87;Brevet, CEP;6496,462923;58649,8547;6,519679707
FE ; F ; 2017_2019;87;CAP, BEP;5946,772023;62007,25639;6,76646928
FE ; F ; 2017_2019;87;Ensemble;6616,370061;59696,67902;6,443507517
FE ; F ; 2017_2019;87;Sans diplôme;7446,089839;49836,0585;6,071010638
FE ; F ; 2017_2019;87;Supérieur au baccalauréat;5506,317815;66675,66894;7,014188596
FE ; F ; 2017_2019;88;Baccalauréat;6438,556755;61495,7921;6,410468909
FE ; F ; 2017_2019;88;Brevet, CEP;7525,05575;54839,68864;5,9726557
FE ; F ; 2017_2019;88;CAP, BEP;6922,180772;58319,82622;6,194297766
FE ; F ; 2017_2019;88;Ensemble;7682,96159;55746,92583;5,900039676
FE ; F ; 2017_2019;88;Sans diplôme;8551,584937;46125,22081;5,559431825
FE ; F ; 2017_2019;88;Supérieur au baccalauréat;6438,556755;63004,2947;6,422918055
FE ; F ; 2017_2019;89;Baccalauréat;7515,21375;57536,35063;5,851613963
FE ; F ; 2017_2019;89;Brevet, CEP;8689,672904;50712,97149;5,458674561
FE ; F ; 2017_2019;89;CAP, BEP;8043,188322;54282,82242;5,654966584
FE ; F ; 2017_2019;89;Ensemble;8886,860309;51463,91093;5,391062558
FE ; F ; 2017_2019;89;Sans diplôme;9802,667134;42180,78338;5,079309107
FE ; F ; 2017_2019;89;Supérieur au baccalauréat;7515,21375;58947,72743;5,864919813
FE ; F ; 2017_2019;90;Baccalauréat;8747,515578;53212,37089;5,327109787
FE ; F ; 2017_2019;90;Brevet, CEP;9995,743126;46306,18015;4,978156836
FE ; F ; 2017_2019;90;CAP, BEP;9319,897835;49916,75279;5,149589661
FE ; F ; 2017_2019;90;Ensemble;10228,2166;46890,38505;4,916888141
FE ; F ; 2017_2019;90;Sans diplôme;11205,39982;38045,94159;4,631329603
FE ; F ; 2017_2019;90;Supérieur au baccalauréat;8747,515578;54517,67971;5,341496857
FE ; F ; 2017_2019;91;Baccalauréat;10144,84129;48557,61046;-
FE ; F ; 2017_2019;91;Brevet, CEP;11446,25037;41677,53333;-
FE ; F ; 2017_2019;91;CAP, BEP;10760,36949;45264,56243;-
FE ; F ; 2017_2019;91;Ensemble;11705,91083;42094,33491;-
FE ; F ; 2017_2019;91;Sans diplôme;12763,31895;33782,74172;-
FE ; F ; 2017_2019;91;Supérieur au baccalauréat;10144,84129;49748,73719;-
FE ; F ; 2017_2019;92;Baccalauréat;11714,20989;43631,51794;-
FE ; F ; 2017_2019;92;Brevet, CEP;13041,57179;36907,01852;-
FE ; F ; 2017_2019;92;CAP, BEP;12370,16063;40393,92826;-
FE ; F ; 2017_2019;92;Ensemble;13330,89292;37166,8096;-
FE ; F ; 2017_2019;92;Sans diplôme;14477,18929;29470,94264;-
FE ; F ; 2017_2019;92;Supérieur au baccalauréat;11714,20989;44701,80676;-
FE ; F ; 2017_2019;93;Baccalauréat;13460,45765;38520,43035;-
FE ; F ; 2017_2019;93;Brevet, CEP;14780,15606;32093,7632;-
FE ; F ; 2017_2019;93;CAP, BEP;14152,60617;35397,13445;-
FE ; F ; 2017_2019;93;Ensemble;15112,97959;32212,14201;-
FE ; F ; 2017_2019;93;Sans diplôme;16345,65225;25204,37849;-
FE ; F ; 2017_2019;93;Supérieur au baccalauréat;13351,8035;39465,34329;-
FE ; F ; 2017_2019;94;Baccalauréat;15468,20951;33335,40414;-
FE ; F ; 2017_2019;94;Brevet, CEP;16775,56132;27350,25491;-
FE ; F ; 2017_2019;94;CAP, BEP;16153,88255;30387,51742;-
FE ; F ; 2017_2019;94;Ensemble;17026,50816;27343,92756;-
FE ; F ; 2017_2019;94;Sans diplôme;18326,41134;21084,55843;-
FE ; F ; 2017_2019;94;Supérieur au baccalauréat;15360,57189;34196,0082;-
FE ; F ; 2017_2019;95;Baccalauréat;17730,20193;28179,01399;-
FE ; F ; 2017_2019;95;Brevet, CEP;19028,9593;22762,09613;-
FE ; F ; 2017_2019;95;CAP, BEP;18411,3674;25478,75354;-
FE ; F ; 2017_2019;95;Ensemble;19061,3925;22688,21151;-
FE ; F ; 2017_2019;95;Sans diplôme;20569,61413;17220,51552;-
FE ; F ; 2017_2019;95;Supérieur au baccalauréat;17623,27191;28943,30578;-
FE ; F ; 2017_2019;96;Baccalauréat;19730,82222;23182,81791;-
FE ; F ; 2017_2019;96;Brevet, CEP;21024,49809;18430,70612;-
FE ; F ; 2017_2019;96;CAP, BEP;20409,32258;20787,76662;-
FE ; F ; 2017_2019;96;Ensemble;21176,70884;18363,52246;-
FE ; F ; 2017_2019;96;Sans diplôme;22559,12497;13678,32193;-
FE ; F ; 2017_2019;96;Supérieur au baccalauréat;19624,31058;23842,5483;-
FE ; F ; 2017_2019;97;Baccalauréat;21884,17089;18608,65732;-
FE ; F ; 2017_2019;97;Brevet, CEP;23176,47394;14555,74266;-
FE ; F ; 2017_2019;97;CAP, BEP;22561,95124;16545,12427;-
FE ; F ; 2017_2019;97;Ensemble;23400,96442;14474,73278;-
FE ; F ; 2017_2019;97;Sans diplôme;24709,47231;10592,61219;-
FE ; F ; 2017_2019;97;Supérieur au baccalauréat;21777,77227;19163,61257;-
FE ; F ; 2017_2019;98;Baccalauréat;24197,41306;14536,30695;-
FE ; F ; 2017_2019;98;Brevet, CEP;25492,28099;11182,23476;-
FE ; F ; 2017_2019;98;CAP, BEP;24876,53862;12812,2214;-
FE ; F ; 2017_2019;98;Ensemble;25718,33725;11087,50571;-
FE ; F ; 2017_2019;98;Sans diplôme;27028,32195;7975,233615;-
FE ; F ; 2017_2019;98;Supérieur au baccalauréat;24090,80327;14990,20467;-
FE ; F ; 2017_2019;99;Baccalauréat;26623,1268;11018,89671;-
FE ; F ; 2017_2019;99;Brevet, CEP;27920,1871;8331,628053;-
FE ; F ; 2017_2019;99;CAP, BEP;27303,4022;9624,984196;-
FE ; F ; 2017_2019;99;Ensemble;28148,94005;8235,983597;-
FE ; F ; 2017_2019;99;Sans diplôme;29458,82876;5819,661798;-
FE ; F ; 2017_2019;99;Supérieur au baccalauréat;26516,33651;11378,94395;-
FE ; F ; 2017_2019;100;Baccalauréat;28895,8158;8085,32187;-
FE ; F ; 2017_2019;100;Brevet, CEP;30194,70505;6005,421913;-
FE ; F ; 2017_2019;100;CAP, BEP;29577,05044;6997,036049;-
FE ; F ; 2017_2019;100;Ensemble;30423,86204;5917,641512;-
FE ; F ; 2017_2019;100;Sans diplôme;31735,51632;4105,257594;-
FE ; F ; 2017_2019;100;Supérieur au baccalauréat;28788,87493;8361,664882;-
FE ; F ; 2017_2019;101;Baccalauréat;31209,4538;5749,002156;-
FE ; F ; 2017_2019;101;Brevet, CEP;32509,87024;4192,102479;-
FE ; F ; 2017_2019;101;CAP, BEP;31891,48942;4927,519167;-
FE ; F ; 2017_2019;101;Ensemble;32741,36623;4117,266422;-
FE ; F ; 2017_2019;101;Sans diplôme;34052,49314;2802,432901;-
FE ; F ; 2017_2019;101;Supérieur au baccalauréat;31102,38719;5954,435637;-
FE ; F ; 2017_2019;102;Baccalauréat;33194,66099;3954,769984;-
FE ; F ; 2017_2019;102;Brevet, CEP;34496,32536;2829,255403;-
FE ; F ; 2017_2019;102;CAP, BEP;33877,35111;3356,059913;-
FE ; F ; 2017_2019;102;Ensemble;34727,17397;2769,217144;-
FE ; F ; 2017_2019;102;Sans diplôme;36040,42862;1848,134629;-
FE ; F ; 2017_2019;102;Supérieur au baccalauréat;33087,49163;4102,46401;-
FE ; F ; 2017_2019;103;Baccalauréat;35112,44979;2641,997495;-
FE ; F ; 2017_2019;103;Brevet, CEP;36415,16271;1853,266254;-
FE ; F ; 2017_2019;103;CAP, BEP;35795,68985;2219,115713;-
FE ; F ; 2017_2019;103;Ensemble;36646,22411;1807,546289;-
FE ; F ; 2017_2019;103;Sans diplôme;37960,50982;1182,058988;-
FE ; F ; 2017_2019;103;Supérieur au baccalauréat;35005,1941;2745,061574;-
FE ; F ; 2017_2019;104;Baccalauréat;36752,52473;1714,327451;-
FE ; F ; 2017_2019;104;Brevet, CEP;38055,71217;1178,396332;-
FE ; F ; 2017_2019;104;CAP, BEP;37436,01366;1424,767935;-
FE ; F ; 2017_2019;104;Ensemble;38297,00356;1145,148825;-
FE ; F ; 2017_2019;104;Sans diplôme;39601,62217;733,3433694;-
FE ; F ; 2017_2019;104;Supérieur au baccalauréat;36645,22997;1784,147442;-
FE ; F ; 2009_2013;30;Baccalauréat;22,03664005;100000;56,74884836
FE ; F ; 2009_2013;30;Brevet, CEP;44,23640695;100000;55,34220222
FE ; F ; 2009_2013;30;CAP, BEP;45,87164913;100000;56,07396486
FE ; F ; 2009_2013;30;Ensemble;30,47171365;100000;55,391098
FE ; F ; 2009_2013;30;Sans diplôme;59,71864027;100000;52,92090361
FE ; F ; 2009_2013;30;Supérieur au baccalauréat;14,66523559;100000;57,12139024
FE ; F ; 2009_2013;31;Baccalauréat;24,2585211;99977,96336;55,76135666
FE ; F ; 2009_2013;31;Brevet, CEP;47,20777413;99955,76359;54,36669446
FE ; F ; 2009_2013;31;CAP, BEP;48,77088488;99954,12835;55,09969872
FE ; F ; 2009_2013;31;Ensemble;32,80732077;99969,52829;54,40798176
FE ; F ; 2009_2013;31;Sans diplôme;63,85680115;99940,28136;51,95252614
FE ; F ; 2009_2013;31;Supérieur au baccalauréat;16,05153867;99985,33476;56,12976845
FE ; F ; 2009_2013;32;Baccalauréat;26,70442702;99953,71018;54,77488682
FE ; F ; 2009_2013;32;Brevet, CEP;50,37872856;99908,5767;53,39237188
FE ; F ; 2009_2013;32;CAP, BEP;51,85336165;99905,37984;54,12658444
FE ; F ; 2009_2013;32;Ensemble;35,32194836;99936,73096;53,42583742
FE ; F ; 2009_2013;32;Sans diplôme;68,28171296;99876,46269;50,98572256
FE ; F ; 2009_2013;32;Supérieur au baccalauréat;17,56888882;99969,28558;55,13877959
FE ; F ; 2009_2013;33;Baccalauréat;29,39694549;99927,01812;53,78951805
FE ; F ; 2009_2013;33;Brevet, CEP;53,76267656;99858,24403;52,41928384
FE ; F ; 2009_2013;33;CAP, BEP;55,13066087;99853,57554;53,15466546
FE ; F ; 2009_2013;33;Ensemble;38,99696858;99901,43136;52,44471513
FE ; F ; 2009_2013;33;Sans diplôme;73,0132459;99808,26533;50,02056027
FE ; F ; 2009_2013;33;Supérieur au baccalauréat;19,22967392;99951,72209;54,14846856
FE ; F ; 2009_2013;34;Baccalauréat;32,50452085;99897,64263;52,80533517
FE ; F ; 2009_2013;34;Brevet, CEP;57,6284819;99804,55757;51,44748101
FE ; F ; 2009_2013;34;CAP, BEP;58,87515974;99798,5256;52,18398614
FE ; F ; 2009_2013;34;Ensemble;42,67198879;99862,47283;51,46517496
FE ; F ; 2009_2013;34;Sans diplôme;78,41904024;99735,39208;49,05710859
FE ; F ; 2009_2013;34;Supérieur au baccalauréat;21,99763473;99932,5017;53,15888314
FE ; F ; 2009_2013;35;Baccalauréat;34,89038993;99865,17138;51,82250487
FE ; F ; 2009_2013;35;Brevet, CEP;61,91007127;99747,04172;50,47714651
FE ; F ; 2009_2013;35;CAP, BEP;63,01425787;99739,76906;51,21472765
FE ; F ; 2009_2013;35;Ensemble;45,43751684;99819,85953;50,48714555
FE ; F ; 2009_2013;35;Sans diplôme;84,41297702;99657,18054;48,09560889
FE ; F ; 2009_2013;35;Supérieur au baccalauréat;24,23784799;99910,51891;52,17057941
FE ; F ; 2009_2013;36;Baccalauréat;38,96344173;99830,32803;50,84059226
FE ; F ; 2009_2013;36;Brevet, CEP;67,44612399;99685,28825;49,5084163
FE ; F ; 2009_2013;36;CAP, BEP;67,52924459;99676,91879;50,24702058
FE ; F ; 2009_2013;36;Ensemble;50,40354415;99774,50386;49,51009608
FE ; F ; 2009_2013;36;Sans diplôme;92,22516863;99573,05695;47,13624213
FE ; F ; 2009_2013;36;Supérieur au baccalauréat;27,66149053;99886,30275;51,1832275
FE ; F ; 2009_2013;37;Baccalauréat;45,39519479;99791,4307;49,86040922
FE ; F ; 2009_2013;37;Brevet, CEP;76,84618659;99618,05439;48,54183035
FE ; F ; 2009_2013;37;CAP, BEP;75,81333004;99609,60772;49,28097494
FE ; F ; 2009_2013;37;Ensemble;58,3703865;99724,21398;48,53506351
FE ; F ; 2009_2013;37;Sans diplôme;105,3436154;99481,22553;46,17975374
FE ; F ; 2009_2013;37;Supérieur au baccalauréat;32,86342884;99858,67271;50,19738946
FE ; F ; 2009_2013;38;Baccalauréat;50,25347477;99746,13018;48,88305373
FE ; F ; 2009_2013;38;Brevet, CEP;83,3503632;99541,50171;47,57916158
FE ; F ; 2009_2013;38;CAP, BEP;81,12888256;99534,09036;48,31836483
FE ; F ; 2009_2013;38;Ensemble;64,26059754;99666,00457;47,56341016
FE ; F ; 2009_2013;38;Sans diplôme;114,5176199;99376,42841;45,22845246
FE ; F ; 2009_2013;38;Supérieur au baccalauréat;37,03651127;99825,85573;49,21389147
FE ; F ; 2009_2013;39;Baccalauréat;55,1520407;99696,00429;47,90763152
FE ; F ; 2009_2013;39;Brevet, CEP;89,7955097;99458,53351;46,61885207
FE ; F ; 2009_2013;39;CAP, BEP;86,34332713;99453,33946;47,35759681
FE ; F ; 2009_2013;39;Ensemble;70,17054531;99601,9586;46,59399435
FE ; F ; 2009_2013;39;Sans diplôme;123,6183681;99262,62489;44,28030639
FE ; F ; 2009_2013;39;Supérieur au baccalauréat;41,31029723;99788,88371;48,23212533
FE ; F ; 2009_2013;40;Baccalauréat;61,1668213;99641,01991;46,93406813
FE ; F ; 2009_2013;40;Brevet, CEP;97,89721736;99369,22421;45,66075133
FE ; F ; 2009_2013;40;CAP, BEP;93,08320444;99367,46814;46,39852227
FE ; F ; 2009_2013;40;Ensemble;77,46128398;99532,06736;45,62671257
FE ; F ; 2009_2013;40;Sans diplôme;135,0115501;99139,91805;43,33511273
FE ; F ; 2009_2013;40;Supérieur au baccalauréat;46,50545592;99747,66063;47,2520584
FE ; F ; 2009_2013;41;Baccalauréat;67,21749052;99580,07266;45,96279378
FE ; F ; 2009_2013;41;Brevet, CEP;105,8689498;99271,94451;44,70549574
FE ; F ; 2009_2013;41;CAP, BEP;99,61465276;99274,97372;45,44175174
FE ; F ; 2009_2013;41;Ensemble;84,75202264;99454,96854;44,662083
FE ; F ; 2009_2013;41;Sans diplôme;146,2405107;99006,06771;42,39369924
FE ; F ; 2009_2013;41;Supérieur au baccalauréat;51,82539411;99701,27252;46,27404341
FE ; F ; 2009_2013;42;Baccalauréat;74,6282659;99513,13744;44,9937096
FE ; F ; 2009_2013;42;Brevet, CEP;115,7679106;99166,84634;43,75287513
FE ; F ; 2009_2013;42;CAP, BEP;107,8589545;99176,0813;44,48706352
FE ; F ; 2009_2013;42;Ensemble;93,70549748;99370,67845;43,69996713
FE ; F ; 2009_2013;42;Sans diplôme;160,1481178;98861,28073;41,4557868
FE ; F ; 2009_2013;42;Supérieur au baccalauréat;58,30524332;99649,60195;45,29803755
FE ; F ; 2009_2013;43;Baccalauréat;84,72546653;99438,87251;44,0273127
FE ; F ; 2009_2013;43;Brevet, CEP;129,507055;99052,04295;42,80358563
FE ; F ; 2009_2013;43;CAP, BEP;119,5157305;99069,11101;43,53509862
FE ; F ; 2009_2013;43;Ensemble;105,9540391;99277,56266;42,74095481
FE ; F ; 2009_2013;43;Sans diplôme;179,3958821;98702,95625;40,52228395
FE ; F ; 2009_2013;43;Supérieur au baccalauréat;67,04739345;99591,501;44,32446409
FE ; F ; 2009_2013;44;Baccalauréat;94,89616077;99354,62246;43,06464668
FE ; F ; 2009_2013;44;Brevet, CEP;142,9760792;98923,76357;41,85909118
FE ; F ; 2009_2013;44;CAP, BEP;130,7288116;98950,70784;42,58719217
FE ; F ; 2009_2013;44;Ensemble;118,2025807;99172,37407;41,78628861
FE ; F ; 2009_2013;44;Sans diplôme;198,3014863;98525,88721;39,59510991
FE ; F ; 2009_2013;44;Supérieur au baccalauréat;76,04117395;99524,7275;43,35420242
FE ; F ; 2009_2013;45;Baccalauréat;105,3712417;99260,33874;42,10555219
FE ; F ; 2009_2013;45;Brevet, CEP;156,5487946;98782,32625;40,91902536
FE ; F ; 2009_2013;45;CAP, BEP;141,8638453;98821,35075;41,64293877
FE ; F ; 2009_2013;45;Ensemble;130,742819;99055,14976;40,83573953
FE ; F ; 2009_2013;45;Sans diplôme;217,3747242;98330,50891;38,67378361
FE ; F ; 2009_2013;45;Supérieur au baccalauréat;85,46548022;99449,04773;42,38719456
FE ; F ; 2009_2013;46;Baccalauréat;115,9135033;99155,74689;41,14996614
FE ; F ; 2009_2013;46;Brevet, CEP;169,8912231;98627,68371;39,98318404
FE ; F ; 2009_2013;46;CAP, BEP;152,6360901;98681,15899;40,70209897
FE ; F ; 2009_2013;46;Ensemble;143,2830574;98925,64227;39,88919922
FE ; F ; 2009_2013;46;Sans diplôme;236,1446513;98116,76324;37,75803378
FE ; F ; 2009_2013;46;Supérieur au baccalauréat;95,12422824;99364,05312;41,42345196
FE ; F ; 2009_2013;47;Baccalauréat;133,3300413;99040,81199;40,19771986
FE ; F ; 2009_2013;47;Brevet, CEP;192,8101843;98460,12393;39,05122756
FE ; F ; 2009_2013;47;CAP, BEP;171,7707201;98530,53592;39,76432004
FE ; F ; 2009_2013;47;Ensemble;164,1952206;98783,89858;38,9464357
FE ; F ; 2009_2013;47;Sans diplôme;268,24836;97885,06575;36,84740841
FE ; F ; 2009_2013;47;Supérieur au baccalauréat;110,6910218;99269,53383;40,46289322
FE ; F ; 2009_2013;48;Baccalauréat;145,9475021;98908,76083;39,25138705
FE ; F ; 2009_2013;48;Brevet, CEP;208,2763717;98270,28279;38,12666776
FE ; F ; 2009_2013;48;CAP, BEP;184,0197751;98361,28931;38,83274103
FE ; F ; 2009_2013;48;Ensemble;179,0668548;98621,70014;38,01048906
FE ; F ; 2009_2013;48;Sans diplôme;290,0076154;97622,49067;35,94651684
FE ; F ; 2009_2013;48;Supérieur au baccalauréat;122,5555507;99159,65137;39,50773164
FE ; F ; 2009_2013;49;Baccalauréat;157,7384383;98764,40596;38,3087572
FE ; F ; 2009_2013;49;Brevet, CEP;222,2498792;98065,60901;37,20624233
FE ; F ; 2009_2013;49;CAP, BEP;194,8220222;98180,28509;37,90433269
FE ; F ; 2009_2013;49;Ensemble;192,8391408;98445,10137;37,07867534
FE ; F ; 2009_2013;49;Sans diplôme;309,6849965;97339,37801;35,05106768
FE ; F ; 2009_2013;49;Supérieur au baccalauréat;133,9139562;99038,12571;38,55620997
FE ; F ; 2009_2013;50;Baccalauréat;173,0604162;98608,61653;37,3692803
FE ; F ; 2009_2013;50;Brevet, CEP;240,8433822;97847,65831;36,28911735
FE ; F ; 2009_2013;50;CAP, BEP;209,5292201;97989,00827;36,97832283
FE ; F ; 2009_2013;50;Ensemble;210,8304266;98255,26068;36,15031569
FE ; F ; 2009_2013;50;Sans diplôme;335,7896869;97037,93256;34,15995278
FE ; F ; 2009_2013;50;Supérieur au baccalauréat;148,4831231;98905,49984;37,60791135
FE ; F ; 2009_2013;51;Baccalauréat;190,0365703;98437,96405;36,43406385
FE ; F ; 2009_2013;51;Brevet, CEP;261,2850965;97611,9987;35,37672829
FE ; F ; 2009_2013;51;CAP, BEP;225,6514426;97783,69267;36,0559659
FE ; F ; 2009_2013;51;Ensemble;230,7125399;98048,10869;35,22669258
FE ; F ; 2009_2013;51;Sans diplôme;364,4609347;96712,08919;33,27504484
FE ; F ; 2009_2013;51;Supérieur au baccalauréat;164,7414083;98758,64187;36,66383579
FE ; F ; 2009_2013;52;Baccalauréat;207,1183999;98250,89592;35,50343372
FE ; F ; 2009_2013;52;Brevet, CEP;281,4132567;97356,9531;34,46940456
FE ; F ; 2009_2013;52;CAP, BEP;241,3135449;97563,04235;35,13751072
FE ; F ; 2009_2013;52;Ensemble;250,5946533;97821,89941;34,30815292
FE ; F ; 2009_2013;52;Sans diplôme;392,6764549;96359,61141;32,396763
FE ; F ; 2009_2013;52;Supérieur au baccalauréat;181,3700794;98595,94549;35,72433598
FE ; F ; 2009_2013;53;Baccalauréat;224,4549848;98047,40024;34,57712048
FE ; F ; 2009_2013;53;Brevet, CEP;301,4572305;97082,97772;33,56667978
FE ; F ; 2009_2013;53;CAP, BEP;256,7355459;97327,60952;34,2225074
FE ; F ; 2009_2013;53;Ensemble;270,661072;97576,76296;33,3943433
FE ; F ; 2009_2013;53;Sans diplôme;420,7447319;95981,2299;31,52447897
FE ; F ; 2009_2013;53;Supérieur au baccalauréat;198,490803;98417,12194;34,78924697
FE ; F ; 2009_2013;54;Baccalauréat;241,2152593;97827,32796;33,65490515
FE ; F ; 2009_2013;54;Brevet, CEP;320,3382834;96790,31407;32,66817493
FE ; F ; 2009_2013;54;CAP, BEP;271,0254735;97077,73495;33,31059489
FE ; F ; 2009_2013;54;Ensemble;289,9167722;97312,66065;32,48497409
FE ; F ; 2009_2013;54;Sans diplôme;447,1503108;95577,39393;30,65767698
FE ; F ; 2009_2013;54;Supérieur au baccalauréat;215,3528085;98221,77301;33,85843776
FE ; F ; 2009_2013;55;Baccalauréat;260,6182141;97591,35352;32,73628221
FE ; F ; 2009_2013;55;Brevet, CEP;342,3241677;96480,25764;31,77315991
FE ; F ; 2009_2013;55;CAP, BEP;287,8001222;96814,62956;32,40112044
FE ; F ; 2009_2013;55;Ensemble;312,2255427;97030,53493;31,57942732
FE ; F ; 2009_2013;55;Sans diplôme;477,8369392;95150,01932;29,79537861
FE ; F ; 2009_2013;55;Supérieur au baccalauréat;234,8378508;98010,24966;32,93151022
FE ; F ; 2009_2013;56;Baccalauréat;283,4793984;97337,01267;31,82182185
FE ; F ; 2009_2013;56;Brevet, CEP;368,3488093;96149,9824;30,88230073
FE ; F ; 2009_2013;56;CAP, BEP;307,7875935;96535,99694;31,49464005
FE ; F ; 2009_2013;56;Ensemble;338,5241691;96727,58081;30,67833517
FE ; F ; 2009_2013;56;Sans diplôme;514,0950357;94695,35738;28,93843551
FE ; F ; 2009_2013;56;Supérieur au baccalauréat;257,7643296;97780,0845;32,00902791
FE ; F ; 2009_2013;57;Baccalauréat;301,2924836;97061,0823;30,91228661
FE ; F ; 2009_2013;57;Brevet, CEP;387,3811668;95795,81508;29,99647588
FE ; F ; 2009_2013;57;CAP, BEP;321,7854665;96238,87111;30,59187593
FE ; F ; 2009_2013;57;Ensemble;358,658587;96400,13457;29,78254152
FE ; F ; 2009_2013;57;Sans diplôme;540,5275746;94208,53325;28,08797535
FE ; F ; 2009_2013;57;Supérieur au baccalauréat;276,3912339;97528,04232;31,09174899
FE ; F ; 2009_2013;58;Baccalauréat;320,0995091;96768,64455;30,00570447
FE ; F ; 2009_2013;58;Brevet, CEP;407,3674536;95424,72014;29,11312847
FE ; F ; 2009_2013;58;CAP, BEP;336,4883539;95929,18841;29,69063392
FE ; F ; 2009_2013;58;Ensemble;379,8664213;96054,38721;28,88974365
FE ; F ; 2009_2013;58;Sans diplôme;568,2099557;93699,31015;27,24062371
FE ; F ; 2009_2013;58;Supérieur au baccalauréat;296,1586444;97258,48336;30,17792204
FE ; F ; 2009_2013;59;Baccalauréat;346,1279574;96458,88859;29,10206102
FE ; F ; 2009_2013;59;Brevet, CEP;436,0834027;95035,99088;28,23221098
FE ; F ; 2009_2013;59;CAP, BEP;358,8870426;95606,39787;28,79087676
FE ; F ; 2009_2013;59;Ensemble;409,4913448;95689,50885;27,99990455
FE ; F ; 2009_2013;59;Sans diplôme;607,9607141;93166,90134;26,39629217
FE ; F ; 2009_2013;59;Supérieur au baccalauréat;322,9201133;96970,44395;29,26756204
FE ; F ; 2009_2013;60;Baccalauréat;368,429384;96125,01741;28,20314125
FE ; F ; 2009_2013;60;Brevet, CEP;459,6124918;94621,5547;27,35586621
FE ; F ; 2009_2013;60;CAP, BEP;382,7940198;95263,27889;27,89457564
FE ; F ; 2009_2013;60;Ensemble;434,543787;95297,66859;27,11503317
FE ; F ; 2009_2013;60;Sans diplôme;640,371599;92600,48318;25,55775287
FE ; F ; 2009_2013;60;Supérieur au baccalauréat;346,542436;96657,30689;28,36237907
FE ; F ; 2009_2013;61;Baccalauréat;390,849555;95770,8646;27,30743416
FE ; F ; 2009_2013;61;Brevet, CEP;482,8939412;94186,66221;26,48217773
FE ; F ; 2009_2013;61;CAP, BEP;408,3182892;94898,61676;27,00176472
FE ; F ; 2009_2013;61;Ensemble;459,5962291;94883,55849;26,23337411
FE ; F ; 2009_2013;61;Sans diplôme;672,3179141;92007,49599;24,72247228
FE ; F ; 2009_2013;61;Supérieur au baccalauréat;370,5585991;96322,3483;27,46100854
FE ; F ; 2009_2013;62;Baccalauréat;410,813389;95396,54461;26,41458394
FE ; F ; 2009_2013;62;Brevet, CEP;502,8116199;93731,84053;25,61067908
FE ; F ; 2009_2013;62;CAP, BEP;435,5742959;94511,12835;26,1124699
FE ; F ; 2009_2013;62;Ensemble;481,6375731;94447,47724;25,35449839
FE ; F ; 2009_2013;62;Sans diplôme;699,4617872;91388,91311;23,88981094
FE ; F ; 2009_2013;62;Supérieur au baccalauréat;392,4891305;95965,41756;26,56314615
FE ; F ; 2009_2013;63;Baccalauréat;441,1270863;95004,64283;25,52354622
FE ; F ; 2009_2013;63;Brevet, CEP;534,9506937;93260,54594;24,74010331
FE ; F ; 2009_2013;63;CAP, BEP;464,6705709;94099,46217;25,22670669
FE ; F ; 2009_2013;63;Ensemble;515,6480724;93992,5827;24,47720619
FE ; F ; 2009_2013;63;Sans diplôme;743,4400828;90749,68258;23,05808807
FE ; F ; 2009_2013;63;Supérieur au baccalauréat;424,624538;95588,76372;25,66781442
FE ; F ; 2009_2013;64;Baccalauréat;464,1693689;94585,55161;24,63663636
FE ; F ; 2009_2013;64;Brevet, CEP;557,8089648;92761,64801;23,87316247
FE ; F ; 2009_2013;64;CAP, BEP;495,7319865;93662,20966;24,34447501
FE ; F ; 2009_2013;64;Ensemble;540,9888863;93507,91176;23,60407663
FE ; F ; 2009_2013;64;Sans diplôme;774,365646;90075,01307;22,23079511
FE ; F ; 2009_2013;64;Supérieur au baccalauréat;450,0951782;95182,87038;24,77727104
FE ; F ; 2009_2013;65;Baccalauréat;504,1746773;94146,51446;23,75152536
FE ; F ; 2009_2013;65;Brevet, CEP;600,4512889;92244,21522;23,00707609
FE ; F ; 2009_2013;65;CAP, BEP;528,8814519;93197,89613;23,4657596
FE ; F ; 2009_2013;65;Ensemble;585,8744187;93002,04435;22,73246664
FE ; F ; 2009_2013;65;Sans diplôme;832,5171829;89377,50311;21,40428621
FE ; F ; 2009_2013;65;Supérieur au baccalauréat;492,4358604;94754,45687;23,88929656
FE ; F ; 2009_2013;66;Baccalauréat;541,0279757;93671,85157;22,87188134
FE ; F ; 2009_2013;66;Brevet, CEP;645,8273139;91690,33364;22,14605689
FE ; F ; 2009_2013;66;CAP, BEP;564,242632;92704,98974;22,59052552
FE ; F ; 2009_2013;66;Ensemble;633,9668856;92457,16916;21,86643524
FE ; F ; 2009_2013;66;Sans diplôme;894,1626646;88633,42004;20,58397652
FE ; F ; 2009_2013;66;Supérieur au baccalauréat;526,7158559;94287,85194;23,00751819
FE ; F ; 2009_2013;67;Baccalauréat;580,5873396;93165,06065;21,99629775
FE ; F ; 2009_2013;67;Brevet, CEP;677,9205493;91098,17242;21,29001187
FE ; F ; 2009_2013;67;CAP, BEP;601,9807485;92181,90867;21,71871419
FE ; F ; 2009_2013;67;Ensemble;669,4488149;91871,02133;21,00594564
FE ; F ; 2009_2013;67;Sans diplôme;937,1536725;87840,89309;19,76969135
FE ; F ; 2009_2013;67;Supérieur au baccalauréat;563,3940528;93791,22287;22,12934411
FE ; F ; 2009_2013;68;Baccalauréat;623,0283825;92624,1561;21,12475125
FE ; F ; 2009_2013;68;Brevet, CEP;749,671881;90480,59919;20,43532636
FE ; F ; 2009_2013;68;CAP, BEP;667,5228124;91626,99132;20,85024848
FE ; F ; 2009_2013;68;Ensemble;744,7357434;91255,99186;20,14751745
FE ; F ; 2009_2013;68;Sans diplôme;1034,487877;87017,68894;18,95671645
FE ; F ; 2009_2013;68;Supérieur au baccalauréat;602,6158576;93262,8087;21,25472592
FE ; F ; 2009_2013;69;Baccalauréat;668,5544215;92047,08132;20,25718958
FE ; F ; 2009_2013;69;Brevet, CEP;801,812905;89802,29158;19,58968141
FE ; F ; 2009_2013;69;CAP, BEP;715,9599431;91015,36025;19,99036395
FE ; F ; 2009_2013;69;Ensemble;801,3397469;90576,37587;19,29868904
FE ; F ; 2009_2013;69;Sans diplôme;1104,274122;86117,50149;18,15487127
FE ; F ; 2009_2013;69;Supérieur au baccalauréat;644,5513415;92700,79223;20,3835868
FE ; F ; 2009_2013;70;Baccalauréat;717,4168112;91431,69649;19,39353143
FE ; F ; 2009_2013;70;Brevet, CEP;853,8242128;89082,24522;18,74802361
FE ; F ; 2009_2013;70;CAP, BEP;764,5712012;90363,72673;19,13451904
FE ; F ; 2009_2013;70;Ensemble;858,4103929;89850,55137;18,45458638
FE ; F ; 2009_2013;70;Sans diplôme;1173,392268;85166,52821;17,35758938
FE ; F ; 2009_2013;70;Supérieur au baccalauréat;689,4143638;92103,28803;19,51582181
FE ; F ; 2009_2013;71;Baccalauréat;769,8447876;90775,75013;18,53366926
FE ; F ; 2009_2013;71;Brevet, CEP;929,0687092;88321,63944;17,90947731
FE ; F ; 2009_2013;71;CAP, BEP;834,3747513;89672,8317;18,28194322
FE ; F ; 2009_2013;71;Ensemble;939,6112139;89079,2649;17,6143741
FE ; F ; 2009_2013;71;Sans diplôme;1273,748122;84167,19075;16,56368024
FE ; F ; 2009_2013;71;Supérieur au baccalauréat;737,3946444;91468,31473;18,6513007
FE ; F ; 2009_2013;72;Baccalauréat;855,2115365;90076,91775;17,67745669
FE ; F ; 2009_2013;72;Brevet, CEP;1027,094642;87501,07072;17,07742904
FE ; F ; 2009_2013;72;CAP, BEP;925,2125684;88924,62423;17,4357666
FE ; F ; 2009_2013;72;Ensemble;1045,005075;88242,26614;16,7814506
FE ; F ; 2009_2013;72;Sans diplôme;1404,339565;83095,11274;15,77738183
FE ; F ; 2009_2013;72;Supérieur au baccalauréat;821,1640014;90793,83228;17,78985609
FE ; F ; 2009_2013;73;Baccalauréat;941,5568663;89306,56955;16,82994039
FE ; F ; 2009_2013;73;Brevet, CEP;1125,086732;86602,35191;16,25465063
FE ; F ; 2009_2013;73;CAP, BEP;1016,689087;88101,88244;16,59859098
FE ; F ; 2009_2013;73;Ensemble;1151,690679;87320,12998;15,95866956
FE ; F ; 2009_2013;73;Sans diplôme;1533,712027;81928,1752;15,00210573
FE ; F ; 2009_2013;73;Supérieur au baccalauréat;906,3429519;90048,26601;16,9371495
FE ; F ; 2009_2013;74;Baccalauréat;1044,7631;88465,69742;15,98991006
FE ; F ; 2009_2013;74;Brevet, CEP;1241,830768;85628,00034;15,43961051
FE ; F ; 2009_2013;74;CAP, BEP;1125,882699;87206,16021;15,76908039
FE ; F ; 2009_2013;74;Ensemble;1279,021502;86314,47218;15,14460548
FE ; F ; 2009_2013;74;Sans diplôme;1687,179978;80671,63292;14,2357787
FE ; F ; 2009_2013;74;Supérieur au baccalauréat;1008,285149;89232,1199;16,0920622
FE ; F ; 2009_2013;75;Baccalauréat;1151,768602;87541,44045;15,15873051
FE ; F ; 2009_2013;75;Brevet, CEP;1361,515962;84564,64549;14,63375529
FE ; F ; 2009_2013;75;CAP, BEP;1238,614081;86224,32114;14,94864341
FE ; F ; 2009_2013;75;Ensemble;1409,483558;85210,49152;14,34081783
FE ; F ; 2009_2013;75;Sans diplôme;1842,940718;79310,55728;13,48008378
FE ; F ; 2009_2013;75;Supérieur au baccalauréat;1114,493196;88332,40569;15,25596872
FE ; F ; 2009_2013;76;Baccalauréat;1312,761606;86533,16563;14,33535836
FE ; F ; 2009_2013;76;Brevet, CEP;1542,809994;83413,28434;13,83574635
FE ; F ; 2009_2013;76;CAP, BEP;1408,617202;85156,33456;14,13612154
FE ; F ; 2009_2013;76;Ensemble;1603,277308;84009,46366;13,54583904
FE ; F ; 2009_2013;76;Sans diplôme;2079,513383;77848,91073;12,73317811
FE ; F ; 2009_2013;76;Supérieur au baccalauréat;1273,761961;87347,94703;14,42791175
FE ; F ; 2009_2013;77;Baccalauréat;1471,599973;85397,19145;13,52605077
FE ; F ; 2009_2013;77;Brevet, CEP;1718,880272;82126,37585;13,0525505
FE ; F ; 2009_2013;77;CAP, BEP;1575,344893;83956,80778;13,33809035
FE ; F ; 2009_2013;77;Ensemble;1793,141422;82662,55899;12,7665551
FE ; F ; 2009_2013;77;Sans diplôme;2305,952809;76230,03221;12,00358949
FE ; F ; 2009_2013;77;Supérieur au baccalauréat;1431,948496;86235,34211;13,61406009
FE ; F ; 2009_2013;78;Baccalauréat;1662,864499;84140,48641;12,72807309
FE ; F ; 2009_2013;78;Brevet, CEP;1929,735562;80714,72178;12,28083211
FE ; F ; 2009_2013;78;CAP, BEP;1775,66436;82634,1985;12,55157438
FE ; F ; 2009_2013;78;Ensemble;2020,829296;81180,3024;11,99965734
FE ; F ; 2009_2013;78;Sans diplôme;2575,213609;74472,20364;11,28692007
FE ; F ; 2009_2013;78;Supérieur au baccalauréat;1622,815873;85000,49643;12,8118385
FE ; F ; 2009_2013;79;Baccalauréat;1903,266553;82741,34413;11,94330268
FE ; F ; 2009_2013;79;Brevet, CEP;2193,545562;79157,14109;11,52248291
FE ; F ; 2009_2013;79;CAP, BEP;2026,966366;81166,89248;11,77847725
FE ; F ; 2009_2013;79;Ensemble;2305,85346;79539,78707;11,24715136
FE ; F ; 2009_2013;79;Sans diplôme;2909,882512;72554,38532;10,5852654
FE ; F ; 2009_2013;79;Supérieur au baccalauréat;1863,101525;83621,09488;12,02318075
FE ; F ; 2009_2013;80;Baccalauréat;2228,354221;81166,5558;11,17502587
FE ; F ; 2009_2013;80;Brevet, CEP;2536,473101;77420,79314;10,78090237
FE ; F ; 2009_2013;80;CAP, BEP;2366,312338;79521,66687;11,02216244
FE ; F ; 2009_2013;80;Ensemble;2689,842123;77705,71614;10,5126154
FE ; F ; 2009_2013;80;Sans diplôme;3358,499512;70443,13795;9,9025158
FE ; F ; 2009_2013;80;Supérieur au baccalauréat;2188,342706;82063,14899;11,25143746
FE ; F ; 2009_2013;81;Baccalauréat;2577,636601;79357,87743;10,42972053
FE ; F ; 2009_2013;81;Brevet, CEP;2933,012154;75457,03554;10,06147368
FE ; F ; 2009_2013;81;CAP, BEP;2728,665006;77639,93586;10,2893026
FE ; F ; 2009_2013;81;Ensemble;3098,300895;75615,55505;9,803204548
FE ; F ; 2009_2013;81;Sans diplôme;3824,316973;68077,30551;9,246649473
FE ; F ; 2009_2013;81;Supérieur au baccalauréat;2539,877829;80267,32605;10,50316616
FE ; F ; 2009_2013;82;Baccalauréat;2968,105513;77312,31974;9,705673903
FE ; F ; 2009_2013;82;Brevet, CEP;3391,544065;73243,87152;9,365494903
FE ; F ; 2009_2013;82;CAP, BEP;3131,525492;75521,4021;9,577939119
FE ; F ; 2009_2013;82;Ensemble;3550,33646;73272,75763;9,116648767
FE ; F ; 2009_2013;82;Sans diplôme;4328,944669;65473,81356;8,614332003
FE ; F ; 2009_2013;82;Supérieur au baccalauréat;2924,626918;78228,63403;9,776885897
FE ; F ; 2009_2013;83;Baccalauréat;3459,652515;75017,60851;9,002560451
FE ; F ; 2009_2013;83;Brevet, CEP;3921,555394;70759,77334;8,694280705
FE ; F ; 2009_2013;83;CAP, BEP;3637,075692;73156,43014;8,887570923
FE ; F ; 2009_2013;83;Ensemble;4115,105784;70671,3282;8,452234909
FE ; F ; 2009_2013;83;Sans diplôme;4952,292274;62639,48839;8,004115167
FE ; F ; 2009_2013;83;Supérieur au baccalauréat;3408,973443;75940,73834;9,07143788
FE ; F ; 2009_2013;84;Baccalauréat;3990,79019;72422,25993;8,325179249
FE ; F ; 2009_2013;84;Brevet, CEP;4484,992526;67984,88963;8,049148059
FE ; F ; 2009_2013;84;CAP, BEP;4179,528059;70495,6754;8,223019109
FE ; F ; 2009_2013;84;Ensemble;4716,743916;67763,12829;7,814980689
FE ; F ; 2009_2013;84;Sans diplôme;5598,46237;59537,39785;7,421155395
FE ; F ; 2009_2013;84;Supérieur au baccalauréat;3932,330694;73351,93874;8,391594855
FE ; F ; 2009_2013;85;Baccalauréat;4675,973821;69532,03949;7,671229839
FE ; F ; 2009_2013;85;Brevet, CEP;5206,991202;64935,77241;7,427102999
FE ; F ; 2009_2013;85;CAP, BEP;4877,326963;67549,28887;7,581693392
FE ; F ; 2009_2013;85;Ensemble;5486,438136;64566,91506;7,201840502
FE ; F ; 2009_2013;85;Sans diplôme;6417,539407;56204,21904;6,861265379
FE ; F ; 2009_2013;85;Supérieur au baccalauréat;4607,477344;70467,49794;7,735087377
FE ; F ; 2009_2013;86;Baccalauréat;5463,410717;66280,73952;7,047530246
FE ; F ; 2009_2013;86;Brevet, CEP;6024,717813;61554,57246;6,835074646
FE ; F ; 2009_2013;86;CAP, BEP;5674,309357;64254,68919;6,970437699
FE ; F ; 2009_2013;86;Ensemble;6357,858291;61024,49121;6,619901695
FE ; F ; 2009_2013;86;Sans diplôme;7323,766742;52597,29113;6,33178561
FE ; F ; 2009_2013;86;Supérieur au baccalauréat;5383,379391;67220,72394;7,108693597
FE ; F ; 2009_2013;87;Baccalauréat;6316,174478;62659,5505;6,454817547
FE ; F ; 2009_2013;87;Brevet, CEP;6894,376431;57846,08317;6,273268552
FE ; F ; 2009_2013;87;CAP, BEP;6530,840118;60608,67935;6,389755274
FE ; F ; 2009_2013;87;Ensemble;7283,791555;57144,64053;6,069361693
FE ; F ; 2009_2013;87;Sans diplôme;8259,32046;48745,18822;5,83215684
FE ; F ; 2009_2013;87;Supérieur au baccalauréat;6223,651355;63601,97734;6,513155249
FE ; F ; 2009_2013;88;Baccalauréat;7271,373012;58701,86396;5,890002101
FE ; F ; 2009_2013;88;Brevet, CEP;7854,052461;53857,95644;5,737797688
FE ; F ; 2009_2013;88;CAP, BEP;7484,289031;56650,4234;5,836217724
FE ; F ; 2009_2013;88;Ensemble;8302,873295;52982,34403;5,546171155
FE ; F ; 2009_2013;88;Sans diplôme;9266,265783;44719,16691;5,357220013
FE ; F ; 2009_2013;88;Supérieur au baccalauréat;7164,857567;59643,61201;5,945413575
FE ; F ; 2009_2013;89;Baccalauréat;8506,682708;54433,43247;5,351870283
FE ; F ; 2009_2013;89;Brevet, CEP;9089,320967;49627,92429;5,226858414
FE ; F ; 2009_2013;89;CAP, BEP;8714,955316;52410,54198;5,308353103
FE ; F ; 2009_2013;89;Ensemble;9608,932653;48583,28714;5,048358716
FE ; F ; 2009_2013;89;Sans diplôme;10552,80055;40575,37005;4,904331018
FE ; F ; 2009_2013;89;Supérieur au baccalauréat;8382,071703;55370,23216;5,404270429
FE ; F ; 2009_2013;90;Baccalauréat;9874,760905;49802,95308;4,849465777
FE ; F ; 2009_2013;90;Brevet, CEP;10435,84453;45117,08296;4,749443817
FE ; F ; 2009_2013;90;CAP, BEP;10069,01666;47842,98666;4,815139952
FE ; F ; 2009_2013;90;Ensemble;11026,20933;43914,9518;4,585019476
FE ; F ; 2009_2013;90;Sans diplôme;11728,95094;36293,53217;4,48293412
FE ; F ; 2009_2013;90;Supérieur au baccalauréat;9730,109468;50729,0596;4,89870403
FE ; F ; 2009_2013;91;Baccalauréat;11339,9228;44885,03054;-
FE ; F ; 2009_2013;91;Brevet, CEP;11854,93428;40408,73433;-
FE ; F ; 2009_2013;91;CAP, BEP;11509,70564;43025,66837;-
FE ; F ; 2009_2013;91;Ensemble;12511,18229;39072,79729;-
FE ; F ; 2009_2013;91;Sans diplôme;13036,18782;32036,68159;-
FE ; F ; 2009_2013;91;Supérieur au baccalauréat;11173,80879;45793,06657;-
FE ; F ; 2009_2013;92;Baccalauréat;13002,89599;39795,10273;-
FE ; F ; 2009_2013;92;Brevet, CEP;13451,34156;35618,30543;-
FE ; F ; 2009_2013;92;CAP, BEP;13139,13497;38073,54059;-
FE ; F ; 2009_2013;92;Ensemble;14188,11521;34184,32839;-
FE ; F ; 2009_2013;92;Sans diplôme;14471,67897;27860,31961;-
FE ; F ; 2009_2013;92;Supérieur au baccalauréat;12812,42174;40676,23687;-
FE ; F ; 2009_2013;93;Baccalauréat;14765,24241;34620,58691;-
FE ; F ; 2009_2013;93;Brevet, CEP;15123,98527;30827,16551;-
FE ; F ; 2009_2013;93;CAP, BEP;14858,23567;33071,0067;-
FE ; F ; 2009_2013;93;Ensemble;15934,59449;29334,21649;-
FE ; F ; 2009_2013;93;Sans diplôme;16253,0634;23828,46359;-
FE ; F ; 2009_2013;93;Supérieur au baccalauréat;14548,95226;35464,62586;-
FE ; F ; 2009_2013;94;Baccalauréat;16866,0074;29508,77333;-
FE ; F ; 2009_2013;94;Brevet, CEP;17183,24861;26164,86954;-
FE ; F ; 2009_2013;94;CAP, BEP;16972,23153;28157,23859;-
FE ; F ; 2009_2013;94;Ensemble;18073,07911;24659,92805;-
FE ; F ; 2009_2013;94;Sans diplôme;18434,28778;19955,6083;-
FE ; F ; 2009_2013;94;Supérieur au baccalauréat;16618,94398;30304,89437;-
FE ; F ; 2009_2013;95;Baccalauréat;18542,49384;24531,82144;-
FE ; F ; 2009_2013;95;Brevet, CEP;18801,6024;21668,89496;-
FE ; F ; 2009_2013;95;CAP, BEP;18659,27668;23378,32686;-
FE ; F ; 2009_2013;95;Ensemble;19736,59972;20203,11974;-
FE ; F ; 2009_2013;95;Sans diplôme;20131,05552;16276,93404;-
FE ; F ; 2009_2013;95;Supérieur au baccalauréat;18270,87224;25268,54095;-
FE ; F ; 2009_2013;96;Baccalauréat;20790,35287;19983,00996;-
FE ; F ; 2009_2013;96;Brevet, CEP;21080,87249;17594,79548;-
FE ; F ; 2009_2013;96;CAP, BEP;20921,29299;19016,10017;-
FE ; F ; 2009_2013;96;Ensemble;21985,48037;16215,71087;-
FE ; F ; 2009_2013;96;Sans diplôme;22424,88232;13000,21541;-
FE ; F ; 2009_2013;96;Supérieur au baccalauréat;20485,80328;20651,75812;-
FE ; F ; 2009_2013;97;Baccalauréat;23298,8047;15828,47167;-
FE ; F ; 2009_2013;97;Brevet, CEP;23624,37685;13885,65908;-
FE ; F ; 2009_2013;97;CAP, BEP;23445,54335;15037,68614;-
FE ; F ; 2009_2013;97;Ensemble;24488,32319;12650,60894;-
FE ; F ; 2009_2013;97;Sans diplôme;24977,74697;10084,9324;-
FE ; F ; 2009_2013;97;Supérieur au baccalauréat;22957,50979;16421,07958;-
FE ; F ; 2009_2013;98;Baccalauréat;25362,23278;12140,62697;-
FE ; F ; 2009_2013;98;Brevet, CEP;25716,6388;10605,25865;-
FE ; F ; 2009_2013;98;CAP, BEP;25521,96714;11512,01892;-
FE ; F ; 2009_2013;98;Ensemble;26516,82386;9552,686936;-
FE ; F ; 2009_2013;98;Sans diplôme;27046,78927;7565,943506;-
FE ; F ; 2009_2013;98;Supérieur au baccalauréat;24990,71154;12651,20863;-
FE ; F ; 2009_2013;99;Baccalauréat;27613,96707;9061,492898;-
FE ; F ; 2009_2013;99;Brevet, CEP;27999,83832;7877,94259;-
FE ; F ; 2009_2013;99;CAP, BEP;27787,88312;8573,925233;-
FE ; F ; 2009_2013;99;Ensemble;28740,10374;7019,617767;-
FE ; F ; 2009_2013;99;Sans diplôme;29314,50363;5519,59871;-
FE ; F ; 2009_2013;99;Supérieur au baccalauréat;27209,46107;9489,581572;-
FM ; F ; 2009_2013;30;Baccalauréat;19,39074227;100000;56,74393206
FM ; F ; 2009_2013;30;Brevet, CEP;39,45368877;100000;55,41585301
FM ; F ; 2009_2013;30;CAP, BEP;45,55212441;100000;56,05322027
FM ; F ; 2009_2013;30;Ensemble;30,00295149;100000;55,39637075
FM ; F ; 2009_2013;30;Sans diplôme;66,82256304;100000;52,79189932
FM ; F ; 2009_2013;30;Supérieur au baccalauréat;14,96656094;100000;57,11846791
FM ; F ; 2009_2013;31;Baccalauréat;21,63853918;99980,60926;55,75493726
FM ; F ; 2009_2013;31;Brevet, CEP;42,55119436;99960,54631;54,43772524
FM ; F ; 2009_2013;31;CAP, BEP;48,59265056;99954,44788;55,07876534
FM ; F ; 2009_2013;31;Ensemble;32,2358012;99969,99705;54,41299629
FM ; F ; 2009_2013;31;Sans diplôme;70,8533362;99933,17744;51,82719981
FM ; F ; 2009_2013;31;Supérieur au baccalauréat;16,35937583;99985,03344;56,12701786
FM ; F ; 2009_2013;32;Baccalauréat;24,14690326;99958,97491;54,76700443
FM ; F ; 2009_2013;32;Brevet, CEP;45,89188485;99918,0119;53,460899
FM ; F ; 2009_2013;32;CAP, BEP;51,83612661;99905,87736;54,10554258
FM ; F ; 2009_2013;32;Ensemble;34,63482181;99937,77092;53,43054241
FM ; F ; 2009_2013;32;Sans diplôme;75,12724778;99862,37145;50,86394715
FM ; F ; 2009_2013;32;Supérieur au baccalauréat;17,88180856;99968,67651;55,13620139
FM ; F ; 2009_2013;33;Baccalauréat;26,94603975;99934,83792;53,78023216
FM ; F ; 2009_2013;33;Brevet, CEP;49,49485264;99872,15765;52,48544448
FM ; F ; 2009_2013;33;CAP, BEP;55,29609912;99854,09002;53,13360335
FM ; F ; 2009_2013;33;Ensemble;38,43486839;99903,15765;52,44905439
FM ; F ; 2009_2013;33;Sans diplôme;79,65896401;99787,3476;49,90218856
FM ; F ; 2009_2013;33;Supérieur au baccalauréat;19,5459216;99950,8003;54,1460625
FM ; F ; 2009_2013;34;Baccalauréat;30,19796396;99907,90944;52,7947277
FM ; F ; 2009_2013;34;Brevet, CEP;53,3315591;99822,72607;51,51143494
FM ; F ; 2009_2013;34;CAP, BEP;59,23871922;99798,87461;52,16300041
FM ; F ; 2009_2013;34;Ensemble;42,23491497;99864,76;51,46922087
FM ; F ; 2009_2013;34;Sans diplôme;84,8244478;99707,85803;48,94197182
FM ; F ; 2009_2013;34;Supérieur au baccalauréat;22,3723351;99931,264;53,15664792
FM ; F ; 2009_2013;35;Baccalauréat;32,68471779;99877,73928;51,81067545
FM ; F ; 2009_2013;35;Brevet, CEP;56,00319526;99769,48905;50,53892145
FM ; F ; 2009_2013;35;CAP, BEP;63,59972669;99739,75503;51,19391942
FM ; F ; 2009_2013;35;Ensemble;45,02579106;99822,58221;50,49096804
FM ; F ; 2009_2013;35;Sans diplôme;90,52027238;99623,28139;47,98352182
FM ; F ; 2009_2013;35;Supérieur au baccalauréat;24,6118162;99908,90704;52,16854296
FM ; F ; 2009_2013;36;Baccalauréat;36,8820227;99845,09452;50,82761516
FM ; F ; 2009_2013;36;Brevet, CEP;61,62456798;99713,61495;49,56724072
FM ; F ; 2009_2013;36;CAP, BEP;68,36497648;99676,32082;50,22649934
FM ; F ; 2009_2013;36;Ensemble;50,17160503;99777,6363;49,51371223
FM ; F ; 2009_2013;36;Sans diplôme;98,96705798;99533,10212;47,02699599
FM ; F ; 2009_2013;36;Supérieur au baccalauréat;28,15075303;99884,31765;51,18138575
FM ; F ; 2009_2013;37;Baccalauréat;43,03580362;99808,26963;49,84636833
FM ; F ; 2009_2013;37;Brevet, CEP;70,29760881;99652,16687;48,59780515
FM ; F ; 2009_2013;37;CAP, BEP;76,36631361;99608,17713;49,26086016
FM ; F ; 2009_2013;37;Ensemble;57,8827371;99727,57626;48,53856653
FM ; F ; 2009_2013;37;Sans diplôme;112,236701;99434,59714;46,07358333
FM ; F ; 2009_2013;37;Supérieur au baccalauréat;33,2497209;99856,19946;50,19579775
FM ; F ; 2009_2013;38;Baccalauréat;48,19017963;99765,31634;48,86782935
FM ; F ; 2009_2013;38;Brevet, CEP;77,10237327;99582,11378;47,63199228
FM ; F ; 2009_2013;38;CAP, BEP;82,1663601;99532,11003;48,29850761
FM ; F ; 2009_2013;38;Ensemble;64,14554261;99669,85121;47,56667825
FM ; F ; 2009_2013;38;Sans diplôme;122,4361836;99322,99503;45,1253529
FM ; F ; 2009_2013;38;Supérieur au baccalauréat;37,64891657;99822,99755;49,21249327
FM ; F ; 2009_2013;39;Baccalauréat;52,80654793;99717,23926;47,8913902
FM ; F ; 2009_2013;39;Brevet, CEP;82,91633152;99505,3336;46,66874601
FM ; F ; 2009_2013;39;CAP, BEP;86,84220082;99450,32812;47,33822537
FM ; F ; 2009_2013;39;Ensemble;69,63155833;99605,91744;46,59720974
FM ; F ; 2009_2013;39;Sans diplôme;131,0165908;99201,38774;44,18067039
FM ; F ; 2009_2013;39;Supérieur au baccalauréat;41,67367596;99785,41527;48,23102821
FM ; F ; 2009_2013;40;Baccalauréat;58,84685172;99664,58203;46,91669335
FM ; F ; 2009_2013;40;Brevet, CEP;90,8160138;99422,82743;45,70747414
FM ; F ; 2009_2013;40;CAP, BEP;93,61215708;99363,96327;46,37937066
FM ; F ; 2009_2013;40;Ensemble;76,92593905;99536,56029;45,62967871
FM ; F ; 2009_2013;40;Sans diplôme;142,8355597;99071,41747;43,23863034
FM ; F ; 2009_2013;40;Supérieur au baccalauréat;46,87375241;99743,83102;47,25113624
FM ; F ; 2009_2013;41;Baccalauréat;64,95306602;99605,93256;45,94431861
FM ; F ; 2009_2013;41;Brevet, CEP;98,62813126;99332,53558;44,74902158
FM ; F ; 2009_2013;41;CAP, BEP;100,1626415;99270,94652;45,42282807
FM ; F ; 2009_2013;41;Ensemble;84,22031977;99459,99085;44,66480679
FM ; F ; 2009_2013;41;Sans diplôme;154,4417632;98929,90825;42,30047882
FM ; F ; 2009_2013;41;Supérieur au baccalauréat;52,18933785;99697,07735;46,273295
FM ; F ; 2009_2013;42;Baccalauréat;72,51488843;99541,23545;44,97418025
FM ; F ; 2009_2013;42;Brevet, CEP;108,4318745;99234,56576;43,79320027
FM ; F ; 2009_2013;42;CAP, BEP;108,5811848;99171,51412;44,46837039
FM ; F ; 2009_2013;42;Ensemble;93,30264553;99376,22533;43,70245534
FM ; F ; 2009_2013;42;Sans diplôme;169,0764695;98777,11916;41,36590948
FM ; F ; 2009_2013;42;Supérieur au baccalauréat;58,74709681;99645,0461;45,29745734
FM ; F ; 2009_2013;43;Baccalauréat;82,73580785;99469,05323;44,00681689
FM ; F ; 2009_2013;43;Brevet, CEP;121,8835553;99126,96386;42,84073761
FM ; F ; 2009_2013;43;CAP, BEP;120,4024547;99063,83251;43,51670716
FM ; F ; 2009_2013;43;Ensemble;105,658487;99283,50468;42,74326897
FM ; F ; 2009_2013;43;Sans diplôme;189,2590428;98610,11029;40,43596795
FM ; F ; 2009_2013;43;Supérieur au baccalauréat;67,56540092;99586,50753;44,32408392
FM ; F ; 2009_2013;44;Baccalauréat;93,09183111;99386,75671;43,04325643
FM ; F ; 2009_2013;44;Brevet, CEP;135,1529649;99006,14439;41,89301714
FM ; F ; 2009_2013;44;CAP, BEP;131,7524678;98944,55723;42,56916551
FM ; F ; 2009_2013;44;Ensemble;118,0143285;99178,60324;41,78847863
FM ; F ; 2009_2013;44;Sans diplôme;208,9936576;98423,48174;39,51264179
FM ; F ; 2009_2013;44;Supérieur au baccalauréat;76,61908701;99519,22151;43,35405192
FM ; F ; 2009_2013;45;Baccalauréat;103,8074291;99294,23576;42,08336353
FM ; F ; 2009_2013;45;Brevet, CEP;148,5884372;98872,33465;40,94971342
FM ; F ; 2009_2013;45;CAP, BEP;143,0042852;98814,19533;41,62532542
FM ; F ; 2009_2013;45;Ensemble;130,6627382;99061,55827;40,83785329
FM ; F ; 2009_2013;45;Sans diplôme;228,8278448;98217,78291;38,59539365
FM ; F ; 2009_2013;45;Supérieur au baccalauréat;86,08950015;99442,97079;42,38729487
FM ; F ; 2009_2013;46;Baccalauréat;114,6459056;99191,16096;41,12709458
FM ; F ; 2009_2013;46;Brevet, CEP;161,8669573;98725,42179;40,01065051
FM ; F ; 2009_2013;46;CAP, BEP;153,8721367;98672,8868;40,68493667
FM ; F ; 2009_2013;46;Ensemble;143,3111479;98932,12173;39,89128296
FM ; F ; 2009_2013;46;Sans diplôme;248,2699846;97993,03327;37,68391321
FM ; F ; 2009_2013;46;Supérieur au baccalauréat;95,7784274;99357,36083;41,42381732
FM ; F ; 2009_2013;47;Baccalauréat;131,7291808;99077,44236;40,17429923
FM ; F ; 2009_2013;47;Brevet, CEP;183,484411;98565,61796;39,07551953
FM ; F ; 2009_2013;47;CAP, BEP;172,3214205;98521,05672;39,74763593
FM ; F ; 2009_2013;47;Ensemble;163,5441913;98790,34097;38,94853366
FM ; F ; 2009_2013;47;Sans diplôme;280,2769058;97749,74598;36,77770391
FM ; F ; 2009_2013;47;Supérieur au baccalauréat;110,8502699;99262,19791;40,46353044
FM ; F ; 2009_2013;48;Baccalauréat;145,6593797;98946,92846;39,22729031
FM ; F ; 2009_2013;48;Brevet, CEP;200,1911658;98384,76541;38,14734881
FM ; F ; 2009_2013;48;CAP, BEP;185,7865767;98351,28383;38,81624785
FM ; F ; 2009_2013;48;Ensemble;179,6205982;98628,7751;38,01233607
FM ; F ; 2009_2013;48;Sans diplôme;304,5396167;97475,77602;35,88107304
FM ; F ; 2009_2013;48;Supérieur au baccalauréat;123,4522917;99152,1655;39,50843414
FM ; F ; 2009_2013;49;Baccalauréat;157,6767505;98802,80297;38,28451188
FM ; F ; 2009_2013;49;Brevet, CEP;213,9326098;98187,80781;37,22386962
FM ; F ; 2009_2013;49;CAP, BEP;196,2889325;98168,56035;37,88849746
FM ; F ; 2009_2013;49;Ensemble;193,1763784;98451,61751;37,08073692
FM ; F ; 2009_2013;49;Sans diplôme;324,1274029;97178,92367;34,99067892
FM ; F ; 2009_2013;49;Supérieur au baccalauréat;134,5608753;99029,75988;38,5572685
FM ; F ; 2009_2013;50;Baccalauréat;173,2736405;98647,01393;37,34497299
FM ; F ; 2009_2013;50;Brevet, CEP;232,1843014;97977,75207;36,30367435
FM ; F ; 2009_2013;50;CAP, BEP;210,7189998;97975,86633;36,96301466
FM ; F ; 2009_2013;50;Ensemble;210,9493342;98261,43224;36,15250679
FM ; F ; 2009_2013;50;Sans diplôme;350,3696964;96863,94014;34,1044621
FM ; F ; 2009_2013;50;Supérieur au baccalauréat;148,8579507;98896,50457;37,6092214
FM ; F ; 2009_2013;51;Baccalauréat;191,0005302;98476,08465;36,4097943
FM ; F ; 2009_2013;51;Brevet, CEP;252,8367969;97750,26311;35,38816195
FM ; F ; 2009_2013;51;CAP, BEP;227,0386722;97769,41256;36,04106722
FM ; F ; 2009_2013;51;Ensemble;231,0961794;98054,1504;35,22893148
FM ; F ; 2009_2013;51;Sans diplôme;379,9985342;96524,55825;33,22437394
FM ; F ; 2009_2013;51;Supérieur au baccalauréat;165,1581964;98749,28926;36,66528918
FM ; F ; 2009_2013;52;Baccalauréat;208,9164002;98287,99481;35,47947029
FM ; F ; 2009_2013;52;Brevet, CEP;273,2707256;97503,11447;34,47786304
FM ; F ; 2009_2013;52;CAP, BEP;242,8696157;97547,43819;35,12308059
FM ; F ; 2009_2013;52;Ensemble;251,2430245;97827,55101;34,31053277
FM ; F ; 2009_2013;52;Sans diplôme;409,0490813;96157,76634;32,35110766
FM ; F ; 2009_2013;52;Supérieur au baccalauréat;181,8044676;98586,19671;35,72594509
FM ; F ; 2009_2013;53;Baccalauréat;227,5753266;98082,65507;34,5537479
FM ; F ; 2009_2013;53;Brevet, CEP;294,225936;97236,667;33,57233912
FM ; F ; 2009_2013;53;CAP, BEP;258,8952845;97310,5251;34,20859156
FM ; F ; 2009_2013;53;Ensemble;272,0607696;97581,76611;33,39695271
FM ; F ; 2009_2013;53;Sans diplôme;438,6305366;95764,43388;31,48398309
FM ; F ; 2009_2013;53;Supérieur au baccalauréat;199,277567;98406,9626;34,79101475
FM ; F ; 2009_2013;54;Baccalauréat;245,6769776;97859,44315;33,63256306
FM ; F ; 2009_2013;54;Brevet, CEP;314,0431737;96950,57151;32,67140914
FM ; F ; 2009_2013;54;CAP, BEP;273,6838931;97058,59274;33,29738587
FM ; F ; 2009_2013;54;Ensemble;292,0030274;97316,28441;32,48806059
FM ; F ; 2009_2013;54;Sans diplôme;466,2766285;95344,38183;30,62268986
FM ; F ; 2009_2013;54;Supérieur au baccalauréat;216,4345718;98210,8596;33,86048388
FM ; F ; 2009_2013;55;Baccalauréat;264,7836204;97619,02502;32,71539402
FM ; F ; 2009_2013;55;Brevet, CEP;334,7515441;96646,10486;31,7743347
FM ; F ; 2009_2013;55;CAP, BEP;289,0394642;96792,959;32,38876554
FM ; F ; 2009_2013;55;Ensemble;312,9396456;97032,11791;31,58320453
FM ; F ; 2009_2013;55;Sans diplôme;495,0098576;94899,81327;29,76614521
FM ; F ; 2009_2013;55;Supérieur au baccalauréat;234,6432783;97998,29735;32,93392863
FM ; F ; 2009_2013;56;Baccalauréat;288,1608045;97360,54584;31,80224901
FM ; F ; 2009_2013;56;Brevet, CEP;360,3883203;96322,58053;30,88105703
FM ; F ; 2009_2013;56;CAP, BEP;308,3950354;96513,18915;31,48265323
FM ; F ; 2009_2013;56;Ensemble;338,6839529;96728,46594;30,68235117
FM ; F ; 2009_2013;56;Sans diplôme;530,7399065;94430,04984;28,91422356
FM ; F ; 2009_2013;56;Supérieur au baccalauréat;256,8347644;97768,35093;32,01138763
FM ; F ; 2009_2013;57;Baccalauréat;307,3290374;97079,9909;30,89415546
FM ; F ; 2009_2013;57;Brevet, CEP;380,3263462;95975,4452;29,99275129
FM ; F ; 2009_2013;57;CAP, BEP;322,6475143;96215,54727;30,58004452
FM ; F ; 2009_2013;57;Ensemble;359,2572906;96400,86215;29,78662051
FM ; F ; 2009_2013;57;Sans diplôme;557,8074105;93928,87188;28,0685017
FM ; F ; 2009_2013;57;Supérieur au baccalauréat;275,4634426;97517,24782;31,09381571
FM ; F ; 2009_2013;58;Baccalauréat;327,3295104;96781,6359;29,98939487
FM ; F ; 2009_2013;58;Brevet, CEP;400,9547045;95610,4253;29,10725712
FM ; F ; 2009_2013;58;CAP, BEP;337,3356038;95905,1102;29,67902965
FM ; F ; 2009_2013;58;Ensemble;380,6231018;96054,53503;28,89401695
FM ; F ; 2009_2013;58;Sans diplôme;585,656832;93404,92967;27,22594813
FM ; F ; 2009_2013;58;Supérieur au baccalauréat;294,9930447;97248,62345;30,1797044
FM ; F ; 2009_2013;59;Baccalauréat;354,6437399;96464,84105;29,08788139
FM ; F ; 2009_2013;59;Brevet, CEP;430,0763232;95227,0708;28,22443386
FM ; F ; 2009_2013;59;CAP, BEP;359,8022353;95581,58812;28,77948646
FM ; F ; 2009_2013;59;Ensemble;410,248631;95688,92927;28,00441445
FM ; F ; 2009_2013;59;Sans diplôme;625,5893793;92857,89732;26,38633809
FM ; F ; 2009_2013;59;Supérieur au baccalauréat;321,3208478;96961,74677;29,26899583
FM ; F ; 2009_2013;60;Baccalauréat;378,5169366;96122,73453;28,19140688
FM ; F ; 2009_2013;60;Brevet, CEP;454,525505;94817,52171;27,34634478
FM ; F ; 2009_2013;60;CAP, BEP;383,7813468;95237,68342;27,88340961
FM ; F ; 2009_2013;60;Ensemble;435,6303188;95296,36675;27,11977544
FM ; F ; 2009_2013;60;Sans diplôme;658,3859042;92276,98817;25,55244738
FM ; F ; 2009_2013;60;Supérieur au baccalauréat;344,7553322;96650,18847;28,36334638
FM ; F ; 2009_2013;61;Baccalauréat;402,5830781;95758,8937;27,29852158
FM ; F ; 2009_2013;61;Brevet, CEP;478,7960977;94386,55189;26,47120843
FM ; F ; 2009_2013;61;CAP, BEP;409,381684;94872,17896;26,99083321
FM ; F ; 2009_2013;61;Ensemble;461,0120065;94881,22689;26,23843432
FM ; F ; 2009_2013;61;Sans diplôme;690,6232698;91669,44949;24,72179606
FM ; F ; 2009_2013;61;Supérieur au baccalauréat;368,557755;96316,98179;27,46146881
FM ; F ; 2009_2013;62;Baccalauréat;423,4128906;95373,38459;26,40886503
FM ; F ; 2009_2013;62;Brevet, CEP;498,8866511;93934,63277;25,5985613
FM ; F ; 2009_2013;62;CAP, BEP;436,7188243;94483,78964;26,10178294
FM ; F ; 2009_2013;62;Ensemble;482,5036032;94443,81304;25,35995689
FM ; F ; 2009_2013;62;Sans diplôme;716,5771411;91036,35894;23,89371787
FM ; F ; 2009_2013;62;Supérieur au baccalauréat;389,5599316;95961,99808;26,56305459
FM ; F ; 2009_2013;63;Baccalauréat;455,2057852;94969,56139;25,52115904
FM ; F ; 2009_2013;63;Brevet, CEP;531,4574339;93466,00542;24,72690942
FM ; F ; 2009_2013;63;CAP, BEP;465,9020049;94071,16114;25,21627435
FM ; F ; 2009_2013;63;Ensemble;516,246782;93988,11824;24,48291286
FM ; F ; 2009_2013;63;Sans diplôme;760,1025429;90384,0132;23,06617055
FM ; F ; 2009_2013;63;Supérieur au baccalauréat;420,8576051;95588,16859;25,6669383
FM ; F ; 2009_2013;64;Baccalauréat;478,6187325;94537,25445;24,63786408
FM ; F ; 2009_2013;64;Brevet, CEP;553,8006146;92969,27339;23,85902455
FM ; F ; 2009_2013;64;CAP, BEP;497,0574015;93632,88172;24,3343074
FM ; F ; 2009_2013;64;Ensemble;540,2410223;93502,9076;23,60996099
FM ; F ; 2009_2013;64;Sans diplôme;788,6601476;89697,00202;22,24283997
FM ; F ; 2009_2013;64;Supérieur au baccalauréat;444,6229849;95185,87851;24,7754161
FM ; F ; 2009_2013;65;Baccalauréat;521,1157058;94084,78144;23,75635262
FM ; F ; 2009_2013;65;Brevet, CEP;597,6386487;92454,40898;22,99189179
FM ; F ; 2009_2013;65;CAP, BEP;530,3071293;93167,47255;23,45586709
FM ; F ; 2009_2013;65;Ensemble;585,4506584;92997,76654;22,73820451
FM ; F ; 2009_2013;65;Sans diplôme;847,3315409;88989,59751;21,41965485
FM ; F ; 2009_2013;65;Supérieur au baccalauréat;486,3969279;94762,66022;23,88606526
FM ; F ; 2009_2013;66;Baccalauréat;556,4079443;93594,49087;22,88079922
FM ; F ; 2009_2013;66;Brevet, CEP;640,6404733;91901,8657;22,13012637
FM ; F ; 2009_2013;66;CAP, BEP;565,7777889;92673,3988;22,58091838
FM ; F ; 2009_2013;66;Ensemble;630,2021856;92453,3105;21,87210943
FM ; F ; 2009_2013;66;Sans diplôme;904,1574405;88235,56058;20,60270135
FM ; F ; 2009_2013;66;Supérieur au baccalauréat;520,9116862;94301,73755;23,00281421
FM ; F ; 2009_2013;67;Baccalauréat;594,1008402;93073,72369;22,00882213
FM ; F ; 2009_2013;67;Brevet, CEP;676,7042362;91313,10515;21,27281504
FM ; F ; 2009_2013;67;CAP, BEP;603,6316561;92149,07329;21,70940314
FM ; F ; 2009_2013;67;Ensemble;668,4286367;91870,66772;21,01082211
FM ; F ; 2009_2013;67;Sans diplôme;950,6124506;87437,7722;19,79068185
FM ; F ; 2009_2013;67;Supérieur au baccalauréat;557,8854855;93810,50878;22,12326601
FM ; F ; 2009_2013;68;Baccalauréat;634,3326464;92520,77191;21,14035818
FM ; F ; 2009_2013;68;Brevet, CEP;748,2084079;90695,1855;20,41774986
FM ; F ; 2009_2013;68;CAP, BEP;668,0512182;91592,83231;20,8412438
FM ; F ; 2009_2013;68;Ensemble;742,1225973;91256,57787;20,15220954
FM ; F ; 2009_2013;68;Sans diplôme;1045,898647;86606,57785;18,98062011
FM ; F ; 2009_2013;68;Supérieur au baccalauréat;597,4699633;93287,15357;21,24738092
FM ; F ; 2009_2013;69;Baccalauréat;677,271066;91933,88245;20,27531445
FM ; F ; 2009_2013;69;Brevet, CEP;801,5944708;90016,5965;19,57166881
FM ; F ; 2009_2013;69;CAP, BEP;716,4390711;90980,94528;19,98141037
FM ; F ; 2009_2013;69;Ensemble;798,3954666;90579,34218;19,30288181
FM ; F ; 2009_2013;69;Sans diplôme;1114,811934;85700,76082;18,1812364
FM ; F ; 2009_2013;69;Supérieur au baccalauréat;639,8462861;92729,79084;20,37509066
FM ; F ; 2009_2013;70;Baccalauréat;723,12234;91311,24087;19,41356965
FM ; F ; 2009_2013;70;Brevet, CEP;856,0294093;89295,02844;18,72982198
FM ; F ; 2009_2013;70;CAP, BEP;765,9011032;90329,12224;19,12559802
FM ; F ; 2009_2013;70;Ensemble;856,1381395;89856,16082;18,45823548
FM ; F ; 2009_2013;70;Sans diplôme;1184,266415;84745,35851;17,38620805
FM ; F ; 2009_2013;70;Supérieur au baccalauréat;685,2341954;92136,46272;19,50629946
FM ; F ; 2009_2013;71;Baccalauréat;772,0721063;90650,94889;18,55497605
FM ; F ; 2009_2013;71;Brevet, CEP;929,2362027;88530,63673;17,89153911
FM ; F ; 2009_2013;71;CAP, BEP;832,3387782;89637,2905;18,27321176
FM ; F ; 2009_2013;71;Ensemble;933,1803027;89086,86795;17,61762809
FM ; F ; 2009_2013;71;Sans diplôme;1278,502469;83741,74769;16,59457468
FM ; F ; 2009_2013;71;Supérieur au baccalauréat;733,8363641;91505,11217;18,64088552
FM ; F ; 2009_2013;72;Baccalauréat;859,5560024;89951,0582;17,6993485
FM ; F ; 2009_2013;72;Brevet, CEP;1032,20118;87707,97801;17,05935315
FM ; F ; 2009_2013;72;CAP, BEP;925,705561;88891,20457;17,42658336
FM ; F ; 2009_2013;72;Ensemble;1040,90804;88255,52685;16,78358097
FM ; F ; 2009_2013;72;Sans diplôme;1411,874636;82671,10738;15,80948436
FM ; F ; 2009_2013;72;Supérieur au baccalauréat;820,1098829;90833,61438;17,77869038
FM ; F ; 2009_2013;73;Baccalauréat;943,5847904;89177,87848;16,85280335
FM ; F ; 2009_2013;73;Brevet, CEP;1130,376378;86802,65522;16,23727652
FM ; F ; 2009_2013;73;CAP, BEP;1015,0972;88068,33375;16,5894095
FM ; F ; 2009_2013;73;Ensemble;1144,737589;87336,86798;15,96012022
FM ; F ; 2009_2013;73;Sans diplôme;1536,616833;81503,89499;15,03589103
FM ; F ; 2009_2013;73;Supérieur au baccalauréat;903,8122042;90088,67893;16,92570082
FM ; F ; 2009_2013;74;Baccalauréat;1049,365886;88336,40958;16,01333862
FM ; F ; 2009_2013;74;Brevet, CEP;1253,82042;85821,45851;15,4229173
FM ; F ; 2009_2013;74;CAP, BEP;1127,579736;87174,35456;15,75953507
FM ; F ; 2009_2013;74;Ensemble;1275,182554;86337,09002;15,14493739
FM ; F ; 2009_2013;74;Sans diplôme;1693,21986;80251,49242;14,27054073
FM ; F ; 2009_2013;74;Supérieur au baccalauréat;1009,174328;89274,44646;16,08007261
FM ; F ; 2009_2013;75;Baccalauréat;1149,746175;87409,43743;15,18315917
FM ; F ; 2009_2013;75;Brevet, CEP;1369,925989;84745,41154;14,61874836
FM ; F ; 2009_2013;75;CAP, BEP;1233,911507;86191,3942;14,93926297
FM ; F ; 2009_2013;75;Ensemble;1402,07601;85236,13451;14,3405575
FM ; F ; 2009_2013;75;Sans diplôme;1837,190715;78892,65821;13,51633419
FM ; F ; 2009_2013;75;Supérieur au baccalauréat;1110,247536;88373,51166;15,24400291
FM ; F ; 2009_2013;76;Baccalauréat;1309,475611;86404,45077;14,3597574
FM ; F ; 2009_2013;76;Brevet, CEP;1555,449847;83584,46212;13,82179599
FM ; F ; 2009_2013;76;CAP, BEP;1403,433251;85127,86867;14,12590323
FM ; F ; 2009_2013;76;Ensemble;1595,03054;84041,05912;13,5444822
FM ; F ; 2009_2013;76;Sans diplôme;2070,353573;77443,24962;12,76930254
FM ; F ; 2009_2013;76;Supérieur au baccalauréat;1269,847958;87392,34693;14,41514923
FM ; F ; 2009_2013;77;Baccalauréat;1468,80806;85273,00556;13,5502899
FM ; F ; 2009_2013;77;Brevet, CEP;1738,876865;82284,34774;13,04018401
FM ; F ; 2009_2013;77;CAP, BEP;1571,895406;83933,15585;13,32697273
FM ; F ; 2009_2013;77;Ensemble;1786,577714;82700,57856;12,76402256
FM ; F ; 2009_2013;77;Sans diplôme;2295,91795;75839,90053;12,03926135
FM ; F ; 2009_2013;77;Supérieur au baccalauréat;1430,605735;86282,597;13,60055407
FM ; F ; 2009_2013;78;Baccalauréat;1660,007714;84020,50878;12,75228456
FM ; F ; 2009_2013;78;Brevet, CEP;1958,050995;80853,52425;12,27094949
FM ; F ; 2009_2013;78;CAP, BEP;1773,694652;82613,81443;12,53980429
FM ; F ; 2009_2013;78;Ensemble;2015,60371;81223,06845;11,99620995
FM ; F ; 2009_2013;78;Sans diplôme;2563,036362;74098,67864;11,32216822
FM ; F ; 2009_2013;78;Supérieur au baccalauréat;1624,124979;85048,23321;12,7979483
FM ; F ; 2009_2013;79;Baccalauréat;1900,094555;82625,76185;11,96754684
FM ; F ; 2009_2013;79;Brevet, CEP;2232,20083;79270,37101;11,51601953
FM ; F ; 2009_2013;79;CAP, BEP;2026,690754;81148,49762;11,76623838
FM ; F ; 2009_2013;79;Ensemble;2302,121701;79585,93327;11,24297991
FM ; F ; 2009_2013;79;Sans diplôme;2894,647129;72199,50256;10,61999286
FM ; F ; 2009_2013;79;Supérieur au baccalauréat;1867,694468;83666,94361;12,00923453
FM ; F ; 2009_2013;80;Baccalauréat;2222,283008;81055,79425;11,19934594
FM ; F ; 2009_2013;80;Brevet, CEP;2563,085997;77500,89713;10,77894934
FM ; F ; 2009_2013;80;CAP, BEP;2365,738757;79503,86853;11,00963658
FM ; F ; 2009_2013;80;Ensemble;2685,19425;77753,76823;10,50790591
FM ; F ; 2009_2013;80;Sans diplôme;3335,532939;70109,58174;9,936567912
FM ; F ; 2009_2013;80;Supérieur au baccalauréat;2195,047189;82104,30074;11,23779923
FM ; F ; 2009_2013;81;Baccalauréat;2567,415205;79254,50511;10,45388366
FM ; F ; 2009_2013;81;Brevet, CEP;2943,019167;75514,48249;10,06249048
FM ; F ; 2009_2013;81;CAP, BEP;2727,286533;77623,0147;10,2764069
FM ; F ; 2009_2013;81;Ensemble;3092,124706;75665,92852;9,797849134
FM ; F ; 2009_2013;81;Sans diplôme;3791,414573;67771,05354;9,279442089
FM ; F ; 2009_2013;81;Supérieur au baccalauréat;2548,820325;80302,07259;10,49001038
FM ; F ; 2009_2013;82;Baccalauréat;2956,556782;77219,71289;9,729350635
FM ; F ; 2009_2013;82;Brevet, CEP;3379,270859;73292,0768;9,367611266
FM ; F ; 2009_2013;82;CAP, BEP;3133,278514;75506,01267;9,564531961
FM ; F ; 2009_2013;82;Ensemble;3547,01039;73326,24365;9,110477713
FM ; F ; 2009_2013;82;Sans diplôme;4289,789252;65201,57194;8,645128912
FM ; F ; 2009_2013;82;Supérieur au baccalauréat;2935,143487;78255,31704;9,764374959
FM ; F ; 2009_2013;83;Baccalauréat;3442,40726;74936,66823;9,025768163
FM ; F ; 2009_2013;83;Brevet, CEP;3907,294773;70815,33901;8,695239675
FM ; F ; 2009_2013;83;CAP, BEP;3638,723514;73140,199;8,873909031
FM ; F ; 2009_2013;83;Ensemble;4110,788606;70725,35417;8,445510968
FM ; F ; 2009_2013;83;Sans diplôme;4899,75737;62404,56192;8,032608793
FM ; F ; 2009_2013;83;Supérieur au baccalauréat;3417,475122;75958,4112;9,059639822
FM ; F ; 2009_2013;84;Baccalauréat;3968,203332;72357,04293;8,347548864
FM ; F ; 2009_2013;84;Brevet, CEP;4470,502724;68048,37497;8,048803085
FM ; F ; 2009_2013;84;CAP, BEP;4182,688343;70478,82938;8,208999045
FM ; F ; 2009_2013;84;Ensemble;4713,185452;67817,98437;7,807571619
FM ; F ; 2009_2013;84;Sans diplôme;5532,888246;59346,8898;7,446465089
FM ; F ; 2009_2013;84;Supérieur au baccalauréat;3939,463039;73362,5514;8,380206029
FM ; F ; 2009_2013;85;Baccalauréat;4645,380627;69485,76834;7,692484316
FM ; F ; 2009_2013;85;Brevet, CEP;5191,164566;65006,27051;7,425463668
FM ; F ; 2009_2013;85;CAP, BEP;4881,343974;67530,9196;7,567344359
FM ; F ; 2009_2013;85;Ensemble;5482,619959;64621,59699;7,19375866
FM ; F ; 2009_2013;85;Sans diplôme;6334,342579;56063,29271;6,882600569
FM ; F ; 2009_2013;85;Supérieur au baccalauréat;4611,735779;70472,4608;7,72388006
FM ; F ; 2009_2013;86;Baccalauréat;5426,244063;66257,88992;7,067238239
FM ; F ; 2009_2013;86;Brevet, CEP;6011,198183;61631,68803;6,83203763
FM ; F ; 2009_2013;86;CAP, BEP;5682,70365;64234,50312;6,955688899
FM ; F ; 2009_2013;86;Ensemble;6357,509145;61078,64042;6,611043235
FM ; F ; 2009_2013;86;Sans diplôme;7224,563966;52512,05169;6,348051312
FM ; F ; 2009_2013;86;Supérieur au baccalauréat;5386,943697;67222,45711;7,097306438
FM ; F ; 2009_2013;87;Baccalauréat;6267,197018;62662,5751;6,472726623
FM ; F ; 2009_2013;87;Brevet, CEP;6879,314025;57926,88512;6,268991091
FM ; F ; 2009_2013;87;CAP, BEP;6539,826449;60584,24667;6,374775538
FM ; F ; 2009_2013;87;Ensemble;7282,542606;57195,56027;6,059875464
FM ; F ; 2009_2013;87;Sans diplôme;8137,569645;48718,28492;5,842383699
FM ; F ; 2009_2013;87;Supérieur au baccalauréat;6221,805928;63601,22119;6,501402782
FM ; F ; 2009_2013;88;Baccalauréat;7221,37901;58735,38806;5,905508443
FM ; F ; 2009_2013;88;Brevet, CEP;7851,174453;53941,91279;5,732114379
FM ; F ; 2009_2013;88;CAP, BEP;7506,932521;56622,14208;5,820847101
FM ; F ; 2009_2013;88;Ensemble;8314,899593;53030,26922;5,535851644
FM ; F ; 2009_2013;88;Sans diplôme;9135,801325;44753,80056;5,359927205
FM ; F ; 2009_2013;88;Supérieur au baccalauréat;7169,077117;59644,07664;5,932744703
FM ; F ; 2009_2013;89;Baccalauréat;8448,16825;54493,88308;5,365160831
FM ; F ; 2009_2013;89;Brevet, CEP;9093,583245;49706,83911;5,220496404
FM ; F ; 2009_2013;89;CAP, BEP;8746,928655;52371,55608;5,293279334
FM ; F ; 2009_2013;89;Ensemble;9628,721886;48620,85558;5,037896692
FM ; F ; 2009_2013;89;Sans diplôme;10402,68484;40665,18225;4,898832855
FM ; F ; 2009_2013;89;Supérieur au baccalauréat;8386,981156;55368,14679;5,390914276
FM ; F ; 2009_2013;90;Baccalauréat;9797,267705;49890,14815;4,860244113
FM ; F ; 2009_2013;90;Brevet, CEP;10438,25605;45186,70632;4,74271497
FM ; F ; 2009_2013;90;CAP, BEP;10101,36766;47790,65344;4,800658823
FM ; F ; 2009_2013;90;Ensemble;11043,59748;43939,28862;4,574665753
FM ; F ; 2009_2013;90;Sans diplôme;11685,71415;36434,9115;4,467611218
FM ; F ; 2009_2013;90;Supérieur au baccalauréat;9726,309562;50724,43076;4,884441255
FM ; F ; 2009_2013;91;Baccalauréat;11254,42927;45002,27677;-
FM ; F ; 2009_2013;91;Brevet, CEP;11868,52083;40470,00221;-
FM ; F ; 2009_2013;91;CAP, BEP;11554,59612;42963,14383;-
FM ; F ; 2009_2013;91;Ensemble;12539,05451;39086,81045;-
FM ; F ; 2009_2013;91;Sans diplôme;13126,98762;32177,2319;-
FM ; F ; 2009_2013;91;Supérieur au baccalauréat;11172,91742;45790,8156;-
FM ; F ; 2009_2013;92;Baccalauréat;12914,07574;39937,52737;-
FM ; F ; 2009_2013;92;Brevet, CEP;13482,30544;35666,81157;-
FM ; F ; 2009_2013;92;CAP, BEP;13202,47917;37998,92608;-
FM ; F ; 2009_2013;92;Ensemble;14235,7384;34185,69398;-
FM ; F ; 2009_2013;92;Sans diplôme;14724,53501;27953,33065;-
FM ; F ; 2009_2013;92;Supérieur au baccalauréat;12820,54365;40674,64558;-
FM ; F ; 2009_2013;93;Baccalauréat;14651,11745;34779,96484;-
FM ; F ; 2009_2013;93;Brevet, CEP;15149,45623;30858,10309;-
FM ; F ; 2009_2013;93;CAP, BEP;14916,99568;32982,12578;-
FM ; F ; 2009_2013;93;Ensemble;15977,66925;29319,10802;-
FM ; F ; 2009_2013;93;Sans diplôme;16286,30995;23837,33269;-
FM ; F ; 2009_2013;93;Supérieur au baccalauréat;14545,00459;35459,93489;-
FM ; F ; 2009_2013;94;Baccalauréat;16809,03554;29684,31134;-
FM ; F ; 2009_2013;94;Brevet, CEP;17224,25827;26183,26827;-
FM ; F ; 2009_2013;94;CAP, BEP;17047,03241;28062,1835;-
FM ; F ; 2009_2013;94;Ensemble;18133,62822;24634,59791;-
FM ; F ; 2009_2013;94;Sans diplôme;18483,91559;19955,11081;-
FM ; F ; 2009_2013;94;Supérieur au baccalauréat;16687,29364;30302,28573;-
FM ; F ; 2009_2013;95;Baccalauréat;18569,9547;24694,6649;-
FM ; F ; 2009_2013;95;Brevet, CEP;18875,70627;21673,39452;-
FM ; F ; 2009_2013;95;CAP, BEP;18766,21242;23278,41398;-
FM ; F ; 2009_2013;95;Ensemble;19832,06851;20167,45151;-
FM ; F ; 2009_2013;95;Sans diplôme;20215,16466;16266,62497;-
FM ; F ; 2009_2013;95;Supérieur au baccalauréat;18435,45909;25245,65433;-
FM ; F ; 2009_2013;96;Baccalauréat;20854,26853;20108,87681;-
FM ; F ; 2009_2013;96;Brevet, CEP;21130,7816;17582,38823;-
FM ; F ; 2009_2013;96;CAP, BEP;21008,20655;18909,93737;-
FM ; F ; 2009_2013;96;Ensemble;22060,91608;16167,82871;-
FM ; F ; 2009_2013;96;Sans diplôme;22487,06688;12978,29995;-
FM ; F ; 2009_2013;96;Supérieur au baccalauréat;20703,22844;20591,50206;-
FM ; F ; 2009_2013;97;Baccalauréat;23468,55935;15915,31764;-
FM ; F ; 2009_2013;97;Brevet, CEP;23714,69314;13867,09217;-
FM ; F ; 2009_2013;97;CAP, BEP;23577,12938;14937,29867;-
FM ; F ; 2009_2013;97;Ensemble;24611,24571;12601,05759;-
FM ; F ; 2009_2013;97;Sans diplôme;25086,66124;10059,86096;-
FM ; F ; 2009_2013;97;Supérieur au baccalauréat;23298,58487;16328,39635;-
FM ; F ; 2009_2013;98;Baccalauréat;25582,43307;12180,22188;-
FM ; F ; 2009_2013;98;Brevet, CEP;25792,92026;10578,55382;-
FM ; F ; 2009_2013;98;CAP, BEP;25643,30116;11415,51243;-
FM ; F ; 2009_2013;98;Ensemble;26630,51265;9499,780343;-
FM ; F ; 2009_2013;98;Sans diplôme;27144,93437;7536,177718;-
FM ; F ; 2009_2013;98;Supérieur au baccalauréat;25397,14856;12524,11107;-
FM ; F ; 2009_2013;99;Baccalauréat;27841,57223;9064,224767;-
FM ; F ; 2009_2013;99;Brevet, CEP;28070,64717;7850,035867;-
FM ; F ; 2009_2013;99;CAP, BEP;27907,81547;8488,198202;-
FM ; F ; 2009_2013;99;Ensemble;28853,78213;6969,940137;-
FM ; F ; 2009_2013;99;Sans diplôme;29411,15075;5490,487223;-
FM ; F ; 2009_2013;99;Supérieur au baccalauréat;27639,92557;9343,343972;-
FM ; F ; 2000_2008;30;Baccalauréat;25,22547041;100000;55,61130823
FM ; F ; 2000_2008;30;Brevet, CEP;67,00413302;100000;54,14484584
FM ; F ; 2000_2008;30;CAP, BEP;41,44798274;100000;54,82887487
FM ; F ; 2000_2008;30;Ensemble;37,6945076;100000;54,23736756
FM ; F ; 2000_2008;30;Sans diplôme;96,98049813;100000;51,82974184
FM ; F ; 2000_2008;30;Supérieur au baccalauréat;18,48478976;100000;56,6120207
FM ; F ; 2000_2008;31;Baccalauréat;28,2596275;99974,77453;54,62533999
FM ; F ; 2000_2008;31;Brevet, CEP;70,83825754;99932,99587;53,18114945
FM ; F ; 2000_2008;31;CAP, BEP;44,90473429;99958,55202;53,85160975
FM ; F ; 2000_2008;31;Ensemble;41,41047559;99962,30549;53,25781978
FM ; F ; 2000_2008;31;Sans diplôme;100,3330145;99903,0195;50,88005538
FM ; F ; 2000_2008;31;Supérieur au baccalauréat;20,85311458;99981,51521;55,62248724
FM ; F ; 2000_2008;32;Baccalauréat;30,96529387;99946,52203;53,64078127
FM ; F ; 2000_2008;32;Brevet, CEP;73,25137171;99862,20507;52,21884876
FM ; F ; 2000_2008;32;CAP, BEP;47,58416769;99913,6659;52,87580254
FM ; F ; 2000_2008;32;Ensemble;43,59074171;99920,91063;52,27988324
FM ; F ; 2000_2008;32;Sans diplôme;101,5277882;99802,78379;49,93115614
FM ; F ; 2000_2008;32;Supérieur au baccalauréat;23,0095941;99960,66595;54,63408869
FM ; F ; 2000_2008;33;Baccalauréat;34,89480914;99915,5733;52,65739644
FM ; F ; 2000_2008;33;Brevet, CEP;77,90054603;99789,05464;51,25712782
FM ; F ; 2000_2008;33;CAP, BEP;51,85727266;99866,12281;51,90097503
FM ; F ; 2000_2008;33;Ensemble;48,09266666;99877,35436;51,30268236
FM ; F ; 2000_2008;33;Sans diplôme;105,6581099;99701,45623;48,98190166
FM ; F ; 2000_2008;33;Supérieur au baccalauréat;26,11101979;99937,66541;53,64666266
FM ; F ; 2000_2008;34;Baccalauréat;39,25239331;99880,70795;51,67577755
FM ; F ; 2000_2008;34;Brevet, CEP;83,95396736;99711,31842;50,29708853
FM ; F ; 2000_2008;34;CAP, BEP;56,41265764;99814,33496;50,92790342
FM ; F ; 2000_2008;34;Ensemble;54,14688077;99829,32068;50,32736706
FM ; F ; 2000_2008;34;Sans diplôme;114,2080155;99596,11356;48,03370975
FM ; F ; 2000_2008;34;Supérieur au baccalauréat;29,98246274;99911,57066;52,66067401
FM ; F ; 2000_2008;35;Baccalauréat;44,11551109;99841,50238;50,6960695
FM ; F ; 2000_2008;35;Brevet, CEP;89,04417532;99627,60681;49,33935042
FM ; F ; 2000_2008;35;CAP, BEP;61,31451633;99758,02704;49,95664942
FM ; F ; 2000_2008;35;Ensemble;59,44366134;99775,26621;49,35463252
FM ; F ; 2000_2008;35;Sans diplôme;121,4062784;99482,36681;47,08863082
FM ; F ; 2000_2008;35;Supérieur au baccalauréat;33,43166679;99881,61471;51,67646771
FM ; F ; 2000_2008;36;Baccalauréat;50,02034301;99797,45679;49,7184442
FM ; F ; 2000_2008;36;Brevet, CEP;96,18408349;99538,89423;48,38332339
FM ; F ; 2000_2008;36;CAP, BEP;67,60152445;99696,86089;48,98729889
FM ; F ; 2000_2008;36;Ensemble;66,08896184;99715,95614;48,38398818
FM ; F ; 2000_2008;36;Sans diplôme;131,3780335;99361,58897;46,14586887
FM ; F ; 2000_2008;36;Supérieur au baccalauréat;37,65802738;99848,22263;50,69374979
FM ; F ; 2000_2008;37;Baccalauréat;54,65911229;99747,53776;48,74332598
FM ; F ; 2000_2008;37;Brevet, CEP;100,7933188;99443,15366;47,42990525
FM ; F ; 2000_2008;37;CAP, BEP;72,10633057;99629,46429;48,02043746
FM ; F ; 2000_2008;37;Ensemble;71,00284501;99650,0549;47,4159858
FM ; F ; 2000_2008;37;Sans diplôme;137,8792056;99231,04967;45,20657416
FM ; F ; 2000_2008;37;Supérieur au baccalauréat;40,91884971;99810,62175;49,71284725
FM ; F ; 2000_2008;38;Baccalauréat;62,74875417;99693,01664;47,76998322
FM ; F ; 2000_2008;38;Brevet, CEP;111,4430966;99342,9216;46,47775966
FM ; F ; 2000_2008;38;CAP, BEP;81,00279976;99557,62514;47,05508822
FM ; F ; 2000_2008;38;Ensemble;80,27949734;99579,30053;46,44967642
FM ; F ; 2000_2008;38;Sans diplôme;152,6392165;99094,23069;44,26899068
FM ; F ; 2000_2008;38;Supérieur au baccalauréat;46,73977709;99769,7804;48,7331975
FM ; F ; 2000_2008;39;Baccalauréat;72,48501492;99630,46052;46,79997711
FM ; F ; 2000_2008;39;Brevet, CEP;124,2671093;99232,21078;45,5296137
FM ; F ; 2000_2008;39;CAP, BEP;91,68515634;99476,98068;46,09323506
FM ; F ; 2000_2008;39;Ensemble;91,41791613;99499,35877;45,48699594
FM ; F ; 2000_2008;39;Sans diplôme;170,3922403;98942,97403;43,33666582
FM ; F ; 2000_2008;39;Supérieur au baccalauréat;53,74034771;99723,14822;47,75598594
FM ; F ; 2000_2008;40;Baccalauréat;79,28795234;99558,24336;45,83392469
FM ; F ; 2000_2008;40;Brevet, CEP;131,5411539;99108,89778;44,58626243
FM ; F ; 2000_2008;40;CAP, BEP;98,41138268;99385,77505;45,13553449
FM ; F ; 2000_2008;40;Ensemble;98,67655555;99408,39853;44,52861726
FM ; F ; 2000_2008;40;Sans diplôme;180,540788;98774,38288;42,41063417
FM ; F ; 2000_2008;40;Supérieur au baccalauréat;58,53161887;99669,55666;46,78166398
FM ; F ; 2000_2008;41;Baccalauréat;88,53497762;99479,30567;44,8702943
FM ; F ; 2000_2008;41;Brevet, CEP;142,4778352;98978,52879;43,64498897
FM ; F ; 2000_2008;41;CAP, BEP;107,9793002;99287,96814;44,17999675
FM ; F ; 2000_2008;41;Ensemble;108,8335116;99310,30574;43,57259996
FM ; F ; 2000_2008;41;Sans diplôme;195,7117088;98596,05483;41,48734115
FM ; F ; 2000_2008;41;Supérieur au baccalauréat;65,10063312;99611,21845;45,80906208
FM ; F ; 2000_2008;42;Baccalauréat;99,00781095;99391,23169;43,91005541
FM ; F ; 2000_2008;42;Brevet, CEP;154,7967047;98837,50632;42,70726213
FM ; F ; 2000_2008;42;CAP, BEP;118,762898;99180,75768;43,22775357
FM ; F ; 2000_2008;42;Ensemble;120,2911846;99202,22285;42,62007322
FM ; F ; 2000_2008;42;Sans diplôme;212,7826835;98403,09081;40,56869596
FM ; F ; 2000_2008;42;Supérieur au baccalauréat;72,53300058;99546,37092;44,83890349
FM ; F ; 2000_2008;43;Baccalauréat;110,310389;99292,82661;42,95357288
FM ; F ; 2000_2008;43;Brevet, CEP;167,7761188;98684,50912;41,77347405
FM ; F ; 2000_2008;43;CAP, BEP;130,2393489;99062,96774;42,27915315
FM ; F ; 2000_2008;43;Ensemble;132,5330319;99082,89132;41,67140316
FM ; F ; 2000_2008;43;Sans diplôme;230,7615525;98193,70607;39,65520319
FM ; F ; 2000_2008;43;Supérieur au baccalauréat;80,53257091;99474,16695;43,8714501
FM ; F ; 2000_2008;44;Baccalauréat;123,4480368;99183,2963;42,00100746
FM ; F ; 2000_2008;44;Brevet, CEP;182,8399978;98518,94008;40,84367775
FM ; F ; 2000_2008;44;CAP, BEP;143,545696;98933,94878;41,33428905
FM ; F ; 2000_2008;44;Ensemble;146,7294843;98951,57376;40,72670483
FM ; F ; 2000_2008;44;Sans diplôme;251,6045666;97967,11275;38,74692381
FM ; F ; 2000_2008;44;Supérieur au baccalauréat;89,82732556;99394,05784;42,90680939
FM ; F ; 2000_2008;45;Baccalauréat;134,1613621;99060,85647;41,05292097
FM ; F ; 2000_2008;45;Brevet, CEP;193,7300461;98338,80805;39,91849313
FM ; F ; 2000_2008;45;CAP, BEP;153,7486741;98791,93335;40,39370794
FM ; F ; 2000_2008;45;Ensemble;157,8307351;98806,38263;39,78655072
FM ; F ; 2000_2008;45;Sans diplôme;266,6969669;97720,62302;37,84465874
FM ; F ; 2000_2008;45;Supérieur au baccalauréat;97,32075062;99304,77482;41,94538608
FM ; F ; 2000_2008;46;Baccalauréat;148,1660515;98927,95508;40,10807212
FM ; F ; 2000_2008;46;Brevet, CEP;208,8228683;98148,29623;38,99597735
FM ; F ; 2000_2008;46;CAP, BEP;167,4522273;98640,04206;39,45590836
FM ; F ; 2000_2008;46;Ensemble;172,5980865;98650,43579;38,84944539
FM ; F ; 2000_2008;46;Sans diplôme;287,5592304;97460,00508;36,9458592
FM ; F ; 2000_2008;46;Supérieur au baccalauréat;107,1679421;99208,13067;40,98624741
FM ; F ; 2000_2008;47;Baccalauréat;162,380277;98781,37743;39,16758684
FM ; F ; 2000_2008;47;Brevet, CEP;223,5554275;97943,34015;38,07758027
FM ; F ; 2000_2008;47;CAP, BEP;181,0705234;98474,86712;38,52208898
FM ; F ; 2000_2008;47;Ensemble;187,3654378;98480,16702;37,91661473
FM ; F ; 2000_2008;47;Sans diplôme;307,9094042;97179,74984;36,05240682
FM ; F ; 2000_2008;47;Supérieur au baccalauréat;117,1267983;99101,81136;40,03021865
FM ; F ; 2000_2008;48;Baccalauréat;180,2078672;98620,97596;38,23129072
FM ; F ; 2000_2008;48;Brevet, CEP;242,5087204;97724,38249;37,1628955
FM ; F ; 2000_2008;48;CAP, BEP;198,3476902;98296,55816;37,59196766
FM ; F ; 2000_2008;48;Ensemble;206,0205366;98295,64923;36,98779072
FM ; F ; 2000_2008;48;Sans diplôme;334,0495657;96880,52425;35,16375843
FM ; F ; 2000_2008;48;Supérieur au baccalauréat;129,6478181;98985,73658;39,07715974
FM ; F ; 2000_2008;49;Baccalauréat;198,3652726;98443,2532;37,30031089
FM ; F ; 2000_2008;49;Brevet, CEP;261,062051;97487,39235;36,25323785
FM ; F ; 2000_2008;49;CAP, BEP;215,5717962;98101,58921;36,66667864
FM ; F ; 2000_2008;49;Ensemble;224,7355383;98093,14;36,06415048
FM ; F ; 2000_2008;49;Sans diplôme;359,611788;96556,89528;34,28161652
FM ; F ; 2000_2008;49;Supérieur au baccalauréat;142,3572435;98857,40373;38,1278882
FM ; F ; 2000_2008;50;Baccalauréat;215,1648587;98247,97597;36,37444882
FM ; F ; 2000_2008;50;Brevet, CEP;277,1205627;97232,88976;35,34812902
FM ; F ; 2000_2008;50;CAP, BEP;230,9646279;97890,10985;35,74589242
FM ; F ; 2000_2008;50;Ensemble;241,6377565;97872,68986;35,145382
FM ; F ; 2000_2008;50;Sans diplôme;381,7046872;96209,66531;33,40534218
FM ; F ; 2000_2008;50;Supérieur au baccalauréat;154,0528108;98716,67305;37,18224339
FM ; F ; 2000_2008;51;Baccalauréat;227,622221;98036,58085;35,45288262
FM ; F ; 2000_2008;51;Brevet, CEP;287,1813264;96963,43743;34,44635817
FM ; F ; 2000_2008;51;CAP, BEP;241,4822022;97664,01832;34,82864392
FM ; F ; 2000_2008;51;Ensemble;253,4932331;97636,19248;34,23051222
FM ; F ; 2000_2008;51;Sans diplôme;395,5028755;95842,4285;32,53334051
FM ; F ; 2000_2008;51;Supérieur au baccalauréat;162,6189866;98564,59724;36,23961206
FM ; F ; 2000_2008;52;Baccalauréat;245,8918287;97813,42781;34,53376536
FM ; F ; 2000_2008;52;Brevet, CEP;304,1597188;96684,97654;33,54556658
FM ; F ; 2000_2008;52;CAP, BEP;257,9471483;97428,1771;33,91295248
FM ; F ; 2000_2008;52;Ensemble;271,6459412;97388,69134;33,31750477
FM ; F ; 2000_2008;52;Sans diplôme;418,7813465;95463,36894;31,66252173
FM ; F ; 2000_2008;52;Supérieur au baccalauréat;175,3206933;98404,3125;35,29864054
FM ; F ; 2000_2008;53;Baccalauréat;259,5125034;97572,91258;33,61889038
FM ; F ; 2000_2008;53;Brevet, CEP;322,6328455;96390,89979;32,64790997
FM ; F ; 2000_2008;53;CAP, BEP;275,8943537;97176,86389;33,00065621
FM ; F ; 2000_2008;53;Ensemble;291,4464479;97124,13892;32,40825694
FM ; F ; 2000_2008;53;Sans diplôme;444,0663102;95063,58616;30,79567609
FM ; F ; 2000_2008;53;Supérieur au baccalauréat;189,2242534;98231,78937;34,36063505
FM ; F ; 2000_2008;54;Baccalauréat;273,875408;97319,69868;32,70636261
FM ; F ; 2000_2008;54;Brevet, CEP;334,5962934;96079,91109;31,75358379
FM ; F ; 2000_2008;54;CAP, BEP;288,4285752;96908,75841;32,09195504
FM ; F ; 2000_2008;54;Ensemble;305,5916683;96841,07406;31,50298574
FM ; F ; 2000_2008;54;Sans diplôme;460,3451041;94641,4408;29,93303929
FM ; F ; 2000_2008;54;Supérieur au baccalauréat;199,5663446;98045,911;33,42577697
FM ; F ; 2000_2008;55;Baccalauréat;289,0202344;97053,16395;31,79618329
FM ; F ; 2000_2008;55;Brevet, CEP;353,2562897;95758,43127;30,8601868
FM ; F ; 2000_2008;55;CAP, BEP;306,8869933;96629,24586;31,18478516
FM ; F ; 2000_2008;55;Ensemble;326,0725326;96545,13581;30,59955134
FM ; F ; 2000_2008;55;Sans diplôme;485,7753426;94205,76356;29,07147184
FM ; F ; 2000_2008;55;Supérieur au baccalauréat;214,1613414;97850,24436;32,49261696
FM ; F ; 2000_2008;56;Baccalauréat;304,9909168;96772,66067;30,88834707
FM ; F ; 2000_2008;56;Brevet, CEP;367,9869042;95420,15858;29,96958882
FM ; F ; 2000_2008;56;CAP, BEP;322,1044698;96332,70328;30,28078181
FM ; F ; 2000_2008;56;Ensemble;343,1772826;96230,32864;29,69965448
FM ; F ; 2000_2008;56;Sans diplôme;505,7426289;93748,13519;28,21338326
FM ; F ; 2000_2008;56;Supérieur au baccalauréat;226,6658851;97640,68697;31,56235293
FM ; F ; 2000_2008;57;Baccalauréat;321,8333644;96477,51285;29,98284192
FM ; F ; 2000_2008;57;Brevet, CEP;393,496946;95069,0249;29,08028031
FM ; F ; 2000_2008;57;CAP, BEP;346,9925701;96022,41133;29,37863274
FM ; F ; 2000_2008;57;Ensemble;370,672849;95900,08801;28,80192792
FM ; F ; 2000_2008;57;Sans diplôme;540,4371873;93274,01091;27,35679566
FM ; F ; 2000_2008;57;Supérieur au baccalauréat;246,2021146;97419,36884;30,63405654
FM ; F ; 2000_2008;58;Baccalauréat;339,5960257;96167,01602;29,07964826
FM ; F ; 2000_2008;58;Brevet, CEP;409,3499381;94694,93119;28,19516238
FM ; F ; 2000_2008;58;CAP, BEP;363,6002513;95689,2207;28,48092938
FM ; F ; 2000_2008;58;Ensemble;389,412344;95544,61242;27,90908606
FM ; F ; 2000_2008;58;Sans diplôme;561,7927591;92769,92347;26,50544531
FM ; F ; 2000_2008;58;Supérieur au baccalauréat;260,0911878;97179,52029;29,70966439
FM ; F ; 2000_2008;59;Baccalauréat;358,3259019;95840,43666;28,1787381
FM ; F ; 2000_2008;59;Brevet, CEP;430,0638849;94307,29755;27,31105366
FM ; F ; 2000_2008;59;CAP, BEP;384,7096112;95341,29445;27,58486402
FM ; F ; 2000_2008;59;Ensemble;413,0386827;95172,54991;27,01819236
FM ; F ; 2000_2008;59;Sans diplôme;589,7306366;92248,74876;25,65519225
FM ; F ; 2000_2008;59;Supérieur au baccalauréat;277,3946879;96926,76492;28,78713811
FM ; F ; 2000_2008;60;Baccalauréat;378,0784925;95497,01555;27,28007292
FM ; F ; 2000_2008;60;Brevet, CEP;458,7904024;93901,71592;26,42901595
FM ; F ; 2000_2008;60;CAP, BEP;413,2853366;94974,50733;26,69139548
FM ; F ; 2000_2008;60;Ensemble;444,7868732;94779,45046;26,13025079
FM ; F ; 2000_2008;60;Sans diplôme;628,5338606;91704,72962;24,80738632
FM ; F ; 2000_2008;60;Supérieur au baccalauréat;300,3756512;96657,89523;27,86721423
FM ; F ; 2000_2008;61;Baccalauréat;400,2634642;95135,96187;26,38360444
FM ; F ; 2000_2008;61;Brevet, CEP;482,4613343;93470,90386;25,55082861
FM ; F ; 2000_2008;61;CAP, BEP;437,6223637;94581,99162;25,80216489
FM ; F ; 2000_2008;61;Ensemble;472,085264;94357,88391;25,24699397
FM ; F ; 2000_2008;61;Sans diplôme;660,2883984;91128,33434;23,96429537
FM ; F ; 2000_2008;61;Supérieur au baccalauréat;320,5884803;96367,55844;26,95117274
FM ; F ; 2000_2008;62;Baccalauréat;433,0782064;94755,16737;25,48963277
FM ; F ; 2000_2008;62;Brevet, CEP;518,5244846;93019,94289;24,6746991
FM ; F ; 2000_2008;62;CAP, BEP;473,577335;94168,07967;24,91557726
FM ; F ; 2000_2008;62;Ensemble;512,0438072;93912,43424;24,36674664
FM ; F ; 2000_2008;62;Sans diplôme;708,8321912;90526,62453;23,12358057
FM ; F ; 2000_2008;62;Supérieur au baccalauréat;349,6903197;96058,61515;26,03785299
FM ; F ; 2000_2008;63;Baccalauréat;458,5779235;94344,8034;24,60050296
FM ; F ; 2000_2008;63;Brevet, CEP;545,3953395;92537,61171;23,80331034
FM ; F ; 2000_2008;63;CAP, BEP;501,5303375;93722,12099;24,03413324
FM ; F ; 2000_2008;63;Ensemble;543,4850416;93431,56144;23,49215722
FM ; F ; 2000_2008;63;Sans diplôme;744,6459099;89884,94267;22,28865808
FM ; F ; 2000_2008;63;Supérieur au baccalauréat;373,2806399;95722,70747;25,12922435
FM ; F ; 2000_2008;64;Baccalauréat;497,1367042;93912,15895;23,71383516
FM ; F ; 2000_2008;64;Brevet, CEP;587,3061485;92032,91589;22,93384441
FM ; F ; 2000_2008;64;CAP, BEP;543,7550353;93252,07612;23,15527929
FM ; F ; 2000_2008;64;Ensemble;590,5323923;92923,77488;22,62053127
FM ; F ; 2000_2008;64;Sans diplôme;800,7682757;89215,61812;21,45587483
FM ; F ; 2000_2008;64;Supérieur au baccalauréat;407,9512215;95365,39314;24,22337834
FM ; F ; 2000_2008;65;Baccalauréat;524,7123942;93445,28714;22,83231434
FM ; F ; 2000_2008;65;Brevet, CEP;615,757509;91492,40091;22,06933202
FM ; F ; 2000_2008;65;CAP, BEP;573,9579669;92745,01326;22,28187566
FM ; F ; 2000_2008;65;Ensemble;624,6668058;92375,02989;21,75490636
FM ; F ; 2000_2008;65;Sans diplôme;838,3331607;88501,20775;20,62907359
FM ; F ; 2000_2008;65;Supérieur au baccalauréat;434,0641152;94976,34885;23,3226027
FM ; F ; 2000_2008;66;Baccalauréat;569,4600656;92954,96814;21,95275026
FM ; F ; 2000_2008;66;Brevet, CEP;663,8128483;90929,02958;21,20606754
FM ; F ; 2000_2008;66;CAP, BEP;622,9239496;92212,69587;21,41050253
FM ; F ; 2000_2008;66;Ensemble;679,3659267;91797,99374;20,89165627
FM ; F ; 2000_2008;66;Sans diplôme;902,2976755;87759,27278;19,80347603
FM ; F ; 2000_2008;66;Supérieur au baccalauréat;474,9001817;94564,09061;22,42427909
FM ; F ; 2000_2008;67;Baccalauréat;619,0681328;92425,62672;21,07847838
FM ; F ; 2000_2008;67;Brevet, CEP;716,7605223;90325,431;20,34777683
FM ; F ; 2000_2008;67;CAP, BEP;677,1839794;91638,2809;20,54470968
FM ; F ; 2000_2008;67;Ensemble;739,1398027;91174,34945;20,03455789
FM ; F ; 2000_2008;67;Sans diplôme;972,5406048;86967,4229;18,98378929
FM ; F ; 2000_2008;67;Supérieur au baccalauréat;520,515857;94115,00557;21,53128018
FM ; F ; 2000_2008;68;Baccalauréat;677,7636235;91853,44912;20,20978138
FM ; F ; 2000_2008;68;Brevet, CEP;779,3187621;89678,01397;19,49467457
FM ; F ; 2000_2008;68;CAP, BEP;741,3510509;91017,72114;19,68478372
FM ; F ; 2000_2008;68;Ensemble;809,7844451;90500,44354;19,18374398
FM ; F ; 2000_2008;68;Sans diplôme;1055,356692;86121,6294;18,17022754
FM ; F ; 2000_2008;68;Supérieur au baccalauréat;574,637367;93625,12204;20,64394032
FM ; F ; 2000_2008;69;Baccalauréat;752,0790024;91230,89985;19,34769062
FM ; F ; 2000_2008;69;Brevet, CEP;858,65598;88979,13638;18,64779351
FM ; F ; 2000_2008;69;CAP, BEP;822,5532501;90342,96031;18,83180703
FM ; F ; 2000_2008;69;Ensemble;899,109912;89767,58503;18,3403592
FM ; F ; 2000_2008;69;Sans diplôme;1160,26082;85212,73902;17,3640336
FM ; F ; 2000_2008;69;Supérieur au baccalauréat;643,1313222;93087,1171;19,76325373
FM ; F ; 2000_2008;70;Baccalauréat;819,4509001;90544,77141;18,49430319
FM ; F ; 2000_2008;70;Brevet, CEP;928,8249002;88215,11171;17,80930069
FM ; F ; 2000_2008;70;CAP, BEP;896,1031832;89599,84135;17,98799339
FM ; F ; 2000_2008;70;Ensemble;980,1338327;88960,47577;17,50675527
FM ; F ; 2000_2008;70;Sans diplôme;1252,102331;84224,049;16,56786667
FM ; F ; 2000_2008;70;Supérieur au baccalauréat;706,9019568;92488,4447;18,89118014
FM ; F ; 2000_2008;71;Baccalauréat;915,6595654;89802,80146;17,64710707
FM ; F ; 2000_2008;71;Brevet, CEP;1033,145744;87395,74778;16,97626875
FM ; F ; 2000_2008;71;CAP, BEP;1001,090631;88796,93432;17,15064187
FM ; F ; 2000_2008;71;Ensemble;1095,567119;88088,54405;16,68004336
FM ; F ; 2000_2008;71;Sans diplôme;1385,060738;83169,47772;15,7779437
FM ; F ; 2000_2008;71;Supérieur au baccalauréat;797,0267749;91834,64207;18,025673
FM ; F ; 2000_2008;72;Baccalauréat;1024,231318;88980,51352;16,81018776
FM ; F ; 2000_2008;72;Brevet, CEP;1155,860582;86492,82234;16,1534893
FM ; F ; 2000_2008;72;CAP, BEP;1119,464517;87907,99653;16,32407153
FM ; F ; 2000_2008;72;Ensemble;1225,696234;87123,47493;15,86480865
FM ; F ; 2000_2008;72;Sans diplôme;1532,865736;82017,52994;14,99954714
FM ; F ; 2000_2008;72;Supérieur au baccalauréat;899,8742137;91102,69539;17,17049672
FM ; F ; 2000_2008;73;Baccalauréat;1115,794996;88069,14724;15,98414469
FM ; F ; 2000_2008;73;Brevet, CEP;1259,214997;85493,0859;15,34238448
FM ; F ; 2000_2008;73;CAP, BEP;1219,106994;86923,8977;15,50888261
FM ; F ; 2000_2008;73;Ensemble;1335,295193;86055,60578;15,06167601
FM ; F ; 2000_2008;73;Sans diplôme;1651,58407;80760,31132;14,23304934
FM ; F ; 2000_2008;73;Supérieur au baccalauréat;989,6690159;90282,88572;16,32641264
FM ; F ; 2000_2008;74;Baccalauréat;1267,975568;87086,4761;15,16450745
FM ; F ; 2000_2008;74;Brevet, CEP;1431,929308;84416,54414;14,53804183
FM ; F ; 2000_2008;74;CAP, BEP;1384,730766;85864,20239;14,70028589
FM ; F ; 2000_2008;74;Ensemble;1518,444687;84906,50941;14,26551571
FM ; F ; 2000_2008;74;Sans diplôme;1855,019104;79426,48689;13,4720677
FM ; F ; 2000_2008;74;Supérieur au baccalauréat;1135,712125;89389,38397;15,48960515
FM ; F ; 2000_2008;75;Baccalauréat;1408,205861;85982,24086;14,35925911
FM ; F ; 2000_2008;75;Brevet, CEP;1591,11348;83207,7589;13,74924053
FM ; F ; 2000_2008;75;CAP, BEP;1537,013085;84675,21436;13,9067036
FM ; F ; 2000_2008;75;Ensemble;1687,246568;83617,25103;13,48546955
FM ; F ; 2000_2008;75;Sans diplôme;2034,988917;77953,11038;12,72670062
FM ; F ; 2000_2008;75;Supérieur au baccalauréat;1274,140735;88374,1779;14,66754334
FM ; F ; 2000_2008;76;Baccalauréat;1601,05471;84771,4339;13,56435521
FM ; F ; 2000_2008;76;Brevet, CEP;1809,476209;81883,82903;12,97154364
FM ; F ; 2000_2008;76;CAP, BEP;1746,28923;83373,74524;13,12378808
FM ; F ; 2000_2008;76;Ensemble;1918,8025;82206,42183;12,71690761
FM ; F ; 2000_2008;76;Sans diplôme;2283,632027;76366,77322;11,9910674
FM ; F ; 2000_2008;76;Supérieur au baccalauréat;1463,871786;87248,1665;13,8568404
FM ; F ; 2000_2008;77;Baccalauréat;1813,39978;83414,19687;12,78506159
FM ; F ; 2000_2008;77;Brevet, CEP;2049,448263;80402,16063;12,21058606
FM ; F ; 2000_2008;77;CAP, BEP;1976,246715;81917,7985;12,35704064
FM ; F ; 2000_2008;77;Ensemble;2173,273365;80629,04295;11,96569366
FM ; F ; 2000_2008;77;Sans diplôme;2550,823291;74622,83713;11,27129871
FM ; F ; 2000_2008;77;Supérieur au baccalauréat;1676,141373;85970,96521;13,0627003
FM ; F ; 2000_2008;78;Baccalauréat;2060,652248;81901,56401;12,02118778
FM ; F ; 2000_2008;78;Brevet, CEP;2328,104857;78754,35994;11,46607175
FM ; F ; 2000_2008;78;CAP, BEP;2243,460781;80298,9007;11,60616965
FM ; F ; 2000_2008;78;Ensemble;2468,766043;78876,75344;11,23151798
FM ; F ; 2000_2008;78;Sans diplôme;2923,942836;72719,34042;10,56633549
FM ; F ; 2000_2008;78;Supérieur au baccalauréat;1926,210915;84529,97029;12,28538209
FM ; F ; 2000_2008;79;Baccalauréat;2350,86986;80213,85759;11,2741146
FM ; F ; 2000_2008;79;Brevet, CEP;2654,068859;76920,87586;10,73937675
FM ; F ; 2000_2008;79;CAP, BEP;2556,383656;78497,42636;10,8725251
FM ; F ; 2000_2008;79;Ensemble;2814,424382;76929,47093;10,51581655
FM ; F ; 2000_2008;79;Sans diplôme;3364,465553;70593,06848;9,884594818
FM ; F ; 2000_2008;79;Supérieur au baccalauréat;2216,294244;82901,74478;11,52667221
FM ; F ; 2000_2008;80;Baccalauréat;2685,792931;78328,13418;10,5455351
FM ; F ; 2000_2008;80;Brevet, CEP;3087,48341;74879,34285;10,03217836
FM ; F ; 2000_2008;80;CAP, BEP;2952,172696;76490,73098;10,15776025
FM ; F ; 2000_2008;80;Ensemble;3211,618663;74764,34915;9,820347036
FM ; F ; 2000_2008;80;Sans diplôme;3880,126185;68217,98901;9,228737156
FM ; F ; 2000_2008;80;Supérieur au baccalauréat;2549,634113;81064,39818;10,78792737
FM ; F ; 2000_2008;81;Baccalauréat;3083,597419;76224,40269;9,83658329
FM ; F ; 2000_2008;81;Brevet, CEP;3523,980959;72567,45556;9,351788097
FM ; F ; 2000_2008;81;CAP, BEP;3387,254889;74232,5925;9,466756997
FM ; F ; 2000_2008;81;Ensemble;3681,015066;72363,20336;9,146204431
FM ; F ; 2000_2008;81;Sans diplôme;4414,302242;65571,04495;8,601278893
FM ; F ; 2000_2008;81;Supérieur au baccalauréat;2932,513551;78997,55263;10,07017636
FM ; F ; 2000_2008;82;Baccalauréat;3538,865997;73873,94898;9,149554697
FM ; F ; 2000_2008;82;Brevet, CEP;4032,246067;70010,19225;8,693380998
FM ; F ; 2000_2008;82;CAP, BEP;3883,671729;71718,14538;8,798662678
FM ; F ; 2000_2008;82;Ensemble;4214,749645;69699,50294;8,495744206
FM ; F ; 2000_2008;82;Sans diplôme;5039,400288;62676,54084;7,998499875
FM ; F ; 2000_2008;82;Supérieur au baccalauréat;3372,108935;76680,9387;9,374407262
FM ; F ; 2000_2008;83;Baccalauréat;4096,938327;71259,64892;8,485224066
FM ; F ; 2000_2008;83;Brevet, CEP;4651,738915;67187,20902;8,058647974
FM ; F ; 2000_2008;83;CAP, BEP;4490,186944;68932,84805;8,154181018
FM ; F ; 2000_2008;83;Ensemble;4864,635416;66761,84339;7,869574569
FM ; F ; 2000_2008;83;Sans diplôme;5749,645906;59518,01906;7,422966892
FM ; F ; 2000_2008;83;Supérieur au baccalauréat;3876,509241;74095,17391;8,70155424
FM ; F ; 2000_2008;84;Baccalauréat;4727,479821;68340,18505;7,847709258
FM ; F ; 2000_2008;84;Brevet, CEP;5345,80171;64061,83547;7,451803822
FM ; F ; 2000_2008;84;CAP, BEP;5172,329312;65837,6343;7,537532173
FM ; F ; 2000_2008;84;Ensemble;5591,995694;63514,12311;7,271976045
FM ; F ; 2000_2008;84;Sans diplôme;6528,615864;56095,94372;6,875797352
FM ; F ; 2000_2008;84;Supérieur au baccalauréat;4455,005276;71222,86765;8,05247424
FM ; F ; 2000_2008;85;Baccalauréat;5492,539907;65109,41659;7,237117317
FM ; F ; 2000_2008;85;Brevet, CEP;6181,606708;60637,21678;6,872660649
FM ; F ; 2000_2008;85;CAP, BEP;5996,163294;62432,29505;6,94866321
FM ; F ; 2000_2008;85;Ensemble;6466,381177;59962,41608;6,702711331
FM ; F ; 2000_2008;85;Sans diplôme;7451,662218;52433,65504;6,356045292
FM ; F ; 2000_2008;85;Supérieur au baccalauréat;5117,994665;68049,88514;7,427939384
FM ; F ; 2000_2008;86;Baccalauréat;6235,643998;61533,2559;6,657720681
FM ; F ; 2000_2008;86;Brevet, CEP;6981,085191;56888,86252;6,32549387
FM ; F ; 2000_2008;86;CAP, BEP;6789,563027;58688,75269;6,391893197
FM ; F ; 2000_2008;86;Ensemble;7300,958769;56085,01769;6,166098581
FM ; F ; 2000_2008;86;Sans diplôme;8301,122927;48526,47617;5,8678114
FM ; F ; 2000_2008;86;Supérieur au baccalauréat;5835,910759;64567,09564;6,828607077
FM ; F ; 2000_2008;87;Baccalauréat;7279,369781;57696,26112;6,100481425
FM ; F ; 2000_2008;87;Brevet, CEP;8100,679836;52917,40256;5,800223248
FM ; F ; 2000_2008;87;CAP, BEP;7900,47862;54704,04283;5,857486569
FM ; F ; 2000_2008;87;Ensemble;8466,793996;51990,27367;5,651739327
FM ; F ; 2000_2008;87;Sans diplôme;9492,648521;44498,23374;5,399000279
FM ; F ; 2000_2008;87;Supérieur au baccalauréat;6845,460428;60799,01756;6,251816624
FM ; F ; 2000_2008;88;Baccalauréat;8267,087287;53496,33693;5,579421872
FM ; F ; 2000_2008;88;Brevet, CEP;9139,922202;48630,7332;5,311497449
FM ; F ; 2000_2008;88;CAP, BEP;8939,582272;50382,16163;5,359953322
FM ; F ; 2000_2008;88;Ensemble;9544,596992;47588,3643;5,174523513
FM ; F ; 2000_2008;88;Sans diplôme;10550,77476;40274,17281;4,965261596
FM ; F ; 2000_2008;88;Supérieur au baccalauréat;7813,8025;56637,04488;5,711231307
FM ; F ; 2000_2008;89;Baccalauréat;9491,319648;49073,74806;5,0822465
FM ; F ; 2000_2008;89;Brevet, CEP;10418,85999;44185,92202;4,845798923
FM ; F ; 2000_2008;89;CAP, BEP;10220,25387;45878,20684;4,886150597
FM ; F ; 2000_2008;89;Ensemble;10866,66776;43046,24672;4,720524524
FM ; F ; 2000_2008;89;Sans diplôme;11843,04954;36024,93555;4,550927448
FM ; F ; 2000_2008;89;Supérieur au baccalauréat;9019,111653;52211,53805;5,195321492
FM ; F ; 2000_2008;90;Baccalauréat;10853,42733;44416,00177;4,615203403
FM ; F ; 2000_2008;90;Brevet, CEP;11823,72579;39582,25267;4,409396355
FM ; F ; 2000_2008;90;CAP, BEP;11632,32625;41189,33763;4,442375154
FM ; F ; 2000_2008;90;Ensemble;12312,57587;38368,5541;4,296026083
FM ; F ; 2000_2008;90;Sans diplôme;13232,51099;31758,48459;4,162301354
FM ; F ; 2000_2008;90;Supérieur au baccalauréat;10371,1449;47502,52113;4,710343773
FM ; F ; 2000_2008;91;Baccalauréat;12386,6692;39595,34329;-
FM ; F ; 2000_2008;91;Brevet, CEP;13386,72018;34902,15566;-
FM ; F ; 2000_2008;91;CAP, BEP;13208,03617;36398,05949;-
FM ; F ; 2000_2008;91;Ensemble;13914,0013;33644,39677;-
FM ; F ; 2000_2008;91;Sans diplôme;14752,5368;27556,03962;-
FM ; F ; 2000_2008;91;Supérieur au baccalauréat;11904,07754;42575,96584;-
FM ; F ; 2000_2008;92;Baccalauréat;14075,3014;34690,7991;-
FM ; F ; 2000_2008;92;Brevet, CEP;15087,65247;30229,90174;-
FM ; F ; 2000_2008;92;CAP, BEP;14927,66315;31590,59063;-
FM ; F ; 2000_2008;92;Ensemble;15648,34698;28963,11496;-
FM ; F ; 2000_2008;92;Sans diplôme;16380,19955;23490,82474;-
FM ; F ; 2000_2008;92;Supérieur au baccalauréat;13604,67164;37507,68985;-
FM ; F ; 2000_2008;93;Baccalauréat;15933,69555;29807,96457;-
FM ; F ; 2000_2008;93;Brevet, CEP;16940,20462;25668,91922;-
FM ; F ; 2000_2008;93;CAP, BEP;16804,38754;26874,85367;-
FM ; F ; 2000_2008;93;Ensemble;17528,53055;24430,86624;-
FM ; F ; 2000_2008;93;Sans diplôme;18132,43068;19642,98077;-
FM ; F ; 2000_2008;93;Supérieur au baccalauréat;15487,71331;32404,89181;-
FM ; F ; 2000_2008;94;Baccalauréat;17790,15606;25058,45425;-
FM ; F ; 2000_2008;94;Brevet, CEP;18764,86503;21320,55178;-
FM ; F ; 2000_2008;94;CAP, BEP;18658,59705;22358,69911;-
FM ; F ; 2000_2008;94;Ensemble;19369,41398;20148,49439;-
FM ; F ; 2000_2008;94;Sans diplôme;19826,0774;16081,2309;-
FM ; F ; 2000_2008;94;Supérieur au baccalauréat;17384,42913;27386,11507;-
FM ; F ; 2000_2008;95;Baccalauréat;19765,83067;20600,51613;-
FM ; F ; 2000_2008;95;Brevet, CEP;20694,11736;17319,77902;-
FM ; F ; 2000_2008;95;CAP, BEP;20576,92377;18186,87954;-
FM ; F ; 2000_2008;95;Ensemble;21308,55242;16245,8491;-
FM ; F ; 2000_2008;95;Sans diplôme;21611,93375;12892,95361;-
FM ; F ; 2000_2008;95;Supérieur au baccalauréat;19409,81308;22625,1953;-
FM ; F ; 2000_2008;96;Baccalauréat;22048,56094;16528,65299;-
FM ; F ; 2000_2008;96;Brevet, CEP;22925,50778;13735,60362;-
FM ; F ; 2000_2008;96;CAP, BEP;22795,67752;14444,5792;-
FM ; F ; 2000_2008;96;Ensemble;23548,83172;12784,09383;-
FM ; F ; 2000_2008;96;Sans diplôme;23849,92427;10106,53702;-
FM ; F ; 2000_2008;96;Supérieur au baccalauréat;21747,04193;18233,68718;-
FM ; F ; 2000_2008;97;Baccalauréat;24065,0794;12884,32287;-
FM ; F ; 2000_2008;97;Brevet, CEP;24871,86809;10586,64674;-
FM ; F ; 2000_2008;97;CAP, BEP;24731,01532;11151,83951;-
FM ; F ; 2000_2008;97;Ensemble;25491,25121;9773,589085;-
FM ; F ; 2000_2008;97;Sans diplôme;25780,22772;7696,135594;-
FM ; F ; 2000_2008;97;Supérieur au baccalauréat;23825,73043;14268,39959;-
FM ; F ; 2000_2008;98;Baccalauréat;26113,27379;9783,700339;-
FM ; F ; 2000_2008;98;Brevet, CEP;26850,38059;7953,549931;-
FM ; F ; 2000_2008;98;CAP, BEP;26698,32324;8393,876369;-
FM ; F ; 2000_2008;98;Ensemble;27463,70219;7282,178939;-
FM ; F ; 2000_2008;98;Sans diplôme;27735,28516;5712,054312;-
FM ; F ; 2000_2008;98;Supérieur au baccalauréat;25934,37046;10868,84916;-
FM ; F ; 2000_2008;99;Baccalauréat;28309,60361;7228,855882;-
FM ; F ; 2000_2008;99;Brevet, CEP;28984,25108;5817,991504;-
FM ; F ; 2000_2008;99;CAP, BEP;28820,10933;6152,852123;-
FM ; F ; 2000_2008;99;Ensemble;29593,31361;5282,223002;-
FM ; F ; 2000_2008;99;Sans diplôme;29843,18073;4127,79976;-
FM ; F ; 2000_2008;99;Supérieur au baccalauréat;28186,08867;8050,081558;-
FM ; F ; 1991_1999;30;Baccalauréat;36,03048416;100000;55,42089576
FM ; F ; 1991_1999;30;Brevet, CEP;77,53541822;100000;53,5146724
FM ; F ; 1991_1999;30;CAP, BEP;69,28997083;100000;54,13814784
FM ; F ; 1991_1999;30;Ensemble;59,41200903;100000;52,81099588
FM ; F ; 1991_1999;30;Sans diplôme;101,8216141;100000;50,74035382
FM ; F ; 1991_1999;30;Supérieur au baccalauréat;35,48234249;100000;55,6880378
FM ; F ; 1991_1999;31;Baccalauréat;39,0456082;99963,96952;54,44087138
FM ; F ; 1991_1999;31;Brevet, CEP;81,21441791;99922,46458;52,55619742
FM ; F ; 1991_1999;31;CAP, BEP;71,24053932;99930,71003;53,17568616
FM ; F ; 1991_1999;31;Ensemble;61,85883624;99940,58799;51,84239061
FM ; F ; 1991_1999;31;Sans diplôme;106,4913656;99898,17839;49,79207113
FM ; F ; 1991_1999;31;Supérieur au baccalauréat;38,45159662;99964,51766;54,70780423
FM ; F ; 1991_1999;32;Baccalauréat;42,23459148;99924,93798;53,46213645
FM ; F ; 1991_1999;32;Brevet, CEP;84,91025588;99841,31313;51,59891533
FM ; F ; 1991_1999;32;CAP, BEP;73,11020981;99859,51885;52,21359581
FM ; F ; 1991_1999;32;Ensemble;66,29199109;99878,76591;50,87447956
FM ; F ; 1991_1999;32;Sans diplôme;111,1687768;99791,79545;48,84515191
FM ; F ; 1991_1999;32;Supérieur au baccalauréat;41,59206502;99926,0797;53,72884835
FM ; F ; 1991_1999;33;Baccalauréat;45,68387187;99882,73509;52,4847255
FM ; F ; 1991_1999;33;Brevet, CEP;88,77397464;99756,53762;50,64276533
FM ; F ; 1991_1999;33;CAP, BEP;75,02868993;99786,51135;51,25179721
FM ; F ; 1991_1999;33;Ensemble;70,32880731;99812,55428;49,90822764
FM ; F ; 1991_1999;33;Sans diplôme;116,0512331;99680,85813;47,8995129
FM ; F ; 1991_1999;33;Supérieur au baccalauréat;44,98887056;99884,51838;52,75120458
FM ; F ; 1991_1999;34;Baccalauréat;49,55140703;99837,10479;51,50871352
FM ; F ; 1991_1999;34;Brevet, CEP;93,06998823;99667,97978;49,68776287
FM ; F ; 1991_1999;34;CAP, BEP;77,05339464;99711,64284;50,29027963
FM ; F ; 1991_1999;34;Ensemble;75,19634568;99742,3573;48,9433522
FM ; F ; 1991_1999;34;Sans diplôme;121,4829056;99565,17727;46,95516546
FM ; F ; 1991_1999;34;Supérieur au baccalauréat;48,79756785;99839,58147;51,77494743
FM ; F ; 1991_1999;35;Baccalauréat;52,50653845;99787,6341;50,53424946
FM ; F ; 1991_1999;35;Brevet, CEP;96,83647755;99575,2188;48,73405035
FM ; F ; 1991_1999;35;CAP, BEP;78,69459761;99634,81163;49,32905988
FM ; F ; 1991_1999;35;Ensemble;79,79313883;99667,3547;47,98018351
FM ; F ; 1991_1999;35;Sans diplôme;125,8860072;99444,2226;46,01227734
FM ; F ; 1991_1999;35;Supérieur au baccalauréat;51,70774203;99790,86218;50,80022468
FM ; F ; 1991_1999;36;Baccalauréat;57,46750931;99735,23906;49,56079719
FM ; F ; 1991_1999;36;Brevet, CEP;102,4421957;99478,79366;47,78128843
FM ; F ; 1991_1999;36;CAP, BEP;83,5471548;99556,40442;48,36790976
FM ; F ; 1991_1999;36;Ensemble;86,0884589;99587,82699;47,01849898
FM ; F ; 1991_1999;36;Sans diplôme;135,2434136;99319,03624;45,07027337
FM ; F ; 1991_1999;36;Supérieur au baccalauréat;56,59324028;99739,26258;49,82650592
FM ; F ; 1991_1999;37;Baccalauréat;62,30034049;99677,92371;48,58929492
FM ; F ; 1991_1999;37;Brevet, CEP;107,8363222;99376,8854;46,83028683
FM ; F ; 1991_1999;37;CAP, BEP;88,21994078;99473,22787;47,40835356
FM ; F ; 1991_1999;37;Ensemble;92,17461302;99502,09336;46,05901136
FM ; F ; 1991_1999;37;Sans diplôme;144,2627198;99184,71378;44,13131049
FM ; F ; 1991_1999;37;Supérieur au baccalauréat;61,35254827;99682,8169;48,85472032
FM ; F ; 1991_1999;38;Baccalauréat;66,65642045;99615,82402;47,61958509
FM ; F ; 1991_1999;38;Brevet, CEP;112,4209316;99269,72103;45,8808414
FM ; F ; 1991_1999;38;CAP, BEP;92,22471164;99385,47265;46,45021411
FM ; F ; 1991_1999;38;Ensemble;97,54185034;99410,37769;45,10150524
FM ; F ; 1991_1999;38;Sans diplôme;152,1479249;99041,62722;43,1950675
FM ; F ; 1991_1999;38;Supérieur au baccalauréat;65,642358;99621,65895;47,88471234
FM ; F ; 1991_1999;39;Baccalauréat;73,54547483;99549,42368;46,65134777
FM ; F ; 1991_1999;39;Brevet, CEP;121,1467857;99158,12108;44,93247912
FM ; F ; 1991_1999;39;CAP, BEP;99,63498288;99293,81469;45,49309223
FM ; F ; 1991_1999;39;Ensemble;106,5502999;99313,41097;44,14554104
FM ; F ; 1991_1999;39;Sans diplôme;165,6761333;98890,93744;42,26088804
FM ; F ; 1991_1999;39;Supérieur au baccalauréat;72,42660729;99556,26494;46,91616564
FM ; F ; 1991_1999;40;Baccalauréat;80,51431739;99476,20958;45,68568298
FM ; F ; 1991_1999;40;Brevet, CEP;129,7371493;99037,9942;43,9869794
FM ; F ; 1991_1999;40;CAP, BEP;106,9545572;99194,88331;44,53846447
FM ; F ; 1991_1999;40;Ensemble;115,5587494;99207,59223;43,19262841
FM ; F ; 1991_1999;40;Sans diplôme;179,1426403;98727,09875;41,33102044
FM ; F ; 1991_1999;40;Supérieur au baccalauréat;79,28943093;99484,15972;45,95017006
FM ; F ; 1991_1999;41;Baccalauréat;89,70858625;99396,11699;44,72249613
FM ; F ; 1991_1999;41;Brevet, CEP;141,5656031;98909,50513;43,04412099
FM ; F ; 1991_1999;41;CAP, BEP;116,9724014;99088,78986;43,58615139
FM ; F ; 1991_1999;41;Ensemble;127,6132595;99092,94918;42,24259902
FM ; F ; 1991_1999;41;Sans diplôme;197,2497821;98550,23642;40,4051948
FM ; F ; 1991_1999;41;Supérieur au baccalauréat;88,34382485;99405,27929;44,9866326
FM ; F ; 1991_1999;42;Baccalauréat;95,64120267;99306,95014;43,76265207
FM ; F ; 1991_1999;42;Brevet, CEP;147,9858692;98769,4833;42,10514304
FM ; F ; 1991_1999;42;CAP, BEP;122,5426352;98972,88332;42,63719487
FM ; F ; 1991_1999;42;Ensemble;134,912409;98966,49344;41,29657506
FM ; F ; 1991_1999;42;Sans diplôme;207,9425386;98355,8463;39,48505148
FM ; F ; 1991_1999;42;Supérieur au baccalauréat;94,18618675;99317,46087;44,02641065
FM ; F ; 1991_1999;43;Baccalauréat;107,5506448;99211,97178;42,80454727
FM ; F ; 1991_1999;43;Brevet, CEP;163,3095257;98623,31842;41,16754505
FM ; F ; 1991_1999;43;CAP, BEP;135,515787;98851,59935;41,68950772
FM ; F ; 1991_1999;43;Ensemble;150,4913312;98832,97536;40,35236453
FM ; F ; 1991_1999;43;Sans diplôme;231,3060387;98151,32265;38,56732878
FM ; F ; 1991_1999;43;Supérieur au baccalauréat;105,9144473;99223,91754;43,06791654
FM ; F ; 1991_1999;44;Baccalauréat;114,5922357;99105,26866;41,8506334
FM ; F ; 1991_1999;44;Brevet, CEP;170,8855647;98462,25714;40,23488555
FM ; F ; 1991_1999;44;CAP, BEP;142,0906395;98717,63982;40,74608025
FM ; F ; 1991_1999;44;Ensemble;159,1027729;98684,2403;39,41318287
FM ; F ; 1991_1999;44;Sans diplôme;243,870924;97924,29272;37,65674417
FM ; F ; 1991_1999;44;Supérieur au baccalauréat;112,8489125;99118,82508;42,11358005
FM ; F ; 1991_1999;45;Baccalauréat;124,3421867;98991,70172;40,898646
FM ; F ; 1991_1999;45;Brevet, CEP;182,267786;98293,99936;39,30375885
FM ; F ; 1991_1999;45;CAP, BEP;151,8510573;98577,3713;39,80405899
FM ; F ; 1991_1999;45;Ensemble;171,3645796;98527,23093;38,47599026
FM ; F ; 1991_1999;45;Sans diplôme;261,9586814;97685,48384;36,74880252
FM ; F ; 1991_1999;45;Supérieur au baccalauréat;122,4505348;99006,97056;41,16115846
FM ; F ; 1991_1999;46;Baccalauréat;133,9547516;98868,61327;39,94956358
FM ; F ; 1991_1999;46;Brevet, CEP;193,1446975;98114,84106;38,37552776
FM ; F ; 1991_1999;46;CAP, BEP;161,2182163;98427,68052;38,8645938
FM ; F ; 1991_1999;46;Ensemble;183,2972766;98358,39016;37,54203766
FM ; F ; 1991_1999;46;Sans diplôme;279,4537616;97429,58823;35,84532204
FM ; F ; 1991_1999;46;Supérieur au baccalauréat;131,9168611;98885,73599;40,21162231
FM ; F ; 1991_1999;47;Baccalauréat;147,4685738;98736,17407;39,0031497
FM ; F ; 1991_1999;47;Brevet, CEP;209,2344703;97925,33745;37,44979149
FM ; F ; 1991_1999;47;CAP, BEP;174,976017;98268,99717;37,92735178
FM ; F ; 1991_1999;47;Ensemble;201,4670782;98178,10191;36,61097756
FM ; F ; 1991_1999;47;Sans diplôme;304,677328;97157,31758;34,94577386
FM ; F ; 1991_1999;47;Supérieur au baccalauréat;145,2250938;98755,28904;39,26473829
FM ; F ; 1991_1999;48;Baccalauréat;159,8262259;98590,56924;38,06075203
FM ; F ; 1991_1999;48;Brevet, CEP;223,2095217;97720,44389;36,52831366
FM ; F ; 1991_1999;48;CAP, BEP;187,0108692;98097,04999;36,99383188
FM ; F ; 1991_1999;48;Ensemble;217,9978709;97980,30535;35,68488553
FM ; F ; 1991_1999;48;Sans diplôme;327,0430413;96861,30126;34,0525711
FM ; F ; 1991_1999;48;Supérieur au baccalauréat;157,3947456;98611,87157;38,32184347
FM ; F ; 1991_1999;49;Baccalauréat;171,0372216;98432,99565;37,12168048
FM ; F ; 1991_1999;49;Brevet, CEP;235,223907;97502,32255;35,61003073
FM ; F ; 1991_1999;49;CAP, BEP;197,4380488;97913,59784;36,06314399
FM ; F ; 1991_1999;49;Ensemble;232,9155756;97766,71038;34,76284777
FM ; F ; 1991_1999;49;Sans diplôme;346,684631;96544,52312;33,16430307
FM ; F ; 1991_1999;49;Supérieur au baccalauréat;168,4351853;98456,66167;37,38225513
FM ; F ; 1991_1999;50;Baccalauréat;181,1864684;98264,63859;36,18528115
FM ; F ; 1991_1999;50;Brevet, CEP;245,5172244;97272,97378;34,69399153
FM ; F ; 1991_1999;50;CAP, BEP;206,4465754;97720,27915;35,13448721
FM ; F ; 1991_1999;50;Ensemble;246,3479128;97538,99648;33,84400489
FM ; F ; 1991_1999;50;Sans diplôme;363,8774441;96209,8181;32,2796786
FM ; F ; 1991_1999;50;Supérieur au baccalauréat;178,4300288;98290,82601;36,44532623
FM ; F ; 1991_1999;51;Baccalauréat;198,8147402;98086,59636;35,25096299
FM ; F ; 1991_1999;51;Brevet, CEP;265,5181985;97034,15188;33,77938091
FM ; F ; 1991_1999;51;CAP, BEP;223,6629376;97518,53898;34,20717121
FM ; F ; 1991_1999;51;Ensemble;269,8801536;97298,7112;32,92758478
FM ; F ; 1991_1999;51;Sans diplôme;395,6185639;95859,73227;31,39756604
FM ; F ; 1991_1999;51;Supérieur au baccalauréat;195,7901169;98115,44566;35,51047188
FM ; F ; 1991_1999;52;Baccalauréat;211,175199;97891,58575;34,32118671
FM ; F ; 1991_1999;52;Brevet, CEP;278,0300386;96776,50854;32,86931009
FM ; F ; 1991_1999;52;CAP, BEP;234,6174415;97300,42615;33,28385148
FM ; F ; 1991_1999;52;Ensemble;286,1916951;97036,12129;32,01669028
FM ; F ; 1991_1999;52;Sans diplôme;416,385583;95480,49337;30,522274
FM ; F ; 1991_1999;52;Supérieur au baccalauréat;207,9625326;97923,34531;34,58013426
FM ; F ; 1991_1999;53;Baccalauréat;226,4584151;97684,863;33,39381793
FM ; F ; 1991_1999;53;Brevet, CEP;294,035158;96507,44078;31,96095143
FM ; F ; 1991_1999;53;CAP, BEP;248,5585572;97072,14238;32,36212484
FM ; F ; 1991_1999;53;Ensemble;306,3989591;96758,41197;31,10858238
FM ; F ; 1991_1999;53;Sans diplôme;442,493849;95082,92636;29,64989575
FM ; F ; 1991_1999;53;Supérieur au baccalauréat;223,0132409;97719,70145;33,65219785
FM ; F ; 1991_1999;54;Baccalauréat;242,9731415;97463,64741;32,46961268
FM ; F ; 1991_1999;54;Brevet, CEP;311,203164;96223,67497;31,05520501
FM ; F ; 1991_1999;54;CAP, BEP;263,5309211;96830,86126;31,44276411
FM ; F ; 1991_1999;54;Ensemble;328,1913776;96461,9452;30,20419169
FM ; F ; 1991_1999;54;Sans diplôme;470,4971753;94662,19026;28,78167784
FM ; F ; 1991_1999;54;Supérieur au baccalauréat;239,2767243;97501,77357;32,72741445
FM ; F ; 1991_1999;55;Baccalauréat;262,0064958;97226,83692;31,54869727
FM ; F ; 1991_1999;55;Brevet, CEP;331,0978995;95924,22385;30,15215149
FM ; F ; 1991_1999;55;CAP, BEP;283,6828017;96575,682;30,52584446
FM ; F ; 1991_1999;55;Ensemble;353,2877626;96145,36541;29,30364565
FM ; F ; 1991_1999;55;Sans diplôme;502,7850698;94216,80733;27,91773497
FM ; F ; 1991_1999;55;Supérieur au baccalauréat;258,0205189;97268,47452;31,80591136
FM ; F ; 1991_1999;56;Baccalauréat;276,8917162;96972,09629;30,63157405
FM ; F ; 1991_1999;56;Brevet, CEP;345,329622;95606,62076;29,25231627
FM ; F ; 1991_1999;56;CAP, BEP;299,2736072;96301,7134;29,61268739
FM ; F ; 1991_1999;56;Ensemble;372,7039583;95805,6956;28,40753888
FM ; F ; 1991_1999;56;Sans diplôme;526,5958156;93743,09929;27,05881048
FM ; F ; 1991_1999;56;Supérieur au baccalauréat;272,6792864;97017,5019;30,88818943
FM ; F ; 1991_1999;57;Baccalauréat;298,122992;96703,58859;29,71662585
FM ; F ; 1991_1999;57;Brevet, CEP;367,0335284;95276,46278;28,35368323
FM ; F ; 1991_1999;57;CAP, BEP;321,4102393;96013,50779;28,70157637
FM ; F ; 1991_1999;57;Ensemble;400,2720772;95448,62398;27,51381098
FM ; F ; 1991_1999;57;Sans diplôme;561,901424;93249,45205;26,20205537
FM ; F ; 1991_1999;57;Supérieur au baccalauréat;293,5875649;96752,95527;29,97264542
FM ; F ; 1991_1999;58;Baccalauréat;320,1073498;96415,29296;28,80548284
FM ; F ; 1991_1999;58;Brevet, CEP;389,0910953;94926,76622;27,45813413
FM ; F ; 1991_1999;58;CAP, BEP;344,2277329;95704,91054;27,79412363
FM ; F ; 1991_1999;58;Ensemble;428,6881151;95066,56979;26,62438368
FM ; F ; 1991_1999;58;Sans diplôme;597,9040156;92725,48205;25,35011705
FM ; F ; 1991_1999;58;Supérieur au baccalauréat;315,2374686;96468,90062;29,06090049
FM ; F ; 1991_1999;59;Baccalauréat;344,5036273;96106,66052;27,89798742
FM ; F ; 1991_1999;59;Brevet, CEP;417,3639918;94557,41462;26,5653886
FM ; F ; 1991_1999;59;CAP, BEP;368,1804095;95375,4677;26,89012919
FM ; F ; 1991_1999;59;Ensemble;460,1529864;94659,03071;25,73901064
FM ; F ; 1991_1999;59;Sans diplôme;637,6259583;92171,07267;24,50259811
FM ; F ; 1991_1999;59;Supérieur au baccalauréat;339,2625988;96164,7945;28,15280104
FM ; F ; 1991_1999;60;Baccalauréat;373,5058437;95775,56959;26,99442925
FM ; F ; 1991_1999;60;Brevet, CEP;451,2823818;94162,76602;25,67672766
FM ; F ; 1991_1999;60;CAP, BEP;408,5474952;95024,31391;25,98949924
FM ; F ; 1991_1999;60;Ensemble;497,5487578;94223,45435;24,85799698
FM ; F ; 1991_1999;60;Sans diplôme;684,9241188;91583,36599;23,65983562
FM ; F ; 1991_1999;60;Supérieur au baccalauréat;367,8235966;95838,54332;27,2486381
FM ; F ; 1991_1999;61;Baccalauréat;407,1971445;95417,84224;26,09563302
FM ; F ; 1991_1999;61;Brevet, CEP;490,6170671;93737,82605;24,7931275
FM ; F ; 1991_1999;61;CAP, BEP;453,3259509;94636,09446;25,09611426
FM ; F ; 1991_1999;61;Ensemble;540,916114;93754,64672;23,98229609
FM ; F ; 1991_1999;61;Sans diplôme;739,6541146;90956,08943;22,82300513
FM ; F ; 1991_1999;61;Supérieur au baccalauréat;401,0023424;95486,02654;26,34923504
FM ; F ; 1991_1999;62;Baccalauréat;438,0394996;95029,30351;25,20232815
FM ; F ; 1991_1999;62;Brevet, CEP;526,2630005;93277,93228;23,91536654
FM ; F ; 1991_1999;62;CAP, BEP;485,7618614;94207,08448;24,21039954
FM ; F ; 1991_1999;62;Ensemble;580,2165401;93247,51273;23,11272571
FM ; F ; 1991_1999;62;Sans diplôme;788,03761;90283,32897;21,99307435
FM ; F ; 1991_1999;62;Supérieur au baccalauréat;431,3754842;95103,12534;25,4553215
FM ; F ; 1991_1999;63;Baccalauréat;477,4615334;94613,03763;24,31321001
FM ; F ; 1991_1999;63;Brevet, CEP;571,9173006;92787,04503;23,04189011
FM ; F ; 1991_1999;63;CAP, BEP;527,4030273;93749,46239;23,3285785
FM ; F ; 1991_1999;63;Ensemble;630,5514107;92706,47524;22,2476122
FM ; F ; 1991_1999;63;Sans diplôme;850,5257011;89571,86238;21,16776467
FM ; F ; 1991_1999;63;Supérieur au baccalauréat;470,1977797;94692,87377;24,56560526
FM ; F ; 1991_1999;64;Baccalauréat;507,6713189;94161,29677;23,42985316
FM ; F ; 1991_1999;64;Brevet, CEP;617,3737111;92256,37987;22,17442868
FM ; F ; 1991_1999;64;CAP, BEP;568,8264676;93255,02489;22,45226646
FM ; F ; 1991_1999;64;Ensemble;680,6681037;92121,91325;21,388785
FM ; F ; 1991_1999;64;Sans diplôme;911,7203483;88810,03067;20,34934635
FM ; F ; 1991_1999;64;Supérieur au baccalauréat;499,9479755;94247,62998;23,68165786
FM ; F ; 1991_1999;65;Baccalauréat;539,7674687;93683,26687;22,54940675
FM ; F ; 1991_1999;65;Brevet, CEP;681,7726422;91686,81323;21,3121782
FM ; F ; 1991_1999;65;CAP, BEP;623,1263085;92724,56563;21,58071152
FM ; F ; 1991_1999;65;Ensemble;746,2245089;91494,86877;20,53536939
FM ; F ; 1991_1999;65;Sans diplôme;992,3784662;88000,33155;19,53658255
FM ; F ; 1991_1999;65;Supérieur au baccalauréat;531,5558378;93776,44087;22,80064872
FM ; F ; 1991_1999;66;Baccalauréat;573,8631261;93177,59507;21,67178165
FM ; F ; 1991_1999;66;Brevet, CEP;752,8501529;91061,71762;20,45847622
FM ; F ; 1991_1999;66;CAP, BEP;684,6113859;92146,77446;20,71602982
FM ; F ; 1991_1999;66;Ensemble;820,4210078;90812,11164;19,68976146
FM ; F ; 1991_1999;66;Sans diplôme;1082,989075;87127,03521;18,73240267
FM ; F ; 1991_1999;66;Supérieur au baccalauréat;565,1327886;93277,96672;21,92249458
FM ; F ; 1991_1999;67;Baccalauréat;626,3814843;92642,88321;20,79686583
FM ; F ; 1991_1999;67;Brevet, CEP;820,8356797;90376,15934;19,61366624
FM ; F ; 1991_1999;67;CAP, BEP;748,7971057;91515,92715;19,85883176
FM ; F ; 1991_1999;67;Ensemble;897,8709698;90067,06999;18,85263666
FM ; F ; 1991_1999;67;Sans diplôme;1176,207093;86183,45893;17,93749365
FM ; F ; 1991_1999;67;Supérieur au baccalauréat;616,8521705;92750,82235;21,04708992
FM ; F ; 1991_1999;68;Baccalauréat;690,9883734;92062,58534;19,92795466
FM ; F ; 1991_1999;68;Brevet, CEP;904,3350049;89634,31958;18,77599466
FM ; F ; 1991_1999;68;CAP, BEP;827,6515775;90830,65854;19,00865599
FM ; F ; 1991_1999;68;Ensemble;992,893739;89258,38392;18,02344263
FM ; F ; 1991_1999;68;Sans diplôme;1290,438802;85169,76298;17,15098685
FM ; F ; 1991_1999;68;Supérieur au baccalauréat;680,4761773;92178,68688;20,17772517
FM ; F ; 1991_1999;69;Baccalauréat;745,3960028;91426,44358;19,06661262
FM ; F ; 1991_1999;69;Brevet, CEP;974,1445603;88823,72505;17,9473421
FM ; F ; 1991_1999;69;CAP, BEP;894,4901969;90078,89716;18,16729441
FM ; F ; 1991_1999;69;Ensemble;1073,466227;88372,14301;17,2041909
FM ; F ; 1991_1999;69;Sans diplôme;1383,918975;84070,69931;16,37520321
FM ; F ; 1991_1999;69;Supérieur au baccalauréat;734,0560883;91551,43288;19,31597051
FM ; F ; 1991_1999;70;Baccalauréat;830,3553674;90744,95453;18,20980171
FM ; F ; 1991_1999;70;Brevet, CEP;1083,372966;87958,45357;17,12389504
FM ; F ; 1991_1999;70;CAP, BEP;998,1706278;89273,15026;17,33126578
FM ; F ; 1991_1999;70;Ensemble;1198,125416;87423,4979;16,39087608
FM ; F ; 1991_1999;70;Sans diplôme;1531,720969;82907,22895;15,605003
FM ; F ; 1991_1999;70;Supérieur au baccalauréat;817,7229428;90879,39401;18,45880909
FM ; F ; 1991_1999;71;Baccalauréat;910,3438855;89991,44893;17,36227384
FM ; F ; 1991_1999;71;Brevet, CEP;1185,517501;87005,53546;16,31144253
FM ; F ; 1991_1999;71;CAP, BEP;1096,105337;88382,05189;16,50600559
FM ; F ; 1991_1999;71;Ensemble;1315,747604;86376,05476;15,58964079
FM ; F ; 1991_1999;71;Sans diplôme;1667,542511;81637,32154;14,84774625
FM ; F ; 1991_1999;71;Supérieur au baccalauréat;896,4945736;90136,25236;17,61099547
FM ; F ; 1991_1999;72;Baccalauréat;1010,001107;89172,21727;16,52178231
FM ; F ; 1991_1999;72;Brevet, CEP;1312,501828;85974,06961;15,50713753
FM ; F ; 1991_1999;72;CAP, BEP;1217,886221;87413,29151;15,68893388
FM ; F ; 1991_1999;72;Ensemble;1461,729651;85239,56388;14,79749596
FM ; F ; 1991_1999;72;Sans diplôme;1835,931629;80275,9845;14,09953746
FM ; F ; 1991_1999;72;Supérieur au baccalauréat;994,635682;89328,18575;16,77030529
FM ; F ; 1991_1999;73;Baccalauréat;1139,401502;88271,57689;15,69035508
FM ; F ; 1991_1999;73;Brevet, CEP;1473,294072;84845,65837;14,71337588
FM ; F ; 1991_1999;73;CAP, BEP;1372,220712;86348,69707;14,88236299
FM ; F ; 1991_1999;73;Ensemble;1646,37014;83993,59191;14,01700396
FM ; F ; 1991_1999;73;Sans diplôme;2048,361575;78802,17231;13,36323666
FM ; F ; 1991_1999;73;Supérieur au baccalauréat;1119,224878;88439,69574;15,93878448
FM ; F ; 1991_1999;74;Baccalauréat;1285,302589;87265,80922;14,87119168
FM ; F ; 1991_1999;74;Brevet, CEP;1653,028027;83595,63232;13,93338861
FM ; F ; 1991_1999;74;CAP, BEP;1545,662628;85163,80237;14,08942318
FM ; F ; 1991_1999;74;Ensemble;1853,343949;82610,74649;13,25163868
FM ; F ; 1991_1999;74;Sans diplôme;2283,03999;77188,01889;12,64268825
FM ; F ; 1991_1999;74;Supérieur au baccalauréat;1259,286091;87449,85666;15,11919452
FM ; F ; 1991_1999;75;Baccalauréat;1451,523496;86144,17951;14,0648202
FM ; F ; 1991_1999;75;Brevet, CEP;1855,988935;82213,77309;13,16758272
FM ; F ; 1991_1999;75;CAP, BEP;1742,534927;83847,4573;13,31061704
FM ; F ; 1991_1999;75;Ensemble;2087,555775;81079,68522;12,50187486
FM ; F ; 1991_1999;75;Sans diplôme;2544,846638;75425,78555;11,93806955
FM ; F ; 1991_1999;75;Supérieur au baccalauréat;1418,426871;86348,61278;14,31201661
FM ; F ; 1991_1999;76;Baccalauréat;1649,880408;84893,77651;13,27198137
FM ; F ; 1991_1999;76;Brevet, CEP;2096,369692;80687,89456;12,41659321
FM ; F ; 1991_1999;76;CAP, BEP;1976,619434;82386,38607;12,54667254
FM ; F ; 1991_1999;76;Ensemble;2365,095622;79387,10157;11,76842281
FM ; F ; 1991_1999;76;Sans diplôme;2851,723826;73506,31498;11,24980839
FM ; F ; 1991_1999;76;Supérieur au baccalauréat;1608,005203;85123,82085;13,51794302
FM ; F ; 1991_1999;77;Baccalauréat;1857,563394;83493,13072;12,49462657
FM ; F ; 1991_1999;77;Brevet, CEP;2344,327559;78996,37799;11,68246455
FM ; F ; 1991_1999;77;CAP, BEP;2220,185693;80757,92075;11,79967338
FM ; F ; 1991_1999;77;Ensemble;2652,358958;77509,5207;11,0534996
FM ; F ; 1991_1999;77;Sans diplôme;3161,75145;71410,11789;10,58003912
FM ; F ; 1991_1999;77;Supérieur au baccalauréat;1805,625416;83755,02538;12,73886468
FM ; F ; 1991_1999;78;Baccalauréat;2130,434239;81942,19289;11,7311151
FM ; F ; 1991_1999;78;Brevet, CEP;2668,955281;77144,44413;10,96291445
FM ; F ; 1991_1999;78;CAP, BEP;2539,262209;78964,94495;11,06759643
FM ; F ; 1991_1999;78;Ensemble;3027,381371;75453,68999;10,35466611
FM ; F ; 1991_1999;78;Sans diplôme;3565,795452;69152,30745;9,9254755
FM ; F ; 1991_1999;78;Supérieur au baccalauréat;2065,400269;82242,72336;11,97311046
FM ; F ; 1991_1999;79;Baccalauréat;2449,543261;80196,46836;10,98647916
FM ; F ; 1991_1999;79;Brevet, CEP;3044,138347;75085,49341;10,26353311
FM ; F ; 1991_1999;79;CAP, BEP;2910,150621;76959,81795;10,35595387
FM ; F ; 1991_1999;79;Ensemble;3460,754605;73169,41903;9,677927702
FM ; F ; 1991_1999;79;Sans diplôme;4025,227305;66686,47761;9,292484442
FM ; F ; 1991_1999;79;Supérieur au baccalauréat;2368,507551;80544,08193;11,22561841
FM ; F ; 1991_1999;80;Baccalauréat;2806,713683;78232,02117;10,26235542
FM ; F ; 1991_1999;80;Brevet, CEP;3457,688553;72799,78712;9,585778866
FM ; F ; 1991_1999;80;CAP, BEP;3322,005273;74720,17133;9,666361043
FM ; F ; 1991_1999;80;Ensemble;3938,32318;70637,20499;9,024863632
FM ; F ; 1991_1999;80;Sans diplôme;4520,9485;64002,19531;8,682215629
FM ; F ; 1991_1999;80;Supérieur au baccalauréat;2706,801928;78636,38927;10,49794818
FM ; F ; 1991_1999;81;Baccalauréat;3246,407148;76036,27233;9,558708131
FM ; F ; 1991_1999;81;Brevet, CEP;3961,486542;70282,59721;8,929096085
FM ; F ; 1991_1999;81;CAP, BEP;3825,73429;72237,96329;8,998512143
FM ; F ; 1991_1999;81;Ensemble;4518,48946;67855,28358;8,394863728
FM ; F ; 1991_1999;81;Sans diplôme;5116,496992;61108,68902;8,093319941
FM ; F ; 1991_1999;81;Supérieur au baccalauréat;3122,916091;76507,85796;9,790012449
FM ; F ; 1991_1999;82;Baccalauréat;3714,196898;73567,82535;8,879434809
FM ; F ; 1991_1999;82;Brevet, CEP;4486,133399;67498,36158;8,297411802
FM ; F ; 1991_1999;82;CAP, BEP;4355,395017;69474,33076;8,356465659
FM ; F ; 1991_1999;82;Ensemble;5121,427588;64789,24974;7,792135441
FM ; F ; 1991_1999;82;Sans diplôme;5718,276286;57982,06478;7,529744038
FM ; F ; 1991_1999;82;Supérieur au baccalauréat;3564,234218;74118,58176;9,105601918
FM ; F ; 1991_1999;83;Baccalauréat;4321,995192;70835,37146;8,221956428
FM ; F ; 1991_1999;83;Brevet, CEP;5162,509328;64470,29504;7,687127951
FM ; F ; 1991_1999;83;CAP, BEP;5039,308567;66448,44922;7,736996363
FM ; F ; 1991_1999;83;Ensemble;5894,702881;61471,11523;7,212745241
FM ; F ; 1991_1999;83;Sans diplôme;6487,140158;54666,49012;6,986430181
FM ; F ; 1991_1999;83;Supérieur au baccalauréat;4138,093052;71476,8219;8,442141973
FM ; F ; 1991_1999;84;Baccalauréat;5006,192794;67773,87011;7,593361081
FM ; F ; 1991_1999;84;Brevet, CEP;5908,546585;61142,01004;7,105579235
FM ; F ; 1991_1999;84;CAP, BEP;5799,447281;63099,90683;7,147577957
FM ; F ; 1991_1999;84;Ensemble;6742,963296;57847,57563;6,664547546
FM ; F ; 1991_1999;84;Sans diplôme;7311,988832;51120,19829;6,471090279
FM ; F ; 1991_1999;84;Supérieur au baccalauréat;4783,229523;68519,0445;7,806565863
FM ; F ; 1991_1999;85;Baccalauréat;5769,029622;64380,97951;6,993532741
FM ; F ; 1991_1999;85;Brevet, CEP;6722,61744;57529,4059;6,551779654
FM ; F ; 1991_1999;85;CAP, BEP;6635,037528;59440,461;6,587617854
FM ; F ; 1991_1999;85;Ensemble;7661,79239;53946,93484;6,146428604
FM ; F ; 1991_1999;85;Sans diplôme;8186,297218;47382,2951;5,981582836
FM ; F ; 1991_1999;85;Supérieur au baccalauréat;5502,087504;65241,62134;7,198729933
FM ; F ; 1991_1999;86;Baccalauréat;6697,230672;60666,82173;6,421692372
FM ; F ; 1991_1999;86;Brevet, CEP;7699,272666;53661,92402;6,023974595
FM ; F ; 1991_1999;86;CAP, BEP;7640,68764;55496,5641;6,055770901
FM ; F ; 1991_1999;86;Ensemble;8755,067322;49813,63269;5,656430489
FM ; F ; 1991_1999;86;Sans diplôme;9217,757235;43503,43959;5,514912976
FM ; F ; 1991_1999;86;Supérieur au baccalauréat;6377,911665;61651,97024;6,617871912
FM ; F ; 1991_1999;87;Baccalauréat;7699,366174;56603,82474;5,882638553
FM ; F ; 1991_1999;87;Brevet, CEP;8773,802432;49530,34618;5,526464925
FM ; F ; 1991_1999;87;CAP, BEP;8707,041133;51256,24499;5,556751828
FM ; F ; 1991_1999;87;Ensemble;9892,738063;45452,41561;5,199172187
FM ; F ; 1991_1999;87;Sans diplôme;10267,04542;39493,39814;5,074880734
FM ; F ; 1991_1999;87;Supérieur au baccalauréat;7324,233895;57719,86204;6,068707855
FM ; F ; 1991_1999;88;Baccalauréat;8840,213807;52245,689;5,373345782
FM ; F ; 1991_1999;88;Brevet, CEP;9978,848092;45184,65146;5,057980133
FM ; F ; 1991_1999;88;CAP, BEP;9902,917404;46793,34266;5,086725523
FM ; F ; 1991_1999;88;Ensemble;11149,02635;40955,92719;4,769981326
FM ; F ; 1991_1999;88;Sans diplôme;11542,54128;35438,59302;4,65553732
FM ; F ; 1991_1999;88;Supérieur au baccalauréat;8404,136419;53492,32434;5,548322296
FM ; F ; 1991_1999;89;Baccalauréat;10154,99739;47627,05839;4,894425608
FM ; F ; 1991_1999;89;Brevet, CEP;11348,13187;40675,74373;4,618657422
FM ; F ; 1991_1999;89;CAP, BEP;11261,78207;42159,43658;4,645827119
FM ; F ; 1991_1999;89;Ensemble;12556,32965;36389,74008;4,368518915
FM ; F ; 1991_1999;89;Sans diplôme;12976,18246;31348,07879;4,263024042
FM ; F ; 1991_1999;89;Supérieur au baccalauréat;9652,852092;48996,75643;5,057393947
FM ; F ; 1991_1999;90;Baccalauréat;11593,87326;42790,53186;4,447632552
FM ; F ; 1991_1999;90;Brevet, CEP;12821,22312;36059,80669;4,209881663
FM ; F ; 1991_1999;90;CAP, BEP;12723,66433;37411,53271;4,235429815
FM ; F ; 1991_1999;90;Ensemble;14044,34774;31820,52435;3,995809185
FM ; F ; 1991_1999;90;Sans diplôme;14484,49388;27280,29489;3,898686547
FM ; F ; 1991_1999;90;Supérieur au baccalauréat;11025,0349;44267,172;4,59773503
FM ; F ; 1991_1999;91;Baccalauréat;13099,07258;37829,45182;-
FM ; F ; 1991_1999;91;Brevet, CEP;14333,46046;31436,49842;-
FM ; F ; 1991_1999;91;CAP, BEP;14224,39481;32651,41487;-
FM ; F ; 1991_1999;91;Ensemble;15543,1034;27351,53926;-
FM ; F ; 1991_1999;91;Sans diplôme;15997,61369;23328,88224;-
FM ; F ; 1991_1999;91;Supérieur au baccalauréat;12467,87706;39386,70084;-
FM ; F ; 1991_1999;92;Baccalauréat;14872,50801;32874,14447;-
FM ; F ; 1991_1999;92;Brevet, CEP;16103,1149;26930,56035;-
FM ; F ; 1991_1999;92;CAP, BEP;15980,58366;28006,9487;-
FM ; F ; 1991_1999;92;Ensemble;17287,64013;23100,26123;-
FM ; F ; 1991_1999;92;Sans diplôme;17793,16404;19596,81778;-
FM ; F ; 1991_1999;92;Supérieur au baccalauréat;14176,71742;34476,0154;-
FM ; F ; 1991_1999;93;Baccalauréat;16662,22514;27984,9347;-
FM ; F ; 1991_1999;93;Brevet, CEP;17858,39298;22593,90127;-
FM ; F ; 1991_1999;93;CAP, BEP;17722,50554;23531,27484;-
FM ; F ; 1991_1999;93;Ensemble;18988,79618;19106,7712;-
FM ; F ; 1991_1999;93;Sans diplôme;19544,06517;16109,92385;-
FM ; F ; 1991_1999;93;Supérieur au baccalauréat;15912,88604;29588,44812;-
FM ; F ; 1991_1999;94;Baccalauréat;18663,70852;23322,02188;-
FM ; F ; 1991_1999;94;Brevet, CEP;19812,40648;18558,99359;-
FM ; F ; 1991_1999;94;CAP, BEP;19661,65064;19360,94335;-
FM ; F ; 1991_1999;94;Ensemble;20877,09037;15478,62536;-
FM ; F ; 1991_1999;94;Sans diplôme;21487,57672;12961,38983;-
FM ; F ; 1991_1999;94;Supérieur au baccalauréat;17865,26643;24880,07209;-
FM ; F ; 1991_1999;95;Baccalauréat;20704,182;18969,26769;-
FM ; F ; 1991_1999;95;Brevet, CEP;21786,84226;14882,01035;-
FM ; F ; 1991_1999;95;CAP, BEP;21621,06261;15554,26231;-
FM ; F ; 1991_1999;95;Ensemble;22770,10345;12247,13875;-
FM ; F ; 1991_1999;95;Sans diplôme;23435,94515;10176,30125;-
FM ; F ; 1991_1999;95;Supérieur au baccalauréat;19868,69065;20435,18092;-
FM ; F ; 1991_1999;96;Baccalauréat;22841,19076;15041,83598;-
FM ; F ; 1991_1999;96;Brevet, CEP;23849,93667;11639,69023;-
FM ; F ; 1991_1999;96;CAP, BEP;23668,4586;12191,26552;-
FM ; F ; 1991_1999;96;Ensemble;24746,10069;9458,45259;-
FM ; F ; 1991_1999;96;Sans diplôme;25469,72436;7791,38887;-
FM ; F ; 1991_1999;96;Supérieur au baccalauréat;21977,88555;16374,97804;-
FM ; F ; 1991_1999;97;Baccalauréat;24923,8788;11606,10153;-
FM ; F ; 1991_1999;97;Brevet, CEP;25853,14375;8863,631478;-
FM ; F ; 1991_1999;97;CAP, BEP;25656,42295;9305,780884;-
FM ; F ; 1991_1999;97;Ensemble;26659,12686;7117,854388;-
FM ; F ; 1991_1999;97;Sans diplôme;27438,6911;5806,943601;-
FM ; F ; 1991_1999;97;Supérieur au baccalauréat;24044,92924;12776,10411;-
FM ; F ; 1991_1999;98;Baccalauréat;26859,81355;8713,410853;-
FM ; F ; 1991_1999;98;Brevet, CEP;27710,67946;6572,104091;-
FM ; F ; 1991_1999;98;CAP, BEP;27499,82437;6918,250382;-
FM ; F ; 1991_1999;98;Ensemble;28429,64648;5220,296557;-
FM ; F ; 1991_1999;98;Sans diplôme;29260,98412;4213,594284;-
FM ; F ; 1991_1999;98;Supérieur au baccalauréat;25976,2274;9704,098916;-
FM ; F ; 1991_1999;99;Baccalauréat;29247,91895;6373,004944;-
FM ; F ; 1991_1999;99;Brevet, CEP;30041,36024;4750,929392;-
FM ; F ; 1991_1999;99;CAP, BEP;29812,77061;5015,743678;-
FM ; F ; 1991_1999;99;Ensemble;30690,88217;3736,184701;-
FM ; F ; 1991_1999;99;Sans diplôme;31588,3427;2980,65513;-
FM ; F ; 1991_1999;99;Supérieur au baccalauréat;28352,33606;7183,340115;-
FE ; H ; 2020_2022;30;Baccalauréat;58,7051842;100000;51,30421895
FE ; H ; 2020_2022;30;Brevet, CEP;112,0713327;100000;48,27109362
FE ; H ; 2020_2022;30;CAP, BEP;95,24257664;100000;49,65555571
FE ; H ; 2020_2022;30;Ensemble;75,43525593;100000;50,07211183
FE ; H ; 2020_2022;30;Sans diplôme;146,3360167;100000;45,14900979
FE ; H ; 2020_2022;30;Supérieur au baccalauréat;37,13731512;100000;53,36343043
FE ; H ; 2020_2022;31;Baccalauréat;61,72676315;99941,29482;50,33435488
FE ; H ; 2020_2022;31;Brevet, CEP;117,8396883;99887,92867;47,32525238
FE ; H ; 2020_2022;31;CAP, BEP;100,1447496;99904,75742;48,70289403
FE ; H ; 2020_2022;31;Ensemble;79,31793826;99924,56474;49,10991237
FE ; H ; 2020_2022;31;Sans diplôme;153,8679891;99853,66398;44,21517588
FE ; H ; 2020_2022;31;Supérieur au baccalauréat;39,04878736;99962,86268;52,38325554
FE ; H ; 2020_2022;32;Baccalauréat;65,45613192;99879,60429;49,36544384
FE ; H ; 2020_2022;32;Brevet, CEP;124,9592525;99770,22104;46,3810861
FE ; H ; 2020_2022;32;CAP, BEP;106,1952321;99804,70805;47,75171631
FE ; H ; 2020_2022;32;Ensemble;84,11011959;99845,30664;48,14889626
FE ; H ; 2020_2022;32;Sans diplôme;163,1642886;99700,02116;43,28331372
FE ; H ; 2020_2022;32;Supérieur au baccalauréat;41,40801244;99923,8284;51,40371855
FE ; H ; 2020_2022;33;Baccalauréat;69,66019148;99814,22696;48,39777771
FE ; H ; 2020_2022;33;Brevet, CEP;132,9850268;99645,54892;45,43911607
FE ; H ; 2020_2022;33;CAP, BEP;113,0158472;99698,72021;46,80248027
FE ; H ; 2020_2022;33;Ensemble;89,51227126;99761,32663;47,18942845
FE ; H ; 2020_2022;33;Sans diplôme;173,6438627;99537,34633;42,35405205
FE ; H ; 2020_2022;33;Supérieur au baccalauréat;44,06753028;99882,45193;50,42501263
FE ; H ; 2020_2022;34;Baccalauréat;74,46459856;99744,69618;47,4315152
FE ; H ; 2020_2022;34;Brevet, CEP;142,1568966;99513,03526;44,49962376
FE ; H ; 2020_2022;34;CAP, BEP;120,8104588;99586,04486;45,85543433
FE ; H ; 2020_2022;34;Ensemble;95,68586022;99672,028;46,23170662
FE ; H ; 2020_2022;34;Sans diplôme;185,6199395;99364,50584;41,42772519
FE ; H ; 2020_2022;34;Supérieur au baccalauréat;47,10683221;99838,4362;49,44724348
FE ; H ; 2020_2022;35;Baccalauréat;79,46895883;99670,42169;46,46686121
FE ; H ; 2020_2022;35;Brevet, CEP;151,7104877;99371,57062;43,5629731
FE ; H ; 2020_2022;35;CAP, BEP;128,929472;99465,7345;44,9108995
FE ; H ; 2020_2022;35;Ensemble;102,116386;99576,65597;45,2759862
FE ; H ; 2020_2022;35;Sans diplôme;198,0944451;99180,0655;40,50476632
FE ; H ; 2020_2022;35;Supérieur au baccalauréat;50,27262595;99791,40547;48,47054749
FE ; H ; 2020_2022;36;Baccalauréat;86,08764355;99591,21465;45,50381731
FE ; H ; 2020_2022;36;Brevet, CEP;164,9361055;99220,81352;42,62916312
FE ; H ; 2020_2022;36;CAP, BEP;137,5639698;99337,49386;43,96887764
FE ; H ; 2020_2022;36;Ensemble;109,3226942;99474,97188;44,32226766
FE ; H ; 2020_2022;36;Sans diplôme;219,7614482;98983,5953;39,58516327
FE ; H ; 2020_2022;36;Supérieur au baccalauréat;55,87181607;99741,23771;47,49492716
FE ; H ; 2020_2022;37;Baccalauréat;93,08941166;99505,47892;44,54302422
FE ; H ; 2020_2022;37;Brevet, CEP;178,7397785;99057,16258;41,69959016
FE ; H ; 2020_2022;37;CAP, BEP;146,7475114;99200,84126;43,02944629
FE ; H ; 2020_2022;37;Ensemble;117,2371168;99366,22316;43,37077498
FE ; H ; 2020_2022;37;Sans diplôme;242,4455499;98766,06752;38,6723478
FE ; H ; 2020_2022;37;Supérieur au baccalauréat;61,76048354;99685,51047;46,52147828
FE ; H ; 2020_2022;38;Baccalauréat;100,852685;99412,84985;43,5845277
FE ; H ; 2020_2022;38;Brevet, CEP;193,8062088;98880,10803;40,77425737
FE ; H ; 2020_2022;38;CAP, BEP;157,0737312;99055,26649;42,09268373
FE ; H ; 2020_2022;38;Ensemble;126,2946724;99249,72907;42,42168131
FE ; H ; 2020_2022;38;Sans diplôme;267,0214843;98526,61358;37,76633505
FE ; H ; 2020_2022;38;Supérieur au baccalauréat;68,1715752;99623,94422;45,55022792
FE ; H ; 2020_2022;39;Baccalauréat;109,1880692;99312,58933;42,62852824
FE ; H ; 2020_2022;39;Brevet, CEP;209,7259029;98688,47224;39,85343386
FE ; H ; 2020_2022;39;CAP, BEP;168,2355028;98899,67669;41,1589043
FE ; H ; 2020_2022;39;Ensemble;135,4532623;99124,38195;41,47532539
FE ; H ; 2020_2022;39;Sans diplôme;292,8832527;98263,52636;36,86744928
FE ; H ; 2020_2022;39;Supérieur au baccalauréat;74,96353438;99556,02901;44,58130141
FE ; H ; 2020_2022;40;Baccalauréat;118,0851492;99204,15183;41,67512438
FE ; H ; 2020_2022;40;Brevet, CEP;226,4280912;98481,49695;38,9371925
FE ; H ; 2020_2022;40;CAP, BEP;180,2131694;98733,29232;40,22826488
FE ; H ; 2020_2022;40;Ensemble;145,7934383;98990,11474;40,53158127
FE ; H ; 2020_2022;40;Sans diplôme;319,8639433;97975,72894;35,97574504
FE ; H ; 2020_2022;40;Supérieur au baccalauréat;82,10870644;99481,39829;43,61474621
FE ; H ; 2020_2022;41;Baccalauréat;127,8328267;99087,00646;40,7243947
FE ; H ; 2020_2022;41;Brevet, CEP;244,4112091;98258,50717;38,02555732
FE ; H ; 2020_2022;41;CAP, BEP;193,4400953;98555,36192;39,30089239
FE ; H ; 2020_2022;41;Ensemble;157,1839407;98845,79365;39,59075993
FE ; H ; 2020_2022;41;Sans diplôme;348,5999531;97662,33991;35,09118774
FE ; H ; 2020_2022;41;Supérieur au baccalauréat;89,78875478;99399,7154;42,65058714
FE ; H ; 2020_2022;42;Baccalauréat;138,5896819;98960,34073;39,77652048
FE ; H ; 2020_2022;42;Brevet, CEP;263,9143439;98018,35237;37,11872376
FE ; H ; 2020_2022;42;CAP, BEP;208,1390789;98364,71634;38,37706342
FE ; H ; 2020_2022;42;Ensemble;169,2899498;98690,42393;38,65308822
FE ; H ; 2020_2022;42;Sans diplôme;379,3754916;97321,88904;34,21394353
FE ; H ; 2020_2022;42;Supérieur au baccalauréat;98,10003598;99310,46563;41,68891698
FE ; H ; 2020_2022;43;Baccalauréat;150,5503198;98823,19191;38,83172313
FE ; H ; 2020_2022;43;Brevet, CEP;285,2337498;97759,66788;36,21694461
FE ; H ; 2020_2022;43;CAP, BEP;224,5796888;98159,98092;37,45710769
FE ; H ; 2020_2022;43;Ensemble;184,4014303;98523,35097;37,71863498
FE ; H ; 2020_2022;43;Sans diplôme;412,5591718;96952,67365;33,34423715
FE ; H ; 2020_2022;43;Supérieur au baccalauréat;107,1663059;99213,04203;40,72985399
FE ; H ; 2020_2022;44;Baccalauréat;163,6895587;98674,41328;37,89027256
FE ; H ; 2020_2022;44;Brevet, CEP;308,2373043;97480,82431;35,32054306
FE ; H ; 2020_2022;44;CAP, BEP;242,6973019;97939,53354;36,54141809
FE ; H ; 2020_2022;44;Ensemble;200,6498226;98341,6725;36,78831717
FE ; H ; 2020_2022;44;Sans diplôme;447,8975836;96552,6865;32,48237174
FE ; H ; 2020_2022;44;Supérieur au baccalauréat;116,9558571;99106,71908;39,77354949
FE ; H ; 2020_2022;45;Baccalauréat;178,5460598;98512,89357;36,95239667
FE ; H ; 2020_2022;45;Brevet, CEP;333,842357;97180,35204;34,42975077
FE ; H ; 2020_2022;45;CAP, BEP;263,2571702;97701,83694;35,63031889
FE ; H ; 2020_2022;45;Ensemble;219,3346761;98144,35011;35,86228128
FE ; H ; 2020_2022;45;Sans diplôme;486,6563709;96120,22935;31,62851407
FE ; H ; 2020_2022;45;Supérieur au baccalauréat;127,8404568;98990,80797;38,82012146
FE ; H ; 2020_2022;46;Baccalauréat;194,7541781;98337,00268;36,01849173
FE ; H ; 2020_2022;46;Brevet, CEP;361,2525752;96855,92287;33,54507687
FE ; H ; 2020_2022;46;CAP, BEP;285,676921;97444,62985;34,72436584
FE ; H ; 2020_2022;46;Ensemble;238,9610503;97929,08551;34,9411126
FE ; H ; 2020_2022;46;Sans diplôme;527,6048602;95652,45413;30,78318898
FE ; H ; 2020_2022;46;Supérieur au baccalauréat;139,5471626;98864,25766;37,8698128
FE ; H ; 2020_2022;47;Baccalauréat;213,0066019;98145,48726;35,08877613
FE ; H ; 2020_2022;47;Brevet, CEP;391,6339956;96506,02835;32,66669868
FE ; H ; 2020_2022;47;CAP, BEP;310,9238345;97166,25303;33,82384954
FE ; H ; 2020_2022;47;Ensemble;262,6727673;97695,07314;34,02480825
FE ; H ; 2020_2022;47;Sans diplôme;572,3670529;95147,78713;29,94646403
FE ; H ; 2020_2022;47;Supérieur au baccalauréat;152,5629674;98726,2954;36,9227329
FE ; H ; 2020_2022;48;Baccalauréat;233,3479593;97936,43089;34,16367709
FE ; H ; 2020_2022;48;Brevet, CEP;424,9215189;96128,07794;31,79513558
FE ; H ; 2020_2022;48;CAP, BEP;338,9950491;96864,13999;32,92934396
FE ; H ; 2020_2022;48;Ensemble;287,1442737;97438,45479;33,11441753
FE ; H ; 2020_2022;48;Sans diplôme;620,7676292;94603,19255;29,11885443
FE ; H ; 2020_2022;48;Supérieur au baccalauréat;166,9145028;98575,67563;35,97914939
FE ; H ; 2020_2022;49;Baccalauréat;256,2209272;97707,89823;33,24358379
FE ; H ; 2020_2022;49;Brevet, CEP;461,758671;95719,60905;30,93081649
FE ; H ; 2020_2022;49;CAP, BEP;370,4502054;96535,77535;32,04135251
FE ; H ; 2020_2022;49;Ensemble;317,0348215;97158,66585;32,20977751
FE ; H ; 2020_2022;49;Sans diplôme;673,6608609;94015,92655;28,30074396
FE ; H ; 2020_2022;49;Supérieur au baccalauréat;182,9183803;98411,13853;35,03930421
FE ; H ; 2020_2022;50;Baccalauréat;281,2875833;97457,55015;32,32897961
FE ; H ; 2020_2022;50;Brevet, CEP;501,3594526;95277,61545;30,07430479
FE ; H ; 2020_2022;50;CAP, BEP;404,6978232;96178,15837;31,16049111
FE ; H ; 2020_2022;50;Ensemble;349,5873481;96850,63904;31,31221849
FE ; H ; 2020_2022;50;Sans diplôme;729,8125874;93382,57805;27,49268805
FE ; H ; 2020_2022;50;Supérieur au baccalauréat;200,3416228;98231,12647;34,103515
FE ; H ; 2020_2022;51;Baccalauréat;308,8489435;97183,41416;31,42017353
FE ; H ; 2020_2022;51;Brevet, CEP;544,0884277;94799,93212;29,22584492
FE ; H ; 2020_2022;51;CAP, BEP;442,0509623;95788,92746;30,28710936
FE ; H ; 2020_2022;51;Ensemble;385,7246559;96512,06146;30,42206606
FE ; H ; 2020_2022;51;Sans diplôme;789,6736058;92701,06024;26,69480825
FE ; H ; 2020_2022;51;Supérieur au baccalauréat;219,4200603;98034,32864;33,17197569
FE ; H ; 2020_2022;52;Baccalauréat;338,5640412;96883,26421;30,51751505
FE ; H ; 2020_2022;52;Brevet, CEP;589,1685522;94284,13666;28,38572927
FE ; H ; 2020_2022;52;CAP, BEP;481,8762128;95365,49158;29,42158829
FE ; H ; 2020_2022;52;Ensemble;423,6259975;96139,79065;29,53986585
FE ; H ; 2020_2022;52;Sans diplôme;852,0477377;91969,02444;25,907288
FE ; H ; 2020_2022;52;Supérieur au baccalauréat;239,9489459;97819,22166;32,24492171
FE ; H ; 2020_2022;53;Baccalauréat;370,7808681;96555,25232;29,62118738
FE ; H ; 2020_2022;53;Brevet, CEP;637,0391688;93728,64418;27,55396023
FE ; H ; 2020_2022;53;CAP, BEP;524,4989396;94905,94796;28,56405041
FE ; H ; 2020_2022;53;Ensemble;463,8338564;95732,5175;28,66553678
FE ; H ; 2020_2022;53;Sans diplôme;917,5233552;91185,40445;25,12992745
FE ; H ; 2020_2022;53;Supérieur au baccalauréat;262,2333211;97584,50547;31,32247916
FE ; H ; 2020_2022;54;Baccalauréat;405,9545179;96197,24391;28,73142581
FE ; H ; 2020_2022;54;Brevet, CEP;688,2957998;93131,556;26,73061511
FE ; H ; 2020_2022;54;CAP, BEP;570,3522946;94408,16727;27,71465849
FE ; H ; 2020_2022;54;Ensemble;506,8321406;95288,47767;27,79911683
FE ; H ; 2020_2022;54;Sans diplôme;986,9229717;90348,75706;24,36263556
FE ; H ; 2020_2022;54;Supérieur au baccalauréat;286,6762591;97328,60638;30,4048331
FE ; H ; 2020_2022;55;Baccalauréat;444,3839;95806,72686;27,84853776
FE ; H ; 2020_2022;55;Brevet, CEP;743,2379971;92490,53541;25,91587595
FE ; H ; 2020_2022;55;CAP, BEP;619,5982751;93869,70812;26,87363642
FE ; H ; 2020_2022;55;Ensemble;554,0155702;94805,52504;26,94072943
FE ; H ; 2020_2022;55;Sans diplôme;1060,654293;89457,08443;23,60547262
FE ; H ; 2020_2022;55;Supérieur au baccalauréat;313,5986758;97049,58837;29,49224713
FE ; H ; 2020_2022;56;Baccalauréat;486,6679098;95380,97719;26,97284457
FE ; H ; 2020_2022;56;Brevet, CEP;802,6372568;91803,11061;25,10993491
FE ; H ; 2020_2022;56;CAP, BEP;672,7750262;93288,09303;26,04118312
FE ; H ; 2020_2022;56;Ensemble;606,8628494;94280,28767;26,09081677
FE ; H ; 2020_2022;56;Sans diplôme;1139,79949;88508,25402;22,85852913
FE ; H ; 2020_2022;56;Supérieur au baccalauréat;343,5578342;96745,24214;28,58502538
FE ; H ; 2020_2022;57;Baccalauréat;533,1609745;94916,78858;26,10475472
FE ; H ; 2020_2022;57;Brevet, CEP;866,7989596;91066,26464;24,31310734
FE ; H ; 2020_2022;57;CAP, BEP;730,1140844;92660,47404;25,21756838
FE ; H ; 2020_2022;57;Ensemble;662,9053494;93708,13563;25,25011899
FE ; H ; 2020_2022;57;Sans diplôme;1224,697032;87499,43739;22,12207442
FE ; H ; 2020_2022;57;Supérieur au baccalauréat;376,9049395;96412,86629;27,68357003
FE ; H ; 2020_2022;58;Baccalauréat;584,8779765;94410,7293;25,24468111
FE ; H ; 2020_2022;58;Brevet, CEP;937,049053;90276,90321;23,52569582
FE ; H ; 2020_2022;58;CAP, BEP;792,7482329;91983,94687;24,40303955
FE ; H ; 2020_2022;58;Ensemble;724,9606642;93086,93939;24,41862039
FE ; H ; 2020_2022;58;Sans diplôme;1317,080906;86427,83438;21,396362
FE ; H ; 2020_2022;58;Supérieur au baccalauréat;414,4515702;96049,48143;26,78830553
FE ; H ; 2020_2022;59;Baccalauréat;642,4959903;93858,54174;24,39320035
FE ; H ; 2020_2022;59;Brevet, CEP;1014,087213;89430,96434;22,74822836
FE ; H ; 2020_2022;59;CAP, BEP;861,2971181;91254,74575;23,59804007
FE ; H ; 2020_2022;59;Ensemble;791,0061772;92412,09569;23,59693851
FE ; H ; 2020_2022;59;Sans diplôme;1417,76653;85289,50988;20,68193057
FE ; H ; 2020_2022;59;Supérieur au baccalauréat;456,7896772;95651,40285;25,89979214
FE ; H ; 2020_2022;60;Baccalauréat;706,7050341;93255,50437;23,55093915
FE ; H ; 2020_2022;60;Brevet, CEP;1098,572915;88524,05637;21,98127857
FE ; H ; 2020_2022;60;CAP, BEP;936,3554247;90468,77126;22,8030551
FE ; H ; 2020_2022;60;Ensemble;866,2833051;91681,11031;22,78507997
FE ; H ; 2020_2022;60;Sans diplôme;1527,487854;84080,30375;19,97936904
FE ; H ; 2020_2022;60;Supérieur au baccalauréat;504,5419179;95214,47711;25,01864261
FE ; H ; 2020_2022;61;Baccalauréat;777,2373115;92596,46303;22,7185594
FE ; H ; 2020_2022;61;Brevet, CEP;1189,63941;87551,55506;21,22544125
FE ; H ; 2020_2022;61;CAP, BEP;1017,222772;89621,66201;22,01859093
FE ; H ; 2020_2022;61;Ensemble;950,4222832;90886,89215;21,98418815
FE ; H ; 2020_2022;61;Sans diplôme;1644,843582;82795,98732;19,28928541
FE ; H ; 2020_2022;61;Supérieur au baccalauréat;557,667543;94734,08016;24,14551226
FE ; H ; 2020_2022;62;Baccalauréat;854,3912438;91876,76877;21,8965197
FE ; H ; 2020_2022;62;Brevet, CEP;1287,306211;86510,00726;20,48098754
FE ; H ; 2020_2022;62;CAP, BEP;1103,95538;88710,01006;21,24487082
FE ; H ; 2020_2022;62;Ensemble;1041,032874;90023,08288;21,19513567
FE ; H ; 2020_2022;62;Sans diplôme;1769,673578;81434,12284;18,61187
FE ; H ; 2020_2022;62;Supérieur au baccalauréat;616,5441813;94205,77895;23,28091907
FE ; H ; 2020_2022;63;Baccalauréat;937,3798252;91091,7817;21,08521383
FE ; H ; 2020_2022;63;Brevet, CEP;1389,964212;85396,35856;19,74807885
FE ; H ; 2020_2022;63;CAP, BEP;1195,219146;87730,69113;20,48202276
FE ; H ; 2020_2022;63;Ensemble;1134,904672;89085,91299;20,41810518
FE ; H ; 2020_2022;63;Sans diplôme;1899,58773;79993,00468;17,94717311
FE ; H ; 2020_2022;63;Supérieur au baccalauréat;680,7776811;93624,9587;22,42534668
FE ; H ; 2020_2022;64;Baccalauréat;1025,615442;90237,90572;20,28473262
FE ; H ; 2020_2022;64;Brevet, CEP;1496,381279;84209,37974;19,02643919
FE ; H ; 2020_2022;64;CAP, BEP;1290,004145;86682,11711;19,72978917
FE ; H ; 2020_2022;64;Ensemble;1233,49463;88074,8728;19,65249127
FE ; H ; 2020_2022;64;Sans diplôme;2032,757501;78473,46738;17,29469693
FE ; H ; 2020_2022;64;Supérieur au baccalauréat;750,1130731;92987,58087;21,57905988
FE ; H ; 2020_2022;65;Baccalauréat;1118,412612;89312,41182;19,49493181
FE ; H ; 2020_2022;65;Brevet, CEP;1605,252743;82949,28635;18,3154723
FE ; H ; 2020_2022;65;CAP, BEP;1387,244884;85563,91421;18,98763043
FE ; H ; 2020_2022;65;Ensemble;1335,413523;86988,47398;18,89793118
FE ; H ; 2020_2022;65;Sans diplôme;2167,295689;76878,29209;16,65355081
FE ; H ; 2020_2022;65;Supérieur au baccalauréat;824,2149312;92290,06887;20,74215059
FE ; H ; 2020_2022;66;Baccalauréat;1215,906921;88313,53054;18,71543168
FE ; H ; 2020_2022;66;Brevet, CEP;1716,510594;81617,74065;17,61427852
FE ; H ; 2020_2022;66;CAP, BEP;1486,956733;84376,93319;18,25474084
FE ; H ; 2020_2022;66;Ensemble;1441,670429;85826,81813;18,15371245
FE ; H ; 2020_2022;66;Sans diplôme;2303,01775;75212,11218;16,02247825
FE ; H ; 2020_2022;66;Supérieur au baccalauréat;903,3422674;91529,40035;19,91453128
FE ; H ; 2020_2022;67;Baccalauréat;1317,650502;87239,72021;17,94579491
FE ; H ; 2020_2022;67;Brevet, CEP;1829,277184;80216,76349;16,92191
FE ; H ; 2020_2022;67;CAP, BEP;1588,473815;83122,2847;17,53027806
FE ; H ; 2020_2022;67;Ensemble;1549,47613;84589,47827;17,41925744
FE ; H ; 2020_2022;67;Sans diplôme;2438,662576;73479,96388;15,40017724
FE ; H ; 2020_2022;67;Supérieur au baccalauréat;987,3172621;90702,57659;19,09606756
FE ; H ; 2020_2022;68;Baccalauréat;1424,873131;86090,2056;17,18541513
FE ; H ; 2020_2022;68;Brevet, CEP;1945,020297;78749,37654;16,23722665
FE ; H ; 2020_2022;68;CAP, BEP;1693,188275;81801,90897;16,81323666
FE ; H ; 2020_2022;68;Ensemble;1660,736491;83278,7845;16,69341264
FE ; H ; 2020_2022;68;Sans diplôme;2576,106537;71688,0355;14,78512313
FE ; H ; 2020_2022;68;Supérieur au baccalauréat;1077,213256;89807,05439;18,28648636
FE ; H ; 2020_2022;69;Baccalauréat;1539,16446;84863,5294;16,43382501
FE ; H ; 2020_2022;69;Brevet, CEP;2065,591043;77217,68518;15,55930857
FE ; H ; 2020_2022;69;CAP, BEP;1802,864997;80416,84864;16,10281959
FE ; H ; 2020_2022;69;Ensemble;1773,581269;81895,74334;15,97532811
FE ; H ; 2020_2022;69;Sans diplôme;2717,680103;69841,27533;14,17607499
FE ; H ; 2020_2022;69;Supérieur au baccalauréat;1174,404178;88839,6409;17,48561587
FE ; H ; 2020_2022;70;Baccalauréat;1663,379637;83557,34011;15,69072269
FE ; H ; 2020_2022;70;Brevet, CEP;2194,380735;75622,68359;14,88747891
FE ; H ; 2020_2022;70;CAP, BEP;1920,662611;78967,04142;15,39846172
FE ; H ; 2020_2022;70;Ensemble;1896,659779;80443,25577;15,26377946
FE ; H ; 2020_2022;70;Sans diplôme;2867,66126;67943,21289;13,572098
FE ; H ; 2020_2022;70;Supérieur au baccalauréat;1281,275917;87796,30444;16,69340799
FE ; H ; 2020_2022;71;Baccalauréat;1799,946818;82167,46433;14,95613377
FE ; H ; 2020_2022;71;Brevet, CEP;2333,988243;73963,23399;14,2214965
FE ; H ; 2020_2022;71;CAP, BEP;2049,112441;77450,35098;14,70000586
FE ; H ; 2020_2022;71;Ensemble;2032,990194;78917,5209;14,55887845
FE ; H ; 2020_2022;71;Sans diplôme;3029,177402;65994,8317;12,97279029
FE ; H ; 2020_2022;71;Supérieur au baccalauréat;1399,957683;86671,39154;15,91007268
FE ; H ; 2020_2022;72;Baccalauréat;1953,56874;80688,49367;14,23027054
FE ; H ; 2020_2022;72;Brevet, CEP;2489,71923;72236,9408;13,56135685
FE ; H ; 2020_2022;72;CAP, BEP;2193,201942;75863,30621;14,00752696
FE ; H ; 2020_2022;72;Ensemble;2186,920759;77313,13543;13,86100114
FE ; H ; 2020_2022;72;Sans diplôme;3208,748174;63995,73117;12,37803469
FE ; H ; 2020_2022;72;Supérieur au baccalauréat;1534,428633;85458,02873;15,13596942
FE ; H ; 2020_2022;73;Baccalauréat;2127,952283;79112,18848;13,51380775
FE ; H ; 2020_2022;73;Brevet, CEP;2665,248668;70438,4438;12,90761748
FE ; H ; 2020_2022;73;CAP, BEP;2356,598015;74199,4707;13,32162921
FE ; H ; 2020_2022;73;Ensemble;2357,582315;75622,35843;13,17090766
FE ; H ; 2020_2022;73;Sans diplôme;3410,609452;61942,26931;11,78838166
FE ; H ; 2020_2022;73;Supérieur au baccalauréat;1688,010062;84146,73627;14,37183933
FE ; H ; 2020_2022;74;Baccalauréat;2326,932117;77428,71886;12,80762747
FE ; H ; 2020_2022;74;Brevet, CEP;2864,127964;68561,08411;12,26105764
FE ; H ; 2020_2022;74;CAP, BEP;2542,9828;72450,88745;12,64314326
FE ; H ; 2020_2022;74;Ensemble;2555,742765;73839,49908;12,48892006
FE ; H ; 2020_2022;74;Sans diplôme;3638,699458;59829,66042;11,20463406
FE ; H ; 2020_2022;74;Supérieur au baccalauréat;1864,223484;82726,33089;13,61860281
FE ; H ; 2020_2022;75;Baccalauréat;2554,5308;75627,00513;12,11275232
FE ; H ; 2020_2022;75;Brevet, CEP;3089,858369;66597,40693;11,62258462
FE ; H ; 2020_2022;75;CAP, BEP;2756,143498;70608,47384;11,97304558
FE ; H ; 2020_2022;75;Ensemble;2783,930396;71952,35142;11,81647622
FE ; H ; 2020_2022;75;Sans diplôme;3896,755071;57652,63889;10,62773229
FE ; H ; 2020_2022;75;Supérieur au baccalauréat;2066,836214;81184,12721;12,87730683
FE ; H ; 2020_2022;76;Baccalauréat;2815,837643;73695,08999;11,43028785
FE ; H ; 2020_2022;76;Brevet, CEP;3346,931762;64539,64138;10,99315616
FE ; H ; 2020_2022;76;CAP, BEP;3000,93546;68662,40298;11,31239279
FE ; H ; 2020_2022;76;Ensemble;3045,64554;69949,24804;11,15485904
FE ; H ; 2020_2022;76;Sans diplôme;4189,615355;55406,05676;10,05866123
FE ; H ; 2020_2022;76;Supérieur au baccalauréat;2300,574599;79506,18427;12,14907671
FE ; H ; 2020_2022;77;Baccalauréat;3114,11794;71619,95591;10,7614718
FE ; H ; 2020_2022;77;Brevet, CEP;3637,51157;62379,54362;10,3738305
FE ; H ; 2020_2022;77;CAP, BEP;3280,242219;66601,88858;10,66237308
FE ; H ; 2020_2022;77;Ensemble;3345,731729;67818,84189;10,50526874
FE ; H ; 2020_2022;77;Sans diplôme;4519,028674;53084,7561;9,498508352
FE ; H ; 2020_2022;77;Supérieur au baccalauréat;2568,806291;77677,08519;11,43515676
FE ; H ; 2020_2022;78;Baccalauréat;3453,332651;69389,62601;10,10736835
FE ; H ; 2020_2022;78;Brevet, CEP;3964,88077;60110,48051;9,765424047
FE ; H ; 2020_2022;78;CAP, BEP;3597,827013;64417,18531;10,02398654
FE ; H ; 2020_2022;78;Ensemble;3687,261671;65549,80538;9,868913426
FE ; H ; 2020_2022;78;Sans diplôme;4887,963697;50685,84075;8,948064227
FE ; H ; 2020_2022;78;Supérieur au baccalauréat;2875,650097;75681,71133;10,73664853
FE ; H ; 2020_2022;79;Baccalauréat;3839,830105;66993,3714;9,468894085
FE ; H ; 2020_2022;79;Brevet, CEP;4335,11595;57727,17162;9,168596786
FE ; H ; 2020_2022;79;CAP, BEP;3960,057095;62099,56642;9,398091898
FE ; H ; 2020_2022;79;Ensemble;4070,284152;63132,81253;9,246737448
FE ; H ; 2020_2022;79;Sans diplôme;5302,632015;48208,33525;8,407919939
FE ; H ; 2020_2022;79;Supérieur au baccalauréat;3227,363513;73505,37013;10,05453837
FE ; H ; 2020_2022;80;Baccalauréat;4281,709466;64420,93976;8,847002242
FE ; H ; 2020_2022;80;Brevet, CEP;4756,196486;55224,6318;8,584077665
FE ; H ; 2020_2022;80;CAP, BEP;4375,202447;59640,38813;8,785607544
FE ; H ; 2020_2022;80;Ensemble;4504,668189;60563,12766;8,639075199
FE ; H ; 2020_2022;80;Sans diplôme;5771,270038;45652,02464;7,878726112
FE ; H ; 2020_2022;80;Supérieur au baccalauréat;3631,879499;71133,08463;9,389856822
FE ; H ; 2020_2022;81;Baccalauréat;4792,084017;61662,62228;8,242749941
FE ; H ; 2020_2022;81;Brevet, CEP;5241,554238;52598,0398;8,012741353
FE ; H ; 2020_2022;81;CAP, BEP;4856,777672;57031,00041;8,187582895
FE ; H ; 2020_2022;81;Ensemble;5006,768943;57834,95972;8,046594252
FE ; H ; 2020_2022;81;Sans diplôme;6308,302786;43017,32302;7,361278047
FE ; H ; 2020_2022;81;Supérieur au baccalauréat;4101,666234;68549,61672;8,743737631
FE ; H ; 2020_2022;82;Baccalauréat;5382,911387;58707,69762;7,657630887
FE ; H ; 2020_2022;82;Brevet, CEP;5803,198596;49841,08502;7,455965364
FE ; H ; 2020_2022;82;CAP, BEP;5417,296037;54261,13152;7,605534577
FE ; H ; 2020_2022;82;Ensemble;5589,88457;54939,29692;7,470702767
FE ; H ; 2020_2022;82;Sans diplôme;6925,845817;40303,66003;6,856916104
FE ; H ; 2020_2022;82;Supérieur au baccalauréat;4648,590253;65737,94023;8,117715906
FE ; H ; 2020_2022;83;Baccalauréat;6072,481882;55547,51428;7,093285261
FE ; H ; 2020_2022;83;Brevet, CEP;6460,033025;46948,70787;6,915306308
FE ; H ; 2020_2022;83;CAP, BEP;6076,019773;51321,64539;7,041147333
FE ; H ; 2020_2022;83;Ensemble;6283,765179;51868,25363;6,913032129
FE ; H ; 2020_2022;83;Sans diplôme;7643,587879;37512,29068;6,367153819
FE ; H ; 2020_2022;83;Supérieur au baccalauréat;5290,394758;62682,05275;7,513472352
FE ; H ; 2020_2022;84;Baccalauréat;6846,123796;52174,40154;6,551871276
FE ; H ; 2020_2022;84;Brevet, CEP;7224,097688;43915,80584;6,392889405
FE ; H ; 2020_2022;84;CAP, BEP;6846,123796;48203,33207;6,496644963
FE ; H ; 2020_2022;84;Ensemble;7082,425834;48608,97437;6,376557693
FE ; H ; 2020_2022;84;Sans diplôme;8472,265788;34645,00577;5,894111272
FE ; H ; 2020_2022;84;Supérieur au baccalauréat;6039,531643;59365,92472;6,93316827
FE ; H ; 2020_2022;85;Baccalauréat;7746,073004;48602,47742;6,033385558
FE ; H ; 2020_2022;85;Brevet, CEP;8112,809382;40743,28512;5,890678771
FE ; H ; 2020_2022;85;CAP, BEP;7746,073004;44903,27228;5,974100519
FE ; H ; 2020_2022;85;Ensemble;8029,805552;45166,27982;5,862595963
FE ; H ; 2020_2022;85;Sans diplôme;9428,20608;31709,7888;5,439699751
FE ; H ; 2020_2022;85;Supérieur au baccalauréat;6912,655778;55780,50091;6,378814082
FE ; H ; 2020_2022;86;Baccalauréat;8783,318111;44837,69403;5,539976947
FE ; H ; 2020_2022;86;Brevet, CEP;9131,908667;37437,86007;5,410772526
FE ; H ; 2020_2022;86;CAP, BEP;8783,318111;41425,03203;5,475714057
FE ; H ; 2020_2022;86;Ensemble;9108,164867;41539,51537;5,374452069
FE ; H ; 2020_2022;86;Sans diplôme;10513,36353;28720,12457;5,005953416
FE ; H ; 2020_2022;86;Supérieur au baccalauréat;7915,854847;51924,58689;5,852504103
FE ; H ; 2020_2022;87;Baccalauréat;9976,251403;40899,45673;5,073425203
FE ; H ; 2020_2022;87;Brevet, CEP;10298,66531;34019,06888;4,954535246
FE ; H ; 2020_2022;87;CAP, BEP;9976,251403;37786,53969;5,002974394
FE ; H ; 2020_2022;87;Ensemble;10355,55687;37756,02783;4,913019647
FE ; H ; 2020_2022;87;Sans diplôme;11742,37614;25700,67346;4,59407931
FE ; H ; 2020_2022;87;Supérieur au baccalauréat;9063,778872;47814,31196;5,355604532
FE ; H ; 2020_2022;88;Baccalauréat;11329,20285;36819,22411;4,635652016
FE ; H ; 2020_2022;88;Brevet, CEP;11615,97829;30515,55883;4,52336848
FE ; H ; 2020_2022;88;CAP, BEP;11329,20285;34016,85949;4,55739399
FE ; H ; 2020_2022;88;Ensemble;11739,52376;33846,18089;4,480562403
FE ; H ; 2020_2022;88;Sans diplôme;13112,64933;22682,80372;4,205305909
FE ; H ; 2020_2022;88;Supérieur au baccalauréat;10356,82481;43480,52846;4,889407395
FE ; H ; 2020_2022;89;Baccalauréat;12865,16315;32647,89952;4,227935425
FE ; H ; 2020_2022;89;Brevet, CEP;13106,35109;26970,87814;4,117857721
FE ; H ; 2020_2022;89;CAP, BEP;12865,16315;30163,02048;4,139678605
FE ; H ; 2020_2022;89;Ensemble;13306,59729;29872,80044;4,076521898
FE ; H ; 2020_2022;89;Sans diplôme;14643,09417;19708,48721;3,839951819
FE ; H ; 2020_2022;89;Supérieur au baccalauréat;11810,44878;38977,3263;4,454299655
FE ; H ; 2020_2022;90;Baccalauréat;14519,41263;28447,69398;3,852175752
FE ; H ; 2020_2022;90;Brevet, CEP;14769,42529;23435,98016;3,738962827
FE ; H ; 2020_2022;90;CAP, BEP;14584,27821;26282,49868;3,750888112
FE ; H ; 2020_2022;90;Ensemble;15020,40924;25897,74719;3,702228509
FE ; H ; 2020_2022;90;Sans diplôme;16326,00574;16822,55487;3,498700816
FE ; H ; 2020_2022;90;Supérieur au baccalauréat;13416,96057;34373,92914;4,050824721
FE ; H ; 2020_2022;91;Baccalauréat;16302,13106;24317,25591;-
FE ; H ; 2020_2022;91;Brevet, CEP;16629,14188;19974,62058;-
FE ; H ; 2020_2022;91;CAP, BEP;16509,80769;22449,38595;-
FE ; H ; 2020_2022;91;Ensemble;16954,12;22007,79958;-
FE ; H ; 2020_2022;91;Sans diplôme;18179,94079;14076,10359;-
FE ; H ; 2020_2022;91;Supérieur au baccalauréat;15187,2592;29761,99262;-
FE ; H ; 2020_2022;92;Baccalauréat;18196,1755;20353,02498;-
FE ; H ; 2020_2022;92;Brevet, CEP;18666,41297;16653,01259;-
FE ; H ; 2020_2022;92;CAP, BEP;18621,38381;18743,0355;-
FE ; H ; 2020_2022;92;Ensemble;19017,48751;18276,57083;-
FE ; H ; 2020_2022;92;Sans diplôme;20175,43272;11517,0763;-
FE ; H ; 2020_2022;92;Supérieur au baccalauréat;17089,26669;25241,96166;-
FE ; H ; 2020_2022;93;Baccalauréat;20189,32158;16649,55284;-
FE ; H ; 2020_2022;93;Brevet, CEP;20892,2132;13544,49248;-
FE ; H ; 2020_2022;93;CAP, BEP;20927,02994;15252,82292;-
FE ; H ; 2020_2022;93;Ensemble;21289,68394;14800,82625;-
FE ; H ; 2020_2022;93;Sans diplôme;22315,7241;9193,456316;-
FE ; H ; 2020_2022;93;Supérieur au baccalauréat;19114,14452;20928,29551;-
FE ; H ; 2020_2022;94;Baccalauréat;22414,33632;13288,12107;-
FE ; H ; 2020_2022;94;Brevet, CEP;23473,59163;10714,74824;-
FE ; H ; 2020_2022;94;CAP, BEP;23529,75921;12060,86011;-
FE ; H ; 2020_2022;94;Ensemble;23580,86679;11649,77712;-
FE ; H ; 2020_2022;94;Sans diplôme;24767,82711;7141,869969;-
FE ; H ; 2020_2022;94;Supérieur au baccalauréat;21391,12295;16928,03086;-
FE ; H ; 2020_2022;95;Baccalauréat;24901,97453;10309,67693;-
FE ; H ; 2020_2022;95;Brevet, CEP;26321,98316;8199,611992;-
FE ; H ; 2020_2022;95;CAP, BEP;26321,98316;9222,968764;-
FE ; H ; 2020_2022;95;Ensemble;25993,6271;8902,658699;-
FE ; H ; 2020_2022;95;Sans diplôme;27591,11249;5372,983963;-
FE ; H ; 2020_2022;95;Supérieur au baccalauréat;23955,42953;13306,93497;-
FE ; H ; 2020_2022;96;Baccalauréat;27072,00903;7742,363804;-
FE ; H ; 2020_2022;96;Brevet, CEP;28485,29381;6041,311505;-
FE ; H ; 2020_2022;96;CAP, BEP;28485,29381;6795,300479;-
FE ; H ; 2020_2022;96;Ensemble;28364,56605;6588,534794;-
FE ; H ; 2020_2022;96;Sans diplôme;29748,41373;3890,517913;-
FE ; H ; 2020_2022;96;Supérieur au baccalauréat;26129,94599;10119,20154;-
FE ; H ; 2020_2022;97;Baccalauréat;29270,01686;5646,350376;-
FE ; H ; 2020_2022;97;Brevet, CEP;30681,38071;4320,426172;-
FE ; H ; 2020_2022;97;CAP, BEP;30681,38071;4859,639172;-
FE ; H ; 2020_2022;97;Ensemble;30683,58619;4719,725491;-
FE ; H ; 2020_2022;97;Sans diplôme;31942,7838;2733,150548;-
FE ; H ; 2020_2022;97;Supérieur au baccalauréat;28329,23427;7475,059642;-
FE ; H ; 2020_2022;98;Baccalauréat;31541,50828;3993,662669;-
FE ; H ; 2020_2022;98;Brevet, CEP;32956,46061;2994,85977;-
FE ; H ; 2020_2022;98;CAP, BEP;32956,46061;3368,634776;-
FE ; H ; 2020_2022;98;Ensemble;32957,66904;3271,544452;-
FE ; H ; 2020_2022;98;Sans diplôme;34221,0709;1860,106178;-
FE ; H ; 2020_2022;98;Supérieur au baccalauréat;30598,33369;5357,432484;-
FE ; H ; 2020_2022;99;Baccalauréat;33699,88077;2734,001227;-
FE ; H ; 2020_2022;99;Brevet, CEP;35117,95824;2007,859989;-
FE ; H ; 2020_2022;99;CAP, BEP;35117,95824;2258,451983;-
FE ; H ; 2020_2022;99;Ensemble;35114,82673;2193,319659;-
FE ; H ; 2020_2022;99;Sans diplôme;36385,36161;1223,557924;-
FE ; H ; 2020_2022;99;Supérieur au baccalauréat;32754,62303;3718,147415;-
FE ; H ; 2020_2022;100;Baccalauréat;36069,80643;1812,646074;-
FE ; H ; 2020_2022;100;Brevet, CEP;37490,67353;1302,740557;-
FE ; H ; 2020_2022;100;CAP, BEP;37490,67353;1465,329759;-
FE ; H ; 2020_2022;100;Ensemble;37489,28013;1423,139261;-
FE ; H ; 2020_2022;100;Sans diplôme;38760,57012;778,3619487;-
FE ; H ; 2020_2022;100;Supérieur au baccalauréat;35122,68919;2500,282246;-
FE ; H ; 2020_2022;101;Baccalauréat;38399,0253;1158,828144;-
FE ; H ; 2020_2022;101;Brevet, CEP;39822,33393;814,3343478;-
FE ; H ; 2020_2022;101;CAP, BEP;39822,33393;915,9677629;-
FE ; H ; 2020_2022;101;Ensemble;39822,21282;889,6145968;-
FE ; H ; 2020_2022;101;Sans diplôme;41094,41264;476,6644198;-
FE ; H ; 2020_2022;101;Supérieur au baccalauréat;37450,28059;1622,115884;-
FE ; H ; 2020_2022;102;Baccalauréat;40864,86554;713,8494316;-
FE ; H ; 2020_2022;102;Brevet, CEP;42290,32707;490,0474045;-
FE ; H ; 2020_2022;102;CAP, BEP;42290,32707;551,2080216;-
FE ; H ; 2020_2022;102;Ensemble;42295,99484;535,3503788;-
FE ; H ; 2020_2022;102;Sans diplôme;43564,32992;280,7819762;-
FE ; H ; 2020_2022;102;Supérieur au baccalauréat;39914,68577;1014,628934;-
FE ; H ; 2020_2022;103;Baccalauréat;42977,46672;422,1358212;-
FE ; H ; 2020_2022;103;Brevet, CEP;44404,74717;282,8047544;-
FE ; H ; 2020_2022;103;CAP, BEP;44404,74717;318,1003465;-
FE ; H ; 2020_2022;103;Ensemble;44410,2539;308,9186102;-
FE ; H ; 2020_2022;103;Sans diplôme;45680,37568;158,4611898;-
FE ; H ; 2020_2022;103;Supérieur au baccalauréat;42026,07449;609,6429831;-
FE ; H ; 2020_2022;104;Baccalauréat;44944,60143;240,7125391;-
FE ; H ; 2020_2022;104;Brevet, CEP;46372,75895;157,2260182;-
FE ; H ; 2020_2022;104;CAP, BEP;46372,75895;176,8486919;-
FE ; H ; 2020_2022;104;Ensemble;46400,43193;171,7270711;-
FE ; H ; 2020_2022;104;Sans diplôme;47649,17134;86,07552297;-
FE ; H ; 2020_2022;104;Supérieur au baccalauréat;43992,62456;353,4339689;-
FE ; H ; 2017_2019;30;Baccalauréat;56,50304296;100000;51,96059962
FE ; H ; 2017_2019;30;Brevet, CEP;105,9368275;100000;48,81940204
FE ; H ; 2017_2019;30;CAP, BEP;99,44915191;100000;50,05969634
FE ; H ; 2017_2019;30;Ensemble;76,69549477;100000;50,44463409
FE ; H ; 2017_2019;30;Sans diplôme;143,2783431;100000;46,00193411
FE ; H ; 2017_2019;30;Supérieur au baccalauréat;39,03455572;100000;54,0150774
FE ; H ; 2017_2019;31;Baccalauréat;59,6263961;99943,49696;50,98997553
FE ; H ; 2017_2019;31;Brevet, CEP;111,7927621;99894,06317;47,87117461
FE ; H ; 2017_2019;31;CAP, BEP;104,9464633;99900,55085;49,10952985
FE ; H ; 2017_2019;31;Ensemble;80,93503838;99923,30451;49,48335255
FE ; H ; 2017_2019;31;Sans diplôme;151,1984274;99856,72166;45,06793949
FE ; H ; 2017_2019;31;Supérieur au baccalauréat;41,19229264;99960,96544;53,03617018
FE ; H ; 2017_2019;32;Baccalauréat;62,43501646;99883,90425;50,02039716
FE ; H ; 2017_2019;32;Brevet, CEP;117,0586083;99782,38884;46,92475101
FE ; H ; 2017_2019;32;CAP, BEP;109,8898238;99795,70875;48,1611227
FE ; H ; 2017_2019;32;Ensemble;84,74737338;99842,43154;48,52343436
FE ; H ; 2017_2019;32;Sans diplôme;158,3204239;99705,73986;44,13618469
FE ; H ; 2017_2019;32;Supérieur au baccalauréat;43,13259961;99919,78923;52,058026
FE ; H ; 2017_2019;33;Baccalauréat;65,49569748;99821,54172;49,05164691
FE ; H ; 2017_2019;33;Brevet, CEP;122,7970397;99665,58496;45,97974485
FE ; H ; 2017_2019;33;CAP, BEP;115,2768281;99686,04342;47,2141051
FE ; H ; 2017_2019;33;Ensemble;88,90184777;99757,8177;47,56459158
FE ; H ; 2017_2019;33;Sans diplôme;166,0815865;99547,88531;43,20617209
FE ; H ; 2017_2019;33;Supérieur au baccalauréat;45,24704013;99876,69123;51,08048967
FE ; H ; 2017_2019;34;Baccalauréat;69,10006809;99756,1629;48,08379469
FE ; H ; 2017_2019;34;Brevet, CEP;129,5548277;99543,19858;45,03627603
FE ; H ; 2017_2019;34;CAP, BEP;121,6207625;99571,12852;46,26859484
FE ; H ; 2017_2019;34;Ensemble;93,79430972;99669,13116;46,606915
FE ; H ; 2017_2019;34;Sans diplôme;175,2214173;99382,55461;42,27804896
FE ; H ; 2017_2019;34;Supérieur au baccalauréat;47,73708312;99831,49998;50,10361254
FE ; H ; 2017_2019;35;Baccalauréat;73,49325842;99687,23133;47,1170436
FE ; H ; 2017_2019;35;Brevet, CEP;137,7915637;99414,23556;44,09469839
FE ; H ; 2017_2019;35;CAP, BEP;129,3530727;99450,02935;45,32493558
FE ; H ; 2017_2019;35;Ensemble;99,75749131;99575,64719;45,65067068
FE ; H ; 2017_2019;35;Sans diplôme;186,3615081;99208,41509;41,35225919
FE ; H ; 2017_2019;35;Supérieur au baccalauréat;50,77207421;99783,84334;49,12754197
FE ; H ; 2017_2019;36;Baccalauréat;79,46967756;99613,96793;46,15169692
FE ; H ; 2017_2019;36;Brevet, CEP;150,1029997;99277,25113;43,155541
FE ; H ; 2017_2019;36;CAP, BEP;137,8726766;99321,38768;44,38364071
FE ; H ; 2017_2019;36;Ensemble;106,5896491;99476,31302;44,69625612
FE ; H ; 2017_2019;36;Sans diplôme;204,8850323;99023,52879;40,42946777
FE ; H ; 2017_2019;36;Supérieur au baccalauréat;55,42445462;99733,18101;48,15249771
FE ; H ; 2017_2019;37;Baccalauréat;85,47736939;99534,80503;45,18840269
FE ; H ; 2017_2019;37;Brevet, CEP;162,4176132;99128,233;42,22041614
FE ; H ; 2017_2019;37;CAP, BEP;146,2428263;99184,45063;43,44491811
FE ; H ; 2017_2019;37;Ensemble;114,5049961;99370,28156;43,74394853
FE ; H ; 2017_2019;37;Sans diplôme;223,255566;98820,6444;39,51247176
FE ; H ; 2017_2019;37;Supérieur au baccalauréat;59,92284388;99677,90444;47,17920077
FE ; H ; 2017_2019;38;Baccalauréat;92,24214862;99449,7253;44,22706159
FE ; H ; 2017_2019;38;Brevet, CEP;176,0755971;98967,23129;41,28910109
FE ; H ; 2017_2019;38;CAP, BEP;155,6987066;99039,40048;42,50854624
FE ; H ; 2017_2019;38;Ensemble;122,3424634;99256,49763;42,79409496
FE ; H ; 2017_2019;38;Sans diplôme;243,2478415;98600,02181;38,60088294
FE ; H ; 2017_2019;38;Supérieur au baccalauréat;64,74676495;99618,1746;46,20748884
FE ; H ; 2017_2019;39;Baccalauréat;99,54343674;99357,99074;43,26789525
FE ; H ; 2017_2019;39;Brevet, CEP;190,6234685;98792,97414;40,36192935
FE ; H ; 2017_2019;39;CAP, BEP;165,8334909;98885,19742;41,5748347
FE ; H ; 2017_2019;39;Ensemble;130,3499313;99135,06478;41,84651444
FE ; H ; 2017_2019;39;Sans diplôme;264,1864266;98360,17938;37,69500771
FE ; H ; 2017_2019;39;Supérieur au baccalauréat;69,71756021;99553,67506;45,23742607
FE ; H ; 2017_2019;40;Baccalauréat;107,5436544;99259,08638;42,31100852
FE ; H ; 2017_2019;40;Brevet, CEP;206,3294238;98604,65155;39,43901561
FE ; H ; 2017_2019;40;CAP, BEP;176,8913564;98721,21264;40,64389423
FE ; H ; 2017_2019;40;Ensemble;139,3235354;99005,84229;40,90113254
FE ; H ; 2017_2019;40;Sans diplôme;286,3878361;98100,32514;36,79485659
FE ; H ; 2017_2019;40;Supérieur au baccalauréat;74,92661364;99484,26866;44,26898651
FE ; H ; 2017_2019;41;Baccalauréat;116,7694397;99152,33953;41,35656031
FE ; H ; 2017_2019;41;Brevet, CEP;224,1554682;98401,20114;38,52055815
FE ; H ; 2017_2019;41;CAP, BEP;189,6958214;98546,58335;39,71591716
FE ; H ; 2017_2019;41;Ensemble;149,8804716;98867,90385;39,95819695
FE ; H ; 2017_2019;41;Sans diplôme;311,1345787;97819,37774;35,90053523
FE ; H ; 2017_2019;41;Supérieur au baccalauréat;80,71802774;99409,72847;43,30218063
FE ; H ; 2017_2019;42;Baccalauréat;127,4543037;99036,5599;40,40490859
FE ; H ; 2017_2019;42;Brevet, CEP;244,4905101;98180,62947;37,60709807
FE ; H ; 2017_2019;42;CAP, BEP;204,5599927;98359,6446;38,79139979
FE ; H ; 2017_2019;42;Ensemble;162,5862809;98719,72017;39,01817638
FE ; H ; 2017_2019;42;Sans diplôme;338,9097537;97515,02783;35,01258283
FE ; H ; 2017_2019;42;Supérieur au baccalauréat;87,22511168;99329,4869;42,33716153
FE ; H ; 2017_2019;43;Baccalauréat;139,9594422;98910,33354;39,4564721
FE ; H ; 2017_2019;43;Brevet, CEP;267,9496081;97940,58714;36,6992692
FE ; H ; 2017_2019;43;CAP, BEP;221,984806;98158,44012;37,87091413
FE ; H ; 2017_2019;43;Ensemble;178,6303384;98559,21545;38,08171789
FE ; H ; 2017_2019;43;Sans diplôme;370,499131;97184,53989;34,13164741
FE ; H ; 2017_2019;43;Supérieur au baccalauréat;94,6624971;99242,84664;41,37412241
FE ; H ; 2017_2019;44;Baccalauréat;154,0001344;98771,89919;38,51177256
FE ; H ; 2017_2019;44;Brevet, CEP;293,8894338;97678,15572;35,79786895
FE ; H ; 2017_2019;44;CAP, BEP;241,4351888;97940,54329;36,95516883
FE ; H ; 2017_2019;44;Ensemble;196,3011148;98383,15879;37,14986512
FE ; H ; 2017_2019;44;Sans diplôme;404,9395928;96824,47202;33,25857513
FE ; H ; 2017_2019;44;Supérieur au baccalauréat;102,8054185;99148,90088;40,4133253
FE ; H ; 2017_2019;45;Baccalauréat;169,8078948;98619,79033;37,57117222
FE ; H ; 2017_2019;45;Brevet, CEP;322,6366454;97391,08995;34,90338521
FE ; H ; 2017_2019;45;CAP, BEP;263,1998767;97704,08036;36,04460755
FE ; H ; 2017_2019;45;Ensemble;217,2127433;98190,03156;36,22293416
FE ; H ; 2017_2019;45;Sans diplôme;442,612495;96432,3914;32,39379985
FE ; H ; 2017_2019;45;Supérieur au baccalauréat;111,7866006;99046,97044;39,45491514
FE ; H ; 2017_2019;46;Baccalauréat;187,2327323;98452,32614;36,63507955
FE ; H ; 2017_2019;46;Brevet, CEP;353,7724383;97076,8706;34,01636082
FE ; H ; 2017_2019;46;CAP, BEP;286,9684636;97446,92334;35,13972727
FE ; H ; 2017_2019;46;Ensemble;237,8024955;97976,75029;35,30178626
FE ; H ; 2017_2019;46;Sans diplôme;482,8814156;96005,56958;31,53781629
FE ; H ; 2017_2019;46;Supérieur au baccalauréat;121,4942754;98936,2492;38,49906981
FE ; H ; 2017_2019;47;Baccalauréat;206,8163259;98267,99116;35,70380108
FE ; H ; 2017_2019;47;Brevet, CEP;388,1676788;96733,43939;33,13712857
FE ; H ; 2017_2019;47;CAP, BEP;313,4905208;97167,2814;34,24085742
FE ; H ; 2017_2019;47;Ensemble;261,9769799;97743,75914;34,3859349
FE ; H ; 2017_2019;47;Sans diplôme;526,8858174;95541,97653;30,69084549
FE ; H ; 2017_2019;47;Supérieur au baccalauréat;132,2798265;98816,04732;37,54590087
FE ; H ; 2017_2019;48;Baccalauréat;228,2337517;98064,75691;34,77779541
FE ; H ; 2017_2019;48;Brevet, CEP;425,0354438;96357,95144;32,26625743
FE ; H ; 2017_2019;48;CAP, BEP;342,1807772;96862,67118;33,34853682
FE ; H ; 2017_2019;48;Ensemble;288,4506112;97487,69299;33,47625475
FE ; H ; 2017_2019;48;Sans diplôme;573,5197225;95038,5794;29,85340772
FE ; H ; 2017_2019;48;Supérieur au baccalauréat;143,9472596;98685,33363;36,59563231
FE ; H ; 2017_2019;49;Baccalauréat;252,1051991;97840,94004;33,85735165
FE ; H ; 2017_2019;49;Brevet, CEP;465,3381593;95948,39599;31,40398585
FE ; H ; 2017_2019;49;CAP, BEP;373,8771965;96531,22574;32,46304092
FE ; H ; 2017_2019;49;Ensemble;319,9258779;97206,48914;32,57309655
FE ; H ; 2017_2019;49;Sans diplôme;624,0719861;94493,51441;29,02561052
FE ; H ; 2017_2019;49;Supérieur au baccalauréat;156,9232998;98543,27879;35,64838666
FE ; H ; 2017_2019;50;Baccalauréat;278,0121544;97594,27794;32,94292352
FE ; H ; 2017_2019;50;Brevet, CEP;508,0840526;95501,9115;30,55080378
FE ; H ; 2017_2019;50;CAP, BEP;407,8533477;96170,3175;31,58486831
FE ; H ; 2017_2019;50;Ensemble;352,4131201;96895,50043;31,67764078
FE ; H ; 2017_2019;50;Sans diplôme;677,2241584;93903,80686;28,20788877
FE ; H ; 2017_2019;50;Supérieur au baccalauréat;171,0039972;98388,64143;34,7044152
FE ; H ; 2017_2019;51;Baccalauréat;306,1264145;97322,95399;32,03476418
FE ; H ; 2017_2019;51;Brevet, CEP;553,3670487;95016,68151;29,70682024
FE ; H ; 2017_2019;51;CAP, BEP;444,2650065;95778,08364;30,7142158
FE ; H ; 2017_2019;51;Ensemble;388,352064;96554,02797;30,78967176
FE ; H ; 2017_2019;51;Sans diplôme;733,1627421;93267,86759;27,40022194
FE ; H ; 2017_2019;51;Supérieur au baccalauréat;186,3898551;98220,39292;33,7638628
FE ; H ; 2017_2019;52;Baccalauréat;336,5594218;97025,02272;31,13313219
FE ; H ; 2017_2019;52;Brevet, CEP;601,1505005;94490,89051;28,87212272
FE ; H ; 2017_2019;52;CAP, BEP;483,1683002;95352,57513;29,85127723
FE ; H ; 2017_2019;52;Ensemble;424,935679;96179,05841;29,90971025
FE ; H ; 2017_2019;52;Sans diplôme;791,938002;92584,06233;26,60259387
FE ; H ; 2017_2019;52;Supérieur au baccalauréat;203,2786328;98037,32007;32,82691273
FE ; H ; 2017_2019;53;Baccalauréat;369,7718921;96698,47586;30,23826752
FE ; H ; 2017_2019;53;Brevet, CEP;651,9961836;93922,85805;28,04673733
FE ; H ; 2017_2019;53;CAP, BEP;525,1055691;94891,86172;28,9962094
FE ; H ; 2017_2019;53;Ensemble;464,5790691;95770,35928;29,03734967
FE ; H ; 2017_2019;53;Sans diplôme;854,4287938;91850,85396;25,81495166
FE ; H ; 2017_2019;53;Supérieur au baccalauréat;222,1208357;97838,03115;31,89377876
FE ; H ; 2017_2019;54;Baccalauréat;406,3040011;96340,91208;29,35049512
FE ; H ; 2017_2019;54;Brevet, CEP;706,5536585;93310,4846;27,23080108
FE ; H ; 2017_2019;54;CAP, BEP;570,6987095;94393,57927;28,14927387
FE ; H ; 2017_2019;54;Ensemble;509,5055003;95325,43023;28,17288077
FE ; H ; 2017_2019;54;Sans diplôme;921,662896;91066,05382;25,0374229
FE ; H ; 2017_2019;54;Supérieur au baccalauréat;243,4648265;97620,71249;30,96477919
FE ; H ; 2017_2019;55;Baccalauréat;446,7989542;95949,4751;28,47023386
FE ; H ; 2017_2019;55;Brevet, CEP;765,5873549;92651,19595;26,42457038
FE ; H ; 2017_2019;55;CAP, BEP;620,6751538;93854,87633;27,31084348
FE ; H ; 2017_2019;55;Ensemble;557,8345152;94839,74192;27,31715825
FE ; H ; 2017_2019;55;Sans diplôme;994,8610528;90226,73179;24,27033016
FE ; H ; 2017_2019;55;Supérieur au baccalauréat;267,9900614;97383,0404;30,04035153
FE ; H ; 2017_2019;56;Baccalauréat;491,9855535;95520,77385;27,59800947
FE ; H ; 2017_2019;56;Brevet, CEP;829,9364286;91941,87011;25,62843431
FE ; H ; 2017_2019;56;CAP, BEP;675,8396094;93272,34243;26,48141379
FE ; H ; 2017_2019;56;Ensemble;612,4533764;94310,69311;26,47039761
FE ; H ; 2017_2019;56;Sans diplôme;1075,365844;89329,10117;23,51421251
FE ; H ; 2017_2019;56;Supérieur au baccalauréat;296,4985213;97122,06353;29,12107301
FE ; H ; 2017_2019;57;Baccalauréat;541,709213;95050,82544;26,734459
FE ; H ; 2017_2019;57;Brevet, CEP;898,927121;91178,81104;24,84291407
FE ; H ; 2017_2019;57;CAP, BEP;735,7767542;92641,97099;25,66160347
FE ; H ; 2017_2019;57;Ensemble;671,7290738;93733,08408;25,63351547
FE ; H ; 2017_2019;57;Sans diplôme;1162,424143;88368,48653;22,76982509
FE ; H ; 2017_2019;57;Supérieur au baccalauréat;329,2109755;96834,09804;28,20767333
FE ; H ; 2017_2019;58;Baccalauréat;596,8617628;94535,92636;25,88007082
FE ; H ; 2017_2019;58;Brevet, CEP;973,6329393;90359,17998;24,06825945
FE ; H ; 2017_2019;58;CAP, BEP;801,5024772;91960,33291;24,85181511
FE ; H ; 2017_2019;58;Ensemble;739,1785987;93103,45171;24,8068677
FE ; H ; 2017_2019;58;Sans diplôme;1257,485636;87341,26991;22,03761995
FE ; H ; 2017_2019;58;Supérieur au baccalauréat;366,9828716;96515,30956;27,30084281
FE ; H ; 2017_2019;59;Baccalauréat;657,2233571;93971,67757;25,03546656
FE ; H ; 2017_2019;59;Brevet, CEP;1053,262783;89479,41324;23,30489996
FE ; H ; 2017_2019;59;CAP, BEP;872,5118829;91223,26856;24,05261242
FE ; H ; 2017_2019;59;Ensemble;810,0965694;92415,25092;23,99160027
FE ; H ; 2017_2019;59;Sans diplôme;1359,580514;86242,96599;21,31826898
FE ; H ; 2017_2019;59;Supérieur au baccalauréat;410,0404468;96161,11491;26,40140126
FE ; H ; 2017_2019;60;Baccalauréat;722,4382031;93354,07375;24,20109404
FE ; H ; 2017_2019;60;Brevet, CEP;1136,860729;88536,95988;22,55297468
FE ; H ; 2017_2019;60;CAP, BEP;948,1467275;90427,3347;23,26432151
FE ; H ; 2017_2019;60;Ensemble;888,7733629;91666,59814;23,18754272
FE ; H ; 2017_2019;60;Sans diplôme;1467,514933;85070,42343;20,61210292
FE ; H ; 2017_2019;60;Supérieur au baccalauréat;458,5487011;95766,81545;25,51010341
FE ; H ; 2017_2019;61;Baccalauréat;791,0908746;92679,64826;23,37720427
FE ; H ; 2017_2019;61;Brevet, CEP;1221,90619;87530,41795;21,81231897
FE ; H ; 2017_2019;61;CAP, BEP;1026,40841;89569,95089;22,48701286
FE ; H ; 2017_2019;61;Ensemble;971,591379;90851,88983;22,39547547
FE ; H ; 2017_2019;61;Sans diplôme;1578,04988;83822,00226;19,91909374
FE ; H ; 2017_2019;61;Supérieur au baccalauréat;511,992082;95327,67796;24,62761852
FE ; H ; 2017_2019;62;Baccalauréat;862,3036863;91946,46802;22,56361387
FE ; H ; 2017_2019;62;Brevet, CEP;1306,893908;86460,87836;21,08214203
FE ; H ; 2017_2019;62;CAP, BEP;1106,085764;88650,59738;21,72021505
FE ; H ; 2017_2019;62;Ensemble;1056,265441;89969,1807;21,61520283
FE ; H ; 2017_2019;62;Sans diplôme;1689,216014;82499,24925;19,23846684
FE ; H ; 2017_2019;62;Supérieur au baccalauréat;570,1405566;94839,60779;23,75435888
FE ; H ; 2017_2019;63;Baccalauréat;934,2661227;91153,61024;21,7598731
FE ; H ; 2017_2019;63;Brevet, CEP;1389,071238;85330,92641;20,36131172
FE ; H ; 2017_2019;63;CAP, BEP;1184,848724;87670,04574;20,96314629
FE ; H ; 2017_2019;63;Ensemble;1139,857977;89018,86734;20,8459541
FE ; H ; 2017_2019;63;Sans diplôme;1797,378902;81105,65872;18,56903003
FE ; H ; 2017_2019;63;Supérieur au baccalauréat;632,0646479;94298,88873;22,8905687
FE ; H ; 2017_2019;64;Baccalauréat;1006,589148;90301,99294;20,96508545
FE ; H ; 2017_2019;64;Brevet, CEP;1468,00241;84145,61905;19,64812894
FE ; H ; 2017_2019;64;CAP, BEP;1262,265059;86631,28832;20,21450609
FE ; H ; 2017_2019;64;Ensemble;1221,173495;88004,17868;20,08630806
FE ; H ; 2017_2019;64;Sans diplôme;1901,841392;79647,88272;17,90889451
FE ; H ; 2017_2019;64;Supérieur au baccalauréat;697,6673514;93702,85879;22,0361722
FE ; H ; 2017_2019;65;Baccalauréat;1079,907428;89393,02287;20,17826355
FE ; H ; 2017_2019;65;Brevet, CEP;1544,791939;82910,35933;18,94086126
FE ; H ; 2017_2019;65;CAP, BEP;1339,20291;85537,77184;19,47292872
FE ; H ; 2017_2019;65;Ensemble;1299,003048;86929,49497;19,33462916
FE ; H ; 2017_2019;65;Sans diplôme;2003,853375;78133,10632;17,25609651
FE ; H ; 2017_2019;65;Supérieur au baccalauréat;767,4951814;93049,12453;21,1909915
FE ; H ; 2017_2019;66;Baccalauréat;1156,230485;88427,66098;19,398549
FE ; H ; 2017_2019;66;Brevet, CEP;1622,432778;81629,56679;18,23804909
FE ; H ; 2017_2019;66;CAP, BEP;1418,190578;84392,24751;18,73725055
FE ; H ; 2017_2019;66;Ensemble;1378,656865;85800,27818;18,58909207
FE ; H ; 2017_2019;66;Sans diplôme;2107,079698;76567,43344;16,60895413
FE ; H ; 2017_2019;66;Supérieur au baccalauréat;843,074398;92334,97699;20,35488925
FE ; H ; 2017_2019;67;Baccalauréat;1236,572196;87405,23341;18,6254646
FE ; H ; 2017_2019;67;Brevet, CEP;1702,362509;80305,18194;17,53882913
FE ; H ; 2017_2019;67;CAP, BEP;1500,451716;83195,40461;18,00680324
FE ; H ; 2017_2019;67;Ensemble;1464,160147;84617,38676;17,84895447
FE ; H ; 2017_2019;67;Sans diplôme;2213,137309;74954,09659;15,96645077
FE ; H ; 2017_2019;67;Supérieur au baccalauréat;925,2612379;91556,52444;19,52795518
FE ; H ; 2017_2019;68;Baccalauréat;1324,091334;86324,40459;17,85866562
FE ; H ; 2017_2019;68;Brevet, CEP;1788,849411;78938,09663;16,84257443
FE ; H ; 2017_2019;68;CAP, BEP;1589,747529;81947,09773;17,28110236
FE ; H ; 2017_2019;68;Ensemble;1560,820173;83378,45271;17,114175
FE ; H ; 2017_2019;68;Sans diplôme;2327,286165;73295,25951;15,32780757
FE ; H ; 2017_2019;68;Supérieur au baccalauréat;1016,550496;90709,3874;18,7103272
FE ; H ; 2017_2019;69;Baccalauréat;1419,673074;85181,39063;17,09830369
FE ; H ; 2017_2019;69;Brevet, CEP;1882,877242;77526,01295;16,14935048
FE ; H ; 2017_2019;69;CAP, BEP;1686,998858;80644,34577;16,56026626
FE ; H ; 2017_2019;69;Ensemble;1661,345258;82077,065;16,38553189
FE ; H ; 2017_2019;69;Sans diplôme;2450,468959;71589,46908;14,69302927
FE ; H ; 2017_2019;69;Supérieur au baccalauréat;1117,789083;89787,28068;17,90248046
FE ; H ; 2017_2019;70;Baccalauréat;1526,089834;83972,09337;16,34453945
FE ; H ; 2017_2019;70;Brevet, CEP;1987,868661;76066,2933;15,45925811
FE ; H ; 2017_2019;70;CAP, BEP;1795,331234;79283,87658;15,84443163
FE ; H ; 2017_2019;70;Ensemble;1777,208713;80713,48157;15,66235107
FE ; H ; 2017_2019;70;Sans diplôme;2586,732107;69835,19136;14,06212189
FE ; H ; 2017_2019;70;Supérieur au baccalauréat;1231,283816;88783,64825;17,10485455
FE ; H ; 2017_2019;71;Baccalauréat;1643,47868;82690,60379;15,59783736
FE ; H ; 2017_2019;71;Brevet, CEP;2103,697299;74554,19529;14,77280067
FE ; H ; 2017_2019;71;CAP, BEP;1914,704164;77860,46838;15,13409202
FE ; H ; 2017_2019;71;Ensemble;1900,055404;79279,03454;14,94574016
FE ; H ; 2017_2019;71;Sans diplôme;2735,412513;68028,74204;13,43553039
FE ; H ; 2017_2019;71;Supérieur au baccalauréat;1357,208017;87690,46956;16,31808938
FE ; H ; 2017_2019;72;Baccalauréat;1775,957153;81331,60134;14,85846789
FE ; H ; 2017_2019;72;Brevet, CEP;2235,334184;72985,8007;14,09025394
FE ; H ; 2017_2019;72;CAP, BEP;2049,705865;76369,67075;14,42952172
FE ; H ; 2017_2019;72;Ensemble;2045,03065;77772,68896;14,23521773
FE ; H ; 2017_2019;72;Sans diplôme;2902,357929;66167,87532;12,81338341
FE ; H ; 2017_2019;72;Supérieur au baccalauréat;1498,885564;86500,32748;15,54260696
FE ; H ; 2017_2019;73;Baccalauréat;1924,943148;79887,18695;14,12711905
FE ; H ; 2017_2019;73;Brevet, CEP;2384,182264;71354,32415;13,41241968
FE ; H ; 2017_2019;73;CAP, BEP;2201,709477;74804,31713;13,73147359
FE ; H ; 2017_2019;73;Ensemble;2201,954647;76182,21363;13,53240997
FE ; H ; 2017_2019;73;Sans diplôme;3088,615766;64247,44675;12,19638988
FE ; H ; 2017_2019;73;Supérieur au baccalauréat;1657,328509;85203,78656;14,77911788
FE ; H ; 2017_2019;74;Baccalauréat;2094,805648;78349,40402;13,40439547
FE ; H ; 2017_2019;74;Brevet, CEP;2555,283988;69653,10701;12,74000648
FE ; H ; 2017_2019;74;CAP, BEP;2375,438189;73157,34339;13,04060697
FE ; H ; 2017_2019;74;Ensemble;2386,893882;74504,71584;12,83709656
FE ; H ; 2017_2019;74;Sans diplôme;3299,745056;62263,08998;11,58509511
FE ; H ; 2017_2019;74;Supérieur au baccalauréat;1835,869662;83791,67991;14,02818427
FE ; H ; 2017_2019;75;Baccalauréat;2288,808331;76708,13628;12,69119949
FE ; H ; 2017_2019;75;Brevet, CEP;2752,216739;67873,27231;12,07408652
FE ; H ; 2017_2019;75;CAP, BEP;2574,277878;71419,53592;12,35791601
FE ; H ; 2017_2019;75;Ensemble;2595,618338;72726,36734;12,1509969
FE ; H ; 2017_2019;75;Sans diplôme;3539,120592;60208,56674;10,98041838
FE ; H ; 2017_2019;75;Supérieur au baccalauréat;2036,663742;82253,37388;13,29053995
FE ; H ; 2017_2019;76;Baccalauréat;2512,27275;74952,43406;11,98848092
FE ; H ; 2017_2019;76;Brevet, CEP;2981,008155;66005,25275;11,41579614
FE ; H ; 2017_2019;76;CAP, BEP;2803,884584;69580,9986;11,68444897
FE ; H ; 2017_2019;76;Ensemble;2837,060854;70838,66841;11,47479497
FE ; H ; 2017_2019;76;Sans diplôme;3812,905623;58077,71296;10,38328662
FE ; H ; 2017_2019;76;Supérieur au baccalauréat;2263,313142;80578,14924;12,56685109
FE ; H ; 2017_2019;77;Baccalauréat;2769,244209;73069,42449;11,2974258
FE ; H ; 2017_2019;77;Brevet, CEP;3245,998423;64037,63079;10,76655819
FE ; H ; 2017_2019;77;CAP, BEP;3068,337177;67630,02771;11,02151847
FE ; H ; 2017_2019;77;Ensemble;3119,416504;68828,93228;10,80984753
FE ; H ; 2017_2019;77;Sans diplôme;4124,873025;55863,26458;9,794885409
FE ; H ; 2017_2019;77;Supérieur au baccalauréat;2518,164004;78754,4134;11,85786484
FE ; H ; 2017_2019;78;Baccalauréat;3065,451874;71045,95368;10,61918953
FE ; H ; 2017_2019;78;Brevet, CEP;3553,112285;61958,9703;10,12776528
FE ; H ; 2017_2019;78;CAP, BEP;3373,254557;65554,91043;10,3704007
FE ; H ; 2017_2019;78;Ensemble;3441,320242;66681,87121;10,15790919
FE ; H ; 2017_2019;78;Sans diplôme;4481,083314;53558,97585;9,216294588
FE ; H ; 2017_2019;78;Supérieur au baccalauréat;2805,742719;76771,24811;11,16417881
FE ; H ; 2017_2019;79;Baccalauréat;3408,505124;68868,07416;9,955010097
FE ; H ; 2017_2019;79;Brevet, CEP;3910,234121;59757,49851;9,500873092
FE ; H ; 2017_2019;79;CAP, BEP;3726,084123;63343,57642;9,73243299
FE ; H ; 2017_2019;79;Ensemble;3810,07777;64387,13447;9,519933801
FE ; H ; 2017_2019;79;Sans diplôme;4889,860951;51158,95352;8,648659039
FE ; H ; 2017_2019;79;Supérieur au baccalauréat;3132,376837;74617,2444;10,4864593
FE ; H ; 2017_2019;80;Baccalauréat;3807,754281;66520,70233;9,306300891
FE ; H ; 2017_2019;80;Brevet, CEP;4327,024878;57420,84042;8,887497389
FE ; H ; 2017_2019;80;CAP, BEP;4135,899825;60983,34148;9,109106814
FE ; H ; 2017_2019;80;Ensemble;4235,70079;61933,93458;8,897017879
FE ; H ; 2017_2019;80;Sans diplôme;5361,373901;48657,35182;8,093309215
FE ; H ; 2017_2019;80;Supérieur au baccalauréat;3505,92189;72279,95112;9,825556529
FE ; H ; 2017_2019;81;Baccalauréat;4273,89804;63987,75744;8,674689286
FE ; H ; 2017_2019;81;Brevet, CEP;4814,418926;54936,22637;8,289454391
FE ; H ; 2017_2019;81;CAP, BEP;4612,888343;58461,13157;8,50210433
FE ; H ; 2017_2019;81;Ensemble;4736,558529;59310,59842;8,290537239
FE ; H ; 2017_2019;81;Sans diplôme;5906,936014;46048,64926;7,551803369
FE ; H ; 2017_2019;81;Supérieur au baccalauréat;3935,389646;69745,8725;9,182548734
FE ; H ; 2017_2019;82;Baccalauréat;4820,838694;61252,98592;8,061989477
FE ; H ; 2017_2019;82;Brevet, CEP;5386,65832;52291,36629;7,708729093
FE ; H ; 2017_2019;82;CAP, BEP;5170,247926;55764,38484;7,91326321
FE ; H ; 2017_2019;82;Ensemble;5327,927292;56501,31721;7,702747991
FE ; H ; 2017_2019;82;Sans diplôme;6541,444636;43328,58502;7,025887402
FE ; H ; 2017_2019;82;Supérieur au baccalauréat;4432,654368;67001,10065;8,558721678
FE ; H ; 2017_2019;83;Baccalauréat;5457,272596;58300,07828;7,470330445
FE ; H ; 2017_2019;83;Brevet, CEP;6051,84419;49474,60906;7,147613176
FE ; H ; 2017_2019;83;CAP, BEP;5815,053194;52881,22789;7,344705155
FE ; H ; 2017_2019;83;Ensemble;6014,396736;53490,96811;7,136240996
FE ; H ; 2017_2019;83;Sans diplôme;7271,892272;40494,26962;6,517650337
FE ; H ; 2017_2019;83;Supérieur au baccalauréat;5004,750885;64031,17344;7,955696761
FE ; H ; 2017_2019;84;Baccalauréat;6198,496243;55118,48408;6,901538965
FE ; H ; 2017_2019;84;Brevet, CEP;6825,149003;46480,4828;6,608039896
FE ; H ; 2017_2019;84;CAP, BEP;6560,847603;49806,15636;6,798173067
FE ; H ; 2017_2019;84;Ensemble;6819,49064;50273,80907;6,592908645
FE ; H ; 2017_2019;84;Sans diplôme;8113,576477;37549,56995;6,028775305
FE ; H ; 2017_2019;84;Supérieur au baccalauréat;5664,831596;60826,57272;7,374836463
FE ; H ; 2017_2019;85;Baccalauréat;7052,501252;51701,96692;6,357599493
FE ; H ; 2017_2019;85;Brevet, CEP;7713,320945;43308,12059;6,092085284
FE ; H ; 2017_2019;85;CAP, BEP;7412,686423;46538,45034;6,275508063
FE ; H ; 2017_2019;85;Ensemble;7721,492802;46845,39137;6,075415975
FE ; H ; 2017_2019;85;Sans diplôme;9071,572526;34502,95688;5,561116511
FE ; H ; 2017_2019;85;Supérieur au baccalauréat;6419,576927;57380,84981;6,817695763
FE ; H ; 2017_2019;86;Baccalauréat;8038,040996;48055,68505;5,839989864
FE ; H ; 2017_2019;86;Brevet, CEP;8734,537287;39967,62626;5,601261793
FE ; H ; 2017_2019;86;CAP, BEP;8386,134144;43088,70095;5,777935141
FE ; H ; 2017_2019;86;Ensemble;8772,912989;43228,22785;5,583782248
FE ; H ; 2017_2019;86;Sans diplôme;10164,54567;31372,99612;5,115927291
FE ; H ; 2017_2019;86;Supérieur au baccalauréat;7285,933301;53697,24201;6,285386771
FE ; H ; 2017_2019;87;Baccalauréat;9159,650031;44192,94939;5,350440908
FE ; H ; 2017_2019;87;Brevet, CEP;9890,98018;36476,63904;5,137329091
FE ; H ; 2017_2019;87;CAP, BEP;9480,841358;39475,22469;5,306834765
FE ; H ; 2017_2019;87;Ensemble;9944,345685;39435,85303;5,12075035
FE ; H ; 2017_2019;87;Sans diplôme;11392,6734;28184,0736;4,694775331
FE ; H ; 2017_2019;87;Supérieur au baccalauréat;8268,661107;49784,89677;5,77932378
FE ; H ; 2017_2019;88;Baccalauréat;10438,30561;40145,02989;4,889938678
FE ; H ; 2017_2019;88;Brevet, CEP;11202,1355;32868,7419;4,701237347
FE ; H ; 2017_2019;88;CAP, BEP;10712,4472;35732,64126;4,862664705
FE ; H ; 2017_2019;88;Ensemble;11295,85442;35514,21548;4,686206368
FE ; H ; 2017_2019;88;Sans diplôme;12776,80231;24973,15415;4,298405347
FE ; H ; 2017_2019;88;Supérieur au baccalauréat;9388,532009;45668,35238;5,300271913
FE ; H ; 2017_2019;89;Baccalauréat;11870,46263;35954,56898;4,459855032
FE ; H ; 2017_2019;89;Brevet, CEP;12660,43733;29186,7409;4,294313521
FE ; H ; 2017_2019;89;CAP, BEP;12070,0284;31904,80093;4,446072327
FE ; H ; 2017_2019;89;Ensemble;12766,356;31502,5814;4,282962073
FE ; H ; 2017_2019;89;Sans diplôme;14307,61768;21782,38361;3,928052927
FE ; H ; 2017_2019;89;Supérieur au baccalauréat;10645,77216;41380,7645;4,849449337
FE ; H ; 2017_2019;90;Baccalauréat;13461,26988;31686,5953;4,060567847
FE ; H ; 2017_2019;90;Brevet, CEP;14267,15958;25491,57186;3,91680218
FE ; H ; 2017_2019;90;CAP, BEP;13550,54957;28053,8824;4,056378668
FE ; H ; 2017_2019;90;Ensemble;14418,69504;27480,84971;3,909759442
FE ; H ; 2017_2019;90;Sans diplôme;15987,5188;18665,84344;3,583899783
FE ; H ; 2017_2019;90;Supérieur au baccalauréat;12050,58957;36975,46259;4,427218671
FE ; H ; 2017_2019;91;Baccalauréat;15206,45138;27421,17719;-
FE ; H ; 2017_2019;91;Brevet, CEP;16012,90967;21854,64862;-
FE ; H ; 2017_2019;91;CAP, BEP;15206,45138;24252,42716;-
FE ; H ; 2017_2019;91;Ensemble;16163,20404;23518,4698;-
FE ; H ; 2017_2019;91;Sans diplôme;17808,68433;15681,63821;-
FE ; H ; 2017_2019;91;Supérieur au baccalauréat;13607,3708;32519,70135;-
FE ; H ; 2017_2019;92;Baccalauréat;17115,69102;23251,38922;-
FE ; H ; 2017_2019;92;Brevet, CEP;17902,28455;18355,08348;-
FE ; H ; 2017_2019;92;CAP, BEP;17115,69102;20564,49362;-
FE ; H ; 2017_2019;92;Ensemble;18011,46857;19717,13154;-
FE ; H ; 2017_2019;92;Sans diplôme;19780,92562;12888,94477;-
FE ; H ; 2017_2019;92;Supérieur au baccalauréat;15336,15993;28094,62501;-
FE ; H ; 2017_2019;93;Baccalauréat;19244,66573;19271,75328;-
FE ; H ; 2017_2019;93;Brevet, CEP;19986,51499;15069,10421;-
FE ; H ; 2017_2019;93;CAP, BEP;19244,66573;17044,73843;-
FE ; H ; 2017_2019;93;Ensemble;19965,33829;16165,78659;-
FE ; H ; 2017_2019;93;Sans diplôme;21967,25425;10339,39219;-
FE ; H ; 2017_2019;93;Supérieur au baccalauréat;17302,17172;23785,98838;-
FE ; H ; 2017_2019;94;Baccalauréat;21613,7933;15562,96878;-
FE ; H ; 2017_2019;94;Brevet, CEP;22277,76969;12057,31544;-
FE ; H ; 2017_2019;94;CAP, BEP;21613,7933;13764,53549;-
FE ; H ; 2017_2019;94;Ensemble;22031,373;12938,23261;-
FE ; H ; 2017_2019;94;Sans diplôme;24389,35839;8068,111618;-
FE ; H ; 2017_2019;94;Supérieur au baccalauréat;19544,38167;19670,49583;-
FE ; H ; 2017_2019;95;Baccalauréat;23682,61023;12199,22088;-
FE ; H ; 2017_2019;95;Brevet, CEP;24346,85209;9371,214472;-
FE ; H ; 2017_2019;95;CAP, BEP;23682,61023;10789,49724;-
FE ; H ; 2017_2019;95;Ensemble;24199,09691;10087,76232;-
FE ; H ; 2017_2019;95;Sans diplôme;26459,28505;6100,35096;-
FE ; H ; 2017_2019;95;Supérieur au baccalauréat;21612,3712;15826,01905;-
FE ; H ; 2017_2019;96;Baccalauréat;25846,02593;9310,126947;-
FE ; H ; 2017_2019;96;Brevet, CEP;26511,64279;7089,618746;-
FE ; H ; 2017_2019;96;CAP, BEP;25846,02593;8234,262666;-
FE ; H ; 2017_2019;96;Ensemble;26419,27227;7646,614941;-
FE ; H ; 2017_2019;96;Sans diplôme;28628,44854;4486,24171;-
FE ; H ; 2017_2019;96;Supérieur au baccalauréat;23771,50146;12405,64106;-
FE ; H ; 2017_2019;97;Baccalauréat;28186,22155;6903,829122;-
FE ; H ; 2017_2019;97;Brevet, CEP;28854,22513;5210,044348;-
FE ; H ; 2017_2019;97;CAP, BEP;28186,22155;6106,033002;-
FE ; H ; 2017_2019;97;Ensemble;28770,80262;5626,43492;-
FE ; H ; 2017_2019;97;Sans diplôme;30978,62116;3201,900311;-
FE ; H ; 2017_2019;97;Supérieur au baccalauréat;26104,2584;9456,633917;-
FE ; H ; 2017_2019;98;Baccalauréat;30257,44609;4957,90055;-
FE ; H ; 2017_2019;98;Brevet, CEP;30927,40362;3706,726423;-
FE ; H ; 2017_2019;98;CAP, BEP;30257,44609;4384,973012;-
FE ; H ; 2017_2019;98;Ensemble;30845,54913;4007,664435;-
FE ; H ; 2017_2019;98;Sans diplôme;33058,01367;2209,995744;-
FE ; H ; 2017_2019;98;Supérieur au baccalauréat;28169,39305;6988,049764;-
FE ; H ; 2017_2019;99;Baccalauréat;32162,88857;3457,766464;-
FE ; H ; 2017_2019;99;Brevet, CEP;32834,43754;2560,332181;-
FE ; H ; 2017_2019;99;CAP, BEP;32162,88857;3058,192167;-
FE ; H ; 2017_2019;99;Ensemble;32753,84415;2771,478333;-
FE ; H ; 2017_2019;99;Sans diplôme;34970,10866;1479,415049;-
FE ; H ; 2017_2019;99;Supérieur au baccalauréat;30069,87555;5019,558559;-
FE ; H ; 2017_2019;100;Baccalauréat;33705,60202;2345,648889;-
FE ; H ; 2017_2019;100;Brevet, CEP;34378,42359;1719,66151;-
FE ; H ; 2017_2019;100;CAP, BEP;33705,60202;2074,589228;-
FE ; H ; 2017_2019;100;Ensemble;34293,07996;1863,712639;-
FE ; H ; 2017_2019;100;Sans diplôme;36518,14187;962,0619986;-
FE ; H ; 2017_2019;100;Supérieur au baccalauréat;31608,62268;3510,183548;-
FE ; H ; 2017_2019;101;Baccalauréat;35122,12113;1555,03381;-
FE ; H ; 2017_2019;101;Brevet, CEP;35796,03461;1128,468992;-
FE ; H ; 2017_2019;101;CAP, BEP;35122,12113;1375,336439;-
FE ; H ; 2017_2019;101;Ensemble;35705,42642;1224,588174;-
FE ; H ; 2017_2019;101;Sans diplôme;37939,2254;610,7348331;-
FE ; H ; 2017_2019;101;Supérieur au baccalauréat;33021,73864;2400,662875;-
FE ; H ; 2017_2019;102;Baccalauréat;36433,93703;1008,872951;-
FE ; H ; 2017_2019;102;Brevet, CEP;37108,82127;724,5218411;-
FE ; H ; 2017_2019;102;CAP, BEP;36433,93703;892,2891091;-
FE ; H ; 2017_2019;102;Ensemble;37011,56282;787,3437443;-
FE ; H ; 2017_2019;102;Sans diplôme;39255,09932;379,0267682;-
FE ; H ; 2017_2019;102;Supérieur au baccalauréat;34330,52895;1607,922255;-
FE ; H ; 2017_2019;103;Baccalauréat;38004,76665;641,3008156;-
FE ; H ; 2017_2019;103;Brevet, CEP;38680,56883;455,660326;-
FE ; H ; 2017_2019;103;CAP, BEP;38004,76665;567,193057;-
FE ; H ; 2017_2019;103;Ensemble;38584,87144;495,9355198;-
FE ; H ; 2017_2019;103;Sans diplôme;40829,76613;230,2394339;-
FE ; H ; 2017_2019;103;Supérieur au baccalauréat;35898,49762;1055,91404;-
FE ; H ; 2017_2019;104;Baccalauréat;39615,51549;397,5759371;-
FE ; H ; 2017_2019;104;Brevet, CEP;40291,74113;279,4083199;-
FE ; H ; 2017_2019;104;CAP, BEP;39615,51549;351,6326592;-
FE ; H ; 2017_2019;104;Ensemble;40225,05916;304,5794371;-
FE ; H ; 2017_2019;104;Sans diplôme;42442,28512;136,2332115;-
FE ; H ; 2017_2019;104;Supérieur au baccalauréat;37507,92667;676,8567632;-
FE ; H ; 2009_2013;30;Baccalauréat;65,62928078;100000;51,24165781
FE ; H ; 2009_2013;30;Brevet, CEP;93,08533466;100000;48,4487395
FE ; H ; 2009_2013;30;CAP, BEP;97,70876228;100000;49,39143004
FE ; H ; 2009_2013;30;Ensemble;82,1787547;100000;49,32615705
FE ; H ; 2009_2013;30;Sans diplôme;181,9359885;100000;45,42717074
FE ; H ; 2009_2013;30;Supérieur au baccalauréat;39,49072782;100000;53,02588264
FE ; H ; 2009_2013;31;Baccalauréat;70,00778671;99934,37072;50,27530943
FE ; H ; 2009_2013;31;Brevet, CEP;99,22584497;99906,91467;47,49388019
FE ; H ; 2009_2013;31;CAP, BEP;104,0712271;99902,29124;48,43973699
FE ; H ; 2009_2013;31;Ensemble;86,7165608;99917,82125;48,36672602
FE ; H ; 2009_2013;31;Sans diplôme;192,2273196;99818,06401;44,50996976
FE ; H ; 2009_2013;31;Supérieur au baccalauréat;43,07482605;99960,50927;52,04683122
FE ; H ; 2009_2013;32;Baccalauréat;74,6784079;99864,40888;49,31053072
FE ; H ; 2009_2013;32;Brevet, CEP;105,771423;99807,78119;46,5410532
FE ; H ; 2009_2013;32;CAP, BEP;110,8479941;99798,3217;47,49020134
FE ; H ; 2009_2013;32;Ensemble;91,50493877;99831,17595;47,40870438
FE ; H ; 2009_2013;32;Sans diplôme;203,1007868;99626,18642;43,59569487
FE ; H ; 2009_2013;32;Supérieur au baccalauréat;46,98420974;99917,45146;51,06925996
FE ; H ; 2009_2013;33;Baccalauréat;79,66063303;99789,83173;48,34738256
FE ; H ; 2009_2013;33;Brevet, CEP;112,7487897;99702,21307;45,59033246
FE ; H ; 2009_2013;33;CAP, BEP;118,0660413;99687,69726;46,54290169
FE ; H ; 2009_2013;33;Ensemble;95,55542488;99739,82549;46,45212542
FE ; H ; 2009_2013;33;Sans diplôme;214,589319;99423,84485;42,68441826
FE ; H ; 2009_2013;33;Supérieur au baccalauréat;49,88040123;99870,50603;50,09326573
FE ; H ; 2009_2013;34;Baccalauréat;82,27479579;99710,33852;47,38592709
FE ; H ; 2009_2013;34;Brevet, CEP;120,159721;99589,80004;44,64179303
FE ; H ; 2009_2013;34;CAP, BEP;125,7261586;99569,99994;45,59791801
FE ; H ; 2009_2013;34;Ensemble;99,31363444;99644,51868;45,4965554
FE ; H ; 2009_2013;34;Sans diplôme;226,6773247;99210,4919;41,77621144
FE ; H ; 2009_2013;34;Supérieur au baccalauréat;52,42037353;99820,69022;49,11826492
FE ; H ; 2009_2013;35;Baccalauréat;88,51340109;99628,30204;46,42494587
FE ; H ; 2009_2013;35;Brevet, CEP;129,1805638;99470,13321;43,69549901
FE ; H ; 2009_2013;35;CAP, BEP;133,4502705;99444,81441;44,65531869
FE ; H ; 2009_2013;35;Ensemble;107,3565134;99545,55808;44,5417846
FE ; H ; 2009_2013;35;Sans diplôme;238,3595835;98985,60421;40,87112379
FE ; H ; 2009_2013;35;Supérieur au baccalauréat;57,15942084;99768,36384;48,1440264
FE ; H ; 2009_2013;36;Baccalauréat;95,31877573;99540,11764;45,46607457
FE ; H ; 2009_2013;36;Brevet, CEP;139,0180091;99341,63713;42,75201812
FE ; H ; 2009_2013;36;CAP, BEP;142,0860689;99312,10503;43,71499096
FE ; H ; 2009_2013;36;Ensemble;116,0691666;99438,68944;43,5896545
FE ; H ; 2009_2013;36;Sans diplôme;251,7468183;98749,66254;39,96877679
FE ; H ; 2009_2013;36;Supérieur au baccalauréat;62,25626315;99711,33682;47,17156099
FE ; H ; 2009_2013;37;Baccalauréat;102,7049405;99445,23722;44,50945363
FE ; H ; 2009_2013;37;Brevet, CEP;149,6886022;99203,53437;41,81153386
FE ; H ; 2009_2013;37;CAP, BEP;151,5772469;99170,99637;42,77719226
FE ; H ; 2009_2013;37;Ensemble;125,4889062;99323,27179;42,64030744
FE ; H ; 2009_2013;37;Sans diplôme;266,6352114;98501,06341;39,06965086
FE ; H ; 2009_2013;37;Supérieur au baccalauréat;67,74981173;99649,26027;46,20094653
FE ; H ; 2009_2013;38;Baccalauréat;110,5047081;99343,10205;43,55521403
FE ; H ; 2009_2013;38;Brevet, CEP;160,9454034;99055,03798;40,87421478
FE ; H ; 2009_2013;38;CAP, BEP;161,6320869;99020,6757;41,84213118
FE ; H ; 2009_2013;38;Ensemble;135,4228632;99198,6321;41,69388353
FE ; H ; 2009_2013;38;Sans diplôme;282,4502668;98238,42489;38,17410282
FE ; H ; 2009_2013;38;Supérieur au baccalauréat;73,54783811;99581,74809;45,23226881
FE ; H ; 2009_2013;39;Baccalauréat;117,821673;99233,32324;42,60339784
FE ; H ; 2009_2013;39;Brevet, CEP;171,4817157;98895,61345;39,940106
FE ; H ; 2009_2013;39;CAP, BEP;170,9297367;98860,62652;40,90987098
FE ; H ; 2009_2013;39;Ensemble;144,7743164;99064,29447;40,75042315
FE ; H ; 2009_2013;39;Sans diplôme;296,869286;97960,95019;37,28223108
FE ; H ; 2009_2013;39;Supérieur au baccalauréat;79,0571244;99508,50786;44,26556065
FE ; H ; 2009_2013;40;Baccalauréat;131,5127767;99116,40488;41,65365309
FE ; H ; 2009_2013;40;Brevet, CEP;191,2645785;98726,02556;39,00871363
FE ; H ; 2009_2013;40;CAP, BEP;189,3227753;98691,64431;39,97991784
FE ; H ; 2009_2013;40;Ensemble;161,9913366;98920,87481;39,80950483
FE ; H ; 2009_2013;40;Sans diplôme;326,8686414;97670,13422;36,39324012
FE ; H ; 2009_2013;40;Supérieur au baccalauréat;88,92174299;99429,8393;43,30058342
FE ; H ; 2009_2013;41;Baccalauréat;146,5357634;98986,05414;40,7085051
FE ; H ; 2009_2013;41;Brevet, CEP;212,9406464;98537,19764;38,08346646
FE ; H ; 2009_2013;41;CAP, BEP;209,3699944;98504,79855;39,05575251
FE ; H ; 2009_2013;41;Ensemble;180,910859;98760,63157;38,87409741
FE ; H ; 2009_2013;41;Sans diplôme;359,3586225;97350,88118;35,51258833
FE ; H ; 2009_2013;41;Supérieur au baccalauréat;99,81813429;99341,42455;42,33912132
FE ; H ; 2009_2013;42;Baccalauréat;155,6263338;98841,00417;39,76824516
FE ; H ; 2009_2013;42;Brevet, CEP;225,9609777;98327,37189;37,16473469
FE ; H ; 2009_2013;42;CAP, BEP;220,7715976;98298,55906;38,1376951
FE ; H ; 2009_2013;42;Ensemble;192,5431901;98581,96286;37,94455233
FE ; H ; 2009_2013;42;Sans diplôme;376,7722439;97001,04239;34,64066613
FE ; H ; 2009_2013;42;Supérieur au baccalauréat;106,7625197;99242,2638;41,38142567
FE ; H ; 2009_2013;43;Baccalauréat;174,130375;98687,18154;38,83023149
FE ; H ; 2009_2013;43;Brevet, CEP;252,5972696;98105,1904;36,24890268
FE ; H ; 2009_2013;43;CAP, BEP;245,3155458;98081,54376;37,22207859
FE ; H ; 2009_2013;43;Ensemble;215,8613466;98392,15;37,01775293
FE ; H ; 2009_2013;43;Sans diplôme;416,2940962;96635,56939;33,77167616
FE ; H ; 2009_2013;43;Supérieur au baccalauréat;120,2744761;99136,31025;40,42565274
FE ; H ; 2009_2013;44;Baccalauréat;185,5874686;98515,33718;37,89796466
FE ; H ; 2009_2013;44;Brevet, CEP;268,9602363;97857,37937;35,34069829
FE ; H ; 2009_2013;44;CAP, BEP;259,7057535;97840,93448;36,31361469
FE ; H ; 2009_2013;44;Ensemble;230,4893769;98179,75938;36,09783281
FE ; H ; 2009_2013;44;Sans diplôme;438,2588967;96233,28122;32,91285336
FE ; H ; 2009_2013;44;Supérieur au baccalauréat;129,0377037;99017,07458;39,47433303
FE ; H ; 2009_2013;45;Baccalauréat;205,5170205;98332,50506;36,96842931
FE ; H ; 2009_2013;45;Brevet, CEP;297,5349637;97594,18193;34,43600706
FE ; H ; 2009_2013;45;CAP, BEP;285,7166333;97586,83595;35,4081688
FE ; H ; 2009_2013;45;Ensemble;255,6772766;97953,46547;35,18122669
FE ; H ; 2009_2013;45;Sans diplôme;479,4648929;95811,5303;32,05773181
FE ; H ; 2009_2013;45;Supérieur au baccalauréat;143,8161046;98889,30522;38,52533561
FE ; H ; 2009_2013;46;Baccalauréat;225,312198;98130,41503;36,04456219
FE ; H ; 2009_2013;46;Brevet, CEP;325,8297304;97303,80512;33,53877198
FE ; H ; 2009_2013;46;CAP, BEP;311,2112041;97308,01412;34,5096257
FE ; H ; 2009_2013;46;Ensemble;280,7557636;97703,02072;34,27140767
FE ; H ; 2009_2013;46;Sans diplôme;519,3029745;95352,14765;31,2121779
FE ; H ; 2009_2013;46;Supérieur au baccalauréat;158,6734885;98747,08647;37,58082105
FE ; H ; 2009_2013;47;Baccalauréat;250,2591564;97909,31523;35,12595838
FE ; H ; 2009_2013;47;Brevet, CEP;361,4657557;96986,76039;32,6484085
FE ; H ; 2009_2013;47;CAP, BEP;343,4416943;97005,18068;33,6173588
FE ; H ; 2009_2013;47;Ensemble;312,3128756;97428,71385;33,36789752
FE ; H ; 2009_2013;47;Sans diplôme;569,7849726;94856,98111;30,37510978
FE ; H ; 2009_2013;47;Supérieur au baccalauréat;177,3597486;98590,40102;36,64054662
FE ; H ; 2009_2013;48;Baccalauréat;273,7221939;97664,28821;34,21408485
FE ; H ; 2009_2013;48;Brevet, CEP;394,8362538;96636,18647;31,76684944
FE ; H ; 2009_2013;48;CAP, BEP;373,2306712;96672,02445;32,73321272
FE ; H ; 2009_2013;48;Ensemble;342,0772764;97124,43144;32,47243625
FE ; H ; 2009_2013;48;Sans diplôme;615,5792548;94316,50029;29,54917438
FE ; H ; 2009_2013;48;Supérieur au baccalauréat;195,2114359;98415,54134;35,70564766
FE ; H ; 2009_2013;49;Baccalauréat;307,019054;97396,95937;33,30799344
FE ; H ; 2009_2013;49;Brevet, CEP;442,2242077;96254,63177;30,89277367
FE ; H ; 2009_2013;49;CAP, BEP;415,9277334;96311,2148;31,85584079
FE ; H ; 2009_2013;49;Ensemble;384,1918998;96792,19083;31,58389836
FE ; H ; 2009_2013;49;Sans diplôme;681,8451764;93735,90748;28,73219963
FE ; H ; 2009_2013;49;Supérieur au baccalauréat;220,3455334;98223,42295;34,7754855
FE ; H ; 2009_2013;50;Baccalauréat;339,5356834;97097,93215;32,41057026
FE ; H ; 2009_2013;50;Brevet, CEP;488,2869093;95828,97048;30,02999582
FE ; H ; 2009_2013;50;CAP, BEP;456,9765534;95910,62975;30,98889147
FE ; H ; 2009_2013;50;Ensemble;425,3996452;96420,32307;30,70570913
FE ; H ; 2009_2013;50;Sans diplôme;744,4493737;93096,77372;27,92945372
FE ; H ; 2009_2013;50;Supérieur au baccalauréat;245,2410927;98006,99202;33,85228094
FE ; H ; 2009_2013;51;Baccalauréat;373,0618244;96768,25002;31,52099063
FE ; H ; 2009_2013;51;Brevet, CEP;535,580466;95361,05017;29,17734786
FE ; H ; 2009_2013;51;CAP, BEP;498,8129448;95472,34066;30,13115354
FE ; H ; 2009_2013;51;Ensemble;467,9206645;96010,15136;29,83688915
FE ; H ; 2009_2013;51;Sans diplôme;807,3830713;92403,71537;27,13893384
FE ; H ; 2009_2013;51;Supérieur au baccalauréat;271,1824472;97766,6386;32,93550475
FE ; H ; 2009_2013;52;Baccalauréat;409,7167169;96407,24462;30,63902375
FE ; H ; 2009_2013;52;Brevet, CEP;587,1092618;94850,31501;28,33445749
FE ; H ; 2009_2013;52;CAP, BEP;544,2303818;94996,11226;29,2822051
FE ; H ; 2009_2013;52;Ensemble;514,3998948;95560,90002;28,97715846
FE ; H ; 2009_2013;52;Sans diplôme;875,083673;91657,66341;26,35983249
FE ; H ; 2009_2013;52;Supérieur au baccalauréat;299,7370043;97501,51264;32,02506292
FE ; H ; 2009_2013;53;Baccalauréat;450,0316426;96012,24803;29,76507339
FE ; H ; 2009_2013;53;Brevet, CEP;643,5777838;94293,44003;27,50179416
FE ; H ; 2009_2013;53;CAP, BEP;593,8429733;94479,11456;28,4424398
FE ; H ; 2009_2013;53;Ensemble;565,4959736;95069,33485;28,12698766
FE ; H ; 2009_2013;53;Sans diplôme;948,3719206;90855,58216;25,59253946
FE ; H ; 2009_2013;53;Supérieur au baccalauréat;331,3488151;97209,26453;31,12134247
FE ; H ; 2009_2013;54;Baccalauréat;500,7064013;95580,16253;28,8996312
FE ; H ; 2009_2013;54;Brevet, CEP;714,4591455;93686,58839;26,67993608
FE ; H ; 2009_2013;54;CAP, BEP;656,2955527;93918,05698;27,61235224
FE ; H ; 2009_2013;54;Ensemble;629,6191147;94531,72159;27,28694922
FE ; H ; 2009_2013;54;Sans diplôme;1040,695286;89993,93334;24,83757578
FE ; H ; 2009_2013;54;Supérieur au baccalauréat;371,0643201;96887,16278;30,22480549
FE ; H ; 2009_2013;55;Baccalauréat;554,8194332;95101,58654;28,04506168
FE ; H ; 2009_2013;55;Brevet, CEP;789,7527261;93017,236;25,87192501
FE ; H ; 2009_2013;55;CAP, BEP;722,2752558;93301,67694;26,79476807
FE ; H ; 2009_2013;55;Ensemble;698,0619774;93936,5318;26,45984163
FE ; H ; 2009_2013;55;Sans diplôme;1136,873375;89057,37071;24,09877757
FE ; H ; 2009_2013;55;Supérieur au baccalauréat;413,8964477;96527,64909;29,33737667
FE ; H ; 2009_2013;56;Baccalauréat;597,0565912;94573,94445;27,20152924
FE ; H ; 2009_2013;56;Brevet, CEP;847,6828506;92282,62984;25,07787574
FE ; H ; 2009_2013;56;CAP, BEP;771,973447;92627,78202;25,98970805
FE ; H ; 2009_2013;56;Ensemble;751,5267467;93280,79659;25,64584615
FE ; H ; 2009_2013;56;Sans diplôme;1205,963213;88044,90118;23,3759007
FE ; H ; 2009_2013;56;Supérieur au baccalauréat;448,3624714;96128,12458;28,4593077
FE ; H ; 2009_2013;57;Baccalauréat;649,7230496;94009,28449;26,36491326
FE ; H ; 2009_2013;57;Brevet, CEP;919,9016417;91500,36581;24,29227401
FE ; H ; 2009_2013;57;CAP, BEP;834,3628566;91912,72014;25,19190259
FE ; H ; 2009_2013;57;Ensemble;818,0253948;92579,76645;24,84004097
FE ; H ; 2009_2013;57;Sans diplôme;1293,390597;86983,11206;22,66124663
FE ; H ; 2009_2013;57;Supérieur au baccalauréat;491,1472966;95697,12214;27,58748325
FE ; H ; 2009_2013;58;Baccalauréat;690,7246279;93398,4845;25,53733243
FE ; H ; 2009_2013;58;Brevet, CEP;975,1089131;90658,65244;23,51781378
FE ; H ; 2009_2013;58;CAP, BEP;881,0478388;91145,83454;24,40386298
FE ; H ; 2009_2013;58;Ensemble;869,7346135;91822,44045;24,04491473
FE ; H ; 2009_2013;58;Sans diplôme;1355,143191;85858,08067;21,95818564
FE ; H ; 2009_2013;58;Supérieur au baccalauréat;525,5731967;95227,10831;26,72364719
FE ; H ; 2009_2013;59;Baccalauréat;744,4776002;92753,35816;24,71495193
FE ; H ; 2009_2013;59;Brevet, CEP;1047,742309;89774,63184;22,74939626
FE ; H ; 2009_2013;59;CAP, BEP;943,2602482;90342,79613;23,62078387
FE ; H ; 2009_2013;59;Ensemble;937,3382021;91023,82891;23,25587648
FE ; H ; 2009_2013;59;Sans diplôme;1439,351443;84694,58073;21,25983832
FE ; H ; 2009_2013;59;Supérieur au baccalauréat;570,1766459;94726,62016;25,8648416
FE ; H ; 2009_2013;60;Baccalauréat;797,1234066;92062,83019;23,90032931
FE ; H ; 2009_2013;60;Brevet, CEP;1118,16769;88834,02504;21,9902751
FE ; H ; 2009_2013;60;CAP, BEP;1003,227092;89490,62845;22,84571098
FE ; H ; 2009_2013;60;Ensemble;1003,367139;90170,62778;22,4759253
FE ; H ; 2009_2013;60;Sans diplôme;1518,538308;83475,52806;20,57031091
FE ; H ; 2009_2013;60;Supérieur au baccalauréat;614,4806113;94186,51109;25,01316258
FE ; H ; 2009_2013;61;Baccalauréat;843,2864247;91328,97582;23,09237527
FE ; H ; 2009_2013;61;Brevet, CEP;1178,889102;87840,71168;21,23894378
FE ; H ; 2009_2013;61;CAP, BEP;1054,322685;88592,83422;22,07722798
FE ; H ; 2009_2013;61;Ensemble;1061,033624;89265,88534;21,70372704
FE ; H ; 2009_2013;61;Sans diplôme;1582,946165;82207,92019;19,88749553
FE ; H ; 2009_2013;61;Supérieur au baccalauréat;654,2700911;93607,75324;24,16781391
FE ; H ; 2009_2013;62;Baccalauréat;890,2791761;90558,81096;22,28876627
FE ; H ; 2009_2013;62;Brevet, CEP;1240,165536;86805,1671;20,49231434
FE ; H ; 2009_2013;62;CAP, BEP;1105,829096;87658,77987;21,31247345
FE ; H ; 2009_2013;62;Ensemble;1119,509621;88318,74428;20,93648047
FE ; H ; 2009_2013;62;Sans diplôme;1646,757332;80906,61307;19,20736727
FE ; H ; 2009_2013;62;Supérieur au baccalauréat;695,1444115;92995,30571;23,32697806
FE ; H ; 2009_2013;63;Baccalauréat;937,491755;89752,58473;21,48898099
FE ; H ; 2009_2013;63;Brevet, CEP;1301,121228;85728,63933;19,74964427
FE ; H ; 2009_2013;63;CAP, BEP;1156,991471;86689,42358;20,55078834
FE ; H ; 2009_2013;63;Ensemble;1178,003529;87330,00744;20,17352007
FE ; H ; 2009_2013;63;Sans diplôme;1708,862911;79574,27749;18,52896188
FE ; H ; 2009_2013;63;Supérieur au baccalauréat;736,6352263;92348,85404;22,49026935
FE ; H ; 2009_2013;64;Baccalauréat;998,5277407;88911,16165;20,69234493
FE ; H ; 2009_2013;64;Brevet, CEP;1380,473926;84613,20581;19,00999861
FE ; H ; 2009_2013;64;CAP, BEP;1224,434536;85686,43434;19,7913424
FE ; H ; 2009_2013;64;Ensemble;1253,540543;86301,25687;19,41399768
FE ; H ; 2009_2013;64;Sans diplôme;1793,484218;78214,46217;17,85110136
FE ; H ; 2009_2013;64;Supérieur au baccalauréat;789,5439738;91668,57985;21,65717005
FE ; H ; 2009_2013;65;Baccalauréat;1073,056665;88023,35903;19,90104769
FE ; H ; 2009_2013;65;Brevet, CEP;1477,44292;83445,14256;18,27610015
FE ; H ; 2009_2013;65;CAP, BEP;1307,347962;84637,26005;19,03667841
FE ; H ; 2009_2013;65;Ensemble;1345,603068;85219,43563;18,66044938
FE ; H ; 2009_2013;65;Sans diplôme;1898,673748;76811,69814;17,17710487
FE ; H ; 2009_2013;65;Supérieur au baccalauréat;853,88029;90944,8161;20,82952373
FE ; H ; 2009_2013;66;Baccalauréat;1144,168056;87078,81851;19,11691358
FE ; H ; 2009_2013;66;Brevet, CEP;1568,592618;82212,28821;17,5501683
FE ; H ; 2009_2013;66;CAP, BEP;1384,95747;83530,75655;18,28885081
FE ; H ; 2009_2013;66;Ensemble;1432,926791;84072,72029;17,9149698
FE ; H ; 2009_2013;66;Sans diplôme;1993,987527;75353,29459;16,50955418
FE ; H ; 2009_2013;66;Supérieur au baccalauréat;916,3181664;90168,25624;20,00891472
FE ; H ; 2009_2013;67;Baccalauréat;1208,666457;86082,49049;18,33817479
FE ; H ; 2009_2013;67;Brevet, CEP;1649,630664;80922,71233;16,82984594
FE ; H ; 2009_2013;67;CAP, BEP;1453,578513;82373,8911;17,54570088
FE ; H ; 2009_2013;67;Ensemble;1511,502396;82868,01975;17,17541012
FE ; H ; 2009_2013;67;Sans diplôme;2074,502665;73850,75929;15,84545036
FE ; H ; 2009_2013;67;Supérieur au baccalauréat;974,1998427;89342,02813;19,1939556
FE ; H ; 2009_2013;68;Baccalauréat;1308,011699;85042,0403;17,56253392
FE ; H ; 2009_2013;68;Brevet, CEP;1776,763014;79587,78645;16,11213294
FE ; H ; 2009_2013;68;CAP, BEP;1562,767407;81176,52192;16,80450331
FE ; H ; 2009_2013;68;Ensemble;1632,982608;81615,46765;16,43900104
FE ; H ; 2009_2013;68;Sans diplôme;2210,274108;72318,72332;15,1811283
FE ; H ; 2009_2013;68;Supérieur au baccalauréat;1061,166636;88471,65823;18,38278264
FE ; H ; 2009_2013;69;Baccalauréat;1400,586333;83929,68046;16,7952985
FE ; H ; 2009_2013;69;Brevet, CEP;1893,04198;78173,7001;15,40358578
FE ; H ; 2009_2013;69;CAP, BEP;1662,294588;79907,92169;16,07128783
FE ; H ; 2009_2013;69;Ensemble;1745,267467;80282,70126;15,71190351
FE ; H ; 2009_2013;69;Sans diplôme;2329,403505;70720,28131;14,52425693
FE ; H ; 2009_2013;69;Supérieur au baccalauréat;1143,826301;87532,82651;17,57994684
FE ; H ; 2009_2013;70;Baccalauréat;1506,152563;82754,17283;16,03387259
FE ; H ; 2009_2013;70;Brevet, CEP;2025,043192;76693,83914;14,70080868
FE ; H ; 2009_2013;70;CAP, BEP;1775,607828;78579,61664;15,3429559
FE ; H ; 2009_2013;70;Ensemble;1872,862957;78881,55339;14,99098904
FE ; H ; 2009_2013;70;Sans diplôme;2464,725045;69072,92059;13,87065447
FE ; H ; 2009_2013;70;Supérieur au baccalauréat;1238,359509;86531,60302;16,78335756
FE ; H ; 2009_2013;71;Baccalauréat;1624,187346;81507,76873;15,27906007
FE ; H ; 2009_2013;71;Brevet, CEP;2171,644584;75140,75577;14,00465952
FE ; H ; 2009_2013;71;CAP, BEP;1901,731456;77184,35081;14,62031138
FE ; H ; 2009_2013;71;Ensemble;2014,905573;77404,21;14,27710835
FE ; H ; 2009_2013;71;Sans diplôme;2614,226946;67370,46302;13,22116714
FE ; H ; 2009_2013;71;Supérieur au baccalauréat;1344,628169;85460,03069;15,99380192
FE ; H ; 2009_2013;72;Baccalauréat;1749,987111;80183,92987;14,53131777
FE ; H ; 2009_2013;72;Brevet, CEP;2326,192099;73508,96562;13,31554221
FE ; H ; 2009_2013;72;CAP, BEP;2034,875597;75716,51173;13,9037405
FE ; H ; 2009_2013;72;Ensemble;2165,356494;75844,58826;13,57069407
FE ; H ; 2009_2013;72;Sans diplôme;2769,463307;65609,24622;12,57607659
FE ; H ; 2009_2013;72;Supérieur au baccalauréat;1458,988541;84310,91104;15,21179022
FE ; H ; 2009_2013;73;Baccalauréat;1946,118201;78780,72143;13,79014337
FE ; H ; 2009_2013;73;Brevet, CEP;2570,519222;71799,00587;12,63266417
FE ; H ; 2009_2013;73;CAP, BEP;2246,725487;74175,77491;13,19254105
FE ; H ; 2009_2013;73;Ensemble;2400,928691;74202,28254;12,87105179
FE ; H ; 2009_2013;73;Sans diplôme;3025,813048;63792,22222;11,93428692
FE ; H ; 2009_2013;73;Supérieur au baccalauréat;1634,447127;83080,82451;14,43701449
FE ; H ; 2009_2013;74;Baccalauréat;2114,970596;77247,55547;13,06384237
FE ; H ; 2009_2013;74;Brevet, CEP;2774,820721;69953,39862;11,96595658
FE ; H ; 2009_2013;74;CAP, BEP;2423,692539;72509,24887;12,49575359
FE ; H ; 2009_2013;74;Ensemble;2600,807305;72420,73865;12,18767855
FE ; H ; 2009_2013;74;Sans diplôme;3228,876511;61861,98884;11,30666356
FE ; H ; 2009_2013;74;Supérieur au baccalauréat;1789,780406;81722,91236;13,67690067
FE ; H ; 2009_2013;75;Baccalauréat;2320,234643;75613,79239;12,34610864
FE ; H ; 2009_2013;75;Brevet, CEP;3022,370956;68012,31722;11,30746671
FE ; H ; 2009_2013;75;CAP, BEP;2638,847385;70751,84762;11,80613492
FE ; H ; 2009_2013;75;Ensemble;2842,997019;70537,21479;11,51312071
FE ; H ; 2009_2013;75;Sans diplôme;3476,128238;59864,54161;10,683923
FE ; H ; 2009_2013;75;Supérieur au baccalauréat;1978,935182;80260,25169;12,92614814
FE ; H ; 2009_2013;76;Baccalauréat;2585,048334;73859,37498;11,63937173
FE ; H ; 2009_2013;76;Brevet, CEP;3341,335429;65956,7327;10,65987128
FE ; H ; 2009_2013;76;CAP, BEP;2916,992849;68884,81434;11,12612485
FE ; H ; 2009_2013;76;Ensemble;3154,742138;68531,84387;10,85001632
FE ; H ; 2009_2013;76;Sans diplôme;3797,361303;57783,57338;10,06868468
FE ; H ; 2009_2013;76;Supérieur au baccalauréat;2222,953999;78671,95333;12,18711255
FE ; H ; 2009_2013;77;Baccalauréat;2866,257003;71950,07444;10,94823949
FE ; H ; 2009_2013;77;Brevet, CEP;3674,182709;63752,89702;10,02836598
FE ; H ; 2009_2013;77;CAP, BEP;3208,077649;66875,44923;10,46042462
FE ; H ; 2009_2013;77;Ensemble;3482,374224;66369,84092;10,20345648
FE ; H ; 2009_2013;77;Sans diplôme;4191,731858;55589,32232;9,466121109
FE ; H ; 2009_2013;77;Supérieur au baccalauréat;2485,9793;76923,112;11,46418566
FE ; H ; 2009_2013;78;Baccalauréat;3200,738856;69887,80039;10,27130403
FE ; H ; 2009_2013;78;Brevet, CEP;4066,466714;61410,4991;9,410880757
FE ; H ; 2009_2013;78;CAP, BEP;3552,352546;64730,03289;9,8071256
FE ; H ; 2009_2013;78;Ensemble;3869,553007;64058,59468;9,571599125
FE ; H ; 2009_2013;78;Sans diplôme;4657,778737;53259,16699;8,880275776
FE ; H ; 2009_2013;78;Supérieur au baccalauréat;2801,066348;75010,81936;10,75644854
FE ; H ; 2009_2013;79;Baccalauréat;3592,53062;67650,87441;9,610932264
FE ; H ; 2009_2013;79;Brevet, CEP;4585,231913;58913,2616;8,809792712
FE ; H ; 2009_2013;79;CAP, BEP;4017,443758;62430,59392;9,168340917
FE ; H ; 2009_2013;79;Ensemble;4381,413538;61579,81341;8,956886111
FE ; H ; 2009_2013;79;Sans diplôme;5273,904964;50778,47283;8,314106236
FE ; H ; 2009_2013;79;Supérieur au baccalauréat;3219,771536;72909,71654;10,06642649
FE ; H ; 2009_2013;80;Baccalauréat;4059,924116;65220,49603;8,969074312
FE ; H ; 2009_2013;80;Brevet, CEP;5066,448042;56211,95193;8,233154247
FE ; H ; 2009_2013;80;CAP, BEP;4574,575004;59922,47992;8,552090793
FE ; H ; 2009_2013;80;Ensemble;4828,618511;58881,74713;8,367306548
FE ; H ; 2009_2013;80;Sans diplôme;5812,205334;48100,46443;7,7769967
FE ; H ; 2009_2013;80;Supérieur au baccalauréat;3672,662199;70562,19024;9,401325404
FE ; H ; 2009_2013;81;Baccalauréat;4558,275583;62572,59338;8,34862124
FE ; H ; 2009_2013;81;Brevet, CEP;5634,296557;53364,00259;7,672544192
FE ; H ; 2009_2013;81;CAP, BEP;5175,078282;57181,28113;7,962067283
FE ; H ; 2009_2013;81;Ensemble;5391,093002;56038,57218;7,791830504
FE ; H ; 2009_2013;81;Sans diplôme;6489,255556;45304,76667;7,256904972
FE ; H ; 2009_2013;81;Supérieur au baccalauréat;4162,000588;67970,67935;8,759768741
FE ; H ; 2009_2013;82;Baccalauréat;5246,952581;59720,36214;7,747349538
FE ; H ; 2009_2013;82;Brevet, CEP;6409,633783;50357,31643;7,130649073
FE ; H ; 2009_2013;82;CAP, BEP;5914,481788;54222,10507;7,396597791
FE ; H ; 2009_2013;82;Ensemble;6158,454134;53017,48064;7,235831859
FE ; H ; 2009_2013;82;Sans diplôme;7327,965061;42364,82459;6,760503902
FE ; H ; 2009_2013;82;Supérieur au baccalauréat;4773,592372;65141,73928;8,140183221
FE ; H ; 2009_2013;83;Baccalauréat;5897,760637;56586,86305;7,17635923
FE ; H ; 2009_2013;83;Brevet, CEP;7115,682896;47129,59686;6,618999007
FE ; H ; 2009_2013;83;CAP, BEP;6598,008803;51015,14854;6,861568849
FE ; H ; 2009_2013;83;Ensemble;6865,912592;49752,42341;6,710691242
FE ; H ; 2009_2013;83;Sans diplôme;8050,9088;39260,34504;6,295085197
FE ; H ; 2009_2013;83;Supérieur au baccalauréat;5343,344634;62032,13818;7,548241421
FE ; H ; 2009_2013;84;Baccalauréat;6685,999359;53249,50532;6,626130131
FE ; H ; 2009_2013;84;Brevet, CEP;7961,430734;43776,0042;6,126067364
FE ; H ; 2009_2013;84;CAP, BEP;7420,239971;47649,16455;6,346276842
FE ; H ; 2009_2013;84;Ensemble;7715,209935;46336,46551;6,205408276
FE ; H ; 2009_2013;84;Sans diplôme;8911,945267;36099,53047;5,846272339
FE ; H ; 2009_2013;84;Supérieur au baccalauréat;6053,471652;58717,54725;6,974337771
FE ; H ; 2009_2013;85;Baccalauréat;7573,199875;49689,24374;6,100895991
FE ; H ; 2009_2013;85;Brevet, CEP;8894,728534;40290,80795;5,65597848
FE ; H ; 2009_2013;85;CAP, BEP;8334,688108;44113,4822;5,854929025
FE ; H ; 2009_2013;85;Ensemble;8657,229788;42761,50992;5,724193956
FE ; H ; 2009_2013;85;Sans diplôme;9848,903589;32882,36007;5,418264564
FE ; H ; 2009_2013;85;Supérieur au baccalauréat;6857,273567;55163,09717;6,423731237
FE ; H ; 2009_2013;86;Baccalauréat;8665,02935;45926,17799;5,600786766
FE ; H ; 2009_2013;86;Brevet, CEP;10031,60991;36707,04996;5,208179164
FE ; H ; 2009_2013;86;CAP, BEP;9452,829448;40436,76104;5,3872897
FE ; H ; 2009_2013;86;Ensemble;9806,502399;39059,54774;5,266718146
FE ; H ; 2009_2013;86;Sans diplôme;10985,60168;29643,80813;5,010203735
FE ; H ; 2009_2013;86;Supérieur au baccalauréat;7766,910436;51380,41269;5,896653644
FE ; H ; 2009_2013;87;Baccalauréat;9803,059586;41946,66119;5,132138354
FE ; H ; 2009_2013;87;Brevet, CEP;11183,24887;33024,74189;4,788898922
FE ; H ; 2009_2013;87;CAP, BEP;10598,40997;36614,34299;4,949705184
FE ; H ; 2009_2013;87;Ensemble;10979,36673;35229,17226;4,839354595
FE ; H ; 2009_2013;87;Sans diplôme;12113,09797;26387,25745;4,628531821
FE ; H ; 2009_2013;87;Supérieur au baccalauréat;8859,388998;47389,74206;5,393208416
FE ; H ; 2009_2013;88;Baccalauréat;11039,19316;37834,605;4,689925102
FE ; H ; 2009_2013;88;Brevet, CEP;12408,38351;29331,50282;4,391887072
FE ; H ; 2009_2013;88;CAP, BEP;11827,01639;32733,80481;4,53648451
FE ; H ; 2009_2013;88;Ensemble;12232,70592;31361,23224;4,43621677
FE ; H ; 2009_2013;88;Sans diplôme;13297,01135;23190,9431;4,266463733
FE ; H ; 2009_2013;88;Supérieur au baccalauréat;10062,62711;43191,30046;4,91745914
FE ; H ; 2009_2013;89;Baccalauréat;12477,40098;33657,96987;4,271900367
FE ; H ; 2009_2013;89;Brevet, CEP;13874,51219;25691,93746;4,014049573
FE ; H ; 2009_2013;89;CAP, BEP;13247,4379;28862,37235;4,144982425
FE ; H ; 2009_2013;89;Ensemble;13677,83783;27524,90493;4,054521524
FE ; H ; 2009_2013;89;Sans diplôme;14657,22634;20107,24076;3,920780471
FE ; H ; 2009_2013;89;Supérieur au baccalauréat;11475,51777;38845,12095;4,467648189
FE ; H ; 2009_2013;90;Baccalauréat;14062,02505;29458,33001;3,880911233
FE ; H ; 2009_2013;90;Brevet, CEP;15513,16634;22127,30646;3,660698795
FE ; H ; 2009_2013;90;CAP, BEP;14798,22683;25038,84749;3,777936611
FE ; H ; 2009_2013;90;Ensemble;15250,34015;23760,09307;3,696964745
FE ; H ; 2009_2013;90;Sans diplôme;16123,72708;17160,07697;3,594156368
FE ; H ; 2009_2013;90;Supérieur au baccalauréat;13050,8905;34387,4422;4,046793922
FE ; H ; 2009_2013;91;Baccalauréat;15934,90458;25315,89227;-
FE ; H ; 2009_2013;91;Brevet, CEP;17344,69831;18694,66061;-
FE ; H ; 2009_2013;91;CAP, BEP;16626,27953;21333,54205;-
FE ; H ; 2009_2013;91;Ensemble;17100,1337;20136,59805;-
FE ; H ; 2009_2013;91;Sans diplôme;17854,21381;14393,233;-
FE ; H ; 2009_2013;91;Supérieur au baccalauréat;14924,96013;29899,57477;-
FE ; H ; 2009_2013;92;Baccalauréat;17824,12656;21281,82899;-
FE ; H ; 2009_2013;92;Brevet, CEP;19153,44431;15452,12812;-
FE ; H ; 2009_2013;92;CAP, BEP;18449,45492;17786,56771;-
FE ; H ; 2009_2013;92;Ensemble;18937,2526;16693,21286;-
FE ; H ; 2009_2013;92;Sans diplôme;19550,06077;11823,4344;-
FE ; H ; 2009_2013;92;Supérieur au baccalauréat;16843,2501;25437,07515;-
FE ; H ; 2009_2013;93;Baccalauréat;19653,58405;17488,52886;-
FE ; H ; 2009_2013;93;Brevet, CEP;20874,62835;12492,51337;-
FE ; H ; 2009_2013;93;CAP, BEP;20197,242;14505,04292;-
FE ; H ; 2009_2013;93;Ensemble;20691,07408;13531,97698;-
FE ; H ; 2009_2013;93;Sans diplôme;21151,36291;9511,945791;-
FE ; H ; 2009_2013;93;Supérieur au baccalauréat;18726,75394;21152,64497;-
FE ; H ; 2009_2013;94;Baccalauréat;21880,46342;14051,40614;-
FE ; H ; 2009_2013;94;Brevet, CEP;22997,14691;9884,747632;-
FE ; H ; 2009_2013;94;CAP, BEP;22342,39037;11575,4243;-
FE ; H ; 2009_2013;94;Ensemble;22845,13595;10732,0656;-
FE ; H ; 2009_2013;94;Sans diplôme;23157,29853;7500,039617;-
FE ; H ; 2009_2013;94;Supérieur au baccalauréat;21009,65428;17191,44119;-
FE ; H ; 2009_2013;95;Baccalauréat;24299,68637;10976,89336;-
FE ; H ; 2009_2013;95;Brevet, CEP;25353,65744;7611,537698;-
FE ; H ; 2009_2013;95;CAP, BEP;24676,18149;8989,197817;-
FE ; H ; 2009_2013;95;Ensemble;25186,06996;8280,31062;-
FE ; H ; 2009_2013;95;Sans diplôme;25530,21975;5763,233053;-
FE ; H ; 2009_2013;95;Supérieur au baccalauréat;23494,50462;13579,57883;-
FE ; H ; 2009_2013;96;Baccalauréat;26519,20956;8309,542699;-
FE ; H ; 2009_2013;96;Brevet, CEP;27500,26341;5681,734504;-
FE ; H ; 2009_2013;96;CAP, BEP;26808,16528;6771,007049;-
FE ; H ; 2009_2013;96;Ensemble;27318,48689;6194,825794;-
FE ; H ; 2009_2013;96;Sans diplôme;27691,77464;4291,866989;-
FE ; H ; 2009_2013;96;Supérieur au baccalauréat;25792,22925;10389,12406;-
FE ; H ; 2009_2013;97;Baccalauréat;28419,94812;6105,917657;-
FE ; H ; 2009_2013;97;Brevet, CEP;29431,25066;4119,242549;-
FE ; H ; 2009_2013;97;CAP, BEP;28729,61445;4955,824288;-
FE ; H ; 2009_2013;97;Ensemble;29236,71033;4502,493122;-
FE ; H ; 2009_2013;97;Sans diplôme;29636,20925;3103,372855;-
FE ; H ; 2009_2013;97;Supérieur au baccalauréat;27873,81694;7709,537362;-
FE ; H ; 2009_2013;98;Baccalauréat;30451,08678;4370,619027;-
FE ; H ; 2009_2013;98;Brevet, CEP;31497,82614;2906,897949;-
FE ; H ; 2009_2013;98;CAP, BEP;30782,88458;3532,035077;-
FE ; H ; 2009_2013;98;Ensemble;31289,62575;3186,11225;-
FE ; H ; 2009_2013;98;Sans diplôme;31717,1763;2183,650782;-
FE ; H ; 2009_2013;98;Supérieur au baccalauréat;30063,22965;5560,595031;-
FE ; H ; 2009_2013;99;Baccalauréat;32621,65392;3039,718034;-
FE ; H ; 2009_2013;99;Brevet, CEP;33709,51043;1991,288287;-
FE ; H ; 2009_2013;99;CAP, BEP;32977,10243;2444,772796;-
FE ; H ; 2009_2013;99;Ensemble;33486,69083;2189,189651;-
FE ; H ; 2009_2013;99;Sans diplôme;33944,26272;1491,058413;-
FE ; H ; 2009_2013;99;Supérieur au baccalauréat;32368,41148;3888,900577;-
FM ; H ; 2009_2013;30;Baccalauréat;66,53738341;100000;51,23669108
FM ; H ; 2009_2013;30;Brevet, CEP;96,49421844;100000;48,34232401
FM ; H ; 2009_2013;30;CAP, BEP;98,99305649;100000;49,3871838
FM ; H ; 2009_2013;30;Ensemble;81,352554;100000;49,33615652
FM ; H ; 2009_2013;30;Sans diplôme;180,9771193;100000;45,28667817
FM ; H ; 2009_2013;30;Supérieur au baccalauréat;36,57599624;100000;53,09924457
FM ; H ; 2009_2013;31;Baccalauréat;70,65370298;99933,46262;50,27080534
FM ; H ; 2009_2013;31;Brevet, CEP;102,4019616;99903,50578;47,38901662
FM ; H ; 2009_2013;31;CAP, BEP;105,4119752;99901,00694;48,43612213
FM ; H ; 2009_2013;31;Ensemble;85,49078041;99918,64745;48,37632542
FM ; H ; 2009_2013;31;Sans diplôme;191,5051174;99819,02288;44,36878529
FM ; H ; 2009_2013;31;Supérieur au baccalauréat;40,27776621;99963,424;52,11867326
FM ; H ; 2009_2013;32;Baccalauréat;75,02467769;99862,85592;49,30634864
FM ; H ; 2009_2013;32;Brevet, CEP;108,6713993;99801,20263;46,43759364
FM ; H ; 2009_2013;32;CAP, BEP;112,2471101;99795,69932;47,48723348
FM ; H ; 2009_2013;32;Ensemble;89,83950936;99833,22621;47,41771811
FM ; H ; 2009_2013;32;Sans diplôme;202,6455616;99627,86434;43,45391682
FM ; H ; 2009_2013;32;Supérieur au baccalauréat;44,35418354;99923,16097;51,13967395
FM ; H ; 2009_2013;33;Baccalauréat;79,66606172;99787,93414;48,34336834
FM ; H ; 2009_2013;33;Brevet, CEP;115,3246758;99692,74727;45,48811293
FM ; H ; 2009_2013;33;CAP, BEP;119,5254496;99683,68153;46,54059642
FM ; H ; 2009_2013;33;Ensemble;93,85874056;99743,53653;46,46035626
FM ; H ; 2009_2013;33;Sans diplôme;214,4340799;99425,9729;42,54215306
FM ; H ; 2009_2013;33;Supérieur au baccalauréat;47,28099458;99878,84087;50,1623666
FM ; H ; 2009_2013;34;Baccalauréat;82,31455427;99708,43702;47,3819123
FM ; H ; 2009_2013;34;Brevet, CEP;122,2307582;99577,77693;44,54063251
FM ; H ; 2009_2013;34;CAP, BEP;127,115024;99564,53416;45,59629085
FM ; H ; 2009_2013;34;Ensemble;97,74236796;99649,91851;45,50400433
FM ; H ; 2009_2013;34;Sans diplôme;226,6218608;99212,76973;41,63357397
FM ; H ; 2009_2013;34;Supérieur au baccalauréat;49,90784098;99831,61716;49,18609509
FM ; H ; 2009_2013;35;Baccalauréat;88,990393;99626,36247;46,42094664
FM ; H ; 2009_2013;35;Brevet, CEP;132,0785686;99456,06226;43,59514149
FM ; H ; 2009_2013;35;CAP, BEP;135,4903882;99437,97268;44,65432435
FM ; H ; 2009_2013;35;Ensemble;106,3055467;99552,51832;44,54852454
FM ; H ; 2009_2013;35;Sans diplôme;239,8134209;98987,9319;40,72813906
FM ; H ; 2009_2013;35;Supérieur au baccalauréat;54,85843599;99781,79335;48,21065506
FM ; H ; 2009_2013;36;Baccalauréat;95,69819498;99537,70457;45,46229362
FM ; H ; 2009_2013;36;Brevet, CEP;141,9610148;99324,70212;42,65279748
FM ; H ; 2009_2013;36;CAP, BEP;143,9675327;99303,24379;43,71490876
FM ; H ; 2009_2013;36;Ensemble;114,8904009;99446,68847;43,59593249
FM ; H ; 2009_2013;36;Sans diplôme;253,2217782;98750,54556;39,82604539
FM ; H ; 2009_2013;36;Supérieur au baccalauréat;59,82526089;99727,05462;47,23711719
FM ; H ; 2009_2013;37;Baccalauréat;102,9836023;99442,44879;44,50584189
FM ; H ; 2009_2013;37;Brevet, CEP;152,6855016;99183,69976;41,71343391
FM ; H ; 2009_2013;37;CAP, BEP;153,3101524;99160,27936;42,77793477
FM ; H ; 2009_2013;37;Ensemble;124,1685371;99332,43377;42,64607764
FM ; H ; 2009_2013;37;Sans diplôme;268,1333969;98500,48767;38,92714963
FM ; H ; 2009_2013;37;Supérieur au baccalauréat;65,17198868;99667,39265;46,26539384
FM ; H ; 2009_2013;38;Baccalauréat;111,5280049;99340,03937;43,55172286
FM ; H ; 2009_2013;38;Brevet, CEP;165,2581294;99032,26063;40,77722167
FM ; H ; 2009_2013;38;CAP, BEP;164,4656922;99008,25658;41,84361839
FM ; H ; 2009_2013;38;Ensemble;134,981732;99209,09414;41,69909648
FM ; H ; 2009_2013;38;Sans diplôme;286,1383298;98236,37497;38,03180694
FM ; H ; 2009_2013;38;Supérieur au baccalauréat;71,3602452;99602,43743;45,29556558
FM ; H ; 2009_2013;39;Baccalauréat;118,1175206;99229,24741;42,60034946
FM ; H ; 2009_2013;39;Brevet, CEP;174,916587;98868,60177;39,84472089
FM ; H ; 2009_2013;39;CAP, BEP;172,6864145;98845,42197;40,91255015
FM ; H ; 2009_2013;39;Ensemble;143,4425045;99075,17999;40,75545873
FM ; H ; 2009_2013;39;Sans diplôme;298,9698075;97955,28304;37,1409428
FM ; H ; 2009_2013;39;Supérieur au baccalauréat;76,33666813;99531,36089;44,32791169
FM ; H ; 2009_2013;40;Baccalauréat;132,2218109;99112,04028;41,65072744
FM ; H ; 2009_2013;40;Brevet, CEP;195,672585;98695,66419;38,91453804
FM ; H ; 2009_2013;40;CAP, BEP;191,7402669;98674,72935;39,98332278
FM ; H ; 2009_2013;40;Ensemble;161,0712557;98933,06407;39,81400335
FM ; H ; 2009_2013;40;Sans diplôme;330,3725227;97662,42632;36,25231597
FM ; H ; 2009_2013;40;Supérieur au baccalauréat;86,25967185;99455,38196;43,36177599
FM ; H ; 2009_2013;41;Baccalauréat;147,8468323;98980,99255;40,7058717
FM ; H ; 2009_2013;41;Brevet, CEP;218,6341814;98502,54383;37,99083241
FM ; H ; 2009_2013;41;CAP, BEP;212,7046111;98485,53016;39,06013419
FM ; H ; 2009_2013;41;Ensemble;180,6389054;98773,71134;38,87823573
FM ; H ; 2009_2013;41;Sans diplôme;364,7383302;97339,7765;35,37248066
FM ; H ; 2009_2013;41;Supérieur au baccalauréat;97,33973101;99369,59208;42,39921201
FM ; H ; 2009_2013;42;Baccalauréat;156,3900753;98834,65228;39,76614315
FM ; H ; 2009_2013;42;Brevet, CEP;231,0885872;98287,1836;37,07407535
FM ; H ; 2009_2013;42;CAP, BEP;223,3028529;98276,0469;38,14339399
FM ; H ; 2009_2013;42;Ensemble;191,6036843;98595,28759;37,94859204
FM ; H ; 2009_2013;42;Sans diplôme;381,1243022;96984,74103;34,50196995
FM ; H ; 2009_2013;42;Supérieur au baccalauréat;103,8633591;99272,86598;41,4405235
FM ; H ; 2009_2013;43;Baccalauréat;173,7856044;98680,0847;38,82843086
FM ; H ; 2009_2013;43;Brevet, CEP;256,5737879;98060,05313;36,15994775
FM ; H ; 2009_2013;43;CAP, BEP;246,3452831;98056,59368;37,22875991
FM ; H ; 2009_2013;43;Ensemble;213,4604452;98406,37538;37,02144252
FM ; H ; 2009_2013;43;Sans diplôme;418,4950112;96615,10861;33,63396842
FM ; H ; 2009_2013;43;Supérieur au baccalauréat;116,3820325;99169,75785;40,48360977
FM ; H ; 2009_2013;44;Baccalauréat;185,7300047;98508,59292;37,89602656
FM ; H ; 2009_2013;44;Brevet, CEP;273,9598909;97808,45674;35,25296335
FM ; H ; 2009_2013;44;CAP, BEP;261,4315476;97815,03589;36,32069768
FM ; H ; 2009_2013;44;Ensemble;228,680656;98196,3167;36,10063771
FM ; H ; 2009_2013;44;Sans diplôme;442,0715632;96210,7792;32,77531643
FM ; H ; 2009_2013;44;Supérieur au baccalauréat;125,3865461;99054,34207;39,53078031
FM ; H ; 2009_2013;45;Baccalauréat;207,0279334;98325,6329;36,96654182
FM ; H ; 2009_2013;45;Brevet, CEP;305,0693177;97540,5008;34,34980764
FM ; H ; 2009_2013;45;CAP, BEP;289,4086332;97559,31652;35,41590034
FM ; H ; 2009_2013;45;Ensemble;255,4794529;97971,76071;35,18338211
FM ; H ; 2009_2013;45;Sans diplôme;487,0817393;95785,4587;31,92085015
FM ; H ; 2009_2013;45;Supérieur au baccalauréat;140,8682449;98930,14125;38,58040882
FM ; H ; 2009_2013;46;Baccalauréat;225,5711419;98122,07138;36,04323166
FM ; H ; 2009_2013;46;Brevet, CEP;332,033523;97242,93466;33,45491903
FM ; H ; 2009_2013;46;CAP, BEP;313,1881832;97276,97144;34,5186945
FM ; H ; 2009_2013;46;Ensemble;278,9614621;97721,463;34,27349865
FM ; H ; 2009_2013;46;Sans diplôme;524,5868834;95318,90523;31,07709181
FM ; H ; 2009_2013;46;Supérieur au baccalauréat;154,6812895;98790,7801;37,63483303
FM ; H ; 2009_2013;47;Baccalauréat;252,1897414;97900,7363;35,1247186
FM ; H ; 2009_2013;47;Brevet, CEP;370,7684289;96920,05552;32,56637063
FM ; H ; 2009_2013;47;CAP, BEP;347,7734854;96972,31146;33,62714262
FM ; H ; 2009_2013;47;Ensemble;312,5165078;97448,85777;33,36937596
FM ; H ; 2009_2013;47;Sans diplôme;579,6436549;94818,87475;30,24097788
FM ; H ; 2009_2013;47;Supérieur au baccalauréat;174,2737537;98637,96924;36,69313726
FM ; H ; 2009_2013;48;Baccalauréat;273,5360838;97653,84069;34,21352349
FM ; H ; 2009_2013;48;Brevet, CEP;401,6301544;96560,70655;31,68756581
FM ; H ; 2009_2013;48;CAP, BEP;374,6716073;96635,06747;32,74449704
FM ; H ; 2009_2013;48;Ensemble;339,625789;97144,31401;32,4739877
FM ; H ; 2009_2013;48;Sans diplôme;621,3326026;94269,26316;29,41728977
FM ; H ; 2009_2013;48;Supérieur au baccalauréat;190,4757336;98466,06915;35,75719541
FM ; H ; 2009_2013;49;Baccalauréat;308,1187726;97386,72219;33,30736652
FM ; H ; 2009_2013;49;Brevet, CEP;451,7514114;96172,88964;30,81534583
FM ; H ; 2009_2013;49;CAP, BEP;419,1844933;96273,00331;31,86764276
FM ; H ; 2009_2013;49;Ensemble;383,260353;96814,38686;31,58465359
FM ; H ; 2009_2013;49;Sans diplôme;691,4944288;93683,53749;28,60121175
FM ; H ; 2009_2013;49;Supérieur au baccalauréat;216,207304;98278,51518;34,82543417
FM ; H ; 2009_2013;50;Baccalauréat;340,1640549;97086,65542;32,41030995
FM ; H ; 2009_2013;50;Brevet, CEP;497,9419675;95738,42725;29,95518632
FM ; H ; 2009_2013;50;CAP, BEP;459,6154796;95869,44181;31,0017893
FM ; H ; 2009_2013;50;Ensemble;423,8529753;96443,3357;30,70617077
FM ; H ; 2009_2013;50;Sans diplôme;754,0409405;93035,72105;27,80036467
FM ; H ; 2009_2013;50;Supérieur au baccalauréat;240,5446499;98066,02986;33,90089244
FM ; H ; 2009_2013;51;Baccalauréat;374,8514784;96756,40152;31,52093448
FM ; H ; 2009_2013;51;Brevet, CEP;547,7641712;95261,70544;29,10509221
FM ; H ; 2009_2013;51;CAP, BEP;503,0080902;95428,81102;30,14493625
FM ; H ; 2009_2013;51;Ensemble;467,8264681;96034,55776;29,83687377
FM ; H ; 2009_2013;51;Sans diplôme;820,5498446;92334,19363;27,01158347
FM ; H ; 2009_2013;51;Supérieur au baccalauréat;267,1304804;97830,13727;32,98263586
FM ; H ; 2009_2013;52;Baccalauréat;412,2413281;96393,70872;30,63953575
FM ; H ; 2009_2013;52;Brevet, CEP;601,2581315;94739,89595;28,26539757
FM ; H ; 2009_2013;52;CAP, BEP;549,3717826;94948,79638;29,29733429
FM ; H ; 2009_2013;52;Ensemble;515,2524936;95585,28268;28,97711465
FM ; H ; 2009_2013;52;Sans diplôme;890,9130109;91576,54554;26,23506072
FM ; H ; 2009_2013;52;Supérieur au baccalauréat;296,057199;97568,80315;32,07097852
FM ; H ; 2009_2013;53;Baccalauréat;453,4224425;95996,33401;29,76636743
FM ; H ; 2009_2013;53;Brevet, CEP;659,9519991;94170,26462;27,43637358
FM ; H ; 2009_2013;53;CAP, BEP;600,0701996;94427,17448;28,45917468
FM ; H ; 2009_2013;53;Ensemble;567,4863442;95092,77712;28,12719324
FM ; H ; 2009_2013;53;Sans diplôme;967,1890758;90760,67818;25,47089335
FM ; H ; 2009_2013;53;Supérieur au baccalauréat;328,1670708;97279,94369;31,1662089
FM ; H ; 2009_2013;54;Baccalauréat;504,8307111;95561,06509;28,90194958
FM ; H ; 2009_2013;54;Brevet, CEP;733,0970872;93548,78608;26,61864337
FM ; H ; 2009_2013;54;CAP, BEP;663,4152205;93860,54515;27,63098067
FM ; H ; 2009_2013;54;Ensemble;632,5861205;94553,1386;27,2877222
FM ; H ; 2009_2013;54;Sans diplôme;1062,431041;89882,85082;24,71965101
FM ; H ; 2009_2013;54;Supérieur au baccalauréat;368,2519826;96960,70295;30,26882288
FM ; H ; 2009_2013;55;Baccalauréat;557,8574865;95078,64348;28,04859582
FM ; H ; 2009_2013;55;Brevet, CEP;808,0735687;92862,98265;25,815225
FM ; H ; 2009_2013;55;CAP, BEP;727,8729989;93237,86001;26,81551301
FM ; H ; 2009_2013;55;Ensemble;699,7730175;93955,00857;26,46143946
FM ; H ; 2009_2013;55;Sans diplôme;1157,827018;88927,90751;23,98510047
FM ; H ; 2009_2013;55;Supérieur au baccalauréat;410,1814847;96603,64323;29,38070041
FM ; H ; 2009_2013;56;Baccalauréat;598,8729284;94548,24015;27,20594479
FM ; H ; 2009_2013;56;Brevet, CEP;865,1776821;92112,58143;25,02553043
FM ; H ; 2009_2013;56;CAP, BEP;775,8382775;92559,2068;26,01212699
FM ; H ; 2009_2013;56;Ensemble;751,9038434;93297,53677;25,64791437
FM ; H ; 2009_2013;56;Sans diplôme;1225,645919;87898,27617;23,26605946
FM ; H ; 2009_2013;56;Supérieur au baccalauréat;443,8368394;96207,39298;28,50171097
FM ; H ; 2009_2013;57;Baccalauréat;650,8882789;93982,01634;26,36985544
FM ; H ; 2009_2013;57;Brevet, CEP;937,6317242;91315,64394;24,24393533
FM ; H ; 2009_2013;57;CAP, BEP;837,2574744;91841,09704;25,21551701
FM ; H ; 2009_2013;57;Ensemble;817,7951051;92596,029;24,84222304
FM ; H ; 2009_2013;57;Sans diplôme;1313,314129;86820,95454;22,55475739
FM ; H ; 2009_2013;57;Supérieur au baccalauréat;486,1948457;95780,38912;27,62877602
FM ; H ; 2009_2013;58;Baccalauréat;692,392389;93370,29841;25,54261824
FM ; H ; 2009_2013;58;Brevet, CEP;994,4155803;90459,43949;23,47340575
FM ; H ; 2009_2013;58;CAP, BEP;884,4072678;91072,15059;24,42841834
FM ; H ; 2009_2013;58;Ensemble;870,4181911;91838,78321;24,04705664
FM ; H ; 2009_2013;58;Sans diplôme;1377,304693;85680,72267;21,85491421
FM ; H ; 2009_2013;58;Supérieur au baccalauréat;521,234409;95314,70981;26,763762
FM ; H ; 2009_2013;59;Baccalauréat;746,0036715;92723,80957;24,72070645
FM ; H ; 2009_2013;59;Brevet, CEP;1067,973917;89559,89673;22,70917346
FM ; H ; 2009_2013;59;CAP, BEP;946,2572015;90266,70187;23,64639283
FM ; H ; 2009_2013;59;Ensemble;938,141058;91039,40174;23,25820447
FM ; H ; 2009_2013;59;Sans diplôme;1462,776678;84500,63806;21,16012667
FM ; H ; 2009_2013;59;Supérieur au baccalauréat;565,9396827;94817,89674;25,90399488
FM ; H ; 2009_2013;60;Baccalauréat;797,9421956;92032,08655;23,90650993
FM ; H ; 2009_2013;60;Brevet, CEP;1138,453723;88603,42039;21,95431961
FM ; H ; 2009_2013;60;CAP, BEP;1005,128218;89412,54671;22,87228606
FM ; H ; 2009_2013;60;Ensemble;1003,626623;90185,32373;22,47846559
FM ; H ; 2009_2013;60;Sans diplôme;1542,099038;83264,58243;20,47424695
FM ; H ; 2009_2013;60;Supérieur au baccalauréat;610,0019649;94281,28464;25,05143026
FM ; H ; 2009_2013;61;Baccalauréat;844,3164483;91297,72369;23,09880446
FM ; H ; 2009_2013;61;Brevet, CEP;1200,346973;87594,71146;21,20713759
FM ; H ; 2009_2013;61;CAP, BEP;1056,263379;88513,83597;22,10451607
FM ; H ; 2009_2013;61;Ensemble;1061,947453;89280,19981;21,70635259
FM ; H ; 2009_2013;61;Sans diplôme;1608,218681;81980,56011;19,79492529
FM ; H ; 2009_2013;61;Supérieur au baccalauréat;650,3624148;93706,16695;24,20518237
FM ; H ; 2009_2013;62;Baccalauréat;890,3590624;90526,882;22,29549213
FM ; H ; 2009_2013;62;Brevet, CEP;1261,133267;86543,27099;20,46478954
FM ; H ; 2009_2013;62;CAP, BEP;1106,352675;87578,89673;21,34049049
FM ; H ; 2009_2013;62;Ensemble;1119,648836;88332,091;20,93933682
FM ; H ; 2009_2013;62;Sans diplôme;1671,54851;80662,13342;19,11847435
FM ; H ; 2009_2013;62;Supérieur au baccalauréat;690,9642999;93096,73726;23,36363429
FM ; H ; 2009_2013;63;Baccalauréat;937,7868525;89720,8677;21,49578539
FM ; H ; 2009_2013;63;Brevet, CEP;1323,217083;85451,84501;19,72617422
FM ; H ; 2009_2013;63;CAP, BEP;1157,539826;86609,96527;20,57923291
FM ; H ; 2009_2013;63;Ensemble;1178,860936;87343,08177;20,17643857
FM ; H ; 2009_2013;63;Sans diplôme;1735,342591;79313,82674;18,44348158
FM ; H ; 2009_2013;63;Supérieur au baccalauréat;733,142353;92453,47204;22,52619188
FM ; H ; 2009_2013;64;Baccalauréat;996,9680448;88879,4772;20,69927837
FM ; H ; 2009_2013;64;Brevet, CEP;1401,066053;84321,1316;18,99069451
FM ; H ; 2009_2013;64;CAP, BEP;1222,460117;85607,42043;19,82023542
FM ; H ; 2009_2013;64;Ensemble;1252,561868;86313,4283;19,41712812
FM ; H ; 2009_2013;64;Sans diplôme;1818,229878;77937,46012;17,76919135
FM ; H ; 2009_2013;64;Supérieur au baccalauréat;785,1253346;91775,65648;21,69256065
FM ; H ; 2009_2013;65;Baccalauréat;1072,102595;87993,37721;19,90772168
FM ; H ; 2009_2013;65;Brevet, CEP;1500,236383;83139,73684;18,2605475
FM ; H ; 2009_2013;65;CAP, BEP;1305,852657;84560,90385;19,06552851
FM ; H ; 2009_2013;65;Ensemble;1345,941693;85232,29921;18,66342467
FM ; H ; 2009_2013;65;Sans diplôme;1926,51451;76520,37793;17,09825931
FM ; H ; 2009_2013;65;Supérieur au baccalauréat;850,5261258;91055,10255;20,8642222
FM ; H ; 2009_2013;66;Baccalauréat;1142,572525;87049,99793;19,12346588
FM ; H ; 2009_2013;66;Brevet, CEP;1591,701796;81892,44426;17,53867139
FM ; H ; 2009_2013;66;CAP, BEP;1382,398522;83456,66304;18,31779039
FM ; H ; 2009_2013;66;Ensemble;1433,068775;84085,12216;17,91805061
FM ; H ; 2009_2013;66;Sans diplôme;2022,534365;75046,20175;16,43413036
FM ; H ; 2009_2013;66;Supérieur au baccalauréat;913,1585282;90280,65512;20,04320011
FM ; H ; 2009_2013;67;Baccalauréat;1205,698498;86055,38857;18,34449071
FM ; H ; 2009_2013;67;Brevet, CEP;1671,849159;80588,96076;16,82235006
FM ; H ; 2009_2013;67;CAP, BEP;1449,080019;82302,95937;17,5745649
FM ; H ; 2009_2013;67;Ensemble;1510,567497;82880,12453;17,1785619
FM ; H ; 2009_2013;67;Sans diplôme;2102,298614;73528,36653;15,77337769
FM ; H ; 2009_2013;67;Supérieur au baccalauréat;970,7399026;89456,24961;19,22791302
FM ; H ; 2009_2013;68;Baccalauréat;1306,05468;85017,82004;17,56836926
FM ; H ; 2009_2013;68;Brevet, CEP;1802,060972;79241,6349;16,1083763
FM ; H ; 2009_2013;68;CAP, BEP;1559,141387;81110,32363;16,83297903
FM ; H ; 2009_2013;68;Ensemble;1634,089318;81628,16431;16,44203562
FM ; H ; 2009_2013;68;Sans diplôme;2242,323871;71982,5807;15,11210219
FM ; H ; 2009_2013;68;Supérieur au baccalauréat;1059,418516;88587,8621;18,41639572
FM ; H ; 2009_2013;69;Baccalauréat;1393,147719;83907,44083;16,8008582
FM ; H ; 2009_2013;69;Brevet, CEP;1912,288563;77813,65232;15,40398613
FM ; H ; 2009_2013;69;CAP, BEP;1651,82853;79845,699;16,09958575
FM ; H ; 2009_2013;69;Ensemble;1740,370035;80294,2872;15,71517653
FM ; H ; 2009_2013;69;Sans diplôme;2354,511333;70368,49811;14,45873714
FM ; H ; 2009_2013;69;Supérieur au baccalauréat;1138,629104;87649,34589;17,61359156
FM ; H ; 2009_2013;70;Baccalauréat;1498,938098;82738,48623;16,03822586
FM ; H ; 2009_2013;70;Brevet, CEP;2046,274442;76325,63075;14,70429762
FM ; H ; 2009_2013;70;CAP, BEP;1765,077428;78526,78497;15,36998992
FM ; H ; 2009_2013;70;Ensemble;1869,202042;78896,86948;14,99352302
FM ; H ; 2009_2013;70;Sans diplôme;2492,934444;68711,66385;13,80737855
FM ; H ; 2009_2013;70;Supérieur au baccalauréat;1234,494643;86651,34493;16,8164549
FM ; H ; 2009_2013;71;Baccalauréat;1614,872436;81498,28754;15,28228727
FM ; H ; 2009_2013;71;Brevet, CEP;2191,85184;74763,79887;14,01147357
FM ; H ; 2009_2013;71;CAP, BEP;1888,376525;77140,72641;14,6461567
FM ; H ; 2009_2013;71;Ensemble;2009,716362;77422,12759;14,27912065
FM ; H ; 2009_2013;71;Sans diplôme;2641,966397;66998,72711;13,16038773
FM ; H ; 2009_2013;71;Supérieur au baccalauréat;1340,3532;85581,63872;16,02664796
FM ; H ; 2009_2013;72;Baccalauréat;1742,664576;80182,19415;14,53312746
FM ; H ; 2009_2013;72;Brevet, CEP;2350,934608;73125,08717;13,32546657
FM ; H ; 2009_2013;72;CAP, BEP;2023,431586;75684,01904;13,92805457
FM ; H ; 2009_2013;72;Ensemble;2163,834369;75866,16242;13,57197604
FM ; H ; 2009_2013;72;Sans diplôme;2803,45385;65228,64325;12,51751596
FM ; H ; 2009_2013;72;Supérieur au baccalauréat;1457,912289;84434,54248;15,24438003
FM ; H ; 2009_2013;73;Baccalauréat;1934,128159;78784,88746;13,79088294
FM ; H ; 2009_2013;73;Brevet, CEP;2592,055516;71405,96419;12,64628173
FM ; H ; 2009_2013;73;CAP, BEP;2229,340598;74152,6047;13,21569953
FM ; H ; 2009_2013;73;Ensemble;2395,252647;74224,54432;12,87214631
FM ; H ; 2009_2013;73;Sans diplôme;3057,11863;63399,98834;11,87856046
FM ; H ; 2009_2013;73;Supérieur au baccalauréat;1631,436242;83203,56091;14,46991786
FM ; H ; 2009_2013;74;Baccalauréat;2097,97863;77261,08677;13,062877
FM ; H ; 2009_2013;74;Brevet, CEP;2792,091345;69555,08195;11,9828032
FM ; H ; 2009_2013;74;CAP, BEP;2400,104202;72499,49057;12,5170404
FM ; H ; 2009_2013;74;Ensemble;2590,618165;72446,67896;12,18803302
FM ; H ; 2009_2013;74;Sans diplôme;3256,451381;61461,77549;11,25315391
FM ; H ; 2009_2013;74;Supérieur au baccalauréat;1784,663389;81846,14787;13,70990051
FM ; H ; 2009_2013;75;Baccalauréat;2302,74236;75640,16568;12,34280622
FM ; H ; 2009_2013;75;Brevet, CEP;3041,865405;67613,04053;11,32698385
FM ; H ; 2009_2013;75;CAP, BEP;2614,154268;70759,42726;11,82485017
FM ; H ; 2009_2013;75;Ensemble;2834,17809;70569,86214;11,51217571
FM ; H ; 2009_2013;75;Sans diplôme;3507,802605;59460,30265;10,63194246
FM ; H ; 2009_2013;75;Supérieur au baccalauréat;1975,955191;80385,46963;12,95902206
FM ; H ; 2009_2013;76;Baccalauréat;2568,1524;73898,36754;11,63372844
FM ; H ; 2009_2013;76;Brevet, CEP;3365,253488;65556,34284;10,68234506
FM ; H ; 2009_2013;76;CAP, BEP;2892,258316;68909,66667;11,14226778
FM ; H ; 2009_2013;76;Ensemble;3149,11807;68569,78657;10,84796823
FM ; H ; 2009_2013;76;Sans diplôme;3835,908778;57374,55261;10,01844786
FM ; H ; 2009_2013;76;Supérieur au baccalauréat;2223,766108;78797,08877;12,22024824
FM ; H ; 2009_2013;77;Baccalauréat;2846,275284;72000,54484;10,94037548
FM ; H ; 2009_2013;77;Brevet, CEP;3697,656051;63350,20573;10,05435203
FM ; H ; 2009_2013;77;CAP, BEP;3179,096613;66916,6211;10,47412923
FM ; H ; 2009_2013;77;Ensemble;3475,727884;66410,44303;10,20069123
FM ; H ; 2009_2013;77;Sans diplôme;4233,748879;55173,71711;9,418075744
FM ; H ; 2009_2013;77;Supérieur au baccalauréat;2487,93442;77044,82582;11,4981785
FM ; H ; 2009_2013;78;Baccalauréat;3176,026716;69951,21113;10,26089145
FM ; H ; 2009_2013;78;Brevet, CEP;4087,944713;61007,73301;9,440402191
FM ; H ; 2009_2013;78;CAP, BEP;3517,214682;64789,27707;9,818045347
FM ; H ; 2009_2013;78;Ensemble;3860,448377;64102,19674;9,56800637
FM ; H ; 2009_2013;78;Sans diplôme;4702,373009;52837,80048;8,834441292
FM ; H ; 2009_2013;78;Supérieur au baccalauréat;2803,516128;75128,00108;10,79154439
FM ; H ; 2009_2013;79;Baccalauréat;3589,04394;67729,54198;9,597469927
FM ; H ; 2009_2013;79;Brevet, CEP;4606,193221;58513,77062;8,842769152
FM ; H ; 2009_2013;79;CAP, BEP;4003,647069;62510,4991;9,17595555
FM ; H ; 2009_2013;79;Ensemble;4370,994455;61627,56453;8,952206151
FM ; H ; 2009_2013;79;Sans diplôme;5324,264008;50353,17001;8,270368603
FM ; H ; 2009_2013;79;Supérieur au baccalauréat;3224,19858;73021,77545;10,10281356
FM ; H ; 2009_2013;80;Baccalauréat;4035,375924;65298,69895;8,954750289
FM ; H ; 2009_2013;80;Brevet, CEP;5034,099939;55818,51328;8,269751833
FM ; H ; 2009_2013;80;CAP, BEP;4534,436143;60007,79934;8,558650167
FM ; H ; 2009_2013;80;Ensemble;4824,824145;58933,8271;8,36139208
FM ; H ; 2009_2013;80;Sans diplôme;5877,069351;47672,2343;7,73546798
FM ; H ; 2009_2013;80;Supérieur au baccalauréat;3637,102215;70667,4084;9,439400568
FM ; H ; 2009_2013;81;Baccalauréat;4558,196493;62663,65098;8,331303462
FM ; H ; 2009_2013;81;Brevet, CEP;5590,117213;53008,55354;7,708127683
FM ; H ; 2009_2013;81;CAP, BEP;5159,345539;57286,784;7,96517008
FM ; H ; 2009_2013;81;Ensemble;5386,548969;56090,37358;7,7852657
FM ; H ; 2009_2013;81;Sans diplôme;6561,300661;44870,50403;7,218473359
FM ; H ; 2009_2013;81;Supérieur au baccalauréat;4121,858242;68097,16253;8,795679442
FM ; H ; 2009_2013;82;Baccalauréat;5249,687247;59807,31864;7,729197433
FM ; H ; 2009_2013;82;Brevet, CEP;6352,549725;50045,31326;7,164534745
FM ; H ; 2009_2013;82;CAP, BEP;5898,145918;54331,16086;7,398476502
FM ; H ; 2009_2013;82;Ensemble;6155,084065;53069,03814;7,228497762
FM ; H ; 2009_2013;82;Sans diplôme;7393,051327;41926,41535;6,725357277
FM ; H ; 2009_2013;82;Supérieur au baccalauréat;4728,731662;65290,29402;8,173810923
FM ; H ; 2009_2013;83;Baccalauréat;5902,143424;56667,62146;7,157437383
FM ; H ; 2009_2013;83;Brevet, CEP;7042,888608;46866,15985;6,650539042
FM ; H ; 2009_2013;83;CAP, BEP;6579,612413;51126,62971;6,862200564
FM ; H ; 2009_2013;83;Ensemble;6862,022313;49802,59423;6,702599219
FM ; H ; 2009_2013;83;Sans diplôme;8116,579053;38826,77395;6,262259877
FM ; H ; 2009_2013;83;Supérieur au baccalauréat;5292,784347;62202,89121;7,579513074
FM ; H ; 2009_2013;84;Baccalauréat;6687,916753;53323,01716;6,606376642
FM ; H ; 2009_2013;84;Brevet, CEP;7864,966987;43565,42842;6,154416636
FM ; H ; 2009_2013;84;CAP, BEP;7394,537305;47762,69564;6,345506416
FM ; H ; 2009_2013;84;Ensemble;7705,567486;46385,1291;6,196419103
FM ; H ; 2009_2013;84;Sans diplôme;8972,16123;35675,36815;5,815440493
FM ; H ; 2009_2013;84;Supérieur au baccalauréat;5997,155086;58910,62632;7,003099893
FM ; H ; 2009_2013;85;Baccalauréat;7590,062495;49756,81817;6,07987263
FM ; H ; 2009_2013;85;Brevet, CEP;8792,024664;40139,02186;5,679779054
FM ; H ; 2009_2013;85;CAP, BEP;8320,172113;44230,86529;5,852194494
FM ; H ; 2009_2013;85;Ensemble;8661,137123;42810,89167;5,713751777
FM ; H ; 2009_2013;85;Sans diplôme;9925,017022;32474,5166;5,388639532
FM ; H ; 2009_2013;85;Supérieur au baccalauréat;6794,919473;55377,6647;6,449880798
FM ; H ; 2009_2013;86;Baccalauréat;8689,900331;45980,24457;5,579241144
FM ; H ; 2009_2013;86;Brevet, CEP;9909,995086;36609,98915;5,227283341
FM ; H ; 2009_2013;86;CAP, BEP;9440,703545;40550,78117;5,383295681
FM ; H ; 2009_2013;86;Ensemble;9815,042009;39102,98164;5,255553876
FM ; H ; 2009_2013;86;Sans diplôme;11066,85809;29251,4153;4,982393062
FM ; H ; 2009_2013;86;Supérieur au baccalauréat;7698,399906;51614,79698;5,92009573
FM ; H ; 2009_2013;87;Baccalauréat;9838,829722;41984,60715;5,110212522
FM ; H ; 2009_2013;87;Brevet, CEP;11067,87836;32981,94103;4,802289994
FM ; H ; 2009_2013;87;CAP, BEP;10591,4328;36722,50214;4,944498127
FM ; H ; 2009_2013;87;Ensemble;10995,18866;35265,00757;4,827528219
FM ; H ; 2009_2013;87;Sans diplôme;12200,65546;26014,20268;4,602403058
FM ; H ; 2009_2013;87;Supérieur au baccalauréat;8786,598584;47641,2835;5,41386035
FM ; H ; 2009_2013;88;Baccalauréat;11080,88126;37853,81314;4,667864011
FM ; H ; 2009_2013;88;Brevet, CEP;12330,74266;29331,53991;4,399949878
FM ; H ; 2009_2013;88;CAP, BEP;11819,48066;32833,063;4,530228569
FM ; H ; 2009_2013;88;Ensemble;12249,75895;31387,55345;4,423895795
FM ; H ; 2009_2013;88;Sans diplôme;13383,10902;22840,29944;4,241956056
FM ; H ; 2009_2013;88;Supérieur au baccalauréat;9980,572683;43455,23516;4,935378207
FM ; H ; 2009_2013;89;Baccalauréat;12548,97432;33659,27705;4,249561711
FM ; H ; 2009_2013;89;Brevet, CEP;13812,19509;25714,74321;4,018805921
FM ; H ; 2009_2013;89;CAP, BEP;13263,91789;28952,36547;4,137448274
FM ; H ; 2009_2013;89;Ensemble;13721,48174;27542,65382;4,04146284
FM ; H ; 2009_2013;89;Sans diplôme;14768,50155;19783,55726;3,897377414
FM ; H ; 2009_2013;89;Supérieur au baccalauréat;11404,95374;39118,15383;4,482570101
FM ; H ; 2009_2013;90;Baccalauréat;14137,33075;29435,38302;3,859361772
FM ; H ; 2009_2013;90;Brevet, CEP;15392,70325;22162,97271;3,662847517
FM ; H ; 2009_2013;90;CAP, BEP;14810,85883;25112,14748;3,770158133
FM ; H ; 2009_2013;90;Ensemble;15291,60971;23763,3936;3,684205201
FM ; H ; 2009_2013;90;Sans diplôme;16228,20919;16861,8223;3,57269611
FM ; H ; 2009_2013;90;Supérieur au baccalauréat;12967,91837;34656,74648;4,059617089
FM ; H ; 2009_2013;91;Baccalauréat;16036,17879;25274,00557;-
FM ; H ; 2009_2013;91;Brevet, CEP;17275,79297;18751,49209;-
FM ; H ; 2009_2013;91;CAP, BEP;16657,71047;21392,82277;-
FM ; H ; 2009_2013;91;Ensemble;17162,332;20129,5882;-
FM ; H ; 2009_2013;91;Sans diplôme;17976,34899;14125,45051;-
FM ; H ; 2009_2013;91;Supérieur au baccalauréat;14849,21833;30162,48788;-
FM ; H ; 2009_2013;92;Baccalauréat;17928,57534;21221,02085;-
FM ; H ; 2009_2013;92;Brevet, CEP;19122,20865;15512,02314;-
FM ; H ; 2009_2013;92;CAP, BEP;18477,01948;17829,26829;-
FM ; H ; 2009_2013;92;Ensemble;18996,62112;16674,88144;-
FM ; H ; 2009_2013;92;Sans diplôme;19664,3549;11586,21023;-
FM ; H ; 2009_2013;92;Supérieur au baccalauréat;16755,73291;25683,5942;-
FM ; H ; 2009_2013;93;Baccalauréat;19757,38329;17416,39414;-
FM ; H ; 2009_2013;93;Brevet, CEP;20882,04082;12545,78171;-
FM ; H ; 2009_2013;93;CAP, BEP;20218,67631;14534,95092;-
FM ; H ; 2009_2013;93;Ensemble;20744,89536;13507,21739;-
FM ; H ; 2009_2013;93;Sans diplôme;21255,19835;9307,856728;-
FM ; H ; 2009_2013;93;Supérieur au baccalauréat;18626,63449;21380,11976;-
FM ; H ; 2009_2013;94;Baccalauréat;22063,85824;13975,37039;-
FM ; H ; 2009_2013;94;Brevet, CEP;23128,35259;9925,96645;-
FM ; H ; 2009_2013;94;CAP, BEP;22438,8739;11596,17624;-
FM ; H ; 2009_2013;94;Ensemble;22976,4542;10705,15928;-
FM ; H ; 2009_2013;94;Sans diplôme;23335,81115;7329,453318;-
FM ; H ; 2009_2013;94;Supérieur au baccalauréat;20972,90167;17397,723;-
FM ; H ; 2009_2013;95;Baccalauréat;24495,8057;10891,86448;-
FM ; H ; 2009_2013;95;Brevet, CEP;25493,11115;7630,253931;-
FM ; H ; 2009_2013;95;CAP, BEP;24780,14139;8994,124876;-
FM ; H ; 2009_2013;95;Ensemble;25325,6819;8245,493259;-
FM ; H ; 2009_2013;95;Sans diplôme;25721,7813;5619,065934;-
FM ; H ; 2009_2013;95;Supérieur au baccalauréat;23458,99913;13748,91566;-
FM ; H ; 2009_2013;96;Baccalauréat;26723,74428;8223,814521;-
FM ; H ; 2009_2013;96;Brevet, CEP;27645,30514;5685,064816;-
FM ; H ; 2009_2013;96;CAP, BEP;26917,3239;6765,368015;-
FM ; H ; 2009_2013;96;Ensemble;27463,74108;6157,265865;-
FM ; H ; 2009_2013;96;Sans diplôme;27893,28022;4173,742083;-
FM ; H ; 2009_2013;96;Supérieur au baccalauréat;25757,50919;10523,55766;-
FM ; H ; 2009_2013;97;Baccalauréat;28650,97631;6026,103358;-
FM ; H ; 2009_2013;97;Brevet, CEP;29596,58123;4113,4113;-
FM ; H ; 2009_2013;97;CAP, BEP;28858,51628;4944,311993;-
FM ; H ; 2009_2013;97;Ensemble;29402,20192;4466,25031;-
FM ; H ; 2009_2013;97;Sans diplôme;29862,05902;3009,548508;-
FM ; H ; 2009_2013;97;Supérieur au baccalauréat;27855,26824;7812,951324;-
FM ; H ; 2009_2013;98;Baccalauréat;30710,99335;4299,565912;-
FM ; H ; 2009_2013;98;Brevet, CEP;31685,58335;2895,982183;-
FM ; H ; 2009_2013;98;CAP, BEP;30933,45552;3517,456912;-
FM ; H ; 2009_2013;98;Ensemble;31477,48426;3153,074376;-
FM ; H ; 2009_2013;98;Sans diplôme;31969,79924;2110,835356;-
FM ; H ; 2009_2013;98;Supérieur au baccalauréat;30062,50764;5636,632776;-
FM ; H ; 2009_2013;99;Baccalauréat;32913,04849;2979,126511;-
FM ; H ; 2009_2013;99;Brevet, CEP;33922,03257;1978,373335;-
FM ; H ; 2009_2013;99;CAP, BEP;33151,46176;2429,385943;-
FM ; H ; 2009_2013;99;Ensemble;33699,24531;2160,565886;-
FM ; H ; 2009_2013;99;Sans diplôme;34226,30915;1436,005531;-
FM ; H ; 2009_2013;99;Supérieur au baccalauréat;32387,19992;3942,119617;-
FM ; H ; 2000_2008;30;Baccalauréat;75,50331246;100000;50,18264053
FM ; H ; 2000_2008;30;Brevet, CEP;141,4220143;100000;46,68133577
FM ; H ; 2000_2008;30;CAP, BEP;110,3927314;100000;47,76639339
FM ; H ; 2000_2008;30;Ensemble;103,0509002;100000;47,56411996
FM ; H ; 2000_2008;30;Sans diplôme;171,9252343;100000;43,92573572
FM ; H ; 2000_2008;30;Supérieur au baccalauréat;29,70679268;100000;52,12589266
FM ; H ; 2000_2008;31;Baccalauréat;82,23389606;99924,49669;49,22055871
FM ; H ; 2000_2008;31;Brevet, CEP;147,6763276;99858,57799;45,74744696
FM ; H ; 2000_2008;31;CAP, BEP;116,5393533;99889,60727;46,81918229
FM ; H ; 2000_2008;31;Ensemble;105,5626733;99896,9491;46,61318578
FM ; H ; 2000_2008;31;Sans diplôme;182,9411205;99828,07477;43,00138521
FM ; H ; 2000_2008;31;Supérieur au baccalauréat;33,12923535;99970,29321;51,14138219
FM ; H ; 2000_2008;32;Baccalauréat;89,56446333;99842,32488;48,26106801
FM ; H ; 2000_2008;32;Brevet, CEP;154,2072346;99711,1105;44,81510502
FM ; H ; 2000_2008;32;CAP, BEP;123,0282166;99773,19657;45,87380872
FM ; H ; 2000_2008;32;Ensemble;111,4322528;99791,49521;45,6624439
FM ; H ; 2000_2008;32;Sans diplôme;194,6628353;99645,44817;42,0801966
FM ; H ; 2000_2008;32;Supérieur au baccalauréat;36,94596879;99937,17381;50,15833055
FM ; H ; 2000_2008;33;Baccalauréat;97,54849857;99752,90164;47,30433152
FM ; H ; 2000_2008;33;Brevet, CEP;161,0269675;99557,34876;43,88431989
FM ; H ; 2000_2008;33;CAP, BEP;129,8783771;99650,44738;44,93031597
FM ; H ; 2000_2008;33;Ensemble;113,6539115;99680,2953;44,71338335
FM ; H ; 2000_2008;33;Sans diplôme;207,1356037;99451,47551;41,16227087
FM ; H ; 2000_2008;33;Supérieur au baccalauréat;40,30247771;99900,25106;49,17686888
FM ; H ; 2000_2008;34;Baccalauréat;106,2442538;99655,59418;46,35052125
FM ; H ; 2000_2008;34;Brevet, CEP;168,1482994;99397,03458;42,95509945
FM ; H ; 2000_2008;34;CAP, BEP;137,1099517;99521,023;43,98874663
FM ; H ; 2000_2008;34;Ensemble;121,6194102;99567,00474;43,76425968
FM ; H ; 2000_2008;34;Sans diplôme;220,4075486;99245,4761;40,24770957
FM ; H ; 2000_2008;34;Supérieur au baccalauréat;44,96283901;99859,98878;48,19669637
FM ; H ; 2000_2008;35;Baccalauréat;115,9698742;99549,71584;45,39981839
FM ; H ; 2000_2008;35;Brevet, CEP;178,4128094;99229,90016;42,02744938
FM ; H ; 2000_2008;35;CAP, BEP;146,7346043;99384,56977;43,04914238
FM ; H ; 2000_2008;35;Ensemble;131,545917;99445,91194;42,81755033
FM ; H ; 2000_2008;35;Sans diplôme;235,0460992;99026,73158;39,33661451
FM ; H ; 2000_2008;35;Supérieur au baccalauréat;50,25326067;99815,08889;47,21837672
FM ; H ; 2000_2008;36;Baccalauréat;126,7424748;99434,26816;44,45252963
FM ; H ; 2000_2008;36;Brevet, CEP;192,7445603;99052,8613;41,10256575
FM ; H ; 2000_2008;36;CAP, BEP;159,6812327;99238,73822;42,1124032
FM ; H ; 2000_2008;36;Ensemble;144,4409423;99315,0949;41,87394926
FM ; H ; 2000_2008;36;Sans diplôme;254,9749191;98793,97311;38,42929152
FM ; H ; 2000_2008;36;Supérieur au baccalauréat;56,73380041;99764,92856;46,24211743
FM ; H ; 2000_2008;37;Baccalauréat;138,6343635;99308,24271;43,50894136
FM ; H ; 2000_2008;37;Brevet, CEP;203,6818536;98861,9423;40,1819417
FM ; H ; 2000_2008;37;CAP, BEP;169,8239436;99080,27258;41,17975635
FM ; H ; 2000_2008;37;Ensemble;154,8206913;99171,64324;40,93451988
FM ; H ; 2000_2008;37;Sans diplôme;270,3794652;98542,07325;37,52752705
FM ; H ; 2000_2008;37;Supérieur au baccalauréat;62,30817352;99708,32812;45,26836723
FM ; H ; 2000_2008;38;Baccalauréat;151,7354846;99170,56736;42,56934345
FM ; H ; 2000_2008;38;Brevet, CEP;219,8190403;98660,57846;39,26395206
FM ; H ; 2000_2008;38;CAP, BEP;184,3349873;98912,01055;40,24980841
FM ; H ; 2000_2008;38;Ensemble;169,2276985;99018,10502;39,99799325
FM ; H ; 2000_2008;38;Sans diplôme;292,6685547;98275,63572;36,62926887
FM ; H ; 2000_2008;38;Supérieur au baccalauréat;69,61119312;99646,20168;44,29659071
FM ; H ; 2000_2008;39;Baccalauréat;158,5964188;99020,09041;41,6340344
FM ; H ; 2000_2008;39;Brevet, CEP;230,5160856;98443,70373;38,35045185
FM ; H ; 2000_2008;39;CAP, BEP;194,3207293;98729,68111;39,3241399
FM ; H ; 2000_2008;39;Ensemble;179,528269;98850,53896;39,06579568
FM ; H ; 2000_2008;39;Sans diplôme;307,7040959;97988,01384;35,73678589
FM ; H ; 2000_2008;39;Supérieur au baccalauréat;75,33332865;99576,83677;43,32744757
FM ; H ; 2000_2008;40;Baccalauréat;173,7257954;98863,0481;40,70016938
FM ; H ; 2000_2008;40;Brevet, CEP;253,2470456;98216,77516;37,43906007
FM ; H ; 2000_2008;40;CAP, BEP;214,5316351;98537,82887;38,40070364
FM ; H ; 2000_2008;40;Ensemble;199,3695536;98673,0743;38,13605596
FM ; H ; 2000_2008;40;Sans diplôme;338,8115753;97686,50071;34,84708885
FM ; H ; 2000_2008;40;Supérieur au baccalauréat;85,23071928;99501,82223;42,36011219
FM ; H ; 2000_2008;41;Baccalauréat;190,1017526;98691,29748;39,77099912
FM ; H ; 2000_2008;41;Brevet, CEP;277,865356;97968,04407;36,5341141
FM ; H ; 2000_2008;41;CAP, BEP;236,5018808;98326,43406;37,48326241
FM ; H ; 2000_2008;41;Ensemble;221,0281372;98476,35023;37,21223953
FM ; H ; 2000_2008;41;Sans diplôme;372,5068836;97355,52754;33,9655562
FM ; H ; 2000_2008;41;Supérieur au baccalauréat;96,20027491;99417,01611;41,39624682
FM ; H ; 2000_2008;42;Baccalauréat;208,4561341;98503,68359;38,84674849
FM ; H ; 2000_2008;42;Brevet, CEP;305,4466239;97695,82482;35,63591261
FM ; H ; 2000_2008;42;CAP, BEP;261,1737147;98093,89019;36,57212118
FM ; H ; 2000_2008;42;Ensemble;245,413771;98258,68979;36,29467125
FM ; H ; 2000_2008;42;Sans diplôme;410,2336152;96992,8715;33,09255331
FM ; H ; 2000_2008;42;Supérieur au baccalauréat;108,6906417;99321,37667;40,43610847
FM ; H ; 2000_2008;43;Baccalauréat;226,2284433;98298,34662;37,92789608
FM ; H ; 2000_2008;43;Brevet, CEP;332,2372429;97397,41622;34,74509479
FM ; H ; 2000_2008;43;CAP, BEP;285,3514955;97837,69473;35,66788807
FM ; H ; 2000_2008;43;Ensemble;269,5388972;98017,54943;35,3839625
FM ; H ; 2000_2008;43;Sans diplôme;446,9444991;96594,97413;32,2288693
FM ; H ; 2000_2008;43;Supérieur au baccalauréat;121,4133455;99213,42362;39,48010655
FM ; H ; 2000_2008;44;Baccalauréat;248,5138747;98075,9678;37,01389432
FM ; H ; 2000_2008;44;Brevet, CEP;365,7135721;97073,82573;33,86091574
FM ; H ; 2000_2008;44;CAP, BEP;315,4784265;97558,51341;34,76995818
FM ; H ; 2000_2008;44;Ensemble;299,5118531;97753,35401;34,47959381
FM ; H ; 2000_2008;44;Sans diplôme;492,6829014;96163,24821;31,37356115
FM ; H ; 2000_2008;44;Supérieur au baccalauréat;137,1694231;99092,96529;38,52809894
FM ; H ; 2000_2008;45;Baccalauréat;275,9640063;97832,23542;36,10610814
FM ; H ; 2000_2008;45;Brevet, CEP;406,866106;96718,81358;32,98520424
FM ; H ; 2000_2008;45;CAP, BEP;352,5049861;97250,73734;33,87999705
FM ; H ; 2000_2008;45;Ensemble;336,3388409;97460,57113;33,58317452
FM ; H ; 2000_2008;45;Sans diplôme;548,803489;95689,46833;30,52889864
FM ; H ; 2000_2008;45;Supérieur au baccalauréat;156,5955092;98957,04004;37,5810203
FM ; H ; 2000_2008;46;Baccalauréat;297,6078752;97562,25366;35,20602374
FM ; H ; 2000_2008;46;Brevet, CEP;439,5143698;96325,2975;32,11995813
FM ; H ; 2000_2008;46;CAP, BEP;382,422769;96907,92365;32,99984821
FM ; H ; 2000_2008;46;Ensemble;366,6660559;97132,77337;32,69650896
FM ; H ; 2000_2008;46;Sans diplôme;593,4707206;95164,32119;29,69736686
FM ; H ; 2000_2008;46;Supérieur au baccalauréat;173,513565;98802,07776;36,63996279
FM ; H ; 2000_2008;47;Baccalauréat;334,1334605;97271,90071;34,31111239
FM ; H ; 2000_2008;47;Brevet, CEP;494,1765902;95901,93398;31,26175317
FM ; H ; 2000_2008;47;CAP, BEP;431,8247735;96537,32568;32,1265316
FM ; H ; 2000_2008;47;Ensemble;416,0247624;96776,62046;31,81683717
FM ; H ; 2000_2008;47;Sans diplôme;667,8358376;94599,5488;28,87466425
FM ; H ; 2000_2008;47;Supérieur au baccalauréat;200,0984771;98630,64275;35,7036486
FM ; H ; 2000_2008;48;Baccalauréat;360,4675049;96946,88274;33,42614165
FM ; H ; 2000_2008;48;Brevet, CEP;533,8097492;95428,00907;30,41700867
FM ; H ; 2000_2008;48;CAP, BEP;468,443364;96120,45359;31,2658636
FM ; H ; 2000_2008;48;Ensemble;453,4416797;96374,00576;30,94975606
FM ; H ; 2000_2008;48;Sans diplôme;721,8686204;93967,77911;28,06879609
FM ; H ; 2000_2008;48;Supérieur au baccalauréat;221,6599588;98433,28434;34,7752343
FM ; H ; 2000_2008;49;Baccalauréat;384,8662083;96597,42073;32,54706793
FM ; H ; 2000_2008;49;Brevet, CEP;570,5454531;94918,60506;29,58024902
FM ; H ; 2000_2008;49;CAP, BEP;502,760754;95670,18371;30,41301579
FM ; H ; 2000_2008;49;Ensemble;488,8817317;95937,00585;30,09073441
FM ; H ; 2000_2008;49;Sans diplôme;771,8823717;93289,4552;27,2728892
FM ; H ; 2000_2008;49;Supérieur au baccalauréat;242,8052315;98215,09716;33,85248831
FM ; H ; 2000_2008;50;Baccalauréat;419,4324485;96225,6499;31,67281455
FM ; H ; 2000_2008;50;Brevet, CEP;622,2952144;94377,05127;28,74998622
FM ; H ; 2000_2008;50;CAP, BEP;550,6112722;95189,19157;29,56669312
FM ; H ; 2000_2008;50;Ensemble;537,7876095;95467,98735;29,23856523
FM ; H ; 2000_2008;50;Sans diplôme;842,0544883;92569,37034;26,48504139
FM ; H ; 2000_2008;50;Supérieur au baccalauréat;271,3227968;97976,62577;32,93488399
FM ; H ; 2000_2008;51;Baccalauréat;454,5902547;95822,0483;30,80622016
FM ; H ; 2000_2008;51;Brevet, CEP;674,8593338;93789,7474;27,93001632
FM ; H ; 2000_2008;51;CAP, BEP;599,5572754;94665,06915;28,73039201
FM ; H ; 2000_2008;51;Ensemble;588,1425306;94954,57235;28,39665681
FM ; H ; 2000_2008;51;Sans diplôme;913,1511467;91789,88581;25,70995376
FM ; H ; 2000_2008;51;Supérieur au baccalauréat;301,4193411;97710,79284;32,02448695
FM ; H ; 2000_2008;52;Baccalauréat;477,4328328;95386,45061;29,94690176
FM ; H ; 2000_2008;52;Brevet, CEP;709,0484612;93156,79853;27,11978532
FM ; H ; 2000_2008;52;CAP, BEP;632,4433997;94097,49784;27,90368616
FM ; H ; 2000_2008;52;Ensemble;623,0061933;94396,10412;27,56465771
FM ; H ; 2000_2008;52;Sans diplôme;959,1941157;90951,70541;24,94688806
FM ; H ; 2000_2008;52;Supérieur au baccalauréat;324,2397562;97416,27362;31,12130678
FM ; H ; 2000_2008;53;Baccalauréat;508,9142861;94931,04438;29,09056399
FM ; H ; 2000_2008;53;Brevet, CEP;755,9100415;92496,27169;26,31345092
FM ; H ; 2000_2008;53;CAP, BEP;676,8686936;93502,38443;27,08128439
FM ; H ; 2000_2008;53;Ensemble;669,4546268;93808,01055;26,73746383
FM ; H ; 2000_2008;53;Sans diplôme;1022,107763;90079,30201;24,18849462
FM ; H ; 2000_2008;53;Supérieur au baccalauréat;353,7189845;97100,41133;30,22254268
FM ; H ; 2000_2008;54;Baccalauréat;531,9988982;94447,92673;28,23936731
FM ; H ; 2000_2008;54;Brevet, CEP;790,1499678;91797,08308;25,51387194
FM ; H ; 2000_2008;54;CAP, BEP;710,214593;92869,49606;26,26583832
FM ; H ; 2000_2008;54;Ensemble;705,1513956;93180,00848;25,91766538
FM ; H ; 2000_2008;54;Sans diplôme;1067,698509;89158,59447;23,43828018
FM ; H ; 2000_2008;54;Supérieur au baccalauréat;378,1378291;96756,94874;29,32982503
FM ; H ; 2000_2008;55;Baccalauréat;573,1675398;93945,4648;27,39040394
FM ; H ; 2000_2008;55;Brevet, CEP;851,0192364;91071,74846;24,71707541
FM ; H ; 2000_2008;55;CAP, BEP;767,7957252;92209,92335;25,45371647
FM ; H ; 2000_2008;55;Ensemble;765,1750026;92522,94835;25,10172204
FM ; H ; 2000_2008;55;Sans diplôme;1148,88877;88206,64948;22,6912311
FM ; H ; 2000_2008;55;Supérieur au baccalauréat;416,4107989;96391,07411;28,44115316
FM ; H ; 2000_2008;56;Baccalauréat;610,6111313;93406,99989;26,54830187
FM ; H ; 2000_2008;56;Brevet, CEP;906,1235138;90296,71036;23,92922793
FM ; H ; 2000_2008;56;CAP, BEP;820,5624034;91501,9395;24,65066115
FM ; H ; 2000_2008;56;Ensemble;820,7532808;91814,98588;24,29527516
FM ; H ; 2000_2008;56;Sans diplôme;1221,890427;87193,25319;21,95495803
FM ; H ; 2000_2008;56;Supérieur au baccalauréat;453,2896869;95989,69127;27,56008042
FM ; H ; 2000_2008;57;Baccalauréat;651,2584186;92836,64635;25,71140468
FM ; H ; 2000_2008;57;Brevet, CEP;965,691127;89478,51064;23,14803899
FM ; H ; 2000_2008;57;CAP, BEP;877,7460347;90751,10898;23,85460873
FM ; H ; 2000_2008;57;Ensemble;881,0766353;91061,41137;23,49632959
FM ; H ; 2000_2008;57;Sans diplôme;1300,435104;86127,84718;21,22654202
FM ; H ; 2000_2008;57;Supérieur au baccalauréat;493,8323453;95554,5799;26,68557628
FM ; H ; 2000_2008;58;Baccalauréat;676,7222447;92232,03988;24,87995003
FM ; H ; 2000_2008;58;Brevet, CEP;1002,483477;88614,4246;22,37375729
FM ; H ; 2000_2008;58;CAP, BEP;914,493915;89954,54472;23,06584573
FM ; H ; 2000_2008;58;Ensemble;921,1098003;90259,09055;22,70519049
FM ; H ; 2000_2008;58;Sans diplôme;1347,906464;85007,81042;20,50621641
FM ; H ; 2000_2008;58;Supérieur au baccalauréat;523,8329674;95082,70048;25,8180123
FM ; H ; 2000_2008;59;Baccalauréat;721,2531902;91607,88515;24,04946533
FM ; H ; 2000_2008;59;Brevet, CEP;1067,140129;87726,07963;21,60032178
FM ; H ; 2000_2008;59;CAP, BEP;976,962658;89131,91588;22,27872829
FM ; H ; 2000_2008;59;Ensemble;987,2787369;89427,70522;21,91627454
FM ; H ; 2000_2008;59;Sans diplôme;1432,274089;83861,98465;19,78639761
FM ; H ; 2000_2008;59;Supérieur au baccalauréat;569,6534609;94584,62595;24,95396774
FM ; H ; 2000_2008;60;Baccalauréat;777,2514323;90947,16035;23,22418303
FM ; H ; 2000_2008;60;Brevet, CEP;1148,270354;86789,91943;20,83331384
FM ; H ; 2000_2008;60;CAP, BEP;1055,021246;88261,13035;21,49853053
FM ; H ; 2000_2008;60;Ensemble;1069,614111;88544,8045;21,13480678
FM ; H ; 2000_2008;60;Sans diplôme;1537,995652;82660,85117;19,07391104
FM ; H ; 2000_2008;60;Supérieur au baccalauréat;626,2920168;94045,82135;24,09693329
FM ; H ; 2000_2008;61;Baccalauréat;815,5384416;90240,27225;22,40610733
FM ; H ; 2000_2008;61;Brevet, CEP;1202,788607;85793,33652;20,07531544
FM ; H ; 2000_2008;61;CAP, BEP;1109,06075;87329,95667;20,72776305
FM ; H ; 2000_2008;61;Ensemble;1127,944835;87597,71678;20,36331178
FM ; H ; 2000_2008;61;Sans diplôme;1607,410408;81389,53087;18,37184923
FM ; H ; 2000_2008;61;Supérieur au baccalauréat;670,233734;93456,81988;23,2488016
FM ; H ; 2000_2008;62;Baccalauréat;875,3253788;89504,32814;21,59034024
FM ; H ; 2000_2008;62;Brevet, CEP;1288,392365;84761,42404;19,3197187
FM ; H ; 2000_2008;62;CAP, BEP;1192,231038;86361,4144;19,96022467
FM ; H ; 2000_2008;62;Ensemble;1216,238496;86609,66286;19,595619
FM ; H ; 2000_2008;62;Sans diplôme;1717,474365;80081,26708;17,67198466
FM ; H ; 2000_2008;62;Supérieur au baccalauréat;733,5060794;92830,44075;22,40567433
FM ; H ; 2000_2008;63;Baccalauréat;938,4242926;88720,87404;20,78099482
FM ; H ; 2000_2008;63;Brevet, CEP;1378,127659;83669,36433;18,57188132
FM ; H ; 2000_2008;63;CAP, BEP;1279,844816;85331,78681;19,20106807
FM ; H ; 2000_2008;63;Ensemble;1309,528206;85556,2828;18,8368828
FM ; H ; 2000_2008;63;Sans diplôme;1831,981262;78705,89185;16,98080029
FM ; H ; 2000_2008;63;Supérieur au baccalauréat;801,7820459;92149,52382;21,57123571
FM ; H ; 2000_2008;64;Baccalauréat;999,588555;87888,2958;19,97785611
FM ; H ; 2000_2008;64;Brevet, CEP;1464,215009;82516,29367;17,83140208
FM ; H ; 2000_2008;64;CAP, BEP;1364,678965;84239,67236;18,44999786
FM ; H ; 2000_2008;64;Ensemble;1400,408035;84435,89914;18,08683023
FM ; H ; 2000_2008;64;Sans diplôme;1940,518655;77264,01466;16,29769075
FM ; H ; 2000_2008;64;Supérieur au baccalauréat;870,6368678;91410,68548;20,74558793
FM ; H ; 2000_2008;65;Baccalauréat;1082,540337;87009,77446;19,17956877
FM ; H ; 2000_2008;65;Brevet, CEP;1581,181536;81308,07772;17,09637187
FM ; H ; 2000_2008;65;CAP, BEP;1479,013988;83090,07127;17,70526468
FM ; H ; 2000_2008;65;Ensemble;1509,745087;83253,45202;17,34371712
FM ; H ; 2000_2008;65;Sans diplôme;2088,568436;75764,69204;15,620209
FM ; H ; 2000_2008;65;Supérieur au baccalauréat;955,1507125;90614,83035;19,92779301
FM ; H ; 2000_2008;66;Baccalauréat;1185,743403;86067,85855;18,38946758
FM ; H ; 2000_2008;66;Brevet, CEP;1726,312828;80022,44941;16,37103954
FM ; H ; 2000_2008;66;CAP, BEP;1620,681164;81861,1575;16,97105916
FM ; H ; 2000_2008;66;Ensemble;1645,558635;81996,53712;16,60957684
FM ; H ; 2000_2008;66;Sans diplôme;2271,907914;74182,2946;14,95340682
FM ; H ; 2000_2008;66;Supérieur au baccalauréat;1047,868425;89749,32216;19,11996904
FM ; H ; 2000_2008;67;Baccalauréat;1281,458944;85047,3146;17,61013604
FM ; H ; 2000_2008;67;Brevet, CEP;1859,017739;78641,0116;15,65861943
FM ; H ; 2000_2008;67;CAP, BEP;1751,711897;80534,44914;16,25063698
FM ; H ; 2000_2008;67;Ensemble;1769,058041;80647,23603;15,88747006
FM ; H ; 2000_2008;67;Sans diplôme;2436,887964;72496,94118;14,30103218
FM ; H ; 2000_2008;67;Supérieur au baccalauréat;1149,586366;88808,86735;18,32244282
FM ; H ; 2000_2008;68;Baccalauréat;1390,624048;83957,46818;16,83873207
FM ; H ; 2000_2008;68;Brevet, CEP;2009,448202;77179,06124;14,95522998
FM ; H ; 2000_2008;68;CAP, BEP;1888,896679;79123,71761;15,54037673
FM ; H ; 2000_2008;68;Ensemble;1908,904426;79220,53961;15,17359026
FM ; H ; 2000_2008;68;Sans diplôme;2622,829478;70730,27194;13,658237
FM ; H ; 2000_2008;68;Supérieur au baccalauréat;1261,178199;87787,93272;17,53552468
FM ; H ; 2000_2008;69;Baccalauréat;1546,655054;82789,93543;16,07619778
FM ; H ; 2000_2008;69;Brevet, CEP;2224,967852;75628,18798;14,26191016
FM ; H ; 2000_2008;69;CAP, BEP;2036,825046;77629,15234;14,83956983
FM ; H ; 2000_2008;69;Ensemble;2110,012692;77708,29523;14,46887632
FM ; H ; 2000_2008;69;Sans diplôme;2890,406359;68875,13752;13,02611816
FM ; H ; 2000_2008;69;Supérieur au baccalauréat;1383,602394;86680,77045;16,75950367
FM ; H ; 2000_2008;70;Baccalauréat;1672,068154;81509,46071;15,32874718
FM ; H ; 2000_2008;70;Brevet, CEP;2393,815181;73945,48511;13,58645408
FM ; H ; 2000_2008;70;CAP, BEP;2196,338377;76047,98232;14,14811034
FM ; H ; 2000_2008;70;Ensemble;2266,203554;76068,64033;13,78075207
FM ; H ; 2000_2008;70;Sans diplôme;3094,156265;66884,36617;12,41383242
FM ; H ; 2000_2008;70;Supérieur au baccalauréat;1517,910465;85481,45323;15,99464194
FM ; H ; 2000_2008;71;Baccalauréat;1839,153195;80146,56698;14,58941278
FM ; H ; 2000_2008;71;Brevet, CEP;2619,01637;72175,36686;12,91966513
FM ; H ; 2000_2008;71;CAP, BEP;2368,343947;74377,7113;13,46582889
FM ; H ; 2000_2008;71;Ensemble;2475,00246;74344,7701;13,10029342
FM ; H ; 2000_2008;71;Sans diplôme;3366,846657;64814,85936;11,81020003
FM ; H ; 2000_2008;71;Supérieur au baccalauréat;1665,255993;84183,92131;15,24116834
FM ; H ; 2000_2008;72;Baccalauréat;2050,419663;78672,54883;13,86276174
FM ; H ; 2000_2008;72;Brevet, CEP;2902,456688;70285,08219;12,26713353
FM ; H ; 2000_2008;72;CAP, BEP;2626,495346;72616,19128;12,79248231
FM ; H ; 2000_2008;72;Ensemble;2750,799004;72504,73521;12,43275442
FM ; H ; 2000_2008;72;Sans diplôme;3708,955779;62632,64243;11,22168544
FM ; H ; 2000_2008;72;Supérieur au baccalauréat;1818,414752;82782,04351;14,49927088
FM ; H ; 2000_2008;73;Baccalauréat;2229,369357;77059,43142;13,15295675
FM ; H ; 2000_2008;73;Brevet, CEP;3135,445561;68245,08812;11,63382483
FM ; H ; 2000_2008;73;CAP, BEP;2839,741695;70708,93039;12,13753917
FM ; H ; 2000_2008;73;Ensemble;2980,424413;70510,27568;11,78442835
FM ; H ; 2000_2008;73;Sans diplôme;3981,36777;60309,62542;10,65392434
FM ; H ; 2000_2008;73;Supérieur au baccalauréat;1985,472505;81276,72262;13,76781093
FM ; H ; 2000_2008;74;Baccalauréat;2460,646107;75341,49207;12,45287093
FM ; H ; 2000_2008;74;Brevet, CEP;3433,22129;66105,30054;11,01040452
FM ; H ; 2000_2008;74;CAP, BEP;3112,724208;68700,97941;11,49228787
FM ; H ; 2000_2008;74;Ensemble;3273,410627;68408,77021;11,14644393
FM ; H ; 2000_2008;74;Sans diplôme;4329,851661;57908,47743;10,09568434
FM ; H ; 2000_2008;74;Supérieur au baccalauréat;2167,573611;79662,99564;13,04670438
FM ; H ; 2000_2008;75;Baccalauréat;2715,536927;73487,60458;11,76702216
FM ; H ; 2000_2008;75;Brevet, CEP;3766,796862;63835,75928;10,40185545
FM ; H ; 2000_2008;75;CAP, BEP;3419,499219;66562,5074;10,86150377
FM ; H ; 2000_2008;75;Ensemble;3602,70675;66169,47026;10,52366066
FM ; H ; 2000_2008;75;Sans diplôme;4715,952784;55401,12626;9,552596097
FM ; H ; 2000_2008;75;Supérieur au baccalauréat;2366,046406;77936,24157;12,33576695
FM ; H ; 2000_2008;76;Baccalauréat;2996,385389;71492,02154;11,09547937
FM ; H ; 2000_2008;76;Brevet, CEP;4120,982461;61431,19591;9,809008858
FM ; H ; 2000_2008;76;CAP, BEP;3746,590984;64286,40297;10,2460628
FM ; H ; 2000_2008;76;Ensemble;3954,106117;63785,57828;9,916966967
FM ; H ; 2000_2008;76;Sans diplôme;5119,453103;52788,43531;9,025388694
FM ; H ; 2000_2008;76;Supérieur au baccalauréat;2617,750975;76092,23393;11,63471005
FM ; H ; 2000_2008;77;Baccalauréat;3344,513872;69349,84505;10,43821229
FM ; H ; 2000_2008;77;Brevet, CEP;4557,589911;58899,6271;9,230610524
FM ; H ; 2000_2008;77;CAP, BEP;4150,773505;61877,8544;9,644883031
FM ; H ; 2000_2008;77;Ensemble;4387,463063;61263,42883;9,325237827
FM ; H ; 2000_2008;77;Sans diplôme;5614,892529;50085,95612;8,512370016
FM ; H ; 2000_2008;77;Supérieur au baccalauréat;2931,133736;74100,32873;10,94746493
FM ; H ; 2000_2008;78;Baccalauréat;3687,190212;67030,42986;9,799399716
FM ; H ; 2000_2008;78;Brevet, CEP;4975,032583;56215,22364;8,671392953
FM ; H ; 2000_2008;78;CAP, BEP;4539,880423;59309,44481;9,06255698
FM ; H ; 2000_2008;78;Ensemble;4805,392937;58575,51852;8,75315385
FM ; H ; 2000_2008;78;Sans diplôme;6075,861375;47273,68351;8,018763917
FM ; H ; 2000_2008;78;Supérieur au baccalauréat;3242,61779;71928,349;10,27803934
FM ; H ; 2000_2008;79;Baccalauréat;4092,236418;64558,89041;9,174554908
FM ; H ; 2000_2008;79;Brevet, CEP;5462,800796;53418,49794;8,125383769
FM ; H ; 2000_2008;79;CAP, BEP;4996,115362;56616,86694;8,493552931
FM ; H ; 2000_2008;79;Ensemble;5294,483762;55760,73469;8,195010222
FM ; H ; 2000_2008;79;Sans diplôme;6610,487915;44401,40003;7,537489973
FM ; H ; 2000_2008;79;Supérieur au baccalauréat;3612,468228;69595,98756;9,622485964
FM ; H ; 2000_2008;80;Baccalauréat;4625,76268;61916,98799;8,566019022
FM ; H ; 2000_2008;80;Brevet, CEP;6103,082488;50500,35181;7,594906383
FM ; H ; 2000_2008;80;CAP, BEP;5595,989023;53788,22295;7,940216459
FM ; H ; 2000_2008;80;Ensemble;5935,643272;52808,49165;7,653149835
FM ; H ; 2000_2008;80;Sans diplôme;7313,219115;41466,25085;7,071024042
FM ; H ; 2000_2008;80;Supérieur au baccalauréat;4100,691068;67081,85462;8,983123115
FM ; H ; 2000_2008;81;Baccalauréat;5167,537122;59052,85507;7,98148102
FM ; H ; 2000_2008;81;Brevet, CEP;6732,83322;47418,27369;7,088557734
FM ; H ; 2000_2008;81;CAP, BEP;6190,865718;50778,2399;7,410888877
FM ; H ; 2000_2008;81;Ensemble;6571,189359;49673,96797;7,136078426
FM ; H ; 2000_2008;81;Sans diplôme;7985,832328;38433,73307;6,628945546
FM ; H ; 2000_2008;81;Supérieur au baccalauréat;4602,087265;64331,035;8,36724489
FM ; H ; 2000_2008;82;Baccalauréat;5818,516562;56001,27686;7,416401702
FM ; H ; 2000_2008;82;Brevet, CEP;7479,367725;44225,6804;6,600271326
FM ; H ; 2000_2008;82;CAP, BEP;6898,902332;47634,62725;6,899965109
FM ; H ; 2000_2008;82;Ensemble;7325,684859;46409,79747;6,637984876
FM ; H ; 2000_2008;82;Sans diplôme;8777,143182;35364,47959;6,204266162
FM ; H ; 2000_2008;82;Supérieur au baccalauréat;5208,030294;61370,46463;7,770888848
FM ; H ; 2000_2008;83;Baccalauréat;6554,213446;52742,83329;6,87458578
FM ; H ; 2000_2008;83;Brevet, CEP;8304,667716;40917,87914;6,133837247
FM ; H ; 2000_2008;83;CAP, BEP;7686,495349;44348,36084;6,411260749
FM ; H ; 2000_2008;83;Ensemble;8162,846611;43009,96196;6,16270184
FM ; H ; 2000_2008;83;Sans diplôme;9553,268987;32260,48858;5,801218881
FM ; H ; 2000_2008;83;Supérieur au baccalauréat;5898,838425;58174,27224;7,197834555
FM ; H ; 2000_2008;84;Baccalauréat;7361,950505;49285,95542;6,356763781
FM ; H ; 2000_2008;84;Brevet, CEP;9187,685757;37519,78524;5,689366944
FM ; H ; 2000_2008;84;CAP, BEP;8535,319545;40939,52615;5,945095166
FM ; H ; 2000_2008;84;Ensemble;9062,362278;39499,12474;5,710466965
FM ; H ; 2000_2008;84;Sans diplôme;10395,51303;29178,55733;5,413961916
FM ; H ; 2000_2008;84;Supérieur au baccalauréat;6665,129174;54742,66592;6,649039008
FM ; H ; 2000_2008;85;Baccalauréat;8288,003409;45657,54777;5,861936121
FM ; H ; 2000_2008;85;Brevet, CEP;10180,34678;34072,58527;5,264972973
FM ; H ; 2000_2008;85;CAP, BEP;9495,041119;37445,20677;5,499880759
FM ; H ; 2000_2008;85;Ensemble;10075,76149;35919,57096;5,279541792
FM ; H ; 2000_2008;85;Sans diplôme;11309,20297;26145,2966;5,042065636
FM ; H ; 2000_2008;85;Supérieur au baccalauréat;7551,273228;51093,99652;6,123853013
FM ; H ; 2000_2008;86;Baccalauréat;9309,420723;41873,44866;5,391678667
FM ; H ; 2000_2008;86;Brevet, CEP;11248,68665;30603,87793;4,861715989
FM ; H ; 2000_2008;86;CAP, BEP;10535,32598;33889,76899;5,07688333
FM ; H ; 2000_2008;86;Ensemble;11169,71639;32300,40066;4,871099805
FM ; H ; 2000_2008;86;Sans diplôme;12300,45568;23188,47194;4,684993038
FM ; H ; 2000_2008;86;Supérieur au baccalauréat;8539,065127;47235,74924;5,624053383
FM ; H ; 2000_2008;87;Baccalauréat;10508,01062;37975,27315;4,94513643
FM ; H ; 2000_2008;87;Brevet, CEP;12484,33323;27161,3436;4,477908783
FM ; H ; 2000_2008;87;CAP, BEP;11743,8406;30319,37135;4,67473518
FM ; H ; 2000_2008;87;Ensemble;12435,42752;28692,53752;4,483602671
FM ; H ; 2000_2008;87;Sans diplôme;13375,568;20336,18423;4,342095074
FM ; H ; 2000_2008;87;Supérieur au baccalauréat;9706,958114;43202,25785;5,149131747
FM ; H ; 2000_2008;88;Baccalauréat;11811,97519;33984,82742;4,525786681
FM ; H ; 2000_2008;88;Brevet, CEP;13796,30316;23770,43096;4,116693899
FM ; H ; 2000_2008;88;CAP, BEP;13036,30501;26758,71271;4,296780657
FM ; H ; 2000_2008;88;Ensemble;13782,36258;25124,49781;4,120338676
FM ; H ; 2000_2008;88;Sans diplôme;14611,84362;17616,10408;4,012552433
FM ; H ; 2000_2008;88;Supérieur au baccalauréat;10991,83717;39008,63277;4,702689421
FM ; H ; 2000_2008;89;Baccalauréat;13327,6531;29970,54803;4,131974201
FM ; H ; 2000_2008;89;Brevet, CEP;15344,25422;20490,99024;3,775542176
FM ; H ; 2000_2008;89;CAP, BEP;14526,48374;23270,36531;3,940890169
FM ; H ; 2000_2008;89;Ensemble;15328,74949;21661,74843;3,778997429
FM ; H ; 2000_2008;89;Sans diplôme;16032,32338;15042,0665;3,699190852
FM ; H ; 2000_2008;89;Supérieur au baccalauréat;12495,97901;34720,86738;4,283436116
FM ; H ; 2000_2008;90;Baccalauréat;14903,20266;25976,17736;3,767350082
FM ; H ; 2000_2008;90;Brevet, CEP;16915,89264;17346,8006;3,459877048
FM ; H ; 2000_2008;90;CAP, BEP;16048,37622;19889,99947;3,610656425
FM ; H ; 2000_2008;90;Ensemble;16898,79984;18341,27327;3,463141156
FM ; H ; 2000_2008;90;Sans diplôme;17455,88266;12630,47375;3,405493877
FM ; H ; 2000_2008;90;Supérieur au baccalauréat;14078,69381;30382,15508;3,895130609
FM ; H ; 2000_2008;91;Baccalauréat;16806,71694;22104,895;-
FM ; H ; 2000_2008;91;Brevet, CEP;18811,04183;14412,43444;-
FM ; H ; 2000_2008;91;CAP, BEP;17888,95216;16697,97753;-
FM ; H ; 2000_2008;91;Ensemble;18792,03406;15241,81821;-
FM ; H ; 2000_2008;91;Sans diplôme;19194,42285;10425,71308;-
FM ; H ; 2000_2008;91;Supérieur au baccalauréat;15995,81099;26104,74449;-
FM ; H ; 2000_2008;92;Baccalauréat;18593,50163;18389,78787;-
FM ; H ; 2000_2008;92;Brevet, CEP;20539,11336;11701,30537;-
FM ; H ; 2000_2008;92;CAP, BEP;19579,83306;13710,88432;-
FM ; H ; 2000_2008;92;Ensemble;20518,35944;12377,57054;-
FM ; H ; 2000_2008;92;Sans diplôme;20752,77023;8424,557623;-
FM ; H ; 2000_2008;92;Supérieur au baccalauréat;17822,15744;21929,0789;-
FM ; H ; 2000_2008;93;Baccalauréat;20375,93012;14970,48236;-
FM ; H ; 2000_2008;93;Brevet, CEP;22239,27563;9297,960993;-
FM ; H ; 2000_2008;93;CAP, BEP;21251,99417;11026,31606;-
FM ; H ; 2000_2008;93;Ensemble;22216,80377;9837,89613;-
FM ; H ; 2000_2008;93;Sans diplôme;22470,61833;6676,228537;-
FM ; H ; 2000_2008;93;Supérieur au baccalauréat;19658,48006;18020,84393;-
FM ; H ; 2000_2008;94;Baccalauréat;22526,21977;11920,10734;-
FM ; H ; 2000_2008;94;Brevet, CEP;24318,27486;7230,16182;-
FM ; H ; 2000_2008;94;CAP, BEP;23296,01815;8683,004011;-
FM ; H ; 2000_2008;94;Ensemble;24293,70226;7652,230052;-
FM ; H ; 2000_2008;94;Sans diplôme;24571,24422;5176,038704;-
FM ; H ; 2000_2008;94;Supérieur au baccalauréat;21862,80839;14478,21992;-
FM ; H ; 2000_2008;95;Baccalauréat;24424,81493;9234,957762;-
FM ; H ; 2000_2008;95;Brevet, CEP;26120,28816;5471,911196;-
FM ; H ; 2000_2008;95;CAP, BEP;25078,83855;6660,209821;-
FM ; H ; 2000_2008;95;Ensemble;26093,8947;5793,220067;-
FM ; H ; 2000_2008;95;Sans diplôme;26392,00286;3904,221593;-
FM ; H ; 2000_2008;95;Supérieur au baccalauréat;23828,09011;11312,87444;-
FM ; H ; 2000_2008;96;Baccalauréat;26346,96271;6979,33642;-
FM ; H ; 2000_2008;96;Brevet, CEP;27951,96907;4042,632224;-
FM ; H ; 2000_2008;96;CAP, BEP;26893,23273;4989,906553;-
FM ; H ; 2000_2008;96;Ensemble;27923,72477;4281,543323;-
FM ; H ; 2000_2008;96;Sans diplôme;28242,73772;2873,819318;-
FM ; H ; 2000_2008;96;Supérieur au baccalauréat;25815,41674;8617,232526;-
FM ; H ; 2000_2008;97;Baccalauréat;28361,84629;5140,493256;-
FM ; H ; 2000_2008;97;Brevet, CEP;29891,09155;2912,636915;-
FM ; H ; 2000_2008;97;CAP, BEP;28813,18062;3647,95937;-
FM ; H ; 2000_2008;97;Ensemble;29860,88786;3085,976949;-
FM ; H ; 2000_2008;97;Sans diplôme;30202,0318;2062,174066;-
FM ; H ; 2000_2008;97;Supérieur au baccalauréat;27889,36927;6392,658038;-
FM ; H ; 2000_2008;98;Baccalauréat;30363,35612;3682,55446;-
FM ; H ; 2000_2008;98;Brevet, CEP;31830,21404;2042,017948;-
FM ; H ; 2000_2008;98;CAP, BEP;30733,27032;2596,866248;-
FM ; H ; 2000_2008;98;Ensemble;31798,05094;2164,476833;-
FM ; H ; 2000_2008;98;Sans diplôme;32161,32589;1439,355599;-
FM ; H ; 2000_2008;98;Supérieur au baccalauréat;29942,87518;4609,786032;-
FM ; H ; 2000_2008;99;Baccalauréat;32348,91619;2564,407335;-
FM ; H ; 2000_2008;99;Brevet, CEP;33769,33652;1392,039265;-
FM ; H ; 2000_2008;99;CAP, BEP;32652,32188;1798,764324;-
FM ; H ; 2000_2008;99;Ensemble;33735,21402;1476,215387;-
FM ; H ; 2000_2008;99;Sans diplôme;34120,61998;976,4397538;-
FM ; H ; 2000_2008;99;Supérieur au baccalauréat;31971,46466;3229,483555;-
FM ; H ; 1991_1999;30;Baccalauréat;108,5296877;100000;48,35673821
FM ; H ; 1991_1999;30;Brevet, CEP;231,882246;100000;45,17062258
FM ; H ; 1991_1999;30;CAP, BEP;159,7403421;100000;46,36370627
FM ; H ; 1991_1999;30;Ensemble;162,8024157;100000;45,46137156
FM ; H ; 1991_1999;30;Sans diplôme;280,7670252;100000;42,28281893
FM ; H ; 1991_1999;30;Supérieur au baccalauréat;93,77843351;100000;50,91797574
FM ; H ; 1991_1999;31;Baccalauréat;112,9342467;99891,47031;47,40927665
FM ; H ; 1991_1999;31;Brevet, CEP;238,8056525;99768,11775;44,27560867
FM ; H ; 1991_1999;31;CAP, BEP;164,2602255;99840,25966;45,43788631
FM ; H ; 1991_1999;31;Ensemble;168,3033234;99837,19758;44,53550446
FM ; H ; 1991_1999;31;Sans diplôme;290,375632;99719,23297;41,40186939
FM ; H ; 1991_1999;31;Supérieur au baccalauréat;97,53444042;99906,22157;49,96577064
FM ; H ; 1991_1999;32;Baccalauréat;117,8227376;99778,65863;46,4628785
FM ; H ; 1991_1999;32;Brevet, CEP;246,574437;99529,86585;43,38159443
FM ; H ; 1991_1999;32;CAP, BEP;169,3466318;99676,26182;44,51264549
FM ; H ; 1991_1999;32;Ensemble;174,4419301;99669,16826;43,61058556
FM ; H ; 1991_1999;32;Sans diplôme;301,092945;99429,67262;40,52244044
FM ; H ; 1991_1999;32;Supérieur au baccalauréat;101,7043113;99808,77859;49,01455205
FM ; H ; 1991_1999;33;Baccalauréat;123,1077096;99661,09669;45,51768691
FM ; H ; 1991_1999;33;Brevet, CEP;254,978869;99284,45064;42,48882676
FM ; H ; 1991_1999;33;CAP, BEP;174,8531272;99507,46343;43,58815402
FM ; H ; 1991_1999;33;Ensemble;181,0763646;99495,30344;42,68679365
FM ; H ; 1991_1999;33;Sans diplôme;312,6753778;99130,29689;39,64481913
FM ; H ; 1991_1999;33;Supérieur au baccalauréat;106,2119598;99707,26876;48,06445272
FM ; H ; 1991_1999;34;Baccalauréat;128,457067;99538,40619;44,57379176
FM ; H ; 1991_1999;34;Brevet, CEP;263,3158119;99031,29627;41,59744123
FM ; H ; 1991_1999;34;CAP, BEP;180,296316;99333,47152;42,66450277
FM ; H ; 1991_1999;34;Ensemble;187,7107991;99315,14096;41,76422956
FM ; H ; 1991_1999;34;Sans diplôme;324,2674791;98820,34086;38,76916752
FM ; H ; 1991_1999;34;Supérieur au baccalauréat;110,7704933;99601,36772;47,11555719
FM ; H ; 1991_1999;35;Baccalauréat;137,9296539;99410,54208;43,63112359
FM ; H ; 1991_1999;35;Brevet, CEP;272,2792184;98770,53121;40,70726305
FM ; H ; 1991_1999;35;CAP, BEP;189,5960905;99154,37693;41,74156424
FM ; H ; 1991_1999;35;Ensemble;198,4903123;99128,71572;40,84277296
FM ; H ; 1991_1999;35;Sans diplôme;336,7269798;98499,89863;37,89529231
FM ; H ; 1991_1999;35;Supérieur au baccalauréat;114,9663536;99491,03879;46,1678052
FM ; H ; 1991_1999;36;Baccalauréat;148,399129;99273,42546;42,69138697
FM ; H ; 1991_1999;36;Brevet, CEP;282,0636986;98501,59958;39,81840308
FM ; H ; 1991_1999;36;CAP, BEP;200,4824282;98966,38411;40,82085494
FM ; H ; 1991_1999;36;Ensemble;210,8459114;98931,95482;39,92400314
FM ; H ; 1991_1999;36;Sans diplôme;352,2774981;98168,2229;37,02332711
FM ; H ; 1991_1999;36;Supérieur au baccalauréat;120,2766648;99376,65757;45,22094374
FM ; H ; 1991_1999;37;Baccalauréat;158,5201784;99126,10456;41,75483477
FM ; H ; 1991_1999;37;Brevet, CEP;291,6014531;98223,76233;38,93103403
FM ; H ; 1991_1999;37;CAP, BEP;210,9725761;98767,9739;39,90285799
FM ; H ; 1991_1999;37;Ensemble;222,7436541;98723,36084;39,00835913
FM ; H ; 1991_1999;37;Sans diplôme;367,2331779;97822,39834;36,15421304
FM ; H ; 1991_1999;37;Supérieur au baccalauréat;125,4325358;99257,13064;44,27539948
FM ; H ; 1991_1999;38;Baccalauréat;169,9752088;98968,96968;40,8211297
FM ; H ; 1991_1999;38;Brevet, CEP;303,71759;97937,34041;38,0448895
FM ; H ; 1991_1999;38;CAP, BEP;223,2301889;98559,60056;38,98722005
FM ; H ; 1991_1999;38;Ensemble;236,4909071;98503,46082;38,09544175
FM ; H ; 1991_1999;38;Sans diplôme;385,2622257;97463,16204;35,28747268
FM ; H ; 1991_1999;38;Supérieur au baccalauréat;131,6852076;99132,62991;43,33100498
FM ; H ; 1991_1999;39;Baccalauréat;183,5963424;98800,74697;39,89063364
FM ; H ; 1991_1999;39;Brevet, CEP;319,4796358;97639,88748;37,16079053
FM ; H ; 1991_1999;39;CAP, BEP;238,2149447;98339,58578;38,07444601
FM ; H ; 1991_1999;39;Ensemble;253,141347;98270,50909;37,18574757
FM ; H ; 1991_1999;39;Sans diplôme;407,8624252;97087,67329;34,42394777
FM ; H ; 1991_1999;39;Supérieur au baccalauréat;139,550902;99002,0869;42,38814074
FM ; H ; 1991_1999;40;Baccalauréat;198,7153379;98619,35241;38,9640061
FM ; H ; 1991_1999;40;Brevet, CEP;337,3789409;97327,94792;36,2798922
FM ; H ; 1991_1999;40;CAP, BEP;254,9450908;98105,32619;37,16536161
FM ; H ; 1991_1999;40;Ensemble;271,682156;98021,7458;36,28011896
FM ; H ; 1991_1999;40;Sans diplôme;433,216948;96691,68915;33,56492511
FM ; H ; 1991_1999;40;Supérieur au baccalauréat;148,4155627;98863,92859;41,44737644
FM ; H ; 1991_1999;41;Baccalauréat;217,3953953;98423,38063;38,04158772
FM ; H ; 1991_1999;41;Brevet, CEP;360,5984262;96999,58392;35,40270726
FM ; H ; 1991_1999;41;CAP, BEP;275,9571229;97855,21147;36,26035505
FM ; H ; 1991_1999;41;Ensemble;294,8434782;97755,43821;35,37895409
FM ; H ; 1991_1999;41;Sans diplôme;465,4993204;96272,80437;32,71096673
FM ; H ; 1991_1999;41;Supérieur au baccalauréat;159,7240925;98717,19914;40,50898223
FM ; H ; 1991_1999;42;Baccalauréat;238,0805507;98209,41273;37,12446856
FM ; H ; 1991_1999;42;Brevet, CEP;386,1907977;96649,80495;34,53083088
FM ; H ; 1991_1999;42;CAP, BEP;299,1455056;97585,17305;35,36069498
FM ; H ; 1991_1999;42;Ensemble;320,4071952;97467,21267;34,4835751
FM ; H ; 1991_1999;42;Sans diplôme;501,0000505;95824,65512;31,86394819
FM ; H ; 1991_1999;42;Supérieur au baccalauréat;172,2220381;98559,52399;39,57378834
FM ; H ; 1991_1999;43;Baccalauréat;264,040512;97975,59522;36,21306563
FM ; H ; 1991_1999;43;Brevet, CEP;419,1119203;96276,5523;33,66470277
FM ; H ; 1991_1999;43;CAP, BEP;328,490796;97293,25139;34,4667923
FM ; H ; 1991_1999;43;Ensemble;352,6645302;97154,92071;33,5944181
FM ; H ; 1991_1999;43;Sans diplôme;546,2193706;95344,57355;31,0243904
FM ; H ; 1991_1999;43;Supérieur au baccalauréat;188,173474;98389,78276;38,64206071
FM ; H ; 1991_1999;44;Baccalauréat;285,2090977;97716,89996;35,30893593
FM ; H ; 1991_1999;44;Brevet, CEP;443,3094103;95873,04579;32,80638938
FM ; H ; 1991_1999;44;CAP, BEP;351,4374464;96973,65201;33,58038568
FM ; H ; 1991_1999;44;Ensemble;378,1416089;96812,28977;32,713313
FM ; H ; 1991_1999;44;Sans diplôme;580,2465776;94823,78302;30,19478234
FM ; H ; 1991_1999;44;Supérieur au baccalauréat;200,3810583;98204,63929;37,7149119
FM ; H ; 1991_1999;45;Baccalauréat;306,6689141;97438,20247;34,40992827
FM ; H ; 1991_1999;45;Brevet, CEP;467,1649294;95448,03155;31,95247078
FM ; H ; 1991_1999;45;CAP, BEP;374,4177141;96632,85028;32,69881594
FM ; H ; 1991_1999;45;Ensemble;403,7112612;96446,20222;31,8374852
FM ; H ; 1991_1999;45;Sans diplôme;613,8924208;94273,57126;29,37100908
FM ; H ; 1991_1999;45;Supérieur au baccalauréat;212,5712053;98007,8558;36,79063718
FM ; H ; 1991_1999;46;Baccalauréat;333,9225328;97139,38979;33,51577743
FM ; H ; 1991_1999;46;Brevet, CEP;498,8571308;95002,13183;31,10244214
FM ; H ; 1991_1999;46;CAP, BEP;404,0718512;96271,03978;31,82170622
FM ; H ; 1991_1999;46;Ensemble;436,5463864;96056,83804;30,96653771
FM ; H ; 1991_1999;46;Sans diplôme;657,9270988;93694,83295;28,55242921
FM ; H ; 1991_1999;46;Supérieur au baccalauréat;228,5051145;97799,51932;35,86901008
FM ; H ; 1991_1999;47;Baccalauréat;360,0741343;96815,01948;32,62806913
FM ; H ; 1991_1999;47;Brevet, CEP;527,8128126;94528,20692;30,25837678
FM ; H ; 1991_1999;47;CAP, BEP;431,9506106;95882,0356;30,95081045
FM ; H ; 1991_1999;47;Ensemble;467,5405092;95637,50538;30,10231373
FM ; H ; 1991_1999;47;Sans diplôme;698,4604607;93078,38926;27,7415275
FM ; H ; 1991_1999;47;Supérieur au baccalauréat;243,3839365;97576,04241;34,95116032
FM ; H ; 1991_1999;48;Baccalauréat;396,28964;96466,41364;31,74597893
FM ; H ; 1991_1999;48;Brevet, CEP;570,161279;94029,27493;29,4189318
FM ; H ; 1991_1999;48;CAP, BEP;471,3536801;95467,87256;30,08508266
FM ; H ; 1991_1999;48;Ensemble;511,1007114;95190,3613;29,24371536
FM ; H ; 1991_1999;48;Sans diplôme;756,8382736;92428,27351;26,93665399
FM ; H ; 1991_1999;48;Supérieur au baccalauréat;264,7004261;97338,558;34,03643337
FM ; H ; 1991_1999;49;Baccalauréat;430,4927448;96084,12724;30,87228549
FM ; H ; 1991_1999;49;Brevet, CEP;608,0669225;93493,15641;28,587629
FM ; H ; 1991_1999;49;CAP, BEP;507,7358819;95017,88123;29,22756138
FM ; H ; 1991_1999;49;Ensemble;551,491958;94703,84269;28,39394803
FM ; H ; 1991_1999;49;Sans diplôme;809,4709314;91728,74096;26,1420756
FM ; H ; 1991_1999;49;Supérieur au baccalauréat;284,2537622;97080,90242;33,12676707
FM ; H ; 1991_1999;50;Baccalauréat;469,7247991;95670,49204;30,00576305
FM ; H ; 1991_1999;50;Brevet, CEP;651,5407211;92924,65545;27,7625244
FM ; H ; 1991_1999;50;CAP, BEP;549,4180149;94535,44136;28,37671752
FM ; H ; 1991_1999;50;Ensemble;597,7360929;94181,55861;27,55140674
FM ; H ; 1991_1999;50;Sans diplôme;869,6114961;90986,22347;25,35541503
FM ; H ; 1991_1999;50;Supérieur au baccalauréat;306,730085;96804,9463;32,22119958
FM ; H ; 1991_1999;51;Baccalauréat;497,759863;95221,10401;29,14737274
FM ; H ; 1991_1999;51;Brevet, CEP;676,1494358;92319,21348;26,94459481
FM ; H ; 1991_1999;51;CAP, BEP;575,6403266;94016,04661;27,53348563
FM ; H ; 1991_1999;51;Ensemble;624,6215158;93618,60144;26,71708175
FM ; H ; 1991_1999;51;Sans diplôme;904,5930517;90194,99681;24,57784289
FM ; H ; 1991_1999;51;Supérieur au baccalauréat;320,5609192;96508,01641;31,32033577
FM ; H ; 1991_1999;52;Baccalauréat;542,346429;94747,13158;28,29318244
FM ; H ; 1991_1999;52;Brevet, CEP;742,6003315;91694,99764;26,12802077
FM ; H ; 1991_1999;52;CAP, BEP;638,2052049;93474,85233;26,69289711
FM ; H ; 1991_1999;52;Ensemble;690,6661527;93033,83952;25,88501131
FM ; H ; 1991_1999;52;Sans diplôme;995,5322734;89379,09913;23,80220188
FM ; H ; 1991_1999;52;Supérieur au baccalauréat;354,6351076;96198,64943;30,42105941
FM ; H ; 1991_1999;53;Baccalauréat;558,9495926;94233,27389;27,44746626
FM ; H ; 1991_1999;53;Brevet, CEP;771,7366483;91014,07029;25,32349916
FM ; H ; 1991_1999;53;CAP, BEP;669,4253094;92878,29096;25,86434677
FM ; H ; 1991_1999;53;Ensemble;722,5267157;92391,28628;25,06503368
FM ; H ; 1991_1999;53;Sans diplôme;1036,520293;88489,30136;23,0415432
FM ; H ; 1991_1999;53;Supérieur au baccalauréat;371,2620949;95857,49524;29,52932712
FM ; H ; 1991_1999;54;Baccalauréat;592,3099507;93706,55739;26,60174611
FM ; H ; 1991_1999;54;Brevet, CEP;833,9542169;90311,68135;24,52044983
FM ; H ; 1991_1999;54;CAP, BEP;730,0170828;92256,54017;25,03865612
FM ; H ; 1991_1999;54;Ensemble;785,8102243;91723,73455;24,24745327
FM ; H ; 1991_1999;54;Sans diplôme;1121,818237;87572,09179;22,28287493
FM ; H ; 1991_1999;54;Supérieur au baccalauréat;404,2287019;95501,6127;28,63936686
FM ; H ; 1991_1999;55;Baccalauréat;627,6613891;93151,52413;25,76024973
FM ; H ; 1991_1999;55;Brevet, CEP;906,3081844;89558,52327;23,72665884
FM ; H ; 1991_1999;55;CAP, BEP;800,6430853;91583,05167;24,22278678
FM ; H ; 1991_1999;55;Ensemble;859,4568371;91002,96007;23,43950137
FM ; H ; 1991_1999;55;Sans diplôme;1220,73267;86589,69209;21,53568434
FM ; H ; 1991_1999;55;Supérieur au baccalauréat;442,7694537;95115,56777;27,75560527
FM ; H ; 1991_1999;56;Baccalauréat;675,9846785;92566,84798;24,92295813
FM ; H ; 1991_1999;56;Brevet, CEP;969,9978629;88746,84705;22,94366221
FM ; H ; 1991_1999;56;CAP, BEP;864,7605024;90849,7983;23,41829013
FM ; H ; 1991_1999;56;Ensemble;925,6735882;90220,8289;22,64270018
FM ; H ; 1991_1999;56;Sans diplôme;1307,907464;85532,66343;20,80182636
FM ; H ; 1991_1999;56;Supérieur au baccalauréat;477,7546835;94694,42509;26,87904516
FM ; H ; 1991_1999;57;Baccalauréat;723,3592134;91941,11027;24,09258013
FM ; H ; 1991_1999;57;Brevet, CEP;1031,408478;87886,00453;22,16839515
FM ; H ; 1991_1999;57;CAP, BEP;927,8313765;90064,16513;22,62256877
FM ; H ; 1991_1999;57;Ensemble;990,3613214;89385,67852;21,85425599
FM ; H ; 1991_1999;57;Sans diplôme;1391,816801;84413,97534;20,07750056
FM ; H ; 1991_1999;57;Supérieur au baccalauréat;512,2610603;94242,01804;26,00807752
FM ; H ; 1991_1999;58;Baccalauréat;796,7814295;91276,04578;23,26812585
FM ; H ; 1991_1999;58;Brevet, CEP;1128,646435;86979,54083;21,39942472
FM ; H ; 1991_1999;58;CAP, BEP;1024,507541;89228,52155;21,83443381
FM ; H ; 1991_1999;58;Ensemble;1090,342198;88500,43733;21,07285703
FM ; H ; 1991_1999;58;Sans diplôme;1523,738277;83239,08745;19,36088681
FM ; H ; 1991_1999;58;Supérieur au baccalauréat;565,4959962;93759,25288;25,14199277
FM ; H ; 1991_1999;59;Baccalauréat;861,3488208;90548,77519;22,45501102
FM ; H ; 1991_1999;59;Brevet, CEP;1211,862705;85997,84934;20,64370563
FM ; H ; 1991_1999;59;CAP, BEP;1110,042656;88314,36861;21,06044473
FM ; H ; 1991_1999;59;Ensemble;1177,812523;87535,47972;20,30515613
FM ; H ; 1991_1999;59;Sans diplôme;1636,414564;81970,74162;18,66046077
FM ; H ; 1991_1999;59;Supérieur au baccalauréat;612,7654455;93229,04805;24,28497831
FM ; H ; 1991_1999;60;Baccalauréat;941,4767336;89768,83439;21,65010746
FM ; H ; 1991_1999;60;Brevet, CEP;1315,326919;84955,67348;19,89694795
FM ; H ; 1991_1999;60;CAP, BEP;1215,773656;87334,04145;20,29684884
FM ; H ; 1991_1999;60;Ensemble;1288,356376;86504,47588;19,54716319
FM ; H ; 1991_1999;60;Sans diplôme;1775,873833;80629,36046;17,9709034
FM ; H ; 1991_1999;60;Supérieur au baccalauréat;671,4918868;92657,77266;23,43470574
FM ; H ; 1991_1999;61;Baccalauréat;1039,528423;88923,6817;20,85587544
FM ; H ; 1991_1999;61;Brevet, CEP;1441,668052;83838,22863;19,16214608
FM ; H ; 1991_1999;61;CAP, BEP;1344,807723;86272,25718;19,54664959
FM ; H ; 1991_1999;61;Ensemble;1423,184988;85389,98995;18,80228722
FM ; H ; 1991_1999;61;Sans diplôme;1945,46287;79197,48475;17,29581397
FM ; H ; 1991_1999;61;Supérieur au baccalauréat;743,523131;92035,58324;22,59313171
FM ; H ; 1991_1999;62;Baccalauréat;1110,893906;87999,29475;20,07495559
FM ; H ; 1991_1999;62;Brevet, CEP;1529,079821;82629,55968;18,44244155
FM ; H ; 1991_1999;62;CAP, BEP;1439,404706;85112,0612;18,81309766
FM ; H ; 1991_1999;62;Ensemble;1521,198775;84174,73243;18,07374185
FM ; H ; 1991_1999;62;Sans diplôme;2061,794732;77656,72709;16,63897366
FM ; H ; 1991_1999;62;Supérieur au baccalauréat;796,9577731;91351,27739;21,76237523
FM ; H ; 1991_1999;63;Baccalauréat;1216,30632;87021,71595;19,3004723
FM ; H ; 1991_1999;63;Brevet, CEP;1661,159679;81366,08775;17,72882016
FM ; H ; 1991_1999;63;CAP, BEP;1577,966345;83886,95419;18,08784906
FM ; H ; 1991_1999;63;Ensemble;1665,245982;82894,26743;17,35292635
FM ; H ; 1991_1999;63;Sans diplôme;2237,150841;76055,60478;15,98925727
FM ; H ; 1991_1999;63;Supérieur au baccalauréat;875,4399474;90623,24628;20,9372055
FM ; H ; 1991_1999;64;Baccalauréat;1310,122014;85963,26532;18,53811564
FM ; H ; 1991_1999;64;Brevet, CEP;1774,98363;80014,46711;17,02829899
FM ; H ; 1991_1999;64;CAP, BEP;1701,342055;82563,24628;17,37784527
FM ; H ; 1991_1999;64;Ensemble;1792,792385;81513,87397;16,64678879
FM ; H ; 1991_1999;64;Sans diplôme;2386,69393;74354,12618;15,35514657
FM ; H ; 1991_1999;64;Supérieur au baccalauréat;946,2718645;89829,89418;20,12211695
FM ; H ; 1991_1999;65;Baccalauréat;1415,966936;84837,04165;17,78421173
FM ; H ; 1991_1999;65;Brevet, CEP;1902,624146;78594,22342;16,33601034
FM ; H ; 1991_1999;65;CAP, BEP;1824,114771;81158,56305;16,67861905
FM ; H ; 1991_1999;65;Ensemble;1935,92765;80052,49945;15,95067927
FM ; H ; 1991_1999;65;Sans diplôme;2553,28003;72579,52076;14,73058754
FM ; H ; 1991_1999;65;Supérieur au baccalauréat;1028,518724;88979,85917;19,31434588
FM ; H ; 1991_1999;66;Baccalauréat;1523,463218;83635,77719;17,03964717
FM ; H ; 1991_1999;66;Brevet, CEP;2029,830044;77098,87075;15,65285151
FM ; H ; 1991_1999;66;CAP, BEP;1955,695671;79678,13772;15,98850895
FM ; H ; 1991_1999;66;Ensemble;2080,281743;78502,74097;15,26556892
FM ; H ; 1991_1999;66;Sans diplôme;2717,567298;70726,36235;14,11655554
FM ; H ; 1991_1999;66;Supérieur au baccalauréat;1115,478876;88064,68465;18,51506195
FM ; H ; 1991_1999;67;Baccalauréat;1651,36421;82361,61689;16,30325591
FM ; H ; 1991_1999;67;Brevet, CEP;2181,161262;75533,8947;14,97716072
FM ; H ; 1991_1999;67;CAP, BEP;2096,696133;78119,87583;15,30743271
FM ; H ; 1991_1999;67;Ensemble;2251,132483;76869,66279;14,5898824
FM ; H ; 1991_1999;67;Sans diplôme;2912,011605;68804,32586;13,51089898
FM ; H ; 1991_1999;67;Supérieur au baccalauréat;1218,305938;87082,3417;17,72392336
FM ; H ; 1991_1999;68;Baccalauréat;1796,213876;81001,52663;15,5770026
FM ; H ; 1991_1999;68;Brevet, CEP;2351,208135;73886,37865;14,31112096
FM ; H ; 1991_1999;68;CAP, BEP;2247,767376;76481,93941;14,63525653
FM ; H ; 1991_1999;68;Ensemble;2443,366655;75139,22484;13,92588382
FM ; H ; 1991_1999;68;Sans diplôme;3128,848803;66800,7359;12,91613855
FM ; H ; 1991_1999;68;Supérieur au baccalauréat;1334,627477;86021,41236;16,94251812
FM ; H ; 1991_1999;69;Baccalauréat;1946,901561;79546,56597;14,86191654
FM ; H ; 1991_1999;69;Brevet, CEP;2524,895673;72149,15611;13,65570714
FM ; H ; 1991_1999;69;CAP, BEP;2409,636107;74762,80333;13,97178748
FM ; H ; 1991_1999;69;Ensemble;2641,498558;73303,29807;13,27466625
FM ; H ; 1991_1999;69;Sans diplôme;3347,612583;64710,64188;12,33331791
FM ; H ; 1991_1999;69;Supérieur au baccalauréat;1456,256612;84873,34695;16,1716963
FM ; H ; 1991_1999;70;Baccalauréat;2113,165955;77997,87263;14,15700858
FM ; H ; 1991_1999;70;Brevet, CEP;2714,41083;70327,46519;13,00943065
FM ; H ; 1991_1999;70;CAP, BEP;2583,074454;72961,29183;13,31676953
FM ; H ; 1991_1999;70;Ensemble;2858,271449;71366,99251;12,63483009
FM ; H ; 1991_1999;70;Sans diplôme;3583,977627;62544,38029;11,76048967
FM ; H ; 1991_1999;70;Supérieur au baccalauréat;1590,402745;83637,37323;15,41067788
FM ; H ; 1991_1999;71;Baccalauréat;2308,320468;76349,64814;13,46262791
FM ; H ; 1991_1999;71;Brevet, CEP;2935,851682;68418,48886;12,37241287
FM ; H ; 1991_1999;71;CAP, BEP;2805,860837;71076,64733;12,66987252
FM ; H ; 1991_1999;71;Ensemble;3110,948999;69327,13014;12,00659385
FM ; H ; 1991_1999;71;Sans diplôme;3858,34646;60302,80369;11,19765074
FM ; H ; 1991_1999;71;Supérieur au baccalauréat;1747,079428;82307,20215;14,65973067
FM ; H ; 1991_1999;72;Baccalauréat;2479,745991;74587,25359;12,78073135
FM ; H ; 1991_1999;72;Brevet, CEP;3122,132727;66409,8235;11,74663517
FM ; H ; 1991_1999;72;CAP, BEP;2996,735328;69082,33552;12,03563427
FM ; H ; 1991_1999;72;Ensemble;3328,388953;67170,39848;11,39210595
FM ; H ; 1991_1999;72;Sans diplôme;4082,544904;57976,1126;10,64703365
FM ; H ; 1991_1999;72;Supérieur au baccalauréat;1886,557053;80869,22995;13,92040194
FM ; H ; 1991_1999;73;Baccalauréat;2742,346419;72737,67916;12,10571991
FM ; H ; 1991_1999;73;Brevet, CEP;3416,583077;64336,42067;11,12520001
FM ; H ; 1991_1999;73;CAP, BEP;3293,587572;67012,12077;11,40745279
FM ; H ; 1991_1999;73;Ensemble;3663,341592;64934,70636;10,78433443
FM ; H ; 1991_1999;73;Sans diplôme;4442,304379;55609,21177;10,10020449
FM ; H ; 1991_1999;73;Supérieur au baccalauréat;2095,70139;79343,58579;13,18806794
FM ; H ; 1991_1999;74;Baccalauréat;2990,289303;70742,96002;11,44706146
FM ; H ; 1991_1999;74;Brevet, CEP;3756,298164;62138,31341;10,51874759
FM ; H ; 1991_1999;74;CAP, BEP;3568,047474;64805,01789;10,79596317
FM ; H ; 1991_1999;74;Ensemble;3973,303439;62555,92625;10,19442444
FM ; H ; 1991_1999;74;Sans diplôme;4762,283297;53138,88132;9,569744719
FM ; H ; 1991_1999;74;Supérieur au baccalauréat;2294,139545;77680,78116;12,4703666
FM ; H ; 1991_1999;75;Baccalauréat;3279,753569;68627,54085;10,79991299
FM ; H ; 1991_1999;75;Brevet, CEP;4129,686299;59804,21308;9,929284089
FM ; H ; 1991_1999;75;CAP, BEP;3886,695804;62492,74408;10,19542111
FM ; H ; 1991_1999;75;Ensemble;4331,882144;60070,38948;9,616239862
FM ; H ; 1991_1999;75;Sans diplôme;5130,66757;50608,25725;9,048271893
FM ; H ; 1991_1999;75;Supérieur au baccalauréat;2524,415531;75898,67564;11,76317157
FM ; H ; 1991_1999;76;Baccalauréat;3631,782213;66376,72663;10,1661347
FM ; H ; 1991_1999;76;Brevet, CEP;4540,028795;57334,48669;9,356995514
FM ; H ; 1991_1999;76;CAP, BEP;4272,723491;60063,84122;9,607710551
FM ; H ; 1991_1999;76;Ensemble;4764,590741;57468,21101;9,051666195
FM ; H ; 1991_1999;76;Sans diplôme;5574,831783;48011,71581;8,537615224
FM ; H ; 1991_1999;76;Supérieur au baccalauréat;2818,955788;73982,67769;11,06781332
FM ; H ; 1991_1999;77;Baccalauréat;4017,922969;63966,06848;9,549260876
FM ; H ; 1991_1999;77;Brevet, CEP;4991,008655;54731,48448;8,802009571
FM ; H ; 1991_1999;77;CAP, BEP;4690,936805;57497,47937;9,036544339
FM ; H ; 1991_1999;77;Ensemble;5231,833735;54730,08595;8,504517558
FM ; H ; 1991_1999;77;Sans diplôme;6045,978944;45335,14342;8,041673301
FM ; H ; 1991_1999;77;Supérieur au baccalauréat;3147,023421;71897,13871;10,38886025
FM ; H ; 1991_1999;78;Baccalauréat;4450,68363;61395,96112;8,949004201
FM ; H ; 1991_1999;78;Brevet, CEP;5486,707222;51999,83135;8,264396397
FM ; H ; 1991_1999;78;CAP, BEP;5154,498128;54800,30895;8,481306432
FM ; H ; 1991_1999;78;Ensemble;5747,629774;51866,69885;7,97402355
FM ; H ; 1991_1999;78;Sans diplôme;6558,89462;42594,19019;7,559158204
FM ; H ; 1991_1999;78;Supérieur au baccalauréat;3520,051354;69634,51892;9,726423308
FM ; H ; 1991_1999;79;Baccalauréat;4964,492807;58663,42113;8,365848486
FM ; H ; 1991_1999;79;Brevet, CEP;6031,573831;49146,75285;7,744163021
FM ; H ; 1991_1999;79;CAP, BEP;5700,975018;51975,62805;7,9422337
FM ; H ; 1991_1999;79;Ensemble;6352,931289;48885,59302;7,460289678
FM ; H ; 1991_1999;79;Sans diplôme;7157,634608;39800,48214;7,089756829
FM ; H ; 1991_1999;79;Supérieur au baccalauréat;3967,814661;67183,34809;9,081289889
FM ; H ; 1991_1999;80;Baccalauréat;5543,604795;55751,07981;7,802866142
FM ; H ; 1991_1999;80;Brevet, CEP;6630,568184;46182,43017;7,241239464
FM ; H ; 1991_1999;80;CAP, BEP;6309,587929;49012,51048;7,422392174
FM ; H ; 1991_1999;80;Ensemble;7023,580503;45779,92489;6,966388891
FM ; H ; 1991_1999;80;Sans diplôme;7812,002733;36951,70906;6,636338001
FM ; H ; 1991_1999;80;Supérieur au baccalauréat;4480,867332;64517,63735;8,456506542
FM ; H ; 1991_1999;81;Baccalauréat;6224,719604;52660,46027;7,260812966
FM ; H ; 1991_1999;81;Brevet, CEP;7360,30982;43120,27265;6,755471274
FM ; H ; 1991_1999;81;CAP, BEP;7019,059589;45920,02303;6,92225374
FM ; H ; 1991_1999;81;Ensemble;7801,166475;42564,53501;6,49264053
FM ; H ; 1991_1999;81;Sans diplôme;8565,402505;34065,04054;6,198700696
FM ; H ; 1991_1999;81;Supérieur au baccalauréat;5092,701637;61626,68762;7,853207003
FM ; H ; 1991_1999;82;Baccalauréat;6945,452473;49382,49428;6,742779265
FM ; H ; 1991_1999;82;Brevet, CEP;8115,10186;39946,48698;6,29219977
FM ; H ; 1991_1999;82;CAP, BEP;7756,644899;42696,86925;6,444809344
FM ; H ; 1991_1999;82;Ensemble;8603,65397;39244,00477;6,041998561
FM ; H ; 1991_1999;82;Sans diplôme;9326,300964;31147,2327;5,779382056
FM ; H ; 1991_1999;82;Supérieur au baccalauréat;5755,83793;58488,22429;7,274608105
FM ; H ; 1991_1999;83;Baccalauréat;7825,114215;45952,65661;6,246050241
FM ; H ; 1991_1999;83;Brevet, CEP;9029,907287;36704,78888;5,847915052
FM ; H ; 1991_1999;83;CAP, BEP;8652,355199;39385,02472;5,986746457
FM ; H ; 1991_1999;83;Ensemble;9572,862768;35867,5864;5,610765992
FM ; H ; 1991_1999;83;Sans diplôme;10273,78448;28242,34804;5,373824072
FM ; H ; 1991_1999;83;Supérieur au baccalauréat;6574,056632;55121,73689;6,718895203
FM ; H ; 1991_1999;84;Baccalauréat;8813,296108;42356,80874;5,776303748
FM ; H ; 1991_1999;84;Brevet, CEP;10040,6784;33390,38047;5,428392978
FM ; H ; 1991_1999;84;CAP, BEP;9646,005406;35977,29249;5,553804939
FM ; H ; 1991_1999;84;Ensemble;10639,96389;32434,03157;5,204736945
FM ; H ; 1991_1999;84;Sans diplôme;11318,50357;25340,79007;4,989134882
FM ; H ; 1991_1999;84;Supérieur au baccalauréat;7511,662979;51498,00269;6,191680341
FM ; H ; 1991_1999;85;Baccalauréat;9810,01263;38623,77777;5,334589915
FM ; H ; 1991_1999;85;Brevet, CEP;11032,82519;30037,75975;5,034275139
FM ; H ; 1991_1999;85;CAP, BEP;10627,66011;32506,92091;5,146717657
FM ; H ; 1991_1999;85;Ensemble;11682,84113;28983,06233;4,824457074
FM ; H ; 1991_1999;85;Sans diplôme;12471,08035;22472,59184;4,625902902
FM ; H ; 1991_1999;85;Supérieur au baccalauréat;8486,241704;47629,64629;5,694552568
FM ; H ; 1991_1999;86;Baccalauréat;10963,84822;34834,78029;4,914836081
FM ; H ; 1991_1999;86;Brevet, CEP;12172,26894;26723,74622;4,658575929
FM ; H ; 1991_1999;86;CAP, BEP;11757,62872;29052,19584;4,75873661
FM ; H ; 1991_1999;86;Ensemble;12875,57083;25597,0172;4,462649768
FM ; H ; 1991_1999;86;Sans diplôme;13743,21226;19670,01686;4,284999428
FM ; H ; 1991_1999;86;Supérieur au baccalauréat;9629,625799;43587,67938;5,222619062
FM ; H ; 1991_1999;87;Baccalauréat;12260,9859;31015,54785;4,520045491
FM ; H ; 1991_1999;87;Brevet, CEP;13439,85171;23470,85996;4,304219832
FM ; H ; 1991_1999;87;CAP, BEP;13018,31515;25636,34652;4,39280228
FM ; H ; 1991_1999;87;Ensemble;14196,60513;22301,25512;4,122156679
FM ; H ; 1991_1999;87;Sans diplôme;15147,78777;16966,72469;3,967724326
FM ; H ; 1991_1999;87;Supérieur au baccalauréat;10935,66652;39390,34896;4,779127406
FM ; H ; 1991_1999;88;Baccalauréat;13696,22519;27212,7359;4,151693961
FM ; H ; 1991_1999;88;Brevet, CEP;14828,09843;20316,41119;3,972519014
FM ; H ; 1991_1999;88;CAP, BEP;14403,01327;22298,92614;4,050261199
FM ; H ; 1991_1999;88;Ensemble;15636,84189;19135,23399;3,804188325
FM ; H ; 1991_1999;88;Sans diplôme;16532,34108;14396,64124;3,67604111
FM ; H ; 1991_1999;88;Supérieur au baccalauréat;12403,92979;35082,75176;4,365927323
FM ; H ; 1991_1999;89;Baccalauréat;15277,8826;23485,61831;3,810558947
FM ; H ; 1991_1999;89;Brevet, CEP;16345,80375;17303,87374;3,6641192
FM ; H ; 1991_1999;89;CAP, BEP;15920,51863;19087,20884;3,731780117
FM ; H ; 1991_1999;89;Ensemble;17204,46906;16143,08771;3,509300518
FM ; H ; 1991_1999;89;Sans diplôme;18035,99392;12016,53941;3,404150251
FM ; H ; 1991_1999;89;Supérieur au baccalauréat;14044,39709;30731,11186;3,984158893
FM ; H ; 1991_1999;90;Baccalauréat;16765,86588;19897,51312;3,497714486
FM ; H ; 1991_1999;90;Brevet, CEP;17743,0862;14475,4165;3,380078184
FM ; H ; 1991_1999;90;CAP, BEP;17325,816;16048,4262;3,438395738
FM ; H ; 1991_1999;90;Ensemble;18637,96523;13365,75518;3,23851442
FM ; H ; 1991_1999;90;Sans diplôme;19391,00124;9849,23709;3,153225804
FM ; H ; 1991_1999;90;Supérieur au baccalauréat;15630,43639;26415,11248;3,635135766
FM ; H ; 1991_1999;91;Baccalauréat;18393,99806;16561,52276;-
FM ; H ; 1991_1999;91;Brevet, CEP;19274,45123;11907,03087;-
FM ; H ; 1991_1999;91;CAP, BEP;18866,27493;13267,90541;-
FM ; H ; 1991_1999;91;Ensemble;20204,30733;10874,65037;-
FM ; H ; 1991_1999;91;Sans diplôme;20880,39277;7939,371403;-
FM ; H ; 1991_1999;91;Supérieur au baccalauréat;17372,37376;22286,31513;-
FM ; H ; 1991_1999;92;Baccalauréat;20370,82716;13515,19658;-
FM ; H ; 1991_1999;92;Brevet, CEP;21156,96452;9612,016012;-
FM ; H ; 1991_1999;92;CAP, BEP;20755,23643;10764,7459;-
FM ; H ; 1991_1999;92;Ensemble;22128,88429;8677,502592;-
FM ; H ; 1991_1999;92;Sans diplôme;22735,62971;6281,599471;-
FM ; H ; 1991_1999;92;Supérieur au baccalauréat;19468,57324;18414,65317;-
FM ; H ; 1991_1999;93;Baccalauréat;22175,11506;10762,03925;-
FM ; H ; 1991_1999;93;Brevet, CEP;22855,2237;7578,405194;-
FM ; H ; 1991_1999;93;CAP, BEP;22465,56181;8530,497436;-
FM ; H ; 1991_1999;93;Ensemble;23855,40071;6757,268084;-
FM ; H ; 1991_1999;93;Sans diplôme;24389,16788;4853,438276;-
FM ; H ; 1991_1999;93;Supérieur au baccalauréat;21413,2754;14829,58293;-
FM ; H ; 1991_1999;94;Baccalauréat;24196,30096;8375,54466;-
FM ; H ; 1991_1999;94;Brevet, CEP;24777,41096;5846,343735;-
FM ; H ; 1991_1999;94;CAP, BEP;24397,49893;6614,073262;-
FM ; H ; 1991_1999;94;Ensemble;25809,1686;5145,294706;-
FM ; H ; 1991_1999;94;Sans diplôme;26279,31158;3669,725067;-
FM ; H ; 1991_1999;94;Supérieur au baccalauréat;23572,15798;11654,08349;-
FM ; H ; 1991_1999;95;Baccalauréat;26067,00381;6348,972667;-
FM ; H ; 1991_1999;95;Brevet, CEP;26552,81021;4397,771121;-
FM ; H ; 1991_1999;95;CAP, BEP;26184,13925;5000,404808;-
FM ; H ; 1991_1999;95;Ensemble;27607,8697;3817,33692;-
FM ; H ; 1991_1999;95;Sans diplôme;28019,6771;2705,346582;-
FM ; H ; 1991_1999;95;Supérieur au baccalauréat;25578,86461;8906,964523;-
FM ; H ; 1991_1999;96;Baccalauréat;27566,09342;4693,98572;-
FM ; H ; 1991_1999;96;Brevet, CEP;27964,9163;3230,039302;-
FM ; H ; 1991_1999;96;CAP, BEP;27689,96522;3691,09185;-
FM ; H ; 1991_1999;96;Ensemble;29031,50754;2763,451517;-
FM ; H ; 1991_1999;96;Sans diplôme;29391,73519;1947,317206;-
FM ; H ; 1991_1999;96;Supérieur au baccalauréat;27203,38997;6628,664126;-
FM ; H ; 1991_1999;97;Baccalauréat;29101,11436;3400,037231;-
FM ; H ; 1991_1999;97;Brevet, CEP;29429,70985;2326,761515;-
FM ; H ; 1991_1999;97;CAP, BEP;29231,88396;2669,029801;-
FM ; H ; 1991_1999;97;Ensemble;30510,96715;1961,179881;-
FM ; H ; 1991_1999;97;Sans diplôme;30831,90924;1374,966889;-
FM ; H ; 1991_1999;97;Supérieur au baccalauréat;28842,53259;4825,442774;-
FM ; H ; 1991_1999;98;Baccalauréat;30744,52583;2410,588508;-
FM ; H ; 1991_1999;98;Brevet, CEP;31018,49624;1642,002352;-
FM ; H ; 1991_1999;98;CAP, BEP;30882,68032;1888,822106;-
FM ; H ; 1991_1999;98;Ensemble;32119,58261;1362,804932;-
FM ; H ; 1991_1999;98;Sans diplôme;32412,2071;951,0383457;-
FM ; H ; 1991_1999;98;Supérieur au baccalauréat;30569,67376;3433,66287;-
FM ; H ; 1991_1999;99;Baccalauréat;32687,64256;1669,464502;-
FM ; H ; 1991_1999;99;Brevet, CEP;32921,17425;1132,677914;-
FM ; H ; 1991_1999;99;CAP, BEP;32834,5287;1305,503213;-
FM ; H ; 1991_1999;99;Ensemble;34051,49028;925,0776761;-
FM ; H ; 1991_1999;99;Sans diplôme;34325,81908;642,7858275;-
FM ; H ; 1991_1999;99;Supérieur au baccalauréat;32578,34965;2384,003332;-
