Resultat.Code région;Resultat.Code département;Resultat.2000;Resultat.2001;Resultat.2002;Resultat.2003;Resultat.2004;Resultat.2005;Resultat.2006;Resultat.2007;Resultat.2008;Resultat.2009;Resultat.2010;Resultat.2011;Resultat.2012;Resultat.2013;Resultat.2014;Resultat.2015;Resultat.2016;Resultat.2017;Resultat.2018;Resultat.2019;Resultat.2020;Resultat.2021;Resultat.2022;Resultat.2023;Resultat.2024;Resultat.Info
84;1;2535;2487;5902;6716;7337;7858;8293;8715;9005;9444;9626;9871;10392;10038;10442;10628;10883;11078;11498;11490;11285;11394;10980;11272;11566;Aides sociales aux personnes âgées depuis 2000, en décembre
32;2;3107;2745;8940;9292;9598;9668;10474;11282;12157;12554;13317;13660;14298;14037;14054;14278;14073;14836;13567;13377;14538;15240;14580;14217;14714;Aides sociales aux personnes âgées depuis 2000, en décembre
84;3;2688;2678;7379;7881;8182;8910;9909;10402;10712;10900;11208;11403;11817;11739;11974;12395;12490;12693;12874;12787;12548;12398;12432;12603;12695;Aides sociales aux personnes âgées depuis 2000, en décembre
93;4;778;887;2508;2823;3039;3102;3294;3508;3413;3516;3718;3899;3792;4379;3852;3554;4516;4319;4197;4623;4689;4883;4481;4568;4591;Aides sociales aux personnes âgées depuis 2000, en décembre
93;5;1049;534;2113;2405;2611;2613;2743;2955;3035;3166;2989;2977;3416;3573;3374;3119;3126;3255;3466;3357;3251;3270;3415;3627;3699;Aides sociales aux personnes âgées depuis 2000, en décembre
93;6;6557;6995;16065;20540;22659;23230;25378;27036;30747;29024;29467;29197;29110;29395;29235;29496;30557;30849;32161;33652;34393;34472;34090;34920;34697;Aides sociales aux personnes âgées depuis 2000, en décembre
84;7;1853;1864;7088;7456;7519;7989;8239;8450;9108;9508;9783;9964;10311;10613;11291;11282;11231;11104;11059;11412;11275;11460;10962;11558;12327;Aides sociales aux personnes âgées depuis 2000, en décembre
44;8;1354;1449;3544;4494;4772;5231;5878;6614;7095;7552;7481;7882;7779;7938;8417;8558;8826;8812;9016;9060;8730;8898;8859;9647;9824;Aides sociales aux personnes âgées depuis 2000, en décembre
76;9;1307;1314;4610;4885;5294;5225;5308;5176;5272;5395;5493;4670;4679;4966;5026;5295;5188;5244;5232;5143;5098;5252;4352;4544;4873;Aides sociales aux personnes âgées depuis 2000, en décembre
44;10;1577;1870;5249;5011;5455;5746;5961;6351;6452;6739;6796;7616;7357;7507;7877;7769;7666;7764;7782;7699;7731;7837;7721;7643;7468;Aides sociales aux personnes âgées depuis 2000, en décembre
76;11;3195;3513;6955;7611;7520;7785;8248;8233;8746;8822;8791;8871;8761;9177;8609;8397;9024;8882;8426;9395;8776;9333;9736;9970;9446;Aides sociales aux personnes âgées depuis 2000, en décembre
76;12;2231;2594;7763;8765;9478;8879;9147;9658;9902;10646;10746;12274;12614;12568;12614;12004;11507;11187;11000;10472;11144;11255;10597;10928;11191;Aides sociales aux personnes âgées depuis 2000, en décembre
93;13;9132;10148;22022;28062;33629;36406;37842;41683;38255;38396;39306;38846;37972;37778;41232;41612;42293;44918;46346;47159;45529;44677;44610;44550;44816;Aides sociales aux personnes âgées depuis 2000, en décembre
28;14;4669;5077;10496;12187;13777;14300;15405;15875;16456;16698;17297;17496;17903;17358;17076;16965;15356;16194;16880;17134;17278;17649;17861;18512;18681;Aides sociales aux personnes âgées depuis 2000, en décembre
84;15;1214;1338;3925;4185;4699;4546;4619;5101;5143;5515;5715;4977;5087;5736;5655;5705;5738;5624;5624;5678;5277;5269;5569;5780;5763;Aides sociales aux personnes âgées depuis 2000, en décembre
75;16;3106;3392;6560;8376;9210;9654;9794;9775;9882;9729;9699;9585;9456;9227;9487;9438;9797;9793;9557;9956;9588;9620;9156;9222;9268;Aides sociales aux personnes âgées depuis 2000, en décembre
75;17;3664;3977;8917;10468;11119;12012;12982;13791;13949;14534;14633;15193;15610;14653;15144;15477;15653;15751;16141;15929;15822;15972;16059;16503;17162;Aides sociales aux personnes âgées depuis 2000, en décembre
24;18;1481;1372;6029;5704;5881;6200;6611;6773;6946;7228;7630;7720;7674;7837;8084;8220;7798;7815;7906;7662;7284;7373;7312;7270;7121;Aides sociales aux personnes âgées depuis 2000, en décembre
75;19;1718;1831;4921;5733;6743;6756;6702;6995;7439;7544;7569;7876;8040;8267;7772;7847;8419;8112;7428;7508;7113;7157;7124;7300;7400;Aides sociales aux personnes âgées depuis 2000, en décembre
94;20;3596;3788;4986;5259;6180;7554;8244;8914;10374;10645;11043;11139;10951;11508;10556;10766;10964;13245;13533;11719;11716;12262;12187;11654;11863;Aides sociales aux personnes âgées depuis 2000, en décembre
27;21;2092;2124;7662;8008;8756;9307;10168;10543;10861;11080;11315;11368;11551;11665;12005;12110;12464;12423;12913;12521;12156;12162;12086;11964;11984;Aides sociales aux personnes âgées depuis 2000, en décembre
53;22;4328;4526;13157;13142;14211;15453;15780;15121;14994;15573;15622;16084;16325;16657;16599;16370;17154;17429;17358;17073;17403;17594;17445;17717;18315;Aides sociales aux personnes âgées depuis 2000, en décembre
75;23;1456;1713;4254;4413;4337;4640;4860;4857;4896;5023;5237;5291;5449;5548;5783;5884;5823;5838;5679;5579;5412;5271;5107;5072;4870;Aides sociales aux personnes âgées depuis 2000, en décembre
75;24;2938;3038;9490;10145;10591;10777;11191;11555;12091;12236;12774;13167;12908;12549;13050;13829;14067;14064;14108;14327;14449;14566;14544;14142;15414;Aides sociales aux personnes âgées depuis 2000, en décembre
27;25;1730;1966;5687;5985;6964;7310;8791;9348;9927;10199;10472;10642;10776;10986;11221;11638;12357;11950;12138;11741;10600;10623;10637;10740;10658;Aides sociales aux personnes âgées depuis 2000, en décembre
84;26;1787;2030;7210;6835;6634;7266;7711;9076;9688;10542;11182;11821;11786;12182;12805;13230;13641;13846;14340;14673;15096;14906;15047;14819;14919;Aides sociales aux personnes âgées depuis 2000, en décembre
28;27;2561;3855;6607;6759;6600;7089;7206;7505;7637;7905;8143;8137;8225;8415;8336;8847;9247;9401;9942;10002;9858;10127;10159;10469;11609;Aides sociales aux personnes âgées depuis 2000, en décembre
24;28;1504;1455;5474;5525;5423;6473;6433;7320;7298;7062;7559;8055;7719;8039;7921;8323;7685;7551;7938;7944;8185;8156;8261;8501;8809;Aides sociales aux personnes âgées depuis 2000, en décembre
53;29;7672;7932;16667;17812;18879;19447;20429;20767;21632;21954;21940;21317;20813;20452;20816;22593;23783;23937;24500;23455;22534;22595;23715;23788;23383;Aides sociales aux personnes âgées depuis 2000, en décembre
76;30;5476;5299;12530;12804;13575;14541;15957;16363;16173;16249;16135;17169;17138;17435;17623;17526;17552;17719;16852;17016;16886;17406;18091;19948;20999;Aides sociales aux personnes âgées depuis 2000, en décembre
76;31;4601;4482;12518;16691;17100;17883;19368;21031;21925;23147;24145;25371;26194;27060;25066;27703;28410;28841;29573;29899;29473;30357;31098;31906;32786;Aides sociales aux personnes âgées depuis 2000, en décembre
76;32;2178;2439;5243;5378;6187;6378;6572;7022;7304;7368;7591;8005;7670;7898;7866;7798;7292;7302;6949;7245;6894;6779;6385;6261;6381;Aides sociales aux personnes âgées depuis 2000, en décembre
75;33;6464;9455;19120;21487;21541;23240;26242;27467;28418;29421;31540;32625;33156;35014;35401;35947;34650;36149;36608;37252;37181;37179;37361;37596;37158;Aides sociales aux personnes âgées depuis 2000, en décembre
76;34;3731;4256;15601;19163;21198;23540;24756;28410;27338;27976;28845;30336;31367;31716;33001;33470;33578;34066;34591;35287;35427;35297;34691;36026;35743;Aides sociales aux personnes âgées depuis 2000, en décembre
53;35;5228;5341;12654;13755;14287;14936;15859;16967;17418;17610;17437;18430;18586;19487;20263;20930;20759;21804;21560;22182;22630;22819;23157;23766;24152;Aides sociales aux personnes âgées depuis 2000, en décembre
24;36;1497;1580;4859;5860;5144;5432;5586;5773;5995;6207;6223;6302;6341;6257;6042;5647;5616;5547;5446;5354;4937;5039;4874;4837;5103;Aides sociales aux personnes âgées depuis 2000, en décembre
24;37;2709;2637;8507;9051;9052;9566;9711;10240;10579;10864;10883;10939;11349;11678;12121;11806;11741;13266;13590;13880;13629;13684;14192;14542;14928;Aides sociales aux personnes âgées depuis 2000, en décembre
84;38;5628;5242;11155;12534;14630;16215;17568;19157;20197;21057;21896;22478;22846;23243;26218;26591;27451;27959;28965;29625;27463;28333;27750;30384;32800;Aides sociales aux personnes âgées depuis 2000, en décembre
27;39;1360;1312;4086;4358;4584;4843;4909;5001;5033;5139;5231;5159;5401;5520;5680;5819;5885;5989;5918;5876;5624;5682;5797;6070;6112;Aides sociales aux personnes âgées depuis 2000, en décembre
75;40;2553;2614;6320;7215;8496;8162;8494;8833;9067;9692;10018;10389;10852;11071;11032;11425;11431;11623;11727;12028;11912;12026;12243;11744;12258;Aides sociales aux personnes âgées depuis 2000, en décembre
24;41;1593;1716;5535;5643;6095;7100;7327;8256;8164;8697;8857;8824;9015;8987;9279;9345;9385;9543;10221;10157;10593;10434;10276;9917;10382;Aides sociales aux personnes âgées depuis 2000, en décembre
84;42;4501;4982;12603;13373;14639;15832;16738;17499;18491;19161;19470;19735;19759;20098;20266;20873;22039;22637;23128;23576;23376;23761;24488;25537;26398;Aides sociales aux personnes âgées depuis 2000, en décembre
84;43;1524;1542;2760;5143;5542;5981;6534;6609;6848;7090;6808;7125;6767;7123;7134;7664;7525;7874;7815;7946;8111;8316;7678;7894;7867;Aides sociales aux personnes âgées depuis 2000, en décembre
52;44;5642;5522;13511;15190;16673;18119;18989;19487;21109;21103;21778;22831;22733;24114;23293;23916;24788;25015;25669;25614;27329;27122;27089;26551;28068;Aides sociales aux personnes âgées depuis 2000, en décembre
24;45;2364;2487;7060;9153;9264;9923;11163;11809;12107;12634;13213;13434;13603;13734;13913;12123;11747;11595;11969;12193;12110;12253;13299;15053;17114;Aides sociales aux personnes âgées depuis 2000, en décembre
76;46;1331;1513;4245;4903;5388;5699;6100;5881;5922;6174;6201;6244;6478;6578;6715;6712;6723;7127;7220;7016;6935;7125;7395;8254;8043;Aides sociales aux personnes âgées depuis 2000, en décembre
75;47;2290;2440;6147;7060;7525;7804;8084;8604;9003;9136;9377;9581;9688;9731;9546;9529;9319;9296;9239;9139;8986;9027;9258;9442;9789;Aides sociales aux personnes âgées depuis 2000, en décembre
76;48;854;818;2053;2154;2204;2384;2426;2449;2349;2349;2380;2589;2769;2867;2957;2937;3107;2703;2752;2789;2749;2994;2976;3127;3030;Aides sociales aux personnes âgées depuis 2000, en décembre
52;49;3796;4506;9652;10487;11168;12075;12703;13255;13938;14205;14133;14122;14251;14650;14929;15179;16417;15781;15354;15333;15632;15392;15762;15839;15666;Aides sociales aux personnes âgées depuis 2000, en décembre
28;50;4685;4859;9517;10402;10594;10719;11189;11328;11440;11427;11145;11126;11693;10917;11133;10710;10623;11055;11171;11449;11825;12324;12271;12565;12551;Aides sociales aux personnes âgées depuis 2000, en décembre
44;51;2458;2407;5152;7184;7392;7925;8649;8749;8619;8874;9347;9383;9002;9150;8759;8885;8886;9150;9248;8626;9131;8877;9111;9388;9709;Aides sociales aux personnes âgées depuis 2000, en décembre
44;52;1018;1044;2185;3142;3355;3624;3950;4177;4360;4362;4179;4136;4079;4027;4236;4205;4154;3977;3989;4066;3896;4055;3959;4041;4260;Aides sociales aux personnes âgées depuis 2000, en décembre
52;53;2851;3030;5115;6213;6207;7214;7643;7507;8184;8472;8333;7355;7132;6872;6941;7488;6937;7346;7522;7453;6949;7338;7313;7593;7804;Aides sociales aux personnes âgées depuis 2000, en décembre
44;54;2942;3493;9685;10989;11690;13070;14212;15255;15901;15609;15420;15311;15111;15481;15509;15399;15121;15304;15344;15448;15122;14347;14127;13874;14018;Aides sociales aux personnes âgées depuis 2000, en décembre
44;55;790;813;2750;3011;3094;3712;3476;3684;3646;3614;3577;3735;3805;4121;4140;4098;4272;4180;4271;4278;4320;4535;4480;4542;4639;Aides sociales aux personnes âgées depuis 2000, en décembre
53;56;5497;5517;12246;13448;13658;13879;14832;15273;15336;15927;16111;16570;16781;17373;17660;15998;16508;17406;17151;17783;17651;17689;18273;19107;19512;Aides sociales aux personnes âgées depuis 2000, en décembre
44;57;3525;3662;10300;11269;12319;13833;15870;17097;17911;18766;19235;19853;19914;20533;20490;21034;20838;21326;21202;21466;21431;21582;21679;22422;23021;Aides sociales aux personnes âgées depuis 2000, en décembre
27;58;1907;1967;3698;5319;5003;6063;6248;7408;7712;7711;7471;7275;7503;7541;7583;7678;7654;7725;7922;8072;7933;7791;7653;7657;7733;Aides sociales aux personnes âgées depuis 2000, en décembre
32;59;11415;12928;26162;34895;39169;41274;43154;45324;46910;48646;50096;50472;51783;52126;49539;49778;52360;55039;54734;56093;55912;57732;58309;59836;59635;Aides sociales aux personnes âgées depuis 2000, en décembre
32;60;2024;2183;7334;7687;7911;8011;8620;8947;8925;9836;10417;11203;11034;10344;10314;10657;10598;10753;11534;11574;10799;11520;11641;12048;12538;Aides sociales aux personnes âgées depuis 2000, en décembre
28;61;2382;2644;6886;6664;6969;7175;7495;8163;8471;8622;8943;9082;9129;9158;9095;9005;9352;9326;9707;9872;9836;9565;9687;9836;9824;Aides sociales aux personnes âgées depuis 2000, en décembre
32;62;8330;9055;20090;26048;30268;32212;33717;36068;37143;37295;37105;37811;37534;37582;38757;39477;39521;42126;42873;41954;41952;41372;41722;42224;41624;Aides sociales aux personnes âgées depuis 2000, en décembre
84;63;2908;3071;9181;10107;11273;12579;13609;14342;14240;14304;14070;14317;14746;14780;15505;15628;15012;14386;13990;13771;13233;13219;13325;13433;13806;Aides sociales aux personnes âgées depuis 2000, en décembre
75;64;4575;4626;9447;11327;11517;12589;13727;14047;14376;14692;14688;15038;15421;15490;15810;16279;16538;16825;17520;17733;17436;18251;18295;18762;19583;Aides sociales aux personnes âgées depuis 2000, en décembre
76;65;2256;2392;6503;5922;6656;6900;7441;7801;8096;8393;8675;8952;8977;9195;9482;9310;9646;9702;9899;10278;10333;9637;9609;10074;10563;Aides sociales aux personnes âgées depuis 2000, en décembre
76;66;3049;2933;6317;6918;8459;8938;9722;10020;10426;11059;11631;12129;12425;12675;12850;12895;12940;13139;13287;13675;13723;13563;13624;13891;14335;Aides sociales aux personnes âgées depuis 2000, en décembre
44;67;3096;3140;10628;14243;15604;16685;18585;19388;19805;20162;20770;21383;22243;22451;21725;19890;20908;20713;21122;21440;21176;20861;20214;21070;21232;Aides sociales aux personnes âgées depuis 2000, en décembre
44;68;1810;1964;8017;8770;9139;9982;10159;11264;12232;13007;13672;13093;13360;14100;14104;14056;13610;13706;13770;13943;13956;14228;14328;14559;14925;Aides sociales aux personnes âgées depuis 2000, en décembre
84;69;6331;6240;12753;15445;16657;19746;20666;23057;24735;25340;27319;29044;30906;31941;32962;;;;;;;;;;;Aides sociales aux personnes âgées depuis 2000, en décembre
27;70;1029;1044;3644;4101;4589;4702;4749;4966;5015;5219;4908;4984;4930;5037;5147;5268;5327;5620;5612;5614;5351;5118;5320;5316;5683;Aides sociales aux personnes âgées depuis 2000, en décembre
27;71;2975;3401;9704;10690;11872;13168;13900;14810;15272;15653;15649;15765;16069;16959;17554;17504;17472;17632;17731;17713;16900;17007;16945;17071;17279;Aides sociales aux personnes âgées depuis 2000, en décembre
52;72;3207;3120;7389;7672;9482;10326;10925;10881;11253;11419;11432;11814;11997;12173;12098;12258;12308;12604;12601;12739;12789;12933;13212;13369;13174;Aides sociales aux personnes âgées depuis 2000, en décembre
84;73;1473;1448;4447;5439;6176;6962;7539;7810;8296;8676;8643;9080;9400;9586;9788;9730;9861;9717;9788;9670;9642;9801;9946;10069;10094;Aides sociales aux personnes âgées depuis 2000, en décembre
84;74;2297;2037;6124;6798;7172;7587;8403;8977;9488;9933;10601;10740;11213;11720;12518;13027;13051;13180;13741;14050;13284;13657;13818;14114;14275;Aides sociales aux personnes âgées depuis 2000, en décembre
11;75;11192;11100;25254;26535;28588;29862;31309;32901;34837;36166;36987;37428;39163;37347;34920;35555;33610;33462;33190;33107;29925;28341;27817;27196;26638;Aides sociales aux personnes âgées depuis 2000, en décembre
28;76;7288;7589;18911;20305;22296;23333;24789;26599;27932;29074;29769;30214;30418;30814;30914;31332;31440;31268;31083;31369;31445;31881;32278;33076;33874;Aides sociales aux personnes âgées depuis 2000, en décembre
11;77;3722;3426;7394;9120;9694;9622;10745;11133;11840;12575;12613;13060;14418;14590;13432;15583;15874;15563;17296;16745;16879;17733;17809;17976;19007;Aides sociales aux personnes âgées depuis 2000, en décembre
11;78;2712;3011;7802;8715;9511;9834;10934;11415;12463;13816;14070;14079;13942;14529;14698;14883;14570;14829;14020;15265;13929;14060;14237;15662;15104;Aides sociales aux personnes âgées depuis 2000, en décembre
75;79;2902;3043;7969;8666;7952;8243;8405;8723;8221;8275;8619;8494;8688;8888;9187;9193;8768;8937;8835;9011;9193;8995;9102;9382;9386;Aides sociales aux personnes âgées depuis 2000, en décembre
32;80;3515;3791;8473;10429;11380;11516;11678;13220;14002;13234;13262;14220;14829;14677;12979;12732;14444;13571;13042;12493;11487;11538;11409;11410;11706;Aides sociales aux personnes âgées depuis 2000, en décembre
76;81;2467;2749;7255;9454;10195;10749;11000;11033;11048;11288;11305;11476;11378;11472;11229;11286;10958;11626;11779;11734;11872;11907;11750;11901;11760;Aides sociales aux personnes âgées depuis 2000, en décembre
76;82;1440;1514;4812;5588;6111;6311;6618;6990;7002;7046;7074;7116;7243;7318;7330;6935;7014;6797;7166;7257;7272;7331;7311;7439;7458;Aides sociales aux personnes âgées depuis 2000, en décembre
93;83;4141;4689;6179;12565;15632;19799;22821;24629;25859;26531;26416;26639;26450;26665;25099;24818;25409;25964;26223;26587;26149;26360;26778;28475;29166;Aides sociales aux personnes âgées depuis 2000, en décembre
93;84;2784;2759;5238;8264;8974;9269;9947;10196;10332;10676;10476;10468;10641;10838;10934;11414;10738;10653;10789;11310;11296;11331;11443;11855;12613;Aides sociales aux personnes âgées depuis 2000, en décembre
52;85;3041;3084;9406;9798;10135;10757;11427;11805;12217;12932;13247;14152;14513;14769;15172;14948;14942;14768;15541;15677;15575;15952;16396;17105;17838;Aides sociales aux personnes âgées depuis 2000, en décembre
75;86;1971;1840;6647;6977;7489;7718;8075;8317;8397;8758;8702;8535;8911;9141;9332;9650;9988;10141;10075;9894;10032;10112;10174;10531;10946;Aides sociales aux personnes âgées depuis 2000, en décembre
75;87;2142;2340;6606;8055;8918;9280;9555;9558;9583;9554;9619;9707;9498;9528;9944;9784;9837;9702;9518;9559;8708;8857;8765;8718;8809;Aides sociales aux personnes âgées depuis 2000, en décembre
44;88;1476;1635;5404;5732;6310;6644;7048;7461;8052;8299;8582;8693;8706;8908;8889;8460;7981;8199;8418;9159;8206;7942;8403;8330;8802;Aides sociales aux personnes âgées depuis 2000, en décembre
27;89;1643;1671;5723;6039;6840;7240;7754;7932;8194;8362;8261;8436;8688;8886;9291;9253;9455;9646;9736;9682;9423;9210;9026;9135;9184;Aides sociales aux personnes âgées depuis 2000, en décembre
27;90;475;505;2161;2370;2529;2706;2825;2872;2998;3027;2868;2843;2932;3110;3229;3276;3558;3390;3384;3451;3282;3327;3307;3375;3355;Aides sociales aux personnes âgées depuis 2000, en décembre
11;91;2144;2397;3767;6285;8690;9941;10858;10674;11200;11825;12314;12401;12658;12590;12248;11958;14055;14353;13972;14798;14185;13565;13914;14798;14847;Aides sociales aux personnes âgées depuis 2000, en décembre
11;92;5172;5393;9956;13327;14518;15659;16540;17469;18147;18212;18800;19182;19196;19767;19616;19607;19856;19825;18804;17274;17286;18221;18862;19383;19725;Aides sociales aux personnes âgées depuis 2000, en décembre
11;93;4751;4951;8841;14150;15060;15777;18436;19183;20616;21087;21592;21999;22788;22984;23490;22690;24132;25197;26632;25964;24600;24876;24924;23759;23542;Aides sociales aux personnes âgées depuis 2000, en décembre
11;94;3676;3703;7831;11049;12993;13319;13522;14377;15135;16594;16515;17437;17598;17800;18521;18948;19813;19604;20272;20571;20202;20840;21356;22337;22497;Aides sociales aux personnes âgées depuis 2000, en décembre
11;95;2569;2719;7875;8775;9523;10650;11548;12452;12930;13592;13694;13689;13901;13160;13648;13892;13799;13675;13853;14170;13355;13965;14277;14536;14622;Aides sociales aux personnes âgées depuis 2000, en décembre
101;971;3175;5133;6638;10645;13195;10884;10396;9351;8969;8571;8772;8394;8323;8949;8714;9255;9743;9815;9173;8275;7295;6729;6992;7180;7425;Aides sociales aux personnes âgées depuis 2000, en décembre
102;972;4919;4957;6373;6858;7296;7776;8115;9490;9112;9442;9886;9819;10316;10784;10880;11325;11606;11806;11326;11474;11583;11525;11532;11435;11924;Aides sociales aux personnes âgées depuis 2000, en décembre
103;973;558;546;619;745;799;920;962;942;1017;945;1097;1115;1068;1036;1016;1198;1259;1200;1150;1200;1226;1352;1289;1276;1294;Aides sociales aux personnes âgées depuis 2000, en décembre
104;974;6980;7327;9075;10402;11296;13019;14630;15756;15267;14516;16590;16665;16667;16858;17107;17609;18449;19057;19270;20213;20629;21689;23070;23503;22436;Aides sociales aux personnes âgées depuis 2000, en décembre
84;1;1080;1006;2232;2795;3289;3675;4025;4359;4561;4821;4927;4798;5323;4985;5281;5341;5533;5590;5603;5617;5651;5686;5622;5908;6187;Aides sociales aux personnes âgées à domicile depuis 2000, en décembre
32;2;1252;1057;4422;4619;5174;5326;5982;6795;7540;7757;8562;8765;9350;9005;9078;8658;8344;8135;7693;7713;7670;8659;8559;8454;8795;Aides sociales aux personnes âgées à domicile depuis 2000, en décembre
84;3;856;860;2167;3032;3279;3797;4551;4993;5229;5307;5577;5563;5847;5823;5768;6013;6052;6201;6161;6130;6019;5894;5931;6065;6126;Aides sociales aux personnes âgées à domicile depuis 2000, en décembre
93;4;339;379;1352;1599;1691;1730;1928;2167;2134;2290;2356;2387;2406;2786;2248;1957;2838;2717;2657;2857;2975;2994;2687;2742;2740;Aides sociales aux personnes âgées à domicile depuis 2000, en décembre
93;5;404;167;1032;1418;1553;1486;1606;1771;1853;1977;1790;1774;2091;2236;2140;1893;1750;1845;2041;1960;1913;2161;2172;2351;2375;Aides sociales aux personnes âgées à domicile depuis 2000, en décembre
93;6;1630;1838;4441;8299;9804;10202;11764;13513;16287;14882;15188;15132;14593;14956;14636;14832;15437;15545;16486;18102;18333;18776;18046;18708;18515;Aides sociales aux personnes âgées à domicile depuis 2000, en décembre
84;7;435;358;2641;3057;2955;3401;3675;3657;4178;4407;4577;4761;5004;5409;5889;6054;5729;5525;5310;5660;5651;5795;5212;5710;6356;Aides sociales aux personnes âgées à domicile depuis 2000, en décembre
44;8;520;552;1762;2409;2610;3126;3754;4422;4888;5407;5270;5468;5425;5481;5820;5790;6050;5939;6085;6093;5883;5981;5887;6649;6719;Aides sociales aux personnes âgées à domicile depuis 2000, en décembre
76;9;764;702;2641;3174;3540;3406;3473;3435;3473;3463;3192;2549;2563;2780;2759;3068;2967;3035;3006;2905;2802;2945;2107;2265;2286;Aides sociales aux personnes âgées à domicile depuis 2000, en décembre
44;10;447;642;2033;2051;2339;2622;2763;3105;3203;3358;3447;3691;3734;3869;4072;3954;3846;3895;3964;3933;3985;4105;3990;3883;3741;Aides sociales aux personnes âgées à domicile depuis 2000, en décembre
76;11;2150;2259;4160;4664;4644;4707;4976;5067;5357;5400;5244;5134;4999;5378;4632;4391;4768;4660;4313;5261;4841;5344;5709;5966;5531;Aides sociales aux personnes âgées à domicile depuis 2000, en décembre
76;12;1190;1311;3941;4659;5060;4694;4830;5195;5234;5755;5839;6075;6385;6390;6458;6259;5843;5453;5348;5339;5374;5417;5404;5646;5705;Aides sociales aux personnes âgées à domicile depuis 2000, en décembre
93;13;4127;5065;13152;17575;21718;24090;24774;27427;22915;23074;23578;22537;21614;21271;23984;24071;24556;25679;26109;27001;26514;25729;25436;25489;25089;Aides sociales aux personnes âgées à domicile depuis 2000, en décembre
28;14;2002;2086;5395;6669;7695;8382;9159;9500;9834;10087;10525;10649;10734;9938;9654;9737;8599;8661;9212;9468;9848;10132;10374;10893;11025;Aides sociales aux personnes âgées à domicile depuis 2000, en décembre
84;15;504;512;1791;2175;2379;2467;2606;3091;2981;3175;3269;2452;2437;3001;2989;2979;2968;2990;3056;3039;3152;3136;3205;3308;3261;Aides sociales aux personnes âgées à domicile depuis 2000, en décembre
75;16;1487;1639;3122;4388;4760;4790;5005;4916;4767;4637;4763;4699;4638;4618;4821;4708;4861;4830;4958;4916;4970;4982;4918;4951;4858;Aides sociales aux personnes âgées à domicile depuis 2000, en décembre
75;17;1693;1800;4890;5838;6379;7072;7605;8044;8106;8321;8352;8823;8891;8120;8137;8396;8458;8357;8541;8387;8395;8546;8770;9005;9362;Aides sociales aux personnes âgées à domicile depuis 2000, en décembre
24;18;489;478;2695;2422;2539;2723;3109;3279;3348;3455;3725;3814;3663;3838;4054;4007;3663;3600;3502;3237;2990;2992;2900;2797;2756;Aides sociales aux personnes âgées à domicile depuis 2000, en décembre
75;19;734;797;2195;2910;3202;3329;3582;3813;4065;4175;4162;4341;4459;4593;4261;4474;4787;4389;3781;3729;3717;3707;3669;3645;3842;Aides sociales aux personnes âgées à domicile depuis 2000, en décembre
94;20;2725;2876;3876;4165;4713;6055;6650;7338;8408;8358;8854;9044;8590;8509;7980;8180;8246;10447;10638;8492;8956;9440;9409;8802;8983;Aides sociales aux personnes âgées à domicile depuis 2000, en décembre
27;21;692;678;2875;3277;3749;4085;4716;5121;5298;5211;5352;5330;5448;5393;5587;5599;5894;5813;5881;5687;5587;5546;5282;5090;4855;Aides sociales aux personnes âgées à domicile depuis 2000, en décembre
53;22;2109;2034;5659;5509;5831;6612;7169;6462;6368;6605;6337;6523;6668;6942;6661;6263;6927;7156;7126;7255;7110;7159;6947;7126;7395;Aides sociales aux personnes âgées à domicile depuis 2000, en décembre
75;23;719;840;2190;2130;2287;2556;2711;2683;2751;2875;2986;3032;3178;3230;3386;3442;3373;3327;3188;3150;3135;3057;2930;2853;2696;Aides sociales aux personnes âgées à domicile depuis 2000, en décembre
75;24;1419;1434;5025;5158;5558;5825;6088;6335;6719;6812;7325;7749;7475;6939;7455;7970;8105;8109;8162;8371;8567;8631;8667;8164;9394;Aides sociales aux personnes âgées à domicile depuis 2000, en décembre
27;25;649;753;2624;3017;3722;3878;5102;5718;6222;6488;6530;6602;6788;6928;7007;7416;7658;7322;7460;7114;6414;6353;6363;6430;6310;Aides sociales aux personnes âgées à domicile depuis 2000, en décembre
84;26;550;673;2457;2490;2485;3008;3390;4253;4712;5276;5709;6568;6860;7290;7594;7879;8243;8539;8751;9147;9332;9614;9741;9610;9666;Aides sociales aux personnes âgées à domicile depuis 2000, en décembre
28;27;1212;2129;3234;3412;3216;3610;3647;3928;4034;4137;4397;4385;4347;4478;4308;4637;4907;4837;5651;5748;5871;5872;5898;5879;6795;Aides sociales aux personnes âgées à domicile depuis 2000, en décembre
24;28;346;336;1647;1766;2049;2555;2629;3321;3528;3646;3806;3643;3540;3778;3565;4066;3504;3446;3780;3826;4088;4055;4123;4317;4429;Aides sociales aux personnes âgées à domicile depuis 2000, en décembre
53;29;3811;4168;8575;9383;9838;10227;10706;11314;11360;11402;10774;10312;9824;9381;9784;9846;10115;9574;9969;10040;9353;9381;9310;9313;8766;Aides sociales aux personnes âgées à domicile depuis 2000, en décembre
76;30;3014;2983;7090;7567;8367;8979;10148;10565;10331;10253;10221;10740;10660;10784;10994;10507;10501;10630;9646;9679;9829;9988;10468;11856;12619;Aides sociales aux personnes âgées à domicile depuis 2000, en décembre
76;31;2215;2096;7259;10433;10806;11578;12756;13961;14762;15651;16349;17105;17695;17978;15630;17946;18296;18769;18969;19222;19293;19942;20562;21040;21623;Aides sociales aux personnes âgées à domicile depuis 2000, en décembre
76;32;1281;1436;3072;3285;3735;4169;4200;4541;4620;4674;4851;5052;4905;4745;4635;4487;4485;4456;4425;4301;4183;4333;3875;3845;3701;Aides sociales aux personnes âgées à domicile depuis 2000, en décembre
75;33;3088;4714;9502;10834;12022;13774;14928;15808;16700;17490;18446;19394;19579;20891;21422;21585;20532;21459;21287;21376;20564;20709;21537;21413;20557;Aides sociales aux personnes âgées à domicile depuis 2000, en décembre
76;34;1390;1625;8957;11055;12937;15282;16571;19911;18505;18838;19321;20492;21030;20971;21874;22065;21912;22493;22892;23228;23601;23356;22634;23425;23073;Aides sociales aux personnes âgées à domicile depuis 2000, en décembre
53;35;1922;1859;3548;4792;5144;5454;6097;6947;6976;7065;6677;7618;7786;8250;8967;9497;9487;10047;9716;10126;10469;10562;10730;11316;11691;Aides sociales aux personnes âgées à domicile depuis 2000, en décembre
24;36;546;637;2210;2751;2843;3046;3119;3252;3271;3266;3322;3324;3283;3181;2995;2745;2658;2632;2435;2368;2104;2169;2033;1993;2076;Aides sociales aux personnes âgées à domicile depuis 2000, en décembre
24;37;811;933;3449;4306;4408;4806;5030;5470;5505;5597;5594;5447;5464;5692;6032;5922;5818;6476;6779;6958;6838;7074;7148;6945;7040;Aides sociales aux personnes âgées à domicile depuis 2000, en décembre
84;38;2458;2171;4998;6016;7625;8592;9795;10995;11666;12229;12762;12970;13080;13191;15919;16042;16676;17223;18226;18796;17609;17897;17242;19560;21920;Aides sociales aux personnes âgées à domicile depuis 2000, en décembre
27;39;353;333;2050;2058;2250;2473;2602;2654;2592;2678;2671;2597;2617;2639;2702;2792;2836;2872;2829;2772;2747;2824;2857;3092;3065;Aides sociales aux personnes âgées à domicile depuis 2000, en décembre
75;40;1339;1367;3034;3694;4419;4019;4301;4593;4579;4838;5191;5388;5462;5484;5729;5844;5848;5918;6052;6265;6136;6266;6498;6355;6456;Aides sociales aux personnes âgées à domicile depuis 2000, en décembre
24;41;620;654;1926;2496;2865;3502;3710;4300;4476;4450;4392;4403;4450;4354;4638;4706;4693;4687;5317;5241;5416;5477;5209;5251;5437;Aides sociales aux personnes âgées à domicile depuis 2000, en décembre
84;42;1408;1448;4344;4938;6136;6970;7580;8091;8672;9159;9320;9526;9531;9836;10056;10378;11603;12128;12550;13003;13000;13461;14181;15187;16149;Aides sociales aux personnes âgées à domicile depuis 2000, en décembre
84;43;517;538;2178;2483;2748;3077;3549;3756;3904;3983;3638;3689;3403;3462;3622;3749;3571;3709;3638;3859;3878;3995;4007;4191;4217;Aides sociales aux personnes âgées à domicile depuis 2000, en décembre
52;44;1357;1372;4416;4799;5233;5716;6463;6999;7596;7957;8209;8488;8727;9149;9042;9313;10051;10084;10223;10184;11216;10986;10834;10396;11574;Aides sociales aux personnes âgées à domicile depuis 2000, en décembre
24;45;849;875;1832;3926;3904;4417;5368;6008;6476;7058;7517;7602;7651;7702;7727;5696;5265;5049;5193;5417;5339;5418;6563;8325;10088;Aides sociales aux personnes âgées à domicile depuis 2000, en décembre
76;46;710;785;2530;3056;3350;3647;3874;3589;3640;3793;3715;3750;3923;4015;4041;4051;4035;4398;4476;4312;4316;4443;4466;5107;4954;Aides sociales aux personnes âgées à domicile depuis 2000, en décembre
75;47;1031;1141;3326;4185;4486;4659;4870;5205;5519;5582;5676;5803;5790;5719;5434;5333;5054;5053;5022;4878;4840;4802;4983;5117;5291;Aides sociales aux personnes âgées à domicile depuis 2000, en décembre
76;48;241;261;989;1010;988;1087;1057;1049;979;1040;1029;1026;1076;1157;1239;1276;1325;1367;1413;1439;1429;1554;1563;1725;1709;Aides sociales aux personnes âgées à domicile depuis 2000, en décembre
52;49;1085;1346;2942;3833;4081;4460;4621;4813;4681;4916;4844;4753;4856;4858;5069;5211;5056;5031;4802;4730;4855;4497;4572;4600;4413;Aides sociales aux personnes âgées à domicile depuis 2000, en décembre
28;50;1970;1948;4069;4952;5159;5291;5488;5575;5617;5642;5446;5338;4993;4943;5045;4776;4762;4860;4928;5083;5226;5546;5726;6009;6255;Aides sociales aux personnes âgées à domicile depuis 2000, en décembre
44;51;805;810;1860;3325;3712;4063;4583;4678;4639;4686;4702;4588;3865;3756;3678;3609;3521;3388;3363;3344;3424;3236;3242;3286;3486;Aides sociales aux personnes âgées à domicile depuis 2000, en décembre
44;52;264;243;1048;1520;1722;1965;2279;2448;2507;2531;2413;2303;2201;2012;2185;2119;2075;1979;1946;1982;2049;2063;1956;2011;2167;Aides sociales aux personnes âgées à domicile depuis 2000, en décembre
52;53;536;634;1370;2103;2516;2894;3029;3076;3427;3264;3137;2705;2699;2440;2174;2238;1842;2294;2330;2246;2390;2787;2491;2788;2787;Aides sociales aux personnes âgées à domicile depuis 2000, en décembre
44;54;1149;1374;4527;6016;6537;7730;8714;9500;10119;9917;9550;9302;8885;9004;8921;8789;8380;8255;8158;8118;7499;7131;6948;6635;6569;Aides sociales aux personnes âgées à domicile depuis 2000, en décembre
44;55;232;274;1275;1500;1559;1618;1699;1843;1833;1816;1815;1822;1862;1935;2038;2055;2049;2048;2082;2131;2163;2114;2142;2137;2169;Aides sociales aux personnes âgées à domicile depuis 2000, en décembre
53;56;3250;2998;5208;6368;6468;6246;6645;7014;7126;7578;7584;7822;8073;8074;8273;7291;7366;8100;8105;8460;8476;8545;8890;9667;9632;Aides sociales aux personnes âgées à domicile depuis 2000, en décembre
44;57;1497;1591;5187;5902;6721;7876;9334;10426;10927;11828;12032;12167;11947;12252;12000;12368;12402;12320;12120;12161;11993;12064;12073;12639;13001;Aides sociales aux personnes âgées à domicile depuis 2000, en décembre
27;58;763;787;1476;2607;2582;3173;3346;4099;4372;4230;3933;3761;3702;3696;3698;3651;3636;3641;3684;3790;3740;3604;3398;3364;3263;Aides sociales aux personnes âgées à domicile depuis 2000, en décembre
32;59;4752;5495;17015;18551;22430;23972;25683;26848;27156;27985;29216;28130;28558;28368;25484;25738;26568;27774;28209;29841;30491;31798;32302;32936;32893;Aides sociales aux personnes âgées à domicile depuis 2000, en décembre
32;60;706;657;2407;2756;2941;3307;3531;3716;3794;4346;4703;5302;5287;4859;4833;4938;4838;5042;5402;5446;5039;5895;5965;6305;6428;Aides sociales aux personnes âgées à domicile depuis 2000, en décembre
28;61;905;1035;2838;2758;3021;3233;3469;3924;4077;4209;4483;4362;4359;4328;4204;4107;4423;4451;4739;4998;4964;4681;4772;4957;4880;Aides sociales aux personnes âgées à domicile depuis 2000, en décembre
32;62;4038;4494;11156;17012;20237;22331;24163;25646;26545;26644;26422;26647;26176;26056;26583;27024;27313;28061;29037;29596;29385;29283;29011;29501;28839;Aides sociales aux personnes âgées à domicile depuis 2000, en décembre
84;63;1044;1056;4203;5021;5611;6442;7170;7731;7725;7606;7455;7469;7587;7612;8089;7985;7184;6901;6592;6559;6347;6176;5999;5970;6189;Aides sociales aux personnes âgées à domicile depuis 2000, en décembre
75;64;1930;2140;5019;6466;6154;6581;7252;7391;7321;7461;7522;7782;8141;8134;8609;8933;9215;9431;9965;10254;10130;10832;10839;11236;11891;Aides sociales aux personnes âgées à domicile depuis 2000, en décembre
76;65;1053;1115;3647;3274;3792;4011;4530;4826;5011;5291;5578;5767;5690;5853;6082;5969;6163;6282;6598;6661;6756;6026;5977;6481;6851;Aides sociales aux personnes âgées à domicile depuis 2000, en décembre
76;66;2100;1889;3629;3882;5094;5458;5949;6041;6347;6979;7412;7829;7950;8221;8325;8258;8392;8297;8510;8798;8865;8734;8777;8987;9138;Aides sociales aux personnes âgées à domicile depuis 2000, en décembre
44;67;1152;1147;4141;6078;7338;8463;9776;10529;10756;10805;10999;11193;11545;11814;11838;10385;10380;10632;10959;11338;11062;10524;9979;10774;10876;Aides sociales aux personnes âgées à domicile depuis 2000, en décembre
44;68;357;414;2229;2620;2976;3521;3859;4408;5312;5907;6499;6196;6272;6657;6932;6738;6452;6402;6490;6646;6741;6843;6962;7169;7473;Aides sociales aux personnes âgées à domicile depuis 2000, en décembre
84;69;1550;1334;4309;5848;6561;6952;7563;9926;10875;11288;12156;13349;14797;15869;15804;;;;;;;;;;;Aides sociales aux personnes âgées à domicile depuis 2000, en décembre
27;70;410;351;2001;2359;2742;2918;2813;2947;3040;3076;2879;2814;2747;2807;2884;2968;3018;3262;3275;3338;3293;3280;3270;3413;3330;Aides sociales aux personnes âgées à domicile depuis 2000, en décembre
27;71;848;1014;4154;5029;6042;7085;7909;8702;9123;9281;8918;9025;9324;9460;10075;9909;10018;9999;9929;9902;9664;9387;9297;9319;9137;Aides sociales aux personnes âgées à domicile depuis 2000, en décembre
52;72;1155;1109;3251;3366;4263;4838;5181;5073;5307;5253;5190;5293;5292;5316;4991;4959;4890;5025;5020;5022;5071;5210;5400;5735;5485;Aides sociales aux personnes âgées à domicile depuis 2000, en décembre
84;73;544;552;2061;2734;3158;3623;4201;4436;4614;4831;4749;5106;5374;5272;5460;5408;5452;5308;5379;5542;5547;5663;5785;5914;6023;Aides sociales aux personnes âgées à domicile depuis 2000, en décembre
84;74;815;786;2449;3027;3530;3927;4554;4884;5340;5656;5973;6024;6272;6764;7557;7985;7834;7900;8433;8772;8616;8803;8989;9263;9177;Aides sociales aux personnes âgées à domicile depuis 2000, en décembre
11;75;3225;3274;9673;9884;11635;12503;13781;15063;16619;18058;18920;19596;20642;19077;17630;17670;17467;16877;17130;17035;15991;15865;15400;15193;15140;Aides sociales aux personnes âgées à domicile depuis 2000, en décembre
28;76;3287;3649;9884;11525;12842;13922;15192;16732;17698;18828;18811;19081;19045;19047;19125;19016;19241;19198;19073;19306;19469;19720;19783;20385;20522;Aides sociales aux personnes âgées à domicile depuis 2000, en décembre
11;77;1202;1035;2851;3581;3984;4022;4884;5289;5921;6631;6992;7288;7989;8204;6942;9032;9282;9209;9970;10088;10399;11011;11069;11553;12216;Aides sociales aux personnes âgées à domicile depuis 2000, en décembre
11;78;806;914;2445;3091;4147;4225;4943;5120;5766;6814;7013;6861;6689;7111;7336;7532;7075;7366;6778;7658;6797;6857;7232;8582;8400;Aides sociales aux personnes âgées à domicile depuis 2000, en décembre
75;79;1517;1440;3441;4290;3922;3878;3871;3825;3798;3817;3883;3915;3895;3999;4262;4088;3892;3965;3928;4047;4148;4057;4230;4343;4356;Aides sociales aux personnes âgées à domicile depuis 2000, en décembre
32;80;1719;1749;3964;5855;6678;6866;7538;8366;8499;8177;8094;8743;9120;8941;7377;7245;8556;7634;7203;6719;6274;6185;6053;5925;6008;Aides sociales aux personnes âgées à domicile depuis 2000, en décembre
76;81;1374;1449;3634;5938;6583;6968;7100;7051;6960;7059;6870;6949;6655;6601;6461;6430;6109;6443;6451;6654;6950;7084;6909;6915;6797;Aides sociales aux personnes âgées à domicile depuis 2000, en décembre
76;82;846;865;3302;3734;4208;4309;4563;4835;4834;4789;4750;4652;4625;4567;4529;4141;4204;4079;4167;4361;4411;4424;4464;4456;4455;Aides sociales aux personnes âgées à domicile depuis 2000, en décembre
93;83;1799;2063;2912;6792;9355;12400;15098;16661;17502;17919;17532;16925;16462;16546;14694;14052;14253;14724;14931;15510;15517;16004;16140;17224;17599;Aides sociales aux personnes âgées à domicile depuis 2000, en décembre
93;84;1159;1121;2153;4448;4939;5356;5682;5708;5673;5817;5866;5837;5861;5971;5821;5665;5563;5675;5898;6100;6256;6293;6464;6753;7304;Aides sociales aux personnes âgées à domicile depuis 2000, en décembre
52;85;878;880;3190;3534;3813;3924;4255;4407;4657;5081;4926;5180;5346;5507;5735;5823;5858;5606;6214;6348;6350;6805;7145;7717;8033;Aides sociales aux personnes âgées à domicile depuis 2000, en décembre
75;86;780;775;3470;3645;3945;4090;4272;4183;4181;4419;4426;4273;4400;4381;4650;4716;4884;4900;5010;4874;5093;5168;5157;5426;5615;Aides sociales aux personnes âgées à domicile depuis 2000, en décembre
75;87;801;911;2809;4320;4837;5082;5226;5157;5198;5225;5300;5200;5094;5121;5283;5101;5034;4879;4728;4648;4326;4243;4126;4024;3930;Aides sociales aux personnes âgées à domicile depuis 2000, en décembre
44;88;356;487;2089;2394;2564;2851;3050;3207;3223;3328;3443;3501;3451;3556;3497;3220;3268;3500;3566;3648;3464;3385;3327;3200;3494;Aides sociales aux personnes âgées à domicile depuis 2000, en décembre
27;89;505;461;1989;2098;2577;2968;3285;3608;3792;3877;3788;3764;3815;3914;4100;3946;4010;4075;4234;4203;4099;4037;3884;4090;4193;Aides sociales aux personnes âgées à domicile depuis 2000, en décembre
27;90;206;253;1042;1271;1429;1606;1732;1798;1819;1791;1644;1692;1710;1861;1953;1937;1965;2059;2129;2101;2146;2099;2081;2166;2094;Aides sociales aux personnes âgées à domicile depuis 2000, en décembre
11;91;670;773;1567;2423;3522;4357;4925;4751;5111;5373;5744;6493;6708;6572;6497;6837;6920;7146;6792;7029;6690;5834;5908;6261;6379;Aides sociales aux personnes âgées à domicile depuis 2000, en décembre
11;92;1789;2008;3131;4266;5269;6198;6817;7563;8016;7979;8209;8543;8524;8861;8599;8607;8766;8783;8750;8707;8733;9049;9651;10099;10308;Aides sociales aux personnes âgées à domicile depuis 2000, en décembre
11;93;1619;1687;5604;7564;8019;8820;10887;11860;13000;13360;13601;13771;14151;14592;15109;15515;16039;17096;17498;16831;16410;16657;16901;15679;15734;Aides sociales aux personnes âgées à domicile depuis 2000, en décembre
11;94;1314;1384;3399;4358;5320;5803;6155;7428;7954;9087;8612;9477;9745;9807;10112;11111;11657;11690;12071;11847;12013;12373;13000;13736;13991;Aides sociales aux personnes âgées à domicile depuis 2000, en décembre
11;95;855;954;3279;3988;4499;5132;5792;6571;6900;7305;7475;7378;7419;6900;6927;7113;7080;7071;7244;7409;7221;7635;7887;8060;7969;Aides sociales aux personnes âgées à domicile depuis 2000, en décembre
101;971;2589;4272;4582;9825;11899;9617;9215;8179;7854;7437;7572;7307;6919;7288;7118;7462;7862;7926;7406;6615;5632;5105;5417;5559;5625;Aides sociales aux personnes âgées à domicile depuis 2000, en décembre
102;972;3631;3733;4269;4754;5240;5660;6007;7216;6955;7202;7220;7347;7716;8050;8193;8383;8256;8678;8330;8482;8329;8467;8507;8660;9336;Aides sociales aux personnes âgées à domicile depuis 2000, en décembre
103;973;400;393;500;589;649;691;725;666;759;660;747;740;724;642;594;725;810;769;729;779;822;851;837;834;842;Aides sociales aux personnes âgées à domicile depuis 2000, en décembre
104;974;5728;6275;7507;8909;10009;11085;12662;13789;13242;12548;14127;13979;14453;14610;14868;15269;16069;16509;16759;17549;17793;19110;20259;20726;19695;Aides sociales aux personnes âgées à domicile depuis 2000, en décembre
84;1;1455;1481;3670;3921;4048;4183;4268;4356;4444;4623;4699;5073;5069;5053;5161;5287;5350;5488;5895;5873;5634;5708;5358;5364;5379;Aides sociales à l'accueil des personnes âgées depuis 2000, en décembre
32;2;1855;1688;4518;4673;4424;4342;4492;4487;4617;4797;4755;4895;4948;5032;4976;5620;5729;6701;5874;5664;6868;6581;6021;5763;5919;Aides sociales à l'accueil des personnes âgées depuis 2000, en décembre
84;3;1832;1818;5212;4849;4903;5113;5358;5409;5483;5593;5631;5840;5970;5916;6206;6382;6438;6492;6713;6657;6529;6504;6501;6538;6569;Aides sociales à l'accueil des personnes âgées depuis 2000, en décembre
93;4;439;508;1156;1224;1348;1372;1366;1341;1279;1226;1362;1512;1386;1593;1604;1597;1678;1602;1540;1766;1714;1889;1794;1826;1851;Aides sociales à l'accueil des personnes âgées depuis 2000, en décembre
93;5;645;367;1081;987;1058;1127;1137;1184;1182;1189;1199;1203;1325;1337;1234;1226;1376;1410;1425;1397;1338;1109;1243;1276;1324;Aides sociales à l'accueil des personnes âgées depuis 2000, en décembre
93;6;4927;5157;11624;12241;12855;13028;13614;13523;14460;14142;14279;14065;14517;14439;14599;14664;15120;15304;15675;15550;16060;15696;16044;16212;16182;Aides sociales à l'accueil des personnes âgées depuis 2000, en décembre
84;7;1418;1506;4447;4399;4564;4588;4564;4793;4930;5101;5206;5203;5307;5204;5402;5228;5502;5579;5749;5752;5624;5665;5750;5848;5971;Aides sociales à l'accueil des personnes âgées depuis 2000, en décembre
44;8;834;897;1782;2085;2162;2105;2124;2192;2207;2145;2211;2414;2354;2457;2597;2768;2776;2873;2931;2967;2847;2917;2972;2998;3105;Aides sociales à l'accueil des personnes âgées depuis 2000, en décembre
76;9;543;612;1969;1711;1754;1819;1835;1741;1799;1932;2301;2121;2116;2186;2267;2227;2221;2209;2226;2238;2296;2307;2245;2279;2587;Aides sociales à l'accueil des personnes âgées depuis 2000, en décembre
44;10;1130;1228;3216;2960;3116;3124;3198;3246;3249;3381;3349;3925;3623;3638;3805;3815;3820;3869;3818;3766;3746;3732;3731;3760;3727;Aides sociales à l'accueil des personnes âgées depuis 2000, en décembre
76;11;1045;1254;2795;2947;2876;3078;3272;3166;3389;3422;3547;3737;3762;3799;3977;4006;4256;4222;4113;4134;3935;3989;4027;4004;3915;Aides sociales à l'accueil des personnes âgées depuis 2000, en décembre
76;12;1041;1283;3822;4106;4418;4185;4317;4463;4668;4891;4907;6199;6229;6178;6156;5745;5664;5734;5652;5133;5770;5838;5193;5282;5486;Aides sociales à l'accueil des personnes âgées depuis 2000, en décembre
93;13;5005;5083;8870;10487;11911;12316;13068;14256;15340;15322;15728;16309;16358;16507;17248;17541;17737;19239;20237;20158;19015;18948;19174;19061;19727;Aides sociales à l'accueil des personnes âgées depuis 2000, en décembre
28;14;2667;2991;5101;5518;6082;5918;6246;6375;6622;6611;6772;6847;7169;7420;7422;7228;6757;7533;7668;7666;7430;7517;7487;7619;7656;Aides sociales à l'accueil des personnes âgées depuis 2000, en décembre
84;15;710;826;2134;2010;2320;2079;2013;2010;2162;2340;2446;2525;2650;2735;2666;2726;2770;2634;2568;2639;2125;2133;2364;2472;2502;Aides sociales à l'accueil des personnes âgées depuis 2000, en décembre
75;16;1619;1753;3438;3988;4450;4864;4789;4859;5115;5092;4936;4886;4818;4609;4666;4730;4936;4963;4599;5040;4618;4638;4238;4271;4410;Aides sociales à l'accueil des personnes âgées depuis 2000, en décembre
75;17;1971;2177;4027;4630;4740;4940;5377;5747;5843;6213;6281;6370;6719;6533;7007;7081;7195;7394;7600;7542;7427;7426;7289;7498;7800;Aides sociales à l'accueil des personnes âgées depuis 2000, en décembre
24;18;992;894;3334;3282;3342;3477;3502;3494;3598;3773;3905;3906;4011;3999;4030;4213;4135;4215;4404;4425;4294;4381;4412;4473;4365;Aides sociales à l'accueil des personnes âgées depuis 2000, en décembre
75;19;984;1034;2726;2823;3541;3427;3120;3182;3374;3369;3407;3535;3581;3674;3511;3373;3632;3723;3647;3779;3396;3450;3455;3655;3558;Aides sociales à l'accueil des personnes âgées depuis 2000, en décembre
94;20;871;912;1110;1094;1467;1499;1594;1576;1966;2287;2189;2095;2361;2999;2576;2586;2718;2798;2895;3227;2760;2822;2778;2852;2880;Aides sociales à l'accueil des personnes âgées depuis 2000, en décembre
27;21;1400;1446;4787;4731;5007;5222;5452;5422;5563;5869;5963;6038;6103;6272;6418;6511;6570;6610;7032;6834;6569;6616;6804;6874;7129;Aides sociales à l'accueil des personnes âgées depuis 2000, en décembre
53;22;2219;2492;7498;7633;8380;8841;8611;8659;8626;8968;9285;9561;9657;9715;9938;10107;10227;10273;10232;9818;10293;10435;10498;10591;10920;Aides sociales à l'accueil des personnes âgées depuis 2000, en décembre
75;23;737;873;2064;2283;2050;2084;2149;2174;2145;2148;2251;2259;2271;2318;2397;2442;2450;2511;2491;2429;2277;2214;2177;2219;2174;Aides sociales à l'accueil des personnes âgées depuis 2000, en décembre
75;24;1519;1604;4465;4987;5033;4952;5103;5220;5372;5424;5449;5418;5433;5610;5595;5859;5962;5955;5946;5956;5882;5935;5877;5978;6020;Aides sociales à l'accueil des personnes âgées depuis 2000, en décembre
27;25;1081;1213;3063;2968;3242;3432;3689;3630;3705;3711;3942;4040;3988;4058;4214;4222;4699;4628;4678;4627;4186;4270;4274;4310;4348;Aides sociales à l'accueil des personnes âgées depuis 2000, en décembre
84;26;1237;1357;4753;4345;4149;4258;4321;4823;4976;5266;5473;5253;4926;4892;5211;5351;5398;5307;5589;5526;5764;5292;5306;5209;5253;Aides sociales à l'accueil des personnes âgées depuis 2000, en décembre
28;27;1349;1726;3373;3347;3384;3479;3559;3577;3603;3768;3746;3752;3878;3937;4028;4210;4340;4564;4291;4254;3987;4255;4261;4590;4814;Aides sociales à l'accueil des personnes âgées depuis 2000, en décembre
24;28;1158;1119;3827;3759;3374;3918;3804;3999;3770;3416;3753;4412;4179;4261;4356;4257;4181;4105;4158;4118;4097;4101;4138;4184;4380;Aides sociales à l'accueil des personnes âgées depuis 2000, en décembre
53;29;3861;3764;8092;8429;9041;9220;9723;9453;10272;10552;11166;11005;10989;11071;11032;12747;13668;14363;14531;13415;13181;13214;14405;14475;14617;Aides sociales à l'accueil des personnes âgées depuis 2000, en décembre
76;30;2462;2316;5440;5237;5208;5562;5809;5798;5842;5996;5914;6429;6478;6651;6629;7019;7051;7089;7206;7337;7057;7418;7623;8092;8380;Aides sociales à l'accueil des personnes âgées depuis 2000, en décembre
76;31;2386;2386;5259;6258;6294;6305;6612;7070;7163;7496;7796;8266;8499;9082;9436;9757;10114;10072;10604;10677;10180;10415;10536;10866;11163;Aides sociales à l'accueil des personnes âgées depuis 2000, en décembre
76;32;897;1003;2171;2093;2452;2209;2372;2481;2684;2694;2740;2953;2765;3153;3231;3311;2807;2846;2524;2944;2711;2446;2510;2416;2680;Aides sociales à l'accueil des personnes âgées depuis 2000, en décembre
75;33;3376;4741;9618;10653;9519;9466;11314;11659;11718;11931;13094;13231;13577;14123;13979;14362;14118;14690;15321;15876;16617;16470;15824;16183;16601;Aides sociales à l'accueil des personnes âgées depuis 2000, en décembre
76;34;2341;2631;6644;8108;8261;8258;8185;8499;8833;9138;9524;9844;10337;10745;11127;11405;11666;11573;11699;12059;11826;11941;12057;12601;12670;Aides sociales à l'accueil des personnes âgées depuis 2000, en décembre
53;35;3306;3482;9106;8963;9143;9482;9762;10020;10442;10545;10760;10812;10800;11237;11296;11433;11272;11757;11844;12056;12161;12257;12427;12450;12461;Aides sociales à l'accueil des personnes âgées depuis 2000, en décembre
24;36;951;943;2649;3109;2301;2386;2467;2521;2724;2941;2901;2978;3058;3076;3047;2902;2958;2915;3011;2986;2833;2870;2841;2844;3027;Aides sociales à l'accueil des personnes âgées depuis 2000, en décembre
24;37;1898;1704;5058;4745;4644;4760;4681;4770;5074;5267;5289;5492;5885;5986;6089;5884;5923;6790;6811;6922;6791;6610;7044;7597;7888;Aides sociales à l'accueil des personnes âgées depuis 2000, en décembre
84;38;3170;3071;6157;6518;7005;7623;7773;8162;8531;8828;9134;9508;9766;10052;10299;10549;10775;10736;10739;10829;9854;10436;10508;10824;10880;Aides sociales à l'accueil des personnes âgées depuis 2000, en décembre
27;39;1007;979;2036;2300;2334;2370;2307;2347;2441;2461;2560;2562;2784;2881;2978;3027;3049;3117;3089;3104;2877;2858;2940;2978;3047;Aides sociales à l'accueil des personnes âgées depuis 2000, en décembre
75;40;1214;1247;3286;3521;4077;4143;4193;4240;4488;4854;4827;5001;5390;5587;5303;5581;5583;5705;5675;5763;5776;5760;5745;5389;5802;Aides sociales à l'accueil des personnes âgées depuis 2000, en décembre
24;41;973;1062;3609;3147;3230;3598;3617;3956;3688;4247;4465;4421;4565;4633;4641;4639;4692;4856;4904;4916;5177;4957;5067;4666;4945;Aides sociales à l'accueil des personnes âgées depuis 2000, en décembre
84;42;3093;3534;8259;8435;8503;8862;9158;9408;9819;10002;10150;10209;10228;10262;10210;10495;10436;10509;10578;10573;10376;10300;10307;10350;10249;Aides sociales à l'accueil des personnes âgées depuis 2000, en décembre
84;43;1007;1004;582;2660;2794;2904;2985;2853;2944;3107;3170;3436;3364;3661;3512;3915;3954;4165;4177;4087;4233;4321;3671;3703;3650;Aides sociales à l'accueil des personnes âgées depuis 2000, en décembre
52;44;4285;4150;9095;10391;11440;12403;12526;12488;13513;13146;13569;14343;14006;14965;14251;14603;14737;14931;15446;15430;16113;16136;16255;16155;16494;Aides sociales à l'accueil des personnes âgées depuis 2000, en décembre
24;45;1515;1612;5228;5227;5360;5506;5795;5801;5631;5576;5696;5832;5952;6032;6186;6427;6482;6546;6776;6776;6771;6835;6736;6728;7026;Aides sociales à l'accueil des personnes âgées depuis 2000, en décembre
76;46;621;728;1715;1847;2038;2052;2226;2292;2282;2381;2486;2494;2555;2563;2674;2661;2688;2729;2744;2704;2619;2682;2929;3147;3089;Aides sociales à l'accueil des personnes âgées depuis 2000, en décembre
75;47;1259;1299;2821;2875;3039;3145;3214;3399;3484;3554;3701;3778;3898;4012;4112;4196;4265;4243;4217;4261;4146;4225;4275;4325;4498;Aides sociales à l'accueil des personnes âgées depuis 2000, en décembre
76;48;613;557;1064;1144;1216;1297;1369;1400;1370;1309;1351;1563;1693;1710;1718;1661;1782;1336;1339;1350;1320;1440;1413;1402;1321;Aides sociales à l'accueil des personnes âgées depuis 2000, en décembre
52;49;2711;3160;6710;6654;7087;7615;8082;8442;9257;9289;9289;9369;9395;9792;9860;9968;11361;10750;10552;10603;10777;10895;11190;11239;11253;Aides sociales à l'accueil des personnes âgées depuis 2000, en décembre
28;50;2715;2911;5448;5450;5435;5428;5701;5753;5823;5785;5699;5788;6700;5974;6088;5934;5861;6195;6243;6366;6599;6778;6545;6556;6296;Aides sociales à l'accueil des personnes âgées depuis 2000, en décembre
44;51;1653;1597;3292;3859;3680;3862;4066;4071;3980;4188;4645;4795;5137;5394;5081;5276;5365;5762;5885;5282;5707;5641;5869;6102;6223;Aides sociales à l'accueil des personnes âgées depuis 2000, en décembre
44;52;754;801;1137;1622;1633;1659;1671;1729;1853;1831;1766;1833;1878;2015;2051;2086;2079;1998;2043;2084;1847;1992;2003;2030;2093;Aides sociales à l'accueil des personnes âgées depuis 2000, en décembre
52;53;2315;2396;3745;4110;3691;4320;4614;4431;4757;5208;5196;4650;4433;4432;4767;5250;5095;5052;5192;5207;4559;4551;4822;4805;5017;Aides sociales à l'accueil des personnes âgées depuis 2000, en décembre
44;54;1793;2119;5158;4973;5153;5340;5498;5755;5782;5692;5870;6009;6226;6477;6588;6610;6741;7049;7186;7330;7623;7216;7179;7239;7449;Aides sociales à l'accueil des personnes âgées depuis 2000, en décembre
44;55;558;539;1475;1511;1535;2094;1777;1841;1813;1798;1762;1913;1943;2186;2102;2043;2223;2132;2189;2147;2157;2421;2338;2405;2470;Aides sociales à l'accueil des personnes âgées depuis 2000, en décembre
53;56;2247;2519;7038;7080;7190;7633;8187;8259;8210;8349;8527;8748;8708;9299;9387;8707;9142;9306;9046;9323;9175;9144;9383;9440;9880;Aides sociales à l'accueil des personnes âgées depuis 2000, en décembre
44;57;2028;2071;5113;5367;5598;5957;6536;6671;6984;6938;7203;7686;7967;8281;8490;8666;8436;9006;9082;9305;9438;9518;9606;9783;10020;Aides sociales à l'accueil des personnes âgées depuis 2000, en décembre
27;58;1144;1180;2222;2712;2421;2890;2902;3309;3340;3481;3538;3514;3801;3845;3885;4027;4018;4084;4238;4282;4193;4187;4255;4293;4470;Aides sociales à l'accueil des personnes âgées depuis 2000, en décembre
32;59;6663;7433;9147;16344;16739;17302;17471;18476;19754;20661;20880;22342;23225;23758;24055;24040;25792;27265;26525;26252;25421;25934;26007;26900;26742;Aides sociales à l'accueil des personnes âgées depuis 2000, en décembre
32;60;1318;1526;4927;4931;4970;4704;5089;5231;5131;5490;5714;5901;5747;5485;5481;5719;5760;5711;6132;6128;5760;5625;5676;5743;6110;Aides sociales à l'accueil des personnes âgées depuis 2000, en décembre
28;61;1477;1609;4048;3906;3948;3942;4026;4239;4394;4413;4460;4720;4770;4830;4891;4898;4929;4875;4968;4874;4872;4884;4915;4879;4944;Aides sociales à l'accueil des personnes âgées depuis 2000, en décembre
32;62;4292;4561;8934;9036;10031;9881;9554;10422;10598;10651;10683;11164;11358;11526;12174;12453;12208;14065;13836;12358;12567;12089;12711;12723;12785;Aides sociales à l'accueil des personnes âgées depuis 2000, en décembre
84;63;1864;2015;4978;5086;5662;6137;6439;6611;6515;6698;6615;6848;7159;7168;7416;7643;7828;7485;7398;7212;6886;7043;7326;7463;7617;Aides sociales à l'accueil des personnes âgées depuis 2000, en décembre
75;64;2645;2486;4428;4861;5363;6008;6475;6656;7055;7231;7166;7256;7280;7356;7201;7346;7323;7394;7555;7479;7306;7419;7456;7526;7692;Aides sociales à l'accueil des personnes âgées depuis 2000, en décembre
76;65;1203;1277;2856;2648;2864;2889;2911;2975;3085;3102;3097;3185;3287;3342;3400;3341;3483;3420;3301;3617;3577;3611;3632;3593;3712;Aides sociales à l'accueil des personnes âgées depuis 2000, en décembre
76;66;949;1044;2688;3036;3365;3480;3773;3979;4079;4080;4219;4300;4475;4454;4525;4637;4548;4842;4777;4877;4858;4829;4847;4904;5197;Aides sociales à l'accueil des personnes âgées depuis 2000, en décembre
44;67;1944;1993;6487;8165;8266;8222;8809;8859;9049;9357;9771;10190;10698;10637;9887;9505;10528;10081;10163;10102;10114;10337;10235;10296;10356;Aides sociales à l'accueil des personnes âgées depuis 2000, en décembre
44;68;1453;1550;5788;6150;6163;6461;6300;6856;6920;7100;7173;6897;7088;7443;7172;7318;7158;7304;7280;7297;7215;7385;7366;7390;7452;Aides sociales à l'accueil des personnes âgées depuis 2000, en décembre
84;69;4781;4906;8444;9597;10096;12794;13103;13131;13860;14052;15163;15695;16109;16072;17158;;;;;;;;;;;Aides sociales à l'accueil des personnes âgées depuis 2000, en décembre
27;70;619;693;1643;1742;1847;1784;1936;2019;1975;2143;2029;2170;2183;2230;2263;2300;2309;2358;2337;2276;2058;1838;2050;1903;2353;Aides sociales à l'accueil des personnes âgées depuis 2000, en décembre
27;71;2127;2387;5550;5661;5830;6083;5991;6108;6149;6372;6731;6740;6745;7499;7479;7595;7454;7633;7802;7811;7236;7620;7648;7752;8142;Aides sociales à l'accueil des personnes âgées depuis 2000, en décembre
52;72;2052;2011;4138;4306;5219;5488;5744;5808;5946;6166;6242;6521;6705;6857;7107;7299;7418;7579;7581;7717;7718;7723;7812;7634;7689;Aides sociales à l'accueil des personnes âgées depuis 2000, en décembre
84;73;929;896;2386;2705;3018;3339;3338;3374;3682;3845;3894;3974;4026;4314;4328;4322;4409;4409;4409;4128;4095;4138;4161;4155;4071;Aides sociales à l'accueil des personnes âgées depuis 2000, en décembre
84;74;1482;1251;3675;3771;3642;3660;3849;4093;4148;4277;4628;4716;4941;4956;4961;5042;5217;5280;5308;5278;4668;4854;4829;4851;5098;Aides sociales à l'accueil des personnes âgées depuis 2000, en décembre
11;75;7967;7826;15581;16651;16953;17359;17528;17838;18218;18108;18067;17832;18521;18270;17290;17885;16143;16585;16060;16072;13934;12476;12417;12003;11498;Aides sociales à l'accueil des personnes âgées depuis 2000, en décembre
28;76;4001;3940;9027;8780;9454;9411;9597;9867;10234;10246;10958;11133;11373;11767;11789;12316;12199;12070;12010;12063;11976;12161;12495;12691;13352;Aides sociales à l'accueil des personnes âgées depuis 2000, en décembre
11;77;2520;2391;4543;5539;5710;5600;5861;5844;5919;5944;5621;5772;6429;6386;6490;6551;6592;6354;7326;6657;6480;6722;6740;6423;6791;Aides sociales à l'accueil des personnes âgées depuis 2000, en décembre
11;78;1906;2097;5357;5624;5364;5609;5991;6295;6697;7002;7057;7218;7253;7418;7362;7351;7495;7463;7242;7607;7132;7203;7005;7080;6704;Aides sociales à l'accueil des personnes âgées depuis 2000, en décembre
75;79;1385;1603;4528;4376;4030;4365;4534;4898;4423;4458;4736;4579;4793;4889;4925;5105;4876;4972;4907;4964;5045;4938;4872;5039;5030;Aides sociales à l'accueil des personnes âgées depuis 2000, en décembre
32;80;1796;2042;4509;4574;4702;4650;4140;4854;5503;5057;5168;5477;5709;5736;5602;5487;5888;5937;5839;5774;5213;5353;5356;5485;5698;Aides sociales à l'accueil des personnes âgées depuis 2000, en décembre
76;81;1093;1300;3621;3516;3612;3781;3900;3982;4088;4229;4435;4527;4723;4871;4768;4856;4849;5183;5328;5080;4922;4823;4841;4986;4963;Aides sociales à l'accueil des personnes âgées depuis 2000, en décembre
76;82;594;649;1510;1854;1903;2002;2055;2155;2168;2257;2324;2464;2618;2751;2801;2794;2810;2718;2999;2896;2861;2907;2847;2983;3003;Aides sociales à l'accueil des personnes âgées depuis 2000, en décembre
93;83;2342;2626;3267;5773;6277;7399;7723;7968;8357;8612;8884;9714;9988;10119;10405;10766;11156;11240;11292;11077;10632;10356;10638;11251;11567;Aides sociales à l'accueil des personnes âgées depuis 2000, en décembre
93;84;1625;1638;3085;3816;4035;3913;4265;4488;4659;4859;4610;4631;4780;4867;5113;5749;5175;4978;4891;5210;5040;5038;4979;5102;5309;Aides sociales à l'accueil des personnes âgées depuis 2000, en décembre
52;85;2163;2204;6216;6264;6322;6833;7172;7398;7560;7851;8321;8972;9167;9262;9437;9125;9084;9162;9327;9329;9225;9147;9251;9388;9805;Aides sociales à l'accueil des personnes âgées depuis 2000, en décembre
75;86;1191;1065;3177;3332;3544;3628;3803;4134;4216;4339;4276;4262;4511;4760;4682;4934;5104;5241;5065;5020;4939;4944;5017;5105;5331;Aides sociales à l'accueil des personnes âgées depuis 2000, en décembre
75;87;1341;1429;3797;3735;4081;4198;4329;4401;4385;4329;4319;4507;4404;4407;4661;4683;4803;4823;4790;4911;4382;4614;4639;4694;4879;Aides sociales à l'accueil des personnes âgées depuis 2000, en décembre
44;88;1120;1148;3315;3338;3746;3793;3998;4254;4829;4971;5139;5192;5255;5352;5392;5240;4713;4699;4852;5511;4742;4557;5076;5130;5308;Aides sociales à l'accueil des personnes âgées depuis 2000, en décembre
27;89;1138;1210;3734;3941;4263;4272;4469;4324;4402;4485;4473;4672;4873;4972;5191;5307;5445;5571;5502;5479;5324;5173;5142;5045;4991;Aides sociales à l'accueil des personnes âgées depuis 2000, en décembre
27;90;269;252;1119;1099;1100;1100;1093;1074;1179;1236;1224;1151;1222;1249;1276;1339;1593;1331;1255;1350;1136;1228;1226;1209;1261;Aides sociales à l'accueil des personnes âgées depuis 2000, en décembre
11;91;1474;1624;2200;3862;5168;5584;5933;5923;6089;6452;6570;5908;5950;6018;5751;5121;7135;7207;7180;7769;7495;7731;8006;8537;8468;Aides sociales à l'accueil des personnes âgées depuis 2000, en décembre
11;92;3383;3385;6825;9061;9249;9461;9723;9906;10131;10233;10591;10639;10672;10906;11017;11000;11090;11042;10054;8567;8553;9172;9211;9284;9417;Aides sociales à l'accueil des personnes âgées depuis 2000, en décembre
11;93;3132;3264;3237;6586;7041;6957;7549;7323;7616;7727;7991;8228;8637;8392;8381;7175;8093;8101;9134;9133;8190;8219;8023;8080;7808;Aides sociales à l'accueil des personnes âgées depuis 2000, en décembre
11;94;2362;2319;4432;6691;7673;7516;7367;6949;7181;7507;7903;7960;7853;7993;8409;7837;8156;7914;8201;8724;8189;8467;8356;8601;8506;Aides sociales à l'accueil des personnes âgées depuis 2000, en décembre
11;95;1714;1765;4596;4787;5024;5518;5756;5881;6030;6287;6219;6311;6482;6260;6721;6779;6719;6604;6609;6761;6134;6330;6390;6476;6653;Aides sociales à l'accueil des personnes âgées depuis 2000, en décembre
101;971;586;861;2056;820;1296;1267;1181;1172;1115;1134;1200;1087;1404;1661;1596;1793;1881;1889;1767;1660;1663;1624;1575;1621;1800;Aides sociales à l'accueil des personnes âgées depuis 2000, en décembre
102;972;1288;1224;2104;2104;2056;2116;2108;2274;2157;2240;2666;2472;2600;2734;2687;2942;3350;3128;2996;2992;3254;3058;3025;2775;2588;Aides sociales à l'accueil des personnes âgées depuis 2000, en décembre
103;973;158;153;119;156;150;229;237;276;258;285;350;375;344;394;422;473;449;431;421;421;404;501;452;442;452;Aides sociales à l'accueil des personnes âgées depuis 2000, en décembre
104;974;1252;1052;1568;1493;1287;1934;1968;1967;2025;1968;2463;2686;2214;2248;2239;2340;2380;2548;2511;2664;2836;2579;2811;2777;2741;Aides sociales à l'accueil des personnes âgées depuis 2000, en décembre
84;1;;;4306;5481;6138;6738;7204;7662;7977;8426;8577;8786;9330;9008;9465;9673;9983;10175;10612;10634;10518;10625;10181;10481;10794;Bénéficiaires de l'APA (à domicile et en établissement), payés au titre du mois de décembre, depuis 2002
32;2;;;7457;8071;8402;8599;9377;10189;11026;11421;12148;12580;13181;12901;12936;13096;12880;13562;12273;12071;12796;13803;13320;12836;13309;Bénéficiaires de l'APA (à domicile et en établissement), payés au titre du mois de décembre, depuis 2002
84;3;;;5730;6548;6898;7667;8567;9129;9473;9683;10054;10266;10665;10614;10853;11225;11292;11511;11654;11491;11336;11247;11304;11442;11566;Bénéficiaires de l'APA (à domicile et en établissement), payés au titre du mois de décembre, depuis 2002
93;4;;;1933;2320;2604;2683;2895;3108;3025;3151;3310;3515;3375;3964;3426;3233;4107;3916;3811;4215;4271;4361;4073;4156;4208;Bénéficiaires de l'APA (à domicile et en établissement), payés au titre du mois de décembre, depuis 2002
93;5;;;1762;2118;2350;2390;2511;2703;2792;2928;2772;2766;3175;3342;3157;2869;2896;3016;3226;3125;3018;3061;3211;3409;3481;Bénéficiaires de l'APA (à domicile et en établissement), payés au titre du mois de décembre, depuis 2002
93;6;;;9850;15207;17302;18107;20202;21965;25506;23859;24314;23981;23829;24072;23881;24135;24798;25187;26778;28057;28861;28860;28117;29083;28978;Bénéficiaires de l'APA (à domicile et en établissement), payés au titre du mois de décembre, depuis 2002
84;7;;;6026;6518;6602;7238;7413;7520;8292;8685;8919;9044;9337;9626;10296;10307;10246;10115;10085;10434;10295;10429;9937;10537;11392;Bénéficiaires de l'APA (à domicile et en établissement), payés au titre du mois de décembre, depuis 2002
44;8;;;2706;3937;4303;4746;5386;6096;6586;7108;7034;7333;7302;7419;7952;8080;8329;8312;8337;8447;8221;8340;8267;9060;9236;Bénéficiaires de l'APA (à domicile et en établissement), payés au titre du mois de décembre, depuis 2002
76;9;;;3944;4289;4754;4691;4770;4727;4790;4874;4834;4109;4112;4441;4468;4796;4657;4715;4687;4583;4542;4645;3833;4021;4448;Bénéficiaires de l'APA (à domicile et en établissement), payés au titre du mois de décembre, depuis 2002
44;10;;;4225;4103;4648;4872;5140;5473;5579;5862;5942;6754;6483;6720;7082;6956;6828;6927;6967;6893;6942;7029;6952;6874;6722;Bénéficiaires de l'APA (à domicile et en établissement), payés au titre du mois de décembre, depuis 2002
76;11;;;4946;5836;5678;6118;6535;6703;7269;7329;7286;7248;7254;7545;7367;7246;8001;7987;7666;8666;8065;8656;9055;9284;8809;Bénéficiaires de l'APA (à domicile et en établissement), payés au titre du mois de décembre, depuis 2002
76;12;;;6392;7574;8087;7802;8054;8401;8651;9352;9517;11076;11485;11500;11628;11239;10841;10546;10375;9854;10539;10606;9994;10309;10583;Bénéficiaires de l'APA (à domicile et en établissement), payés au titre du mois de décembre, depuis 2002
93;13;;;14708;22774;27871;30732;32675;36497;32888;32968;34029;34079;33320;33038;35983;36173;36924;39530;41005;41752;40143;39243;39190;39180;39452;Bénéficiaires de l'APA (à domicile et en établissement), payés au titre du mois de décembre, depuis 2002
28;14;;;7117;9857;11549;12236;13287;13798;14336;14698;15140;15577;15845;15266;15012;14900;13342;14324;15007;15295;15554;15944;16188;16883;17050;Bénéficiaires de l'APA (à domicile et en établissement), payés au titre du mois de décembre, depuis 2002
84;15;;;3058;3679;4131;3999;4088;4550;4621;4998;5087;4400;4518;5158;5073;5141;5137;5102;5175;5226;4863;4861;5186;5387;5346;Bénéficiaires de l'APA (à domicile et en établissement), payés au titre du mois de décembre, depuis 2002
75;16;;;4153;6526;7642;8324;8523;8488;8686;8565;8710;8710;8583;8378;8686;8592;8919;8963;8780;9157;8807;8861;8425;8505;8571;Bénéficiaires de l'APA (à domicile et en établissement), payés au titre du mois de décembre, depuis 2002
75;17;;;7309;8987;9577;10526;11346;12028;12281;12782;12997;13611;14033;13207;13673;14100;14328;14425;14888;14767;14693;14835;14893;15302;15956;Bénéficiaires de l'APA (à domicile et en établissement), payés au titre du mois de décembre, depuis 2002
24;18;;;5205;5122;5239;5512;5920;6032;6144;6377;6767;6862;6855;7103;7415;7567;7190;7233;7303;7108;6779;6869;6815;6764;6605;Bénéficiaires de l'APA (à domicile et en établissement), payés au titre du mois de décembre, depuis 2002
75;19;;;4297;5157;6059;6021;5989;6256;6690;6787;6918;7169;7343;7561;7034;7138;7708;7412;6726;6826;6495;6489;6520;6651;6716;Bénéficiaires de l'APA (à domicile et en établissement), payés au titre du mois de décembre, depuis 2002
94;20;;;2474;3550;5271;6781;7711;8493;9726;9815;10191;10360;9890;9942;9204;9407;9420;11954;12173;10366;10802;11280;11196;10674;10885;Bénéficiaires de l'APA (à domicile et en établissement), payés au titre du mois de décembre, depuis 2002
27;21;;;6533;7040;7717;8282;9071;9385;9640;9814;9993;10078;10265;10289;10644;10778;11094;11129;11392;11206;10994;11006;10955;10826;10841;Bénéficiaires de l'APA (à domicile et en établissement), payés au titre du mois de décembre, depuis 2002
53;22;;;11075;11445;12645;13964;14153;13593;13469;13915;13965;14434;14754;15129;14980;14705;15517;15727;15643;15376;15652;15841;15766;16058;16749;Bénéficiaires de l'APA (à domicile et en établissement), payés au titre du mois de décembre, depuis 2002
75;23;;;3506;3713;3865;4182;4419;4415;4466;4629;4798;4859;5029;5110;5332;5436;5351;5351;5205;5136;4972;4867;4726;4701;4522;Bénéficiaires de l'APA (à domicile et en établissement), payés au titre du mois de décembre, depuis 2002
75;24;;;7813;8633;9315;9554;9954;10383;10992;11174;11803;12288;12015;11646;12193;12869;13093;13096;13161;13357;13488;13572;13556;13101;14364;Bénéficiaires de l'APA (à domicile et en établissement), payés au titre du mois de décembre, depuis 2002
27;25;;;4636;5138;6107;6388;7677;8521;9101;9449;9635;9791;9944;10247;10462;10908;11654;11247;11436;11070;10036;10007;10076;10176;10121;Bénéficiaires de l'APA (à domicile et en établissement), payés au titre du mois de décembre, depuis 2002
84;26;;;5532;5572;5376;5962;6661;8010;8609;9265;9849;10481;10479;11121;11593;12014;12498;12702;13077;13370;13820;13627;13799;13620;13748;Bénéficiaires de l'APA (à domicile et en établissement), payés au titre du mois de décembre, depuis 2002
28;27;;;4432;5301;5526;6031;6222;6592;6782;6998;7208;7225;7326;7489;7436;7910;8286;8482;9043;9147;9008;9247;9275;9613;10745;Bénéficiaires de l'APA (à domicile et en établissement), payés au titre du mois de décembre, depuis 2002
24;28;;;4722;4855;4743;5708;5788;6687;6648;6466;7004;7456;7160;7493;7352;7717;7090;7085;7486;7534;7719;7729;7829;8066;8340;Bénéficiaires de l'APA (à domicile et en établissement), payés au titre du mois de décembre, depuis 2002
53;29;;;12304;14419;15829;16475;17436;18061;19182;19426;19542;19084;18794;18489;18978;20830;22232;22062;22847;21689;20856;20904;22100;22194;21811;Bénéficiaires de l'APA (à domicile et en établissement), payés au titre du mois de décembre, depuis 2002
76;30;;;9235;10440;11230;12177;13784;14292;14311;14276;14294;15099;15131;15293;15575;15402;15427;15585;14626;14820;14729;15239;15897;17750;18804;Bénéficiaires de l'APA (à domicile et en établissement), payés au titre du mois de décembre, depuis 2002
76;31;;;10121;14940;15985;16789;18275;19724;20790;21966;22954;24099;24820;25652;23701;26220;27002;27537;28091;28343;27951;28798;29439;30262;31039;Bénéficiaires de l'APA (à domicile et en établissement), payés au titre du mois de décembre, depuis 2002
76;32;;;3936;4460;5363;5509;5841;6216;6305;6482;6579;7004;6798;6861;6781;6639;6716;6765;6485;6565;6310;6336;5847;5806;5849;Bénéficiaires de l'APA (à domicile et en établissement), payés au titre du mois de décembre, depuis 2002
75;33;;;14275;18260;18749;20635;23747;25174;26112;27166;29353;30471;30939;32828;33258;33802;32708;34446;34784;35304;34998;35150;35329;35450;35063;Bénéficiaires de l'APA (à domicile et en établissement), payés au titre du mois de décembre, depuis 2002
76;34;;;13233;17386;19510;21797;23307;26586;25452;26014;26806;28241;29134;29449;30680;31033;31135;31671;32149;32687;32842;32794;32186;33295;32980;Bénéficiaires de l'APA (à domicile et en établissement), payés au titre du mois de décembre, depuis 2002
53;35;;;9920;11446;12204;13105;14044;15016;15501;15811;15633;16617;17026;17652;18485;19101;19417;20131;19981;20599;21115;21355;21649;22335;22816;Bénéficiaires de l'APA (à domicile et en établissement), payés au titre du mois de décembre, depuis 2002
24;36;;;4112;5268;4635;4905;5043;5218;5414;5537;5644;5725;5746;5716;5499;5261;5239;5207;5088;5007;4597;4688;4509;4494;4737;Bénéficiaires de l'APA (à domicile et en établissement), payés au titre du mois de décembre, depuis 2002
24;37;;;6649;7812;7943;8468;8656;9184;9530;9764;9813;9797;10196;10535;10950;10659;10552;11975;12310;12616;12363;12430;13039;13366;13726;Bénéficiaires de l'APA (à domicile et en établissement), payés au titre du mois de décembre, depuis 2002
84;38;;;8732;10629;12416;14082;15673;16746;17766;18749;19579;20058;20482;20834;23845;24277;25083;25618;26597;27080;25084;25797;25207;27717;30115;Bénéficiaires de l'APA (à domicile et en établissement), payés au titre du mois de décembre, depuis 2002
27;39;;;3365;3714;3970;4266;4425;4537;4569;4714;4825;4774;5003;5119;5281;5404;5477;5578;5522;5476;5249;5327;5445;5713;5734;Bénéficiaires de l'APA (à domicile et en établissement), payés au titre du mois de décembre, depuis 2002
75;40;;;4170;5653;6970;6663;7062;7451;7577;8250;8608;9000;9443;9699;9702;10016;9957;10180;10280;10568;10486;10567;10817;10358;10899;Bénéficiaires de l'APA (à domicile et en établissement), payés au titre du mois de décembre, depuis 2002
24;41;;;4204;4765;5292;6243;6553;7451;7366;7886;8130;8104;8292;8299;8641;8717;8707;8883;9550;9540;10031;9852;9766;9401;9851;Bénéficiaires de l'APA (à domicile et en établissement), payés au titre du mois de décembre, depuis 2002
84;42;;;10650;11677;12788;13971;14837;15628;16579;17284;17621;17912;18010;18438;18686;19326;20543;21198;21722;22249;22162;22513;23228;24276;25177;Bénéficiaires de l'APA (à domicile et en établissement), payés au titre du mois de décembre, depuis 2002
84;43;;;1940;4476;4971;5424;6012;6045;6283;6427;6283;6551;6204;6559;6548;7081;6931;7280;7216;7363;7574;7725;7145;7381;7323;Bénéficiaires de l'APA (à domicile et en établissement), payés au titre du mois de décembre, depuis 2002
52;44;;;10598;12541;13819;15215;16195;16789;18484;18646;19446;20330;20324;21698;20837;21437;22343;22595;23248;23210;25101;24981;25032;24504;26012;Bénéficiaires de l'APA (à domicile et en établissement), payés au titre du mois de décembre, depuis 2002
24;45;;;5623;7959;7990;8765;9965;10650;11132;11787;12440;12691;12871;13095;13257;11460;11097;10966;11333;11522;11501;11638;12748;14547;16579;Bénéficiaires de l'APA (à domicile et en établissement), payés au titre du mois de décembre, depuis 2002
76;46;;;3566;4220;4706;5062;5425;5284;5353;5574;5616;5642;5963;6137;6291;6274;6280;6678;6748;6560;6508;6676;6922;7782;7526;Bénéficiaires de l'APA (à domicile et en établissement), payés au titre du mois de décembre, depuis 2002
75;47;;;4992;5910;6384;6689;6962;7482;7905;8078;8320;8506;8629;8680;8492;8423;8142;8156;8111;8044;7878;7938;8153;8333;8671;Bénéficiaires de l'APA (à domicile et en établissement), payés au titre du mois de décembre, depuis 2002
76;48;;;1628;1738;1735;1934;1971;1978;1919;1989;1990;2255;2452;2587;2691;2675;2850;2475;2536;2572;2538;2760;2780;2971;2887;Bénéficiaires de l'APA (à domicile et en établissement), payés au titre du mois de décembre, depuis 2002
52;49;;;7018;8449;9373;10160;10712;11271;11793;12116;12169;12094;12218;12523;12802;13014;14203;13634;13126;13144;13507;13178;13571;13651;13464;Bénéficiaires de l'APA (à domicile et en établissement), payés au titre du mois de décembre, depuis 2002
28;50;;;7131;8544;8879;9013;9483;9704;9890;9931;9775;9835;10470;9832;10039;9596;9578;10079;10200;10358;10746;11136;11356;11714;11780;Bénéficiaires de l'APA (à domicile et en établissement), payés au titre du mois de décembre, depuis 2002
44;51;;;3553;6082;6448;6994;7702;7833;7749;8008;8485;8443;8034;8209;7723;7802;7805;8095;8181;7550;8109;7821;8049;8233;8589;Bénéficiaires de l'APA (à domicile et en établissement), payés au titre du mois de décembre, depuis 2002
44;52;;;1749;2581;2897;3186;3495;3743;3871;3885;3719;3663;3618;3565;3767;3787;3736;3593;3650;3766;3580;3740;3614;3693;3872;Bénéficiaires de l'APA (à domicile et en établissement), payés au titre du mois de décembre, depuis 2002
52;53;;;3800;5118;5149;6100;6586;6359;7141;7416;7252;6328;6249;6034;6111;6734;6237;6672;6881;6768;6286;6656;6687;7054;7235;Bénéficiaires de l'APA (à domicile et en établissement), payés au titre du mois de décembre, depuis 2002
44;54;;;8098;9865;10630;12068;13189;14222;14911;14637;14452;14322;14109;14491;14528;14419;14099;14202;14180;14240;13969;13143;12870;12649;12637;Bénéficiaires de l'APA (à domicile et en établissement), payés au titre du mois de décembre, depuis 2002
44;55;;;2259;2569;2666;3284;3043;3277;3269;3240;3210;3362;3434;3747;3780;3736;3937;3815;3921;3895;3963;4153;4080;4101;4223;Bénéficiaires de l'APA (à domicile et en établissement), payés au titre du mois de décembre, depuis 2002
53;56;;;9149;10895;11282;11910;12826;13397;13693;14293;14489;14981;15443;15793;16096;14843;14820;15698;15482;16112;16053;16033;16628;17517;17865;Bénéficiaires de l'APA (à domicile et en établissement), payés au titre du mois de décembre, depuis 2002
44;57;;;8116;9383;10549;12075;14212;15356;16203;17116;17504;18081;18125;18656;18596;19138;19252;19381;19229;19346;19312;19373;19399;20057;20598;Bénéficiaires de l'APA (à domicile et en établissement), payés au titre du mois de décembre, depuis 2002
27;58;;;2833;4461;4246;5307;5485;6616;6919;6856;6555;6404;6592;6566;6583;6616;6551;6596;6694;6966;6902;6796;6621;6632;6673;Bénéficiaires de l'APA (à domicile et en établissement), payés au titre du mois de décembre, depuis 2002
32;59;;;14925;25763;33312;35256;37509;39487;41273;43041;44403;44145;45080;45363;42843;43482;45691;48358;48174;49371;49655;51446;51980;53643;53751;Bénéficiaires de l'APA (à domicile et en établissement), payés au titre du mois de décembre, depuis 2002
32;60;;;6048;6456;6729;6875;7243;7500;7525;8245;8868;9612;9760;9247;9336;9674;9628;9808;10548;10580;9844;10591;10670;11069;11506;Bénéficiaires de l'APA (à domicile et en établissement), payés au titre du mois de décembre, depuis 2002
28;61;;;5432;5668;5941;6239;6560;7102;7391;7525;7797;7911;7996;8057;7991;7971;8317;8343;8743;8878;8871;8589;8722;8899;8850;Bénéficiaires de l'APA (à domicile et en établissement), payés au titre du mois de décembre, depuis 2002
32;62;;;13395;21989;26560;28644;30467;32488;33794;34055;33880;34424;34385;34340;35365;35902;35816;38413;39236;39602;39707;39271;39488;39855;39019;Bénéficiaires de l'APA (à domicile et en établissement), payés au titre du mois de décembre, depuis 2002
84;63;;;7544;8653;9857;11106;12107;12826;12781;12889;12645;12815;13238;13261;13939;14012;13414;12815;12428;12135;11648;11573;11616;11733;12013;Bénéficiaires de l'APA (à domicile et en établissement), payés au titre du mois de décembre, depuis 2002
75;64;;;6354;8483;9361;10494;11507;11820;12010;12351;12681;13135;13565;13680;14031;14559;14995;15408;16016;16237;15958;16802;16975;17483;18344;Bénéficiaires de l'APA (à domicile et en établissement), payés au titre du mois de décembre, depuis 2002
76;65;;;4831;4605;5410;5804;6294;6621;6887;7173;7498;7767;7799;8062;8386;8216;8604;8820;9055;9378;9462;8751;8785;9231;9734;Bénéficiaires de l'APA (à domicile et en établissement), payés au titre du mois de décembre, depuis 2002
76;66;;;4835;5440;6975;7383;8141;8637;9065;9717;10363;10959;11362;11667;11854;11935;12004;12074;12271;12644;12681;12577;12663;12928;13203;Bénéficiaires de l'APA (à domicile et en établissement), payés au titre du mois de décembre, depuis 2002
44;67;;;8259;11954;13645;14981;16825;17612;17966;18392;19020;19473;20479;20686;20251;18490;18481;18864;19851;20321;20062;19609;18926;19784;19931;Bénéficiaires de l'APA (à domicile et en établissement), payés au titre du mois de décembre, depuis 2002
44;68;;;6812;7290;7813;8545;8720;9693;10702;11433;12081;12029;12341;13068;12999;13007;12650;12790;12873;13071;13056;13308;13399;13616;14037;Bénéficiaires de l'APA (à domicile et en établissement), payés au titre du mois de décembre, depuis 2002
84;69;;;8729;12269;13435;16493;17479;19740;21286;21980;23998;25650;27592;28460;29322;;;;;;;;;;;Bénéficiaires de l'APA (à domicile et en établissement), payés au titre du mois de décembre, depuis 2002
27;70;;;3142;3630;4137;4320;4304;4512;4574;4780;4493;4589;4548;4686;4757;4905;4974;5282;5266;5259;4974;4768;4968;4933;5272;Bénéficiaires de l'APA (à domicile et en établissement), payés au titre du mois de décembre, depuis 2002
27;71;;;7837;9331;10549;11781;12702;13607;14165;14557;14619;14780;15085;15969;16618;16582;16560;16707;16748;16712;15983;16034;15947;16041;16299;Bénéficiaires de l'APA (à domicile et en établissement), payés au titre du mois de décembre, depuis 2002
52;72;;;5848;6522;8337;9169;9668;9743;10076;10185;10188;10549;10706;10836;10727;10839;10865;11109;11108;11183;11205;11308;11595;11811;11544;Bénéficiaires de l'APA (à domicile et en établissement), payés au titre du mois de décembre, depuis 2002
84;73;;;3831;4861;5610;6337;6942;7223;7715;8128;8124;8595;8968;9163;9371;9311;9445;9313;9374;9267;9265;9396;9529;9658;9686;Bénéficiaires de l'APA (à domicile et en établissement), payés au titre du mois de décembre, depuis 2002
84;74;;;4995;5742;6202;6706;7566;8213;8797;9217;9861;10040;10549;11045;11775;12302;12303;12389;12958;13308;12623;12994;13183;13470;13627;Bénéficiaires de l'APA (à domicile et en établissement), payés au titre du mois de décembre, depuis 2002
11;75;;;15748;18642;20404;22049;23601;25387;27296;28776;29822;30652;32269;30633;28778;28451;26598;26545;26616;26565;23591;23813;23449;23014;22538;Bénéficiaires de l'APA (à domicile et en établissement), payés au titre du mois de décembre, depuis 2002
28;76;;;14424;17268;19441;20538;22098;23676;25055;26463;26912;27342;27423;27957;28315;28472;28714;28566;28369;28603;28809;28902;29076;29825;30402;Bénéficiaires de l'APA (à domicile et en établissement), payés au titre du mois de décembre, depuis 2002
11;77;;;4412;6495;7295;7459;8918;9333;10089;10889;11130;11590;12837;12976;11797;14005;14311;14095;15723;15246;15428;16209;16321;16562;17707;Bénéficiaires de l'APA (à domicile et en établissement), payés au titre du mois de décembre, depuis 2002
11;78;;;5780;6834;8121;8384;9381;9882;10767;12150;12388;12452;12419;13000;13239;13475;13200;13580;12834;14171;12844;13016;13278;14693;14269;Bénéficiaires de l'APA (à domicile et en établissement), payés au titre du mois de décembre, depuis 2002
75;79;;;5573;6684;6431;6917;7211;7552;7095;7150;7438;7426;7671;7933;8257;8313;7955;8182;8057;8205;8360;8206;8323;8610;8650;Bénéficiaires de l'APA (à domicile et en établissement), payés au titre du mois de décembre, depuis 2002
32;80;;;6622;8740;9721;9873;10325;11813;12343;11806;11765;12716;13337;13105;11377;11140;12845;11975;11469;10804;10002;9943;9767;9785;10021;Bénéficiaires de l'APA (à domicile et en établissement), payés au titre du mois de décembre, depuis 2002
76;81;;;5757;8328;9243;9838;10123;10158;10184;10438;10464;10644;10492;10551;10514;10590;10338;10970;11127;11115;11229;11306;11137;11240;11090;Bénéficiaires de l'APA (à domicile et en établissement), payés au titre du mois de décembre, depuis 2002
76;82;;;4169;4967;5602;5779;6064;6453;6493;6499;6494;6504;6658;6689;6706;6311;6404;6255;6656;6782;6790;6857;6840;7003;7014;Bénéficiaires de l'APA (à domicile et en établissement), payés au titre du mois de décembre, depuis 2002
93;83;;;3077;10099;13451;17380;20253;22204;23538;24102;24003;24096;23710;23857;22111;21688;22167;22861;23030;23379;23064;23357;23806;25355;25876;Bénéficiaires de l'APA (à domicile et en établissement), payés au titre du mois de décembre, depuis 2002
93;84;;;3627;7006;7681;8253;8921;9119;9238;9565;9327;9321;9473;9699;9799;10276;9640;9608;9755;10249;10231;10253;10458;10777;11436;Bénéficiaires de l'APA (à domicile et en établissement), payés au titre du mois de décembre, depuis 2002
52;85;;;7719;8246;8684;9225;9831;10276;10758;11477;11677;12605;12950;13257;13678;13476;13506;13399;14179;14298;14142;14502;14920;15566;16210;Bénéficiaires de l'APA (à domicile et en établissement), payés au titre du mois de décembre, depuis 2002
75;86;;;5634;6113;6563;6901;7259;7484;7588;7931;7810;7727;8110;8356;8582;8916;9275;9439;9378;9231;9347;9465;9503;9816;10212;Bénéficiaires de l'APA (à domicile et en établissement), payés au titre du mois de décembre, depuis 2002
75;87;;;5358;7092;8048;8417;8697;8679;8784;8789;8960;8973;8887;8972;9394;9278;9293;9075;8876;8897;8078;8074;7992;7932;8023;Bénéficiaires de l'APA (à domicile et en établissement), payés au titre du mois de décembre, depuis 2002
44;88;;;4479;4908;5479;5851;6242;6636;7242;7468;7732;7862;7908;8146;8134;7719;7244;7485;7651;8378;7451;7127;7518;7450;7937;Bénéficiaires de l'APA (à domicile et en établissement), payés au titre du mois de décembre, depuis 2002
27;89;;;4703;5125;5889;6364;6886;7078;7336;7437;7343;7508;7705;7866;8205;8088;8268;8426;8512;8444;8250;8054;7889;7965;7992;Bénéficiaires de l'APA (à domicile et en établissement), payés au titre du mois de décembre, depuis 2002
27;90;;;1936;2162;2336;2502;2642;2680;2793;2830;2647;2642;2676;2836;2955;2951;3278;3091;3067;3045;2965;3011;3004;3094;3095;Bénéficiaires de l'APA (à domicile et en établissement), payés au titre du mois de décembre, depuis 2002
11;91;;;2004;4781;7041;8378;9148;8993;9570;10138;10692;10650;10949;11125;10733;10374;12550;12997;12687;13250;12680;12084;12416;13286;13338;Bénéficiaires de l'APA (à domicile et en établissement), payés au titre du mois de décembre, depuis 2002
11;92;;;6127;10198;11511;12552;13493;14354;15016;15088;15671;16166;16234;16718;16537;16666;16931;16923;16051;14714;14364;15221;15892;16421;16860;Bénéficiaires de l'APA (à domicile et en établissement), payés au titre du mois de décembre, depuis 2002
11;93;;;6002;11352;12077;13254;15626;16686;17946;18394;18815;19263;19962;20240;20743;20062;21440;22591;24126;23463;22390;22566;22650;21570;21495;Bénéficiaires de l'APA (à domicile et en établissement), payés au titre du mois de décembre, depuis 2002
11;94;;;4795;8676;10539;10923;11317;12241;12762;14375;14226;15257;15522;15700;16421;16976;17870;17715;18440;18736;18373;19036;19532;20468;20767;Bénéficiaires de l'APA (à domicile et en établissement), payés au titre du mois de décembre, depuis 2002
11;95;;;5847;7009;7759;8849;9770;10688;11155;11870;12038;12054;12275;11521;11942;12207;12187;12081;12281;12589;11894;12479;12763;13001;13015;Bénéficiaires de l'APA (à domicile et en établissement), payés au titre du mois de décembre, depuis 2002
101;971;;;1675;10228;12447;10077;9352;8089;7823;7675;7862;7510;7102;7740;7452;7737;8006;8002;7161;7015;6041;5424;5794;5801;5885;Bénéficiaires de l'APA (à domicile et en établissement), payés au titre du mois de décembre, depuis 2002
102;972;;;2494;4287;4761;5159;5531;6929;6576;6952;7125;7349;7913;8412;8749;9162;9448;9981;9683;9825;9632;9572;9632;9877;10691;Bénéficiaires de l'APA (à domicile et en établissement), payés au titre du mois de décembre, depuis 2002
103;973;;;62;171;322;432;544;575;680;591;722;731;737;706;682;813;873;874;836;883;953;1041;1021;1030;1048;Bénéficiaires de l'APA (à domicile et en établissement), payés au titre du mois de décembre, depuis 2002
104;974;;;3270;7113;8321;9593;11516;12661;12279;10949;12130;12601;13181;13484;13810;14332;15172;15483;15833;16574;16716;17585;18828;19164;18181;Bénéficiaires de l'APA (à domicile et en établissement), payés au titre du mois de décembre, depuis 2002
84;1;;;1576;2395;2915;3373;3756;4117;4335;4619;4718;4590;5139;4815;5151;5236;5438;5495;5519;5540;5556;5586;5533;5836;6116;Bénéficiaires de l'APA à domicile, payés au titre du mois de décembre, depuis 2002
32;2;;;3995;4322;4867;5122;5856;6654;7422;7663;8448;8701;9288;8952;9019;8604;8297;8088;7657;7654;7595;8575;8468;8360;8702;Bénéficiaires de l'APA à domicile, payés au titre du mois de décembre, depuis 2002
84;3;;;1688;2747;3023;3570;4361;4828;5080;5193;5469;5454;5759;5733;5678;5926;5960;6117;6070;6024;5915;5794;5830;5967;6057;Bénéficiaires de l'APA à domicile, payés au titre du mois de décembre, depuis 2002
93;4;;;1154;1433;1566;1612;1819;2060;2038;2217;2290;2320;2339;2709;2156;1894;2753;2642;2597;2774;2871;2879;2576;2639;2662;Bénéficiaires de l'APA à domicile, payés au titre du mois de décembre, depuis 2002
93;5;;;914;1288;1465;1432;1564;1729;1821;1951;1776;1760;2077;2221;2125;1875;1730;1818;2017;1927;1875;2128;2140;2326;2351;Bénéficiaires de l'APA à domicile, payés au titre du mois de décembre, depuis 2002
93;6;;;2925;7570;9068;9728;11266;13149;15781;14481;14826;14735;14159;14511;14189;14407;14642;14892;15868;17276;17648;17889;17047;17888;17751;Bénéficiaires de l'APA à domicile, payés au titre du mois de décembre, depuis 2002
84;7;;;2435;2952;2850;3356;3570;3608;4132;4361;4524;4696;4924;5326;5809;5983;5667;5472;5262;5610;5567;5656;5121;5667;6311;Bénéficiaires de l'APA à domicile, payés au titre du mois de décembre, depuis 2002
44;8;;;1467;2276;2552;3070;3704;4368;4835;5354;5215;5413;5376;5442;5794;5774;6038;5931;6075;6084;5875;5972;5878;6644;6715;Bénéficiaires de l'APA à domicile, payés au titre du mois de décembre, depuis 2002
76;9;;;2369;2995;3421;3310;3380;3355;3391;3396;3131;2510;2525;2749;2729;3048;2929;2998;2971;2858;2748;2874;2045;2207;2229;Bénéficiaires de l'APA à domicile, payés au titre du mois de décembre, depuis 2002
44;10;;;1821;1939;2210;2503;2670;2997;3094;3245;3351;3595;3628;3759;3965;3836;3732;3779;3861;3826;3868;3968;3856;3755;3648;Bénéficiaires de l'APA à domicile, payés au titre du mois de décembre, depuis 2002
76;11;;;2980;3652;3560;3795;4078;4284;4616;4691;4562;4416;4384;4684;4236;4093;4534;4476;4167;5107;4684;5194;5581;5855;5436;Bénéficiaires de l'APA à domicile, payés au titre du mois de décembre, depuis 2002
76;12;;;3397;4200;4525;4442;4611;4848;4929;5477;5600;5870;6205;6218;6304;6125;5735;5365;5253;5253;5272;5289;5288;5550;5618;Bénéficiaires de l'APA à domicile, payés au titre du mois de décembre, depuis 2002
93;13;;;9836;15495;19394;22180;23027;26052;21540;21565;22348;21722;20817;20447;22861;22891;23489;24619;25105;25956;25449;24607;24328;24437;24070;Bénéficiaires de l'APA à domicile, payés au titre du mois de décembre, depuis 2002
28;14;;;4219;6053;7210;7961;8753;9136;9490;9765;10158;10291;10376;9592;9373;9466;8402;8503;9086;9356;9750;10028;10271;10812;10954;Bénéficiaires de l'APA à domicile, payés au titre du mois de décembre, depuis 2002
84;15;;;1503;2074;2274;2378;2513;2997;2907;3079;3121;2362;2346;2899;2894;2889;2911;2932;3010;2983;3105;3089;3165;3267;3221;Bénéficiaires de l'APA à domicile, payés au titre du mois de décembre, depuis 2002
75;16;;;1969;3427;4164;4360;4614;4575;4470;4370;4531;4494;4449;4450;4673;4564;4725;4707;4867;4822;4885;4902;4832;4871;4779;Bénéficiaires de l'APA à domicile, payés au titre du mois de décembre, depuis 2002
75;17;;;4354;5470;6038;6777;7317;7750;7821;8047;8077;8548;8619;7872;7918;8195;8286;8195;8397;8295;8303;8395;8585;8850;9224;Bénéficiaires de l'APA à domicile, payés au titre du mois de décembre, depuis 2002
24;18;;;2406;2338;2463;2653;3055;3218;3298;3399;3672;3755;3609;3795;4013;3975;3622;3559;3468;3205;2954;2957;2868;2772;2730;Bénéficiaires de l'APA à domicile, payés au titre du mois de décembre, depuis 2002
75;19;;;2058;2810;3078;3190;3434;3674;3934;4022;4022;4190;4292;4413;4083;4294;4635;4261;3658;3606;3599;3562;3505;3468;3665;Bénéficiaires de l'APA à domicile, payés au titre du mois de décembre, depuis 2002
94;20;;;2092;3128;4322;5806;6600;7320;8353;8313;8826;9023;8570;8503;7977;8177;8243;10444;10635;8489;8937;9380;9302;8726;8921;Bénéficiaires de l'APA à domicile, payés au titre du mois de décembre, depuis 2002
27;21;;;2671;3193;3659;4037;4677;5069;5244;5169;5316;5304;5417;5352;5552;5535;5829;5781;5836;5649;5548;5508;5240;5047;4812;Bénéficiaires de l'APA à domicile, payés au titre du mois de décembre, depuis 2002
53;22;;;4586;4812;5297;6165;6752;6174;6092;6356;6115;6299;6447;6739;6419;6077;6757;6992;6968;7091;6848;6953;6797;6988;7286;Bénéficiaires de l'APA à domicile, payés au titre du mois de décembre, depuis 2002
75;23;;;1868;2045;2214;2496;2655;2632;2705;2841;2961;3008;3154;3203;3356;3418;3347;3303;3162;3122;3104;3029;2908;2826;2673;Bénéficiaires de l'APA à domicile, payés au titre du mois de décembre, depuis 2002
75;24;;;4432;4890;5374;5667;5963;6226;6627;6735;7256;7684;7397;6850;7378;7907;8050;8052;8106;8303;8499;8569;8601;8094;9324;Bénéficiaires de l'APA à domicile, payés au titre du mois de décembre, depuis 2002
27;25;;;2332;2849;3602;3758;4986;5620;6138;6415;6455;6528;6711;6852;6936;7349;7600;7259;7390;7048;6353;6298;6321;6393;6281;Bénéficiaires de l'APA à domicile, payés au titre du mois de décembre, depuis 2002
84;26;;;1895;2209;2297;2794;3203;4107;4582;5166;5632;6483;6783;7221;7526;7818;8192;8486;8697;9092;9274;9557;9677;9549;9607;Bénéficiaires de l'APA à domicile, payés au titre du mois de décembre, depuis 2002
28;27;;;1980;2801;2994;3415;3493;3807;3938;4043;4295;4289;4268;4390;4246;4567;4839;4784;5603;5706;5829;5835;5863;5859;6778;Bénéficiaires de l'APA à domicile, payés au titre du mois de décembre, depuis 2002
24;28;;;1581;1717;2002;2519;2593;3291;3502;3633;3792;3635;3532;3768;3556;4058;3499;3441;3775;3822;4081;4050;4117;4312;4423;Bénéficiaires de l'APA à domicile, payés au titre du mois de décembre, depuis 2002
53;29;;;6356;7794;8526;9107;9697;10529;10683;10753;10223;9775;9332;8904;9365;9458;9759;9220;9649;9607;8884;8894;8838;8905;8399;Bénéficiaires de l'APA à domicile, payés au titre du mois de décembre, depuis 2002
76;30;;;5394;6708;7570;8370;9408;9917;9735;9710;9666;10199;10164;10275;10512;10024;10009;10157;9165;9140;9254;9395;9842;11273;12046;Bénéficiaires de l'APA à domicile, payés au titre du mois de décembre, depuis 2002
76;31;;;6188;9958;10621;11414;12615;13836;14648;15555;16261;17021;17607;17893;15543;17855;18214;18700;18911;19161;19224;19869;20494;20981;21572;Bénéficiaires de l'APA à domicile, payés au titre du mois de décembre, depuis 2002
76;32;;;2347;2879;3420;3829;3973;4297;4364;4474;4656;4864;4762;4613;4520;4376;4405;4376;4353;4226;4113;4277;3830;3808;3662;Bénéficiaires de l'APA à domicile, payés au titre du mois de décembre, depuis 2002
75;33;;;6912;9534;10945;12870;14155;15178;16144;17005;18006;18976;19133;20483;21042;21219;20199;21139;20970;21048;20243;20394;21230;21134;20283;Bénéficiaires de l'APA à domicile, payés au titre du mois de décembre, depuis 2002
76;34;;;8046;10786;12763;15140;16455;19809;18400;18722;19207;20357;20841;20779;21649;21794;21604;22184;22568;22907;23267;23032;22340;23139;22749;Bénéficiaires de l'APA à domicile, payés au titre du mois de décembre, depuis 2002
53;35;;;2405;4179;4794;5368;6056;6707;6739;6857;6434;7366;7542;7961;8678;9124;9223;9700;9365;9778;10135;10242;10420;11003;11390;Bénéficiaires de l'APA à domicile, payés au titre du mois de décembre, depuis 2002
24;36;;;1902;2609;2778;2974;3051;3182;3210;3202;3263;3271;3243;3139;2952;2694;2605;2593;2403;2336;2073;2130;2000;1967;2053;Bénéficiaires de l'APA à domicile, payés au titre du mois de décembre, depuis 2002
24;37;;;2909;4024;4206;4620;4806;5274;5334;5448;5459;5317;5329;5552;5882;5776;5676;6339;6655;6854;6727;6972;7066;6878;6957;Bénéficiaires de l'APA à domicile, payés au titre du mois de décembre, depuis 2002
84;38;;;4332;5484;7212;8261;9488;10488;11204;11903;12411;12573;12677;12810;15606;15761;16439;16991;18011;18562;17383;17649;16980;19318;21656;Bénéficiaires de l'APA à domicile, payés au titre du mois de décembre, depuis 2002
27;39;;;1919;1999;2195;2430;2559;2621;2562;2652;2644;2577;2601;2625;2687;2780;2827;2867;2822;2759;2737;2813;2846;3079;3062;Bénéficiaires de l'APA à domicile, payés au titre du mois de décembre, depuis 2002
75;40;;;2020;3196;3970;3631;3960;4297;4192;4490;4876;5076;5165;5200;5447;5556;5536;5643;5746;5944;5809;5904;6124;6029;6126;Bénéficiaires de l'APA à domicile, payés au titre du mois de décembre, depuis 2002
24;41;;;1475;2220;2703;3285;3584;4176;4361;4359;4320;4332;4384;4288;4578;4655;4639;4642;5296;5215;5394;5455;5188;5226;5412;Bénéficiaires de l'APA à domicile, payés au titre du mois de décembre, depuis 2002
84;42;;;3945;4616;5826;6683;7307;7850;8448;8974;9145;9327;9306;9652;9891;10220;11476;12025;12475;12933;12926;13371;14089;15108;16078;Bénéficiaires de l'APA à domicile, payés au titre du mois de décembre, depuis 2002
84;43;;;1940;2355;2694;3046;3519;3713;3855;3929;3596;3643;3367;3426;3584;3696;3533;3671;3600;3823;3840;3952;3963;4163;4194;Bénéficiaires de l'APA à domicile, payés au titre du mois de décembre, depuis 2002
52;44;;;3668;4289;4764;5281;6030;6585;7203;7573;7840;8102;8333;8738;8591;8847;9600;9658;9815;9770;10832;10617;10498;10080;11278;Bénéficiaires de l'APA à domicile, payés au titre du mois de décembre, depuis 2002
24;45;;;1410;3680;3645;4224;5177;5839;6337;6950;7402;7499;7561;7640;7685;5664;5236;5020;5168;5356;5315;5396;6554;8315;10077;Bénéficiaires de l'APA à domicile, payés au titre du mois de décembre, depuis 2002
76;46;;;2280;2828;3147;3474;3712;3460;3538;3713;3648;3681;3886;3986;4016;4025;4014;4386;4466;4302;4313;4433;4459;5099;4942;Bénéficiaires de l'APA à domicile, payés au titre du mois de décembre, depuis 2002
75;47;;;2886;3780;4089;4283;4496;4838;5187;5272;5374;5509;5495;5426;5128;4987;4685;4713;4710;4586;4546;4513;4697;4838;5025;Bénéficiaires de l'APA à domicile, payés au titre du mois de décembre, depuis 2002
76;48;;;881;927;913;976;945;943;888;960;941;956;1002;1106;1202;1240;1297;1341;1392;1417;1406;1547;1556;1720;1702;Bénéficiaires de l'APA à domicile, payés au titre du mois de décembre, depuis 2002
52;49;;;2498;3538;3804;4199;4379;4576;4450;4701;4647;4574;4669;4662;4861;5018;4897;4888;4679;4590;4715;4331;4383;4397;4225;Bénéficiaires de l'APA à domicile, payés au titre du mois de décembre, depuis 2002
28;50;;;3158;4612;4920;5062;5274;5391;5471;5497;5311;5222;4909;4868;4976;4717;4706;4815;4895;5052;5187;5524;5693;5987;6224;Bénéficiaires de l'APA à domicile, payés au titre du mois de décembre, depuis 2002
44;51;;;1372;3126;3599;3962;4485;4579;4540;4575;4584;4448;3738;3672;3568;3508;3426;3306;3270;3248;3339;3153;3163;3200;3436;Bénéficiaires de l'APA à domicile, payés au titre du mois de décembre, depuis 2002
44;52;;;941;1434;1674;1916;2225;2404;2456;2485;2375;2252;2154;1975;2146;2086;2051;1962;1935;1959;2019;2028;1920;1983;2140;Bénéficiaires de l'APA à domicile, payés au titre du mois de décembre, depuis 2002
52;53;;;1057;1928;2358;2749;2906;2939;3319;3168;3024;2589;2610;2394;2135;2196;1822;2274;2312;2198;2340;2673;2398;2717;2710;Bénéficiaires de l'APA à domicile, payés au titre du mois de décembre, depuis 2002
44;54;;;3868;5736;6336;7566;8545;9349;9994;9803;9453;9216;8783;8898;8818;8680;8267;8148;8076;8048;7443;7073;6878;6583;6525;Bénéficiaires de l'APA à domicile, payés au titre du mois de décembre, depuis 2002
44;55;;;1164;1416;1481;1532;1617;1774;1784;1763;1766;1774;1823;1900;2013;2033;2029;2029;2066;2119;2151;2103;2125;2124;2160;Bénéficiaires de l'APA à domicile, payés au titre du mois de décembre, depuis 2002
53;56;;;3333;5025;5330;5523;5985;6465;6650;7129;7173;7415;7601;7675;7878;6924;6913;7674;7655;7939;7977;7987;8288;9083;9065;Bénéficiaires de l'APA à domicile, payés au titre du mois de décembre, depuis 2002
44;57;;;4435;5350;6215;7377;8866;9937;10507;11422;11596;11725;11502;11787;11545;11993;12065;11981;11780;11775;11590;11617;11586;12149;12503;Bénéficiaires de l'APA à domicile, payés au titre du mois de décembre, depuis 2002
27;58;;;1224;2487;2490;3099;3285;4059;4334;4195;3893;3726;3668;3665;3673;3623;3613;3615;3658;3767;3719;3583;3379;3353;3252;Bénéficiaires de l'APA à domicile, payés au titre du mois de décembre, depuis 2002
32;59;;;12542;16118;22086;23486;25249;26442;26774;27607;28822;27715;28124;27914;25046;25303;26124;27323;27792;29360;30043;31278;31680;32442;32507;Bénéficiaires de l'APA à domicile, payés au titre du mois de décembre, depuis 2002
32;60;;;2161;2520;2694;3075;3277;3447;3529;4049;4404;4985;5026;4673;4700;4820;4728;4945;5289;5320;4899;5736;5797;6126;6247;Bénéficiaires de l'APA à domicile, payés au titre du mois de décembre, depuis 2002
28;61;;;2429;2614;2881;3123;3377;3812;3967;4105;4383;4263;4276;4254;4131;4046;4363;4390;4678;4932;4901;4614;4714;4901;4820;Bénéficiaires de l'APA à domicile, payés au titre du mois de décembre, depuis 2002
32;62;;;7981;16260;19771;21895;23815;25298;26225;26444;26228;26428;25972;25863;26375;26805;27136;27876;28799;29361;29147;29032;28659;29004;28281;Bénéficiaires de l'APA à domicile, payés au titre du mois de décembre, depuis 2002
84;63;;;3714;4733;5435;6280;7025;7586;7595;7473;7325;7317;7427;7437;7906;7778;6976;6710;6403;6330;6124;5924;5738;5698;5909;Bénéficiaires de l'APA à domicile, payés au titre du mois de décembre, depuis 2002
75;64;;;3984;5384;5721;6210;6874;7044;6995;7174;7290;7566;7924;7910;8393;8726;9031;9267;9794;10069;9942;10648;10683;11119;11803;Bénéficiaires de l'APA à domicile, payés au titre du mois de décembre, depuis 2002
76;65;;;3003;2816;3396;3831;4244;4552;4763;5030;5312;5512;5453;5629;5886;5787;6003;6142;6479;6551;6646;5930;5899;6415;6796;Bénéficiaires de l'APA à domicile, payés au titre du mois de décembre, depuis 2002
76;66;;;2740;3027;4261;4586;5097;5375;5713;6366;6868;7348;7531;7862;7976;7932;8075;7979;8230;8529;8608;8491;8540;8758;8852;Bénéficiaires de l'APA à domicile, payés au titre du mois de décembre, depuis 2002
44;67;;;3242;5322;7066;8184;9523;10277;10433;10542;10750;10940;11309;11588;11610;10164;10168;10428;10758;11226;10955;10416;9877;10670;10773;Bénéficiaires de l'APA à domicile, payés au titre du mois de décembre, depuis 2002
44;68;;;1984;2422;2797;3323;3649;4213;5098;5686;6299;5996;6043;6427;6640;6494;6254;6210;6327;6489;6553;6667;6762;6952;7283;Bénéficiaires de l'APA à domicile, payés au titre du mois de décembre, depuis 2002
84;69;;;3386;5334;6158;6588;7342;9626;10615;11027;11934;13124;14575;15663;15607;;;;;;;;;;;Bénéficiaires de l'APA à domicile, payés au titre du mois de décembre, depuis 2002
27;70;;;1902;2277;2657;2861;2726;2867;2971;3010;2809;2755;2687;2746;2819;2916;2978;3231;3242;3309;3269;3256;3247;3388;3311;Bénéficiaires de l'APA à domicile, payés au titre du mois de décembre, depuis 2002
27;71;;;3635;4836;5876;6913;7656;8481;8920;9102;8752;8933;9251;9389;10016;9850;9953;9938;9862;9824;9604;9334;9255;9274;9098;Bénéficiaires de l'APA à domicile, payés au titre du mois de décembre, depuis 2002
52;72;;;2603;3041;4027;4633;4998;4942;5176;5141;5085;5199;5185;5208;4910;4881;4820;4950;4920;4912;4949;5088;5290;5644;5409;Bénéficiaires de l'APA à domicile, payés au titre du mois de décembre, depuis 2002
84;73;;;1927;2631;3089;3564;4154;4386;4584;4814;4734;5087;5343;5238;5429;5384;5436;5291;5364;5531;5533;5642;5755;5888;5992;Bénéficiaires de l'APA à domicile, payés au titre du mois de décembre, depuis 2002
84;74;;;2126;2746;3334;3766;4401;4769;5236;5555;5867;5938;6195;6685;7479;7924;7780;7849;8389;8738;8594;8781;8968;9239;9154;Bénéficiaires de l'APA à domicile, payés au titre du mois de décembre, depuis 2002
11;75;;;6891;8179;9634;10651;11839;13403;15061;16509;17531;18338;19188;17821;16423;16546;16431;15952;16283;16210;15175;15076;14655;14473;14424;Bénéficiaires de l'APA à domicile, payés au titre du mois de décembre, depuis 2002
28;76;;;7793;10665;12270;13394;14742;16220;17297;18502;18516;18765;18646;18802;18954;18863;19091;19068;18945;19177;19334;19590;19644;20287;20451;Bénéficiaires de l'APA à domicile, payés au titre du mois de décembre, depuis 2002
11;77;;;1919;2967;3528;3766;4592;4998;5624;6353;6756;7063;7751;7942;6679;8785;9047;8987;9763;9893;10186;10795;10858;11375;12017;Bénéficiaires de l'APA à domicile, payés au titre du mois de décembre, depuis 2002
11;78;;;2121;2875;3984;4035;4762;4974;5614;6655;6877;6741;6612;7043;7276;7473;7033;7335;6746;7627;6765;6805;7196;8544;8366;Bénéficiaires de l'APA à domicile, payés au titre du mois de décembre, depuis 2002
75;79;;;2552;3448;3168;3368;3410;3454;3484;3523;3595;3698;3705;3811;4064;3904;3725;3815;3781;3887;3971;3899;4078;4207;4244;Bénéficiaires de l'APA à domicile, payés au titre du mois de décembre, depuis 2002
32;80;;;3347;5619;6467;6633;7371;8166;8325;8001;7941;8599;9005;8786;7200;7107;8418;7496;7049;6539;6077;5917;5750;5632;5688;Bénéficiaires de l'APA à domicile, payés au titre du mois de décembre, depuis 2002
76;81;;;2909;5483;6235;6668;6818;6788;6724;6869;6723;6811;6555;6493;6397;6362;6049;6386;6386;6578;6855;6960;6782;6803;6676;Bénéficiaires de l'APA à domicile, payés au titre du mois de décembre, depuis 2002
76;82;;;3152;3615;4124;4229;4462;4753;4771;4719;4681;4577;4575;4501;4449;4060;4131;4005;4111;4303;4352;4368;4409;4418;4419;Bénéficiaires de l'APA à domicile, payés au titre du mois de décembre, depuis 2002
93;83;;;1809;6070;8919;12046;14758;16357;17266;17693;17302;16725;16227;16299;14415;13742;13863;14426;14601;15152;15112;15639;15783;16844;17224;Bénéficiaires de l'APA à domicile, payés au titre du mois de décembre, depuis 2002
93;84;;;1555;4104;4630;5150;5495;5519;5487;5648;5705;5673;5698;5808;5669;5522;5438;5536;5757;5942;6070;6132;6318;6619;7176;Bénéficiaires de l'APA à domicile, payés au titre du mois de décembre, depuis 2002
52;85;;;2723;3185;3509;3644;3969;4136;4409;4856;4705;4969;5135;5300;5536;5631;5673;5451;6086;6203;6209;6656;7003;7560;7857;Bénéficiaires de l'APA à domicile, payés au titre du mois de décembre, depuis 2002
75;86;;;3052;3336;3683;3889;4101;4041;4041;4294;4301;4151;4264;4255;4529;4600;4771;4786;4903;4766;4971;5047;5045;5308;5509;Bénéficiaires de l'APA à domicile, payés au titre du mois de décembre, depuis 2002
75;87;;;2359;4103;4715;4966;5117;5055;5087;5131;5221;5123;5031;5047;5217;5037;4971;4791;4642;4563;4226;4125;4007;3902;3818;Bénéficiaires de l'APA à domicile, payés au titre du mois de décembre, depuis 2002
44;88;;;1970;2294;2480;2784;2997;3156;3180;3281;3404;3462;3412;3519;3464;3182;3242;3478;3542;3623;3432;3348;3287;3171;3473;Bénéficiaires de l'APA à domicile, payés au titre du mois de décembre, depuis 2002
27;89;;;1750;1947;2452;2880;3197;3531;3726;3804;3726;3717;3769;3860;4050;3892;3959;4034;4193;4157;4052;3989;3830;4040;4137;Bénéficiaires de l'APA à domicile, payés au titre du mois de décembre, depuis 2002
27;90;;;982;1229;1389;1563;1703;1769;1793;1763;1616;1670;1686;1831;1930;1912;1945;2031;2101;2072;2121;2074;2059;2140;2076;Bénéficiaires de l'APA à domicile, payés au titre du mois de décembre, depuis 2002
11;91;;;1115;2167;3161;4127;4684;4507;4885;5162;5556;6297;6516;6432;6329;6690;6771;7047;6699;6931;6584;5741;5808;6167;6274;Bénéficiaires de l'APA à domicile, payés au titre du mois de décembre, depuis 2002
11;92;;;1992;3498;4693;5642;6268;7029;7507;7507;7775;8114;8096;8427;8178;8236;8378;8373;8330;8290;8250;8523;9155;9617;9841;Bénéficiaires de l'APA à domicile, payés au titre du mois de décembre, depuis 2002
11;93;;;4947;7182;7663;8572;10592;11649;12781;13145;13412;13589;13976;14426;14968;15400;15937;17007;17428;16763;16348;16596;16846;15632;15695;Bénéficiaires de l'APA à domicile, payés au titre du mois de décembre, depuis 2002
11;94;;;2277;3664;4814;5262;5850;7044;7527;8747;8266;9153;9456;9509;9838;10847;11444;11489;11882;11655;11815;12164;12796;13530;13799;Bénéficiaires de l'APA à domicile, payés au titre du mois de décembre, depuis 2002
11;95;;;2780;3625;4164;4834;5531;6320;6662;7098;7290;7213;7253;6725;6730;6937;6927;6931;7136;7338;7155;7592;7828;7999;7902;Bénéficiaires de l'APA à domicile, payés au titre du mois de décembre, depuis 2002
101;971;;;1105;9709;11899;9617;8889;7649;7356;7193;7296;7055;6555;7002;6796;7024;7261;7250;6508;6362;5401;4778;5142;5142;5197;Bénéficiaires de l'APA à domicile, payés au titre du mois de décembre, depuis 2002
102;972;;;1598;3391;3865;4234;4599;5851;5610;5962;6006;6274;6718;7208;7525;7740;7831;8360;8070;8212;8051;8174;8221;8450;9202;Bénéficiaires de l'APA à domicile, payés au titre du mois de décembre, depuis 2002
103;973;;;60;171;317;368;454;443;551;459;547;560;573;527;490;601;675;658;658;705;779;789;810;817;826;Bénéficiaires de l'APA à domicile, payés au titre du mois de décembre, depuis 2002
104;974;;;2595;6409;7712;8893;10783;11893;11519;10216;11384;11739;12211;12459;12740;13146;13931;14238;14650;15316;15380;16522;17664;17987;16953;Bénéficiaires de l'APA à domicile, payés au titre du mois de décembre, depuis 2002
84;1;;;2730;3086;3223;3365;3448;3545;3642;3807;3859;4196;4191;4193;4314;4437;4545;4680;5093;5094;4962;5039;4648;4645;4678;Bénéficiaires de l'APA en établissement, payés au titre du mois de décembre, depuis 2002
32;2;;;3462;3749;3535;3477;3521;3535;3604;3758;3700;3879;3893;3949;3917;4492;4583;5474;4616;4417;5201;5228;4852;4476;4607;Bénéficiaires de l'APA en établissement, payés au titre du mois de décembre, depuis 2002
84;3;;;4042;3801;3875;4097;4206;4301;4393;4490;4585;4812;4906;4881;5175;5299;5332;5394;5584;5467;5421;5453;5474;5475;5509;Bénéficiaires de l'APA en établissement, payés au titre du mois de décembre, depuis 2002
93;4;;;779;887;1038;1071;1076;1048;987;934;1020;1195;1036;1255;1270;1339;1354;1274;1214;1441;1400;1482;1497;1517;1546;Bénéficiaires de l'APA en établissement, payés au titre du mois de décembre, depuis 2002
93;5;;;848;830;885;958;947;974;971;977;996;1006;1098;1121;1032;994;1166;1198;1209;1198;1143;933;1071;1083;1130;Bénéficiaires de l'APA en établissement, payés au titre du mois de décembre, depuis 2002
93;6;;;6925;7637;8234;8379;8936;8816;9725;9378;9488;9246;9670;9561;9692;9728;10156;10295;10910;10781;11213;10971;11070;11195;11227;Bénéficiaires de l'APA en établissement, payés au titre du mois de décembre, depuis 2002
84;7;;;3591;3566;3752;3882;3843;3912;4160;4324;4395;4348;4413;4300;4487;4324;4579;4643;4823;4824;4728;4773;4816;4870;5081;Bénéficiaires de l'APA en établissement, payés au titre du mois de décembre, depuis 2002
44;8;;;1239;1661;1751;1676;1682;1728;1751;1754;1819;1920;1926;1977;2158;2306;2291;2381;2262;2363;2346;2368;2389;2416;2521;Bénéficiaires de l'APA en établissement, payés au titre du mois de décembre, depuis 2002
76;9;;;1575;1294;1333;1381;1390;1372;1399;1478;1703;1599;1587;1692;1739;1748;1728;1717;1716;1725;1794;1771;1788;1814;2219;Bénéficiaires de l'APA en établissement, payés au titre du mois de décembre, depuis 2002
44;10;;;2404;2164;2438;2369;2470;2476;2485;2617;2591;3159;2855;2961;3117;3120;3096;3148;3106;3067;3074;3061;3096;3119;3074;Bénéficiaires de l'APA en établissement, payés au titre du mois de décembre, depuis 2002
76;11;;;1966;2184;2118;2323;2457;2419;2653;2638;2724;2832;2870;2861;3131;3153;3467;3511;3499;3559;3381;3462;3474;3429;3373;Bénéficiaires de l'APA en établissement, payés au titre du mois de décembre, depuis 2002
76;12;;;2995;3374;3562;3360;3443;3553;3722;3875;3917;5206;5280;5282;5324;5114;5106;5181;5122;4601;5267;5317;4706;4759;4965;Bénéficiaires de l'APA en établissement, payés au titre du mois de décembre, depuis 2002
93;13;;;4872;7279;8477;8552;9648;10445;11348;11403;11681;12357;12503;12591;13122;13282;13435;14911;15900;15796;14694;14636;14862;14743;15382;Bénéficiaires de l'APA en établissement, payés au titre du mois de décembre, depuis 2002
28;14;;;2898;3804;4339;4275;4534;4662;4846;4933;4982;5286;5469;5674;5639;5434;4940;5821;5921;5939;5804;5916;5917;6071;6096;Bénéficiaires de l'APA en établissement, payés au titre du mois de décembre, depuis 2002
84;15;;;1555;1605;1857;1621;1575;1553;1714;1919;1966;2038;2172;2259;2179;2252;2226;2170;2165;2243;1758;1772;2021;2120;2125;Bénéficiaires de l'APA en établissement, payés au titre du mois de décembre, depuis 2002
75;16;;;2184;3099;3478;3964;3909;3913;4216;4195;4179;4216;4134;3928;4013;4028;4194;4256;3913;4335;3922;3959;3593;3634;3792;Bénéficiaires de l'APA en établissement, payés au titre du mois de décembre, depuis 2002
75;17;;;2955;3517;3539;3749;4029;4278;4460;4735;4920;5063;5414;5335;5755;5905;6042;6230;6491;6472;6390;6440;6308;6452;6732;Bénéficiaires de l'APA en établissement, payés au titre du mois de décembre, depuis 2002
24;18;;;2799;2784;2776;2859;2865;2814;2846;2978;3095;3107;3246;3308;3402;3592;3568;3674;3835;3903;3825;3912;3947;3992;3875;Bénéficiaires de l'APA en établissement, payés au titre du mois de décembre, depuis 2002
75;19;;;2239;2347;2981;2831;2555;2582;2756;2765;2896;2979;3051;3148;2951;2844;3073;3151;3068;3220;2896;2927;3015;3183;3051;Bénéficiaires de l'APA en établissement, payés au titre du mois de décembre, depuis 2002
94;20;;;382;422;949;975;1111;1173;1373;1502;1365;1337;1320;1439;1227;1230;1177;1510;1538;1877;1865;1900;1894;1948;1964;Bénéficiaires de l'APA en établissement, payés au titre du mois de décembre, depuis 2002
27;21;;;3862;3847;4058;4245;4394;4316;4396;4645;4677;4774;4848;4937;5092;5243;5265;5348;5556;5557;5446;5498;5715;5779;6029;Bénéficiaires de l'APA en établissement, payés au titre du mois de décembre, depuis 2002
53;22;;;6489;6633;7348;7799;7401;7419;7377;7559;7850;8135;8307;8390;8561;8628;8760;8735;8675;8285;8804;8888;8969;9070;9463;Bénéficiaires de l'APA en établissement, payés au titre du mois de décembre, depuis 2002
75;23;;;1638;1668;1651;1686;1764;1783;1761;1788;1837;1851;1875;1907;1976;2018;2004;2048;2043;2014;1868;1838;1818;1875;1849;Bénéficiaires de l'APA en établissement, payés au titre du mois de décembre, depuis 2002
75;24;;;3381;3743;3941;3887;3991;4157;4365;4439;4547;4604;4618;4796;4815;4962;5043;5044;5055;5054;4989;5003;4955;5007;5040;Bénéficiaires de l'APA en établissement, payés au titre du mois de décembre, depuis 2002
27;25;;;2304;2289;2505;2630;2691;2901;2963;3034;3180;3263;3233;3395;3526;3559;4054;3988;4046;4022;3683;3709;3755;3783;3840;Bénéficiaires de l'APA en établissement, payés au titre du mois de décembre, depuis 2002
84;26;;;3637;3363;3079;3168;3458;3903;4027;4099;4217;3998;3696;3900;4067;4196;4306;4216;4380;4278;4546;4070;4122;4071;4141;Bénéficiaires de l'APA en établissement, payés au titre du mois de décembre, depuis 2002
28;27;;;2452;2500;2532;2616;2729;2785;2844;2955;2913;2936;3058;3099;3190;3343;3447;3698;3440;3441;3179;3412;3412;3754;3967;Bénéficiaires de l'APA en établissement, payés au titre du mois de décembre, depuis 2002
24;28;;;3141;3138;2741;3189;3195;3396;3146;2833;3212;3821;3628;3725;3796;3659;3591;3644;3711;3712;3638;3679;3712;3754;3917;Bénéficiaires de l'APA en établissement, payés au titre du mois de décembre, depuis 2002
53;29;;;5948;6625;7303;7368;7739;7532;8499;8673;9319;9309;9462;9585;9613;11372;12473;12842;13198;12082;11972;12010;13262;13289;13412;Bénéficiaires de l'APA en établissement, payés au titre du mois de décembre, depuis 2002
76;30;;;3841;3732;3660;3807;4376;4375;4576;4566;4628;4900;4967;5018;5063;5378;5418;5428;5461;5680;5475;5844;6055;6477;6758;Bénéficiaires de l'APA en établissement, payés au titre du mois de décembre, depuis 2002
76;31;;;3933;4982;5364;5375;5660;5888;6142;6411;6693;7078;7213;7759;8158;8365;8788;8837;9180;9182;8727;8929;8945;9281;9467;Bénéficiaires de l'APA en établissement, payés au titre du mois de décembre, depuis 2002
76;32;;;1589;1581;1943;1680;1868;1919;1941;2008;1923;2140;2036;2248;2261;2263;2311;2389;2132;2339;2197;2059;2017;1998;2187;Bénéficiaires de l'APA en établissement, payés au titre du mois de décembre, depuis 2002
75;33;;;7363;8726;7804;7765;9592;9996;9968;10161;11347;11495;11806;12345;12216;12583;12509;13307;13814;14256;14755;14756;14099;14316;14780;Bénéficiaires de l'APA en établissement, payés au titre du mois de décembre, depuis 2002
76;34;;;5187;6600;6747;6657;6852;6777;7052;7292;7599;7884;8293;8670;9031;9239;9531;9487;9581;9780;9575;9762;9846;10156;10231;Bénéficiaires de l'APA en établissement, payés au titre du mois de décembre, depuis 2002
53;35;;;7515;7267;7410;7737;7988;8309;8762;8954;9199;9251;9484;9691;9807;9977;10194;10431;10616;10821;10980;11113;11229;11332;11426;Bénéficiaires de l'APA en établissement, payés au titre du mois de décembre, depuis 2002
24;36;;;2210;2659;1857;1931;1992;2036;2204;2335;2381;2454;2503;2577;2547;2567;2634;2614;2685;2671;2524;2558;2509;2527;2684;Bénéficiaires de l'APA en établissement, payés au titre du mois de décembre, depuis 2002
24;37;;;3740;3788;3737;3848;3850;3910;4196;4316;4354;4480;4867;4983;5068;4883;4876;5636;5655;5762;5636;5458;5973;6488;6769;Bénéficiaires de l'APA en établissement, payés au titre du mois de décembre, depuis 2002
84;38;;;4400;5145;5204;5821;6185;6258;6562;6846;7168;7485;7805;8024;8239;8516;8644;8627;8586;8518;7701;8148;8227;8399;8459;Bénéficiaires de l'APA en établissement, payés au titre du mois de décembre, depuis 2002
27;39;;;1446;1715;1775;1836;1866;1916;2007;2062;2181;2197;2402;2494;2594;2624;2650;2711;2700;2717;2512;2514;2599;2634;2672;Bénéficiaires de l'APA en établissement, payés au titre du mois de décembre, depuis 2002
75;40;;;2150;2457;3000;3032;3102;3154;3385;3760;3732;3924;4278;4499;4255;4460;4421;4537;4534;4624;4677;4663;4693;4329;4773;Bénéficiaires de l'APA en établissement, payés au titre du mois de décembre, depuis 2002
24;41;;;2729;2545;2589;2958;2969;3275;3005;3527;3810;3772;3908;4011;4063;4062;4068;4241;4254;4325;4637;4397;4578;4175;4439;Bénéficiaires de l'APA en établissement, payés au titre du mois de décembre, depuis 2002
84;42;;;6705;7061;6962;7288;7530;7778;8131;8310;8476;8585;8704;8786;8795;9106;9067;9173;9247;9316;9236;9142;9139;9168;9099;Bénéficiaires de l'APA en établissement, payés au titre du mois de décembre, depuis 2002
84;43;;;0;2121;2277;2378;2493;2332;2428;2498;2687;2908;2837;3133;2964;3385;3398;3609;3616;3540;3734;3773;3182;3218;3129;Bénéficiaires de l'APA en établissement, payés au titre du mois de décembre, depuis 2002
52;44;;;6930;8252;9055;9934;10165;10204;11281;11073;11606;12228;11991;12960;12246;12590;12743;12937;13433;13440;14269;14364;14534;14424;14734;Bénéficiaires de l'APA en établissement, payés au titre du mois de décembre, depuis 2002
24;45;;;4213;4279;4345;4541;4788;4811;4795;4837;5038;5192;5310;5455;5572;5796;5861;5946;6165;6166;6186;6242;6194;6232;6502;Bénéficiaires de l'APA en établissement, payés au titre du mois de décembre, depuis 2002
76;46;;;1286;1392;1559;1588;1713;1824;1815;1861;1968;1961;2077;2151;2275;2249;2266;2292;2282;2258;2195;2243;2463;2683;2584;Bénéficiaires de l'APA en établissement, payés au titre du mois de décembre, depuis 2002
75;47;;;2106;2130;2295;2406;2466;2644;2718;2806;2946;2997;3134;3254;3364;3436;3457;3443;3401;3458;3332;3425;3456;3495;3646;Bénéficiaires de l'APA en établissement, payés au titre du mois de décembre, depuis 2002
76;48;;;747;811;822;958;1026;1035;1031;1029;1049;1299;1450;1481;1489;1435;1553;1134;1144;1155;1132;1213;1224;1251;1185;Bénéficiaires de l'APA en établissement, payés au titre du mois de décembre, depuis 2002
52;49;;;4520;4911;5569;5961;6333;6695;7343;7415;7522;7520;7549;7861;7941;7996;9306;8746;8447;8554;8792;8847;9188;9254;9239;Bénéficiaires de l'APA en établissement, payés au titre du mois de décembre, depuis 2002
28;50;;;3973;3932;3959;3951;4209;4313;4419;4434;4464;4613;5561;4964;5063;4879;4872;5264;5305;5306;5559;5612;5663;5727;5556;Bénéficiaires de l'APA en établissement, payés au titre du mois de décembre, depuis 2002
44;51;;;2181;2956;2849;3032;3217;3254;3209;3433;3901;3995;4296;4537;4155;4294;4379;4789;4911;4302;4770;4668;4886;5033;5153;Bénéficiaires de l'APA en établissement, payés au titre du mois de décembre, depuis 2002
44;52;;;808;1147;1223;1270;1270;1339;1415;1400;1344;1411;1464;1590;1621;1701;1685;1631;1715;1807;1561;1712;1694;1710;1732;Bénéficiaires de l'APA en établissement, payés au titre du mois de décembre, depuis 2002
52;53;;;2743;3190;2791;3351;3680;3420;3822;4248;4228;3739;3639;3640;3976;4538;4415;4398;4569;4570;3946;3983;4289;4337;4525;Bénéficiaires de l'APA en établissement, payés au titre du mois de décembre, depuis 2002
44;54;;;4230;4129;4294;4502;4644;4873;4917;4834;4999;5106;5326;5593;5710;5739;5832;6054;6104;6192;6526;6070;5992;6066;6112;Bénéficiaires de l'APA en établissement, payés au titre du mois de décembre, depuis 2002
44;55;;;1095;1153;1185;1752;1426;1503;1485;1477;1444;1588;1611;1847;1767;1703;1908;1786;1855;1776;1812;2050;1955;1977;2063;Bénéficiaires de l'APA en établissement, payés au titre du mois de décembre, depuis 2002
53;56;;;5816;5870;5952;6387;6841;6932;7043;7164;7316;7566;7842;8118;8218;7919;7907;8024;7827;8173;8076;8046;8340;8434;8800;Bénéficiaires de l'APA en établissement, payés au titre du mois de décembre, depuis 2002
44;57;;;3681;4033;4334;4698;5346;5419;5696;5694;5908;6356;6623;6869;7051;7145;7187;7400;7449;7571;7722;7756;7813;7908;8095;Bénéficiaires de l'APA en établissement, payés au titre du mois de décembre, depuis 2002
27;58;;;1609;1974;1756;2208;2200;2557;2585;2661;2662;2678;2924;2901;2910;2993;2938;2981;3036;3199;3183;3213;3242;3279;3421;Bénéficiaires de l'APA en établissement, payés au titre du mois de décembre, depuis 2002
32;59;;;2383;9645;11226;11770;12260;13045;14499;15434;15581;16430;16956;17449;17797;18179;19567;21035;20382;20011;19612;20168;20300;21201;21244;Bénéficiaires de l'APA en établissement, payés au titre du mois de décembre, depuis 2002
32;60;;;3887;3936;4035;3800;3966;4053;3996;4196;4464;4627;4734;4574;4636;4854;4900;4863;5259;5260;4945;4855;4873;4943;5259;Bénéficiaires de l'APA en établissement, payés au titre du mois de décembre, depuis 2002
28;61;;;3003;3054;3060;3116;3183;3290;3424;3420;3414;3648;3720;3803;3860;3925;3954;3953;4065;3946;3970;3975;4008;3998;4030;Bénéficiaires de l'APA en établissement, payés au titre du mois de décembre, depuis 2002
32;62;;;5414;5729;6789;6749;6652;7190;7569;7611;7652;7996;8413;8477;8990;9097;8680;10537;10437;10241;10560;10239;10829;10851;10738;Bénéficiaires de l'APA en établissement, payés au titre du mois de décembre, depuis 2002
84;63;;;3830;3920;4422;4826;5082;5240;5186;5416;5320;5498;5811;5824;6033;6234;6438;6105;6025;5805;5524;5649;5878;6035;6104;Bénéficiaires de l'APA en établissement, payés au titre du mois de décembre, depuis 2002
75;64;;;2370;3099;3640;4284;4633;4776;5015;5177;5391;5569;5641;5770;5638;5833;5964;6141;6222;6168;6016;6154;6292;6364;6541;Bénéficiaires de l'APA en établissement, payés au titre du mois de décembre, depuis 2002
76;65;;;1828;1789;2014;1973;2050;2069;2124;2143;2186;2255;2346;2433;2500;2429;2601;2678;2576;2827;2816;2821;2886;2816;2938;Bénéficiaires de l'APA en établissement, payés au titre du mois de décembre, depuis 2002
76;66;;;2095;2413;2714;2797;3044;3262;3352;3351;3495;3611;3831;3805;3878;4003;3929;4095;4041;4115;4073;4086;4123;4170;4351;Bénéficiaires de l'APA en établissement, payés au titre du mois de décembre, depuis 2002
44;67;;;5017;6632;6579;6797;7302;7335;7533;7850;8270;8533;9170;9098;8641;8326;8313;8436;9093;9095;9107;9193;9049;9114;9158;Bénéficiaires de l'APA en établissement, payés au titre du mois de décembre, depuis 2002
44;68;;;4828;4868;5016;5222;5071;5480;5604;5747;5782;6033;6298;6641;6359;6513;6396;6580;6546;6582;6503;6641;6637;6664;6754;Bénéficiaires de l'APA en établissement, payés au titre du mois de décembre, depuis 2002
84;69;;;5343;6935;7277;9905;10137;10114;10671;10953;12064;12526;13017;12797;13715;;;;;;;;;;;Bénéficiaires de l'APA en établissement, payés au titre du mois de décembre, depuis 2002
27;70;;;1240;1353;1480;1459;1578;1645;1603;1770;1684;1834;1861;1940;1938;1989;1996;2051;2024;1950;1705;1512;1721;1545;1961;Bénéficiaires de l'APA en établissement, payés au titre du mois de décembre, depuis 2002
27;71;;;4202;4495;4673;4868;5046;5126;5245;5455;5867;5847;5834;6580;6602;6732;6607;6769;6886;6888;6379;6700;6692;6767;7201;Bénéficiaires de l'APA en établissement, payés au titre du mois de décembre, depuis 2002
52;72;;;3245;3481;4310;4536;4670;4801;4900;5044;5103;5350;5521;5628;5817;5958;6045;6159;6188;6271;6256;6220;6305;6167;6135;Bénéficiaires de l'APA en établissement, payés au titre du mois de décembre, depuis 2002
84;73;;;1904;2230;2521;2773;2788;2837;3131;3314;3390;3508;3625;3925;3942;3927;4009;4022;4010;3736;3732;3754;3774;3770;3694;Bénéficiaires de l'APA en établissement, payés au titre du mois de décembre, depuis 2002
84;74;;;2869;2996;2868;2940;3165;3444;3561;3662;3994;4102;4354;4360;4296;4378;4523;4540;4569;4570;4029;4213;4215;4231;4473;Bénéficiaires de l'APA en établissement, payés au titre du mois de décembre, depuis 2002
11;75;;;8857;10463;10770;11398;11762;11984;12235;12267;12291;12314;13081;12812;12355;11905;10167;10593;10333;10355;8416;8737;8794;8541;8114;Bénéficiaires de l'APA en établissement, payés au titre du mois de décembre, depuis 2002
28;76;;;6631;6603;7171;7144;7356;7456;7758;7961;8396;8577;8777;9155;9361;9609;9623;9498;9424;9426;9475;9312;9432;9538;9951;Bénéficiaires de l'APA en établissement, payés au titre du mois de décembre, depuis 2002
11;77;;;2493;3528;3767;3693;4326;4335;4465;4536;4374;4527;5086;5034;5118;5220;5264;5108;5960;5353;5242;5414;5463;5187;5690;Bénéficiaires de l'APA en établissement, payés au titre du mois de décembre, depuis 2002
11;78;;;3659;3959;4137;4349;4619;4908;5153;5495;5511;5711;5807;5957;5963;6002;6167;6245;6088;6544;6079;6211;6082;6149;5903;Bénéficiaires de l'APA en établissement, payés au titre du mois de décembre, depuis 2002
75;79;;;3021;3236;3263;3549;3801;4098;3611;3627;3843;3728;3966;4122;4193;4409;4230;4367;4276;4318;4389;4307;4245;4403;4406;Bénéficiaires de l'APA en établissement, payés au titre du mois de décembre, depuis 2002
32;80;;;3275;3121;3254;3240;2954;3647;4018;3805;3824;4117;4332;4319;4177;4033;4427;4479;4420;4265;3925;4026;4017;4153;4333;Bénéficiaires de l'APA en établissement, payés au titre du mois de décembre, depuis 2002
76;81;;;2848;2845;3008;3170;3305;3370;3460;3569;3741;3833;3937;4058;4117;4228;4289;4584;4741;4537;4374;4346;4355;4437;4414;Bénéficiaires de l'APA en établissement, payés au titre du mois de décembre, depuis 2002
76;82;;;1017;1352;1478;1550;1602;1700;1722;1780;1813;1927;2083;2188;2257;2251;2273;2250;2545;2479;2438;2489;2431;2585;2595;Bénéficiaires de l'APA en établissement, payés au titre du mois de décembre, depuis 2002
93;83;;;1268;4029;4532;5334;5495;5847;6272;6409;6701;7371;7483;7558;7696;7946;8304;8435;8429;8227;7952;7718;8023;8511;8652;Bénéficiaires de l'APA en établissement, payés au titre du mois de décembre, depuis 2002
93;84;;;2072;2902;3051;3103;3426;3600;3751;3917;3622;3648;3775;3891;4130;4754;4202;4072;3998;4307;4161;4121;4140;4158;4260;Bénéficiaires de l'APA en établissement, payés au titre du mois de décembre, depuis 2002
52;85;;;4996;5061;5175;5581;5862;6140;6349;6621;6972;7636;7815;7957;8142;7845;7833;7948;8093;8095;7933;7846;7917;8006;8353;Bénéficiaires de l'APA en établissement, payés au titre du mois de décembre, depuis 2002
75;86;;;2582;2777;2880;3012;3158;3443;3547;3637;3509;3576;3846;4101;4053;4316;4504;4653;4475;4465;4376;4418;4458;4508;4703;Bénéficiaires de l'APA en établissement, payés au titre du mois de décembre, depuis 2002
75;87;;;2999;2989;3333;3451;3580;3624;3697;3658;3739;3850;3856;3925;4177;4241;4322;4284;4234;4334;3852;3949;3985;4030;4205;Bénéficiaires de l'APA en établissement, payés au titre du mois de décembre, depuis 2002
44;88;;;2509;2614;2999;3067;3245;3480;4062;4187;4328;4400;4496;4627;4670;4537;4002;4007;4109;4755;4019;3779;4231;4279;4464;Bénéficiaires de l'APA en établissement, payés au titre du mois de décembre, depuis 2002
27;89;;;2953;3178;3437;3484;3689;3547;3610;3633;3617;3791;3936;4006;4155;4196;4309;4392;4319;4287;4198;4065;4059;3925;3855;Bénéficiaires de l'APA en établissement, payés au titre du mois de décembre, depuis 2002
27;90;;;954;933;947;939;939;911;1000;1067;1031;972;990;1005;1025;1039;1333;1060;966;973;844;937;945;954;1019;Bénéficiaires de l'APA en établissement, payés au titre du mois de décembre, depuis 2002
11;91;;;889;2614;3880;4251;4464;4486;4685;4976;5136;4353;4433;4693;4404;3684;5779;5950;5988;6319;6096;6343;6608;7119;7064;Bénéficiaires de l'APA en établissement, payés au titre du mois de décembre, depuis 2002
11;92;;;4135;6700;6818;6910;7225;7325;7509;7581;7896;8052;8138;8291;8359;8430;8553;8550;7721;6424;6114;6698;6737;6804;7019;Bénéficiaires de l'APA en établissement, payés au titre du mois de décembre, depuis 2002
11;93;;;1055;4170;4414;4682;5034;5037;5165;5249;5403;5674;5986;5814;5775;4662;5503;5584;6698;6700;6042;5970;5804;5938;5800;Bénéficiaires de l'APA en établissement, payés au titre du mois de décembre, depuis 2002
11;94;;;2518;5012;5725;5661;5467;5197;5235;5628;5960;6104;6066;6191;6583;6129;6426;6226;6558;7081;6558;6872;6736;6938;6968;Bénéficiaires de l'APA en établissement, payés au titre du mois de décembre, depuis 2002
11;95;;;3067;3384;3595;4015;4239;4368;4493;4772;4748;4841;5022;4796;5212;5270;5260;5150;5145;5251;4739;4887;4935;5002;5113;Bénéficiaires de l'APA en établissement, payés au titre du mois de décembre, depuis 2002
101;971;;;570;519;548;460;463;440;467;482;566;455;547;738;656;713;745;752;653;653;640;646;652;659;688;Bénéficiaires de l'APA en établissement, payés au titre du mois de décembre, depuis 2002
102;972;;;896;896;896;925;932;1078;966;990;1119;1075;1195;1204;1224;1422;1617;1621;1613;1613;1581;1398;1411;1427;1489;Bénéficiaires de l'APA en établissement, payés au titre du mois de décembre, depuis 2002
103;973;;;2;0;5;64;90;132;129;132;175;171;164;179;192;212;198;216;178;178;174;252;211;213;222;Bénéficiaires de l'APA en établissement, payés au titre du mois de décembre, depuis 2002
104;974;;;675;704;609;700;733;768;760;733;746;862;970;1025;1070;1186;1241;1245;1183;1258;1336;1063;1164;1177;1228;Bénéficiaires de l'APA en établissement, payés au titre du mois de décembre, depuis 2002
84;1;;;2730;3086;3223;3365;3448;3545;3642;3807;358;399;378;382;382;438;445;458;833;738;455;764;349;346;399;Bénéficiaires de l'APA en établissement hors dotation globale, payés au titre du mois de décembre, depuis 2002
32;2;;;203;246;404;396;295;328;345;399;415;471;453;460;413;454;483;485;512;507;584;588;524;402;397;Bénéficiaires de l'APA en établissement hors dotation globale, payés au titre du mois de décembre, depuis 2002
84;3;;;426;512;555;651;677;689;732;760;807;948;1023;1017;1040;1063;1076;1050;1079;990;915;931;958;949;971;Bénéficiaires de l'APA en établissement hors dotation globale, payés au titre du mois de décembre, depuis 2002
93;4;;;779;887;1038;1071;1076;1048;987;934;1020;1195;1036;1255;1270;1339;1354;109;109;111;154;195;215;194;231;Bénéficiaires de l'APA en établissement hors dotation globale, payés au titre du mois de décembre, depuis 2002
93;5;;;848;830;885;958;947;974;971;977;996;1006;1098;1121;1032;994;1166;1198;1209;90;130;723;830;165;173;Bénéficiaires de l'APA en établissement hors dotation globale, payés au titre du mois de décembre, depuis 2002
93;6;;;2385;3032;3704;3849;4406;4286;5127;4714;4812;4570;1260;1272;1267;1242;859;981;1613;1431;1863;1664;1649;1702;1025;Bénéficiaires de l'APA en établissement hors dotation globale, payés au titre du mois de décembre, depuis 2002
84;7;;;333;266;292;296;332;273;300;385;465;420;496;522;478;461;488;945;223;699;686;724;717;740;776;Bénéficiaires de l'APA en établissement hors dotation globale, payés au titre du mois de décembre, depuis 2002
44;8;;;1239;129;148;152;158;178;178;163;164;152;187;155;172;166;179;161;153;143;126;130;131;367;385;Bénéficiaires de l'APA en établissement hors dotation globale, payés au titre du mois de décembre, depuis 2002
76;9;;;139;161;159;171;180;195;193;215;213;214;247;275;236;245;225;232;231;227;218;213;258;276;261;Bénéficiaires de l'APA en établissement hors dotation globale, payés au titre du mois de décembre, depuis 2002
44;10;;;162;200;186;215;206;196;225;189;189;213;215;214;238;238;237;233;238;241;248;240;242;252;283;Bénéficiaires de l'APA en établissement hors dotation globale, payés au titre du mois de décembre, depuis 2002
76;11;;;1966;2184;2118;2323;2457;2419;2653;2638;2724;2832;2870;2861;3131;3153;3467;585;592;607;566;596;602;615;622;Bénéficiaires de l'APA en établissement hors dotation globale, payés au titre du mois de décembre, depuis 2002
76;12;;;2995;3374;3562;3360;3443;3553;3722;3875;396;347;338;361;382;365;364;379;361;363;349;806;349;723;758;Bénéficiaires de l'APA en établissement hors dotation globale, payés au titre du mois de décembre, depuis 2002
93;13;;;4872;7279;8477;8552;6454;5835;5761;5743;6021;6531;6677;6755;6790;6950;7026;1499;1509;1546;1438;2219;2214;2241;2349;Bénéficiaires de l'APA en établissement hors dotation globale, payés au titre du mois de décembre, depuis 2002
28;14;;;2898;3114;2384;1957;1872;1853;2002;2110;2264;2455;2590;2705;5639;5434;4940;5821;856;858;841;866;876;854;873;Bénéficiaires de l'APA en établissement hors dotation globale, payés au titre du mois de décembre, depuis 2002
84;15;;;123;91;123;50;76;26;97;103;89;111;119;159;123;120;120;131;122;125;141;65;189;170;180;Bénéficiaires de l'APA en établissement hors dotation globale, payés au titre du mois de décembre, depuis 2002
75;16;;;561;378;228;263;276;280;289;284;258;270;282;289;309;337;376;346;365;361;362;730;354;552;579;Bénéficiaires de l'APA en établissement hors dotation globale, payés au titre du mois de décembre, depuis 2002
75;17;;;2955;1677;1774;1942;2143;2421;2482;2635;2805;2931;3254;3175;3494;3551;3631;718;739;0;6390;6440;6308;6452;6732;Bénéficiaires de l'APA en établissement hors dotation globale, payés au titre du mois de décembre, depuis 2002
24;18;;;320;314;304;365;371;456;539;550;598;545;636;623;687;743;676;696;527;531;390;442;588;607;426;Bénéficiaires de l'APA en établissement hors dotation globale, payés au titre du mois de décembre, depuis 2002
75;19;;;310;409;381;407;423;432;453;366;380;381;387;472;463;445;508;500;432;477;369;380;366;412;396;Bénéficiaires de l'APA en établissement hors dotation globale, payés au titre du mois de décembre, depuis 2002
94;20;;;382;422;949;975;1111;1173;1373;1502;1365;1337;1320;1439;1227;1230;1177;1510;1538;1877;1865;1900;1894;1948;1964;Bénéficiaires de l'APA en établissement hors dotation globale, payés au titre du mois de décembre, depuis 2002
27;21;;;311;280;427;437;396;410;426;445;359;417;479;438;460;524;492;511;499;535;498;834;516;878;921;Bénéficiaires de l'APA en établissement hors dotation globale, payés au titre du mois de décembre, depuis 2002
53;22;;;492;505;511;749;760;587;560;499;598;647;666;663;704;676;699;678;666;276;169;1348;1336;1379;1445;Bénéficiaires de l'APA en établissement hors dotation globale, payés au titre du mois de décembre, depuis 2002
75;23;;;161;195;137;145;164;184;228;250;257;253;238;242;248;252;262;307;225;210;180;183;271;192;172;Bénéficiaires de l'APA en établissement hors dotation globale, payés au titre du mois de décembre, depuis 2002
75;24;;;516;897;763;767;808;892;935;998;1011;1043;1050;1121;1111;1173;1213;611;623;659;617;629;630;684;724;Bénéficiaires de l'APA en établissement hors dotation globale, payés au titre du mois de décembre, depuis 2002
27;25;;;1710;1205;1379;1243;848;771;697;671;728;664;680;673;679;745;842;507;537;514;496;519;536;542;560;Bénéficiaires de l'APA en établissement hors dotation globale, payés au titre du mois de décembre, depuis 2002
84;26;;;1351;1050;739;711;828;1125;1134;1125;1198;488;412;494;564;548;520;501;494;495;452;482;485;501;500;Bénéficiaires de l'APA en établissement hors dotation globale, payés au titre du mois de décembre, depuis 2002
28;27;;;2452;2500;2532;2616;2729;2785;2844;2955;2913;2936;3058;3099;3190;3343;3447;740;829;796;739;879;508;904;918;Bénéficiaires de l'APA en établissement hors dotation globale, payés au titre du mois de décembre, depuis 2002
24;28;;;464;460;516;513;497;566;447;551;551;701;707;678;771;675;807;443;543;519;404;366;553;571;598;Bénéficiaires de l'APA en établissement hors dotation globale, payés au titre du mois de décembre, depuis 2002
53;29;;;5948;6491;6419;6661;6854;5075;2999;1573;369;376;377;405;433;422;424;437;457;490;467;483;477;497;494;Bénéficiaires de l'APA en établissement hors dotation globale, payés au titre du mois de décembre, depuis 2002
76;30;;;358;799;884;892;1037;1082;1184;1201;1229;1271;1310;1374;1418;1527;1418;962;968;986;957;997;1024;985;1032;Bénéficiaires de l'APA en établissement hors dotation globale, payés au titre du mois de décembre, depuis 2002
76;31;;;3933;4982;5364;5375;5660;5888;6142;6411;6693;7078;7213;7759;8158;8365;8788;8837;1667;1712;1673;1682;1714;1818;1846;Bénéficiaires de l'APA en établissement hors dotation globale, payés au titre du mois de décembre, depuis 2002
76;32;;;211;203;237;248;284;291;270;268;193;162;142;269;235;242;248;277;247;248;252;205;207;174;198;Bénéficiaires de l'APA en établissement hors dotation globale, payés au titre du mois de décembre, depuis 2002
75;33;;;1796;2643;1506;1730;1827;2110;2155;2087;2059;2058;2064;1960;1665;1656;1564;1588;1115;1095;1020;1071;1051;1131;2258;Bénéficiaires de l'APA en établissement hors dotation globale, payés au titre du mois de décembre, depuis 2002
76;34;;;1024;1028;699;822;936;780;716;744;757;807;809;831;1027;1039;1084;1109;1114;1124;1061;1124;1160;1223;1245;Bénéficiaires de l'APA en établissement hors dotation globale, payés au titre du mois de décembre, depuis 2002
53;35;;;464;487;461;517;554;568;571;561;683;613;544;615;657;670;746;776;730;678;635;683;675;656;683;Bénéficiaires de l'APA en établissement hors dotation globale, payés au titre du mois de décembre, depuis 2002
24;36;;;445;447;445;505;468;489;516;608;621;636;669;701;714;706;727;365;355;356;363;366;351;340;350;Bénéficiaires de l'APA en établissement hors dotation globale, payés au titre du mois de décembre, depuis 2002
24;37;;;1052;969;1096;1191;1246;1295;3837;4316;4354;4480;4867;4983;5068;3306;2438;747;763;753;737;828;889;811;1034;Bénéficiaires de l'APA en établissement hors dotation globale, payés au titre du mois de décembre, depuis 2002
84;38;;;4400;5145;5204;5821;6185;6258;6562;6846;7168;7485;7805;8024;8239;8516;8644;8627;8080;1847;1658;1747;1762;1794;1292;Bénéficiaires de l'APA en établissement hors dotation globale, payés au titre du mois de décembre, depuis 2002
27;39;;;1446;266;296;330;336;344;366;341;316;296;301;318;344;371;381;399;403;444;401;408;419;444;424;Bénéficiaires de l'APA en établissement hors dotation globale, payés au titre du mois de décembre, depuis 2002
75;40;;;2150;688;795;765;703;690;702;402;325;517;336;420;176;318;288;318;295;355;345;426;405;446;464;Bénéficiaires de l'APA en établissement hors dotation globale, payés au titre du mois de décembre, depuis 2002
24;41;;;850;482;526;476;487;497;533;541;572;587;642;700;719;705;696;460;485;481;467;487;481;444;491;Bénéficiaires de l'APA en établissement hors dotation globale, payés au titre du mois de décembre, depuis 2002
84;42;;;1009;1370;1611;1708;1861;1872;1848;1874;1926;1965;2001;2036;1980;2149;2032;2072;841;859;800;797;840;861;848;Bénéficiaires de l'APA en établissement hors dotation globale, payés au titre du mois de décembre, depuis 2002
84;43;;;0;2121;2277;2378;2463;1631;1698;1747;269;320;326;330;329;311;327;341;379;470;308;997;268;271;478;Bénéficiaires de l'APA en établissement hors dotation globale, payés au titre du mois de décembre, depuis 2002
52;44;;;730;1052;904;901;811;586;549;561;562;615;625;633;635;649;699;740;745;752;770;759;766;827;2251;Bénéficiaires de l'APA en établissement hors dotation globale, payés au titre du mois de décembre, depuis 2002
24;45;;;800;3466;833;821;916;950;974;933;778;777;759;775;766;791;820;798;875;915;860;885;853;791;993;Bénéficiaires de l'APA en établissement hors dotation globale, payés au titre du mois de décembre, depuis 2002
76;46;;;1286;1392;1559;1588;548;406;448;478;378;371;406;419;442;427;435;378;389;365;364;331;406;408;395;Bénéficiaires de l'APA en établissement hors dotation globale, payés au titre du mois de décembre, depuis 2002
75;47;;;2106;2130;2295;2406;2466;444;314;327;353;382;387;422;465;478;469;474;464;470;443;448;449;468;557;Bénéficiaires de l'APA en établissement hors dotation globale, payés au titre du mois de décembre, depuis 2002
76;48;;;747;811;822;66;54;63;59;57;77;69;56;67;74;88;92;88;80;167;164;71;72;86;91;Bénéficiaires de l'APA en établissement hors dotation globale, payés au titre du mois de décembre, depuis 2002
52;49;;;4520;4911;2877;1567;1126;833;969;971;887;855;847;948;927;889;862;394;381;401;407;488;485;519;562;Bénéficiaires de l'APA en établissement hors dotation globale, payés au titre du mois de décembre, depuis 2002
28;50;;;253;366;393;375;416;453;493;528;538;572;616;649;663;684;1479;5226;515;769;808;500;370;871;849;Bénéficiaires de l'APA en établissement hors dotation globale, payés au titre du mois de décembre, depuis 2002
44;51;;;2181;2956;2849;3032;3217;3254;3209;3433;397;430;378;373;403;434;467;380;589;46;326;263;160;615;787;Bénéficiaires de l'APA en établissement hors dotation globale, payés au titre du mois de décembre, depuis 2002
44;52;;;808;1147;1223;1270;1270;1339;214;217;200;219;248;257;334;310;300;190;200;320;224;317;256;250;242;Bénéficiaires de l'APA en établissement hors dotation globale, payés au titre du mois de décembre, depuis 2002
52;53;;;2743;3190;698;429;387;512;318;351;391;385;434;430;456;511;418;406;422;663;572;604;607;659;691;Bénéficiaires de l'APA en établissement hors dotation globale, payés au titre du mois de décembre, depuis 2002
44;54;;;811;784;751;756;803;856;914;937;978;897;922;980;1050;1014;1033;750;757;806;792;759;740;749;778;Bénéficiaires de l'APA en établissement hors dotation globale, payés au titre du mois de décembre, depuis 2002
44;55;;;1095;1153;1185;168;162;164;177;181;176;195;187;209;209;201;225;233;238;239;224;311;215;301;315;Bénéficiaires de l'APA en établissement hors dotation globale, payés au titre du mois de décembre, depuis 2002
53;56;;;270;253;289;284;341;316;352;349;372;439;439;433;417;404;474;489;527;580;557;555;597;1282;1344;Bénéficiaires de l'APA en établissement hors dotation globale, payés au titre du mois de décembre, depuis 2002
44;57;;;3681;4033;4334;4698;398;399;403;444;498;476;490;493;498;498;505;569;564;612;562;594;607;643;639;Bénéficiaires de l'APA en établissement hors dotation globale, payés au titre du mois de décembre, depuis 2002
27;58;;;1609;1974;1756;2208;463;754;505;533;534;550;567;590;576;656;711;434;496;438;412;487;483;494;523;Bénéficiaires de l'APA en établissement hors dotation globale, payés au titre du mois de décembre, depuis 2002
32;59;;;2383;9645;8546;5248;5330;5445;5172;4817;4560;4392;4520;4500;4459;4651;4636;1161;1141;767;912;941;1082;1050;1210;Bénéficiaires de l'APA en établissement hors dotation globale, payés au titre du mois de décembre, depuis 2002
32;60;;;454;576;652;670;687;621;681;735;722;733;774;791;821;812;806;808;848;845;745;803;829;885;908;Bénéficiaires de l'APA en établissement hors dotation globale, payés au titre du mois de décembre, depuis 2002
28;61;;;191;0;188;199;216;255;388;423;326;352;455;524;564;529;557;530;479;478;484;500;512;521;519;Bénéficiaires de l'APA en établissement hors dotation globale, payés au titre du mois de décembre, depuis 2002
32;62;;;5123;5438;5039;5138;5041;5539;5721;5753;5892;6137;6446;8477;8990;9097;8680;1085;974;1003;969;986;995;992;1003;Bénéficiaires de l'APA en établissement hors dotation globale, payés au titre du mois de décembre, depuis 2002
84;63;;;3171;2337;2468;2586;2690;2607;2586;2811;2616;2614;2782;2801;2946;3051;3207;3262;696;736;740;747;744;798;787;Bénéficiaires de l'APA en établissement hors dotation globale, payés au titre du mois de décembre, depuis 2002
75;64;;;2370;3099;3640;3812;3254;3275;3248;3305;3143;2880;2521;2057;1969;1846;1887;1250;602;618;593;630;618;624;634;Bénéficiaires de l'APA en établissement hors dotation globale, payés au titre du mois de décembre, depuis 2002
76;65;;;1828;1789;2014;1973;2050;2069;2124;2143;2186;2255;2346;2433;2500;2429;2601;2678;384;519;473;510;491;528;551;Bénéficiaires de l'APA en établissement hors dotation globale, payés au titre du mois de décembre, depuis 2002
76;66;;;265;559;320;280;344;402;391;844;399;446;483;457;452;417;438;443;437;472;416;436;440;634;665;Bénéficiaires de l'APA en établissement hors dotation globale, payés au titre du mois de décembre, depuis 2002
44;67;;;5017;332;279;497;563;431;429;432;291;346;330;252;352;355;388;378;418;411;395;1394;1348;258;260;Bénéficiaires de l'APA en établissement hors dotation globale, payés au titre du mois de décembre, depuis 2002
44;68;;;116;154;206;240;246;201;178;163;168;129;189;205;173;173;138;136;113;126;80;92;57;68;78;Bénéficiaires de l'APA en établissement hors dotation globale, payés au titre du mois de décembre, depuis 2002
84;69;;;5343;6935;7277;9905;10137;10114;10671;6930;2049;2554;2594;2429;2562;;;;;;;;;;;Bénéficiaires de l'APA en établissement hors dotation globale, payés au titre du mois de décembre, depuis 2002
27;70;;;642;624;718;614;597;601;569;586;456;447;474;517;504;521;504;522;494;478;386;175;343;159;154;Bénéficiaires de l'APA en établissement hors dotation globale, payés au titre du mois de décembre, depuis 2002
27;71;;;4202;4495;4673;4868;5046;5126;5245;5455;712;692;679;665;704;685;721;743;739;724;667;710;738;732;738;Bénéficiaires de l'APA en établissement hors dotation globale, payés au titre du mois de décembre, depuis 2002
52;72;;;3245;3481;1181;896;837;785;695;632;611;630;602;647;686;704;729;621;648;645;644;650;621;648;676;Bénéficiaires de l'APA en établissement hors dotation globale, payés au titre du mois de décembre, depuis 2002
84;73;;;1904;1176;466;382;420;435;468;473;522;524;535;547;554;553;558;562;395;400;390;408;424;415;435;Bénéficiaires de l'APA en établissement hors dotation globale, payés au titre du mois de décembre, depuis 2002
84;74;;;2869;176;115;550;414;453;489;427;364;349;349;321;370;374;394;387;350;401;377;382;430;407;683;Bénéficiaires de l'APA en établissement hors dotation globale, payés au titre du mois de décembre, depuis 2002
11;75;;;6699;8303;9155;9610;9973;10266;10540;10518;10504;10578;11052;11149;10723;10942;8633;9010;8840;8808;7135;4869;4815;4842;4416;Bénéficiaires de l'APA en établissement hors dotation globale, payés au titre du mois de décembre, depuis 2002
28;76;;;6631;6603;7171;7144;670;914;1465;1504;1765;1889;8777;9155;9361;9609;9623;769;741;656;490;1412;1405;1450;1520;Bénéficiaires de l'APA en établissement hors dotation globale, payés au titre du mois de décembre, depuis 2002
11;77;;;2493;3528;3767;3693;4326;4335;4465;4468;4297;4527;5086;5034;5118;5220;5264;965;1126;1088;1112;1122;1132;994;1081;Bénéficiaires de l'APA en établissement hors dotation globale, payés au titre du mois de décembre, depuis 2002
11;78;;;3659;3959;4137;4349;4619;4908;5153;5495;5511;5711;5807;5957;5963;6002;6167;6245;995;2377;2207;2116;2036;2243;1330;Bénéficiaires de l'APA en établissement hors dotation globale, payés au titre du mois de décembre, depuis 2002
75;79;;;206;260;341;517;622;673;711;714;761;788;809;785;819;866;813;471;482;478;466;467;451;489;496;Bénéficiaires de l'APA en établissement hors dotation globale, payés au titre du mois de décembre, depuis 2002
32;80;;;3275;3121;3254;3240;2954;3647;4018;3805;3824;4117;4332;4319;4177;4033;4427;785;774;738;625;610;638;631;662;Bénéficiaires de l'APA en établissement hors dotation globale, payés au titre du mois de décembre, depuis 2002
76;81;;;2848;2845;3008;3170;3305;3370;3460;3569;3741;3833;3937;4058;4117;4228;4289;465;501;467;479;458;465;469;3954;Bénéficiaires de l'APA en établissement hors dotation globale, payés au titre du mois de décembre, depuis 2002
76;82;;;1017;1352;1478;1550;1602;1700;1722;1780;1813;1927;2083;2188;2257;2251;2273;2250;423;359;327;412;348;451;345;Bénéficiaires de l'APA en établissement hors dotation globale, payés au titre du mois de décembre, depuis 2002
93;83;;;1268;4029;4532;5334;5495;5847;6272;6409;920;1009;989;1068;982;1023;1264;1299;1264;1294;1220;1160;1182;1257;1243;Bénéficiaires de l'APA en établissement hors dotation globale, payés au titre du mois de décembre, depuis 2002
93;84;;;2072;1080;860;1006;1118;1210;1300;1370;935;1001;1089;1189;1142;1267;1238;751;702;773;656;3351;459;720;861;Bénéficiaires de l'APA en établissement hors dotation globale, payés au titre du mois de décembre, depuis 2002
52;85;;;4996;5061;5175;5581;5862;6140;6349;6621;486;536;558;559;588;639;646;529;650;671;1034;1022;1179;1217;1276;Bénéficiaires de l'APA en établissement hors dotation globale, payés au titre du mois de décembre, depuis 2002
75;86;;;241;494;2880;3012;3158;3443;3547;3637;3509;3576;3846;4101;4053;4316;4504;654;654;635;622;670;605;685;718;Bénéficiaires de l'APA en établissement hors dotation globale, payés au titre du mois de décembre, depuis 2002
75;87;;;2999;0;490;550;577;569;588;551;530;528;543;484;580;611;635;641;641;658;602;604;594;592;642;Bénéficiaires de l'APA en établissement hors dotation globale, payés au titre du mois de décembre, depuis 2002
44;88;;;2509;2614;184;161;175;211;182;189;176;179;193;190;203;208;212;211;223;237;231;219;206;225;682;Bénéficiaires de l'APA en établissement hors dotation globale, payés au titre du mois de décembre, depuis 2002
27;89;;;987;1080;1212;305;290;288;322;321;287;333;316;336;355;371;394;422;358;352;302;349;343;279;180;Bénéficiaires de l'APA en établissement hors dotation globale, payés au titre du mois de décembre, depuis 2002
27;90;;;89;89;87;79;89;91;95;103;96;108;108;112;122;141;161;174;168;180;152;141;141;177;156;Bénéficiaires de l'APA en établissement hors dotation globale, payés au titre du mois de décembre, depuis 2002
11;91;;;889;2614;3504;3145;3220;3204;3382;3672;3749;2961;2999;3259;2970;2250;4345;1640;1704;1969;1809;1719;1728;1841;1802;Bénéficiaires de l'APA en établissement hors dotation globale, payés au titre du mois de décembre, depuis 2002
11;92;;;4135;4349;4447;4264;4490;4356;4296;4334;4531;4674;4774;4899;5006;5028;5051;3613;3489;2443;2512;2500;2519;2585;1072;Bénéficiaires de l'APA en établissement hors dotation globale, payés au titre du mois de décembre, depuis 2002
11;93;;;1055;4170;4414;4682;5034;5037;5165;5249;5403;5674;5986;5814;5775;4662;5503;5584;1095;971;2573;2483;2474;2449;2242;Bénéficiaires de l'APA en établissement hors dotation globale, payés au titre du mois de décembre, depuis 2002
11;94;;;2518;5012;5214;4899;4177;3856;3449;3776;4021;4065;4041;4040;4327;3409;3696;3442;3265;3805;3556;3590;3561;3652;3602;Bénéficiaires de l'APA en établissement hors dotation globale, payés au titre du mois de décembre, depuis 2002
11;95;;;3067;3384;2725;2563;2464;2610;2676;2733;2885;2955;3113;2869;3217;3270;3311;3201;4843;4936;4433;4572;4688;4817;4898;Bénéficiaires de l'APA en établissement hors dotation globale, payés au titre du mois de décembre, depuis 2002
101;971;;;0;519;548;460;463;440;467;482;566;455;547;738;656;713;745;752;653;76;337;98;97;100;105;Bénéficiaires de l'APA en établissement hors dotation globale, payés au titre du mois de décembre, depuis 2002
102;972;;;896;896;896;886;893;0;8;28;55;49;57;41;58;198;294;295;26;26;196;212;210;217;227;Bénéficiaires de l'APA en établissement hors dotation globale, payés au titre du mois de décembre, depuis 2002
103;973;;;2;0;5;64;90;132;129;132;175;171;0;0;0;0;0;7;6;26;25;25;7;7;34;Bénéficiaires de l'APA en établissement hors dotation globale, payés au titre du mois de décembre, depuis 2002
104;974;;;675;704;609;700;733;768;760;733;746;862;970;1025;1070;1186;1241;131;132;162;240;37;41;179;188;Bénéficiaires de l'APA en établissement hors dotation globale, payés au titre du mois de décembre, depuis 2002
84;1;;;0;0;0;0;0;0;0;0;3501;3797;3813;3811;3932;3999;4100;4222;4260;4356;4507;4275;4299;4299;4279;Bénéficiaires de l'APA en établissement sous dotation globale, payés au titre du mois de décembre, depuis 2002
32;2;;;3259;3503;3131;3081;3226;3207;3259;3359;3285;3408;3440;3489;3504;4038;4100;4989;4104;3910;4617;4640;4328;4074;4210;Bénéficiaires de l'APA en établissement sous dotation globale, payés au titre du mois de décembre, depuis 2002
84;3;;;3616;3289;3320;3446;3529;3612;3661;3730;3778;3864;3883;3864;4135;4236;4256;4344;4505;4477;4506;4522;4516;4526;4538;Bénéficiaires de l'APA en établissement sous dotation globale, payés au titre du mois de décembre, depuis 2002
93;4;;;0;0;0;0;0;0;0;0;0;0;0;0;0;0;0;1165;1105;1330;1246;1287;1282;1323;1315;Bénéficiaires de l'APA en établissement sous dotation globale, payés au titre du mois de décembre, depuis 2002
93;5;;;0;0;0;0;0;0;0;0;0;0;0;0;0;0;0;0;0;1108;1013;210;241;918;957;Bénéficiaires de l'APA en établissement sous dotation globale, payés au titre du mois de décembre, depuis 2002
93;6;;;4540;4605;4530;4530;4530;4530;4598;4664;4676;4676;8410;8289;8425;8486;9297;9314;9297;9350;9350;9307;9421;9493;10202;Bénéficiaires de l'APA en établissement sous dotation globale, payés au titre du mois de décembre, depuis 2002
84;7;;;3258;3300;3460;3586;3511;3639;3860;3939;3930;3928;3917;3778;4009;3863;4091;3698;4600;4125;4042;4049;4099;4130;4305;Bénéficiaires de l'APA en établissement sous dotation globale, payés au titre du mois de décembre, depuis 2002
44;8;;;0;1532;1603;1524;1524;1550;1573;1591;1655;1768;1739;1822;1986;2140;2112;2220;2109;2220;2220;2238;2258;2049;2136;Bénéficiaires de l'APA en établissement sous dotation globale, payés au titre du mois de décembre, depuis 2002
76;9;;;1436;1133;1174;1210;1210;1177;1206;1263;1490;1385;1340;1417;1503;1503;1503;1485;1485;1498;1576;1558;1530;1538;1958;Bénéficiaires de l'APA en établissement sous dotation globale, payés au titre du mois de décembre, depuis 2002
44;10;;;2242;1964;2252;2154;2264;2280;2260;2428;2402;2946;2640;2747;2879;2882;2859;2915;2868;2826;2826;2821;2854;2867;2791;Bénéficiaires de l'APA en établissement sous dotation globale, payés au titre du mois de décembre, depuis 2002
76;11;;;0;0;0;0;0;0;0;0;0;0;0;0;0;0;0;2926;2907;2952;2815;2866;2872;2814;2751;Bénéficiaires de l'APA en établissement sous dotation globale, payés au titre du mois de décembre, depuis 2002
76;12;;;0;0;0;0;0;0;0;0;3521;4859;4942;4921;4942;4749;4742;4802;4761;4238;4918;4511;4357;4036;4207;Bénéficiaires de l'APA en établissement sous dotation globale, payés au titre du mois de décembre, depuis 2002
93;13;;;0;0;0;0;3194;4610;5587;5660;5660;5826;5826;5836;6332;6332;6409;13412;14391;14250;13256;12417;12648;12502;13033;Bénéficiaires de l'APA en établissement sous dotation globale, payés au titre du mois de décembre, depuis 2002
28;14;;;0;690;1955;2318;2662;2809;2844;2823;2718;2831;2879;2969;0;0;0;0;5065;5081;4963;5050;5041;5217;5223;Bénéficiaires de l'APA en établissement sous dotation globale, payés au titre du mois de décembre, depuis 2002
84;15;;;1432;1514;1734;1571;1499;1527;1617;1816;1877;1927;2053;2100;2056;2132;2106;2039;2043;2118;1617;1707;1832;1950;1945;Bénéficiaires de l'APA en établissement sous dotation globale, payés au titre du mois de décembre, depuis 2002
75;16;;;1623;2721;3250;3701;3633;3633;3927;3911;3921;3946;3852;3639;3704;3691;3818;3910;3548;3974;3560;3229;3239;3082;3213;Bénéficiaires de l'APA en établissement sous dotation globale, payés au titre du mois de décembre, depuis 2002
75;17;;;0;1840;1765;1807;1886;1857;1978;2100;2115;2132;2160;2160;2261;2354;2411;5512;5752;6472;0;0;0;0;0;Bénéficiaires de l'APA en établissement sous dotation globale, payés au titre du mois de décembre, depuis 2002
24;18;;;2479;2470;2472;2494;2494;2358;2307;2428;2497;2562;2610;2685;2715;2849;2892;2978;3308;3372;3435;3470;3359;3385;3449;Bénéficiaires de l'APA en établissement sous dotation globale, payés au titre du mois de décembre, depuis 2002
75;19;;;1929;1938;2600;2424;2132;2150;2303;2399;2516;2598;2664;2676;2488;2399;2565;2651;2636;2743;2527;2547;2649;2771;2655;Bénéficiaires de l'APA en établissement sous dotation globale, payés au titre du mois de décembre, depuis 2002
94;20;;;0;0;0;0;0;0;0;0;0;0;0;0;0;0;0;0;0;0;0;0;0;0;0;Bénéficiaires de l'APA en établissement sous dotation globale, payés au titre du mois de décembre, depuis 2002
27;21;;;3551;3567;3631;3808;3998;3906;3970;4200;4318;4357;4369;4499;4632;4719;4773;4837;5057;5022;4948;4664;5199;4901;5108;Bénéficiaires de l'APA en établissement sous dotation globale, payés au titre du mois de décembre, depuis 2002
53;22;;;5997;6128;6837;7050;6641;6832;6817;7060;7252;7488;7641;7727;7857;7952;8061;8057;8009;8009;8635;7540;7633;7691;8018;Bénéficiaires de l'APA en établissement sous dotation globale, payés au titre du mois de décembre, depuis 2002
75;23;;;1477;1473;1514;1541;1600;1599;1533;1538;1580;1598;1637;1665;1728;1766;1742;1741;1818;1804;1688;1655;1547;1683;1677;Bénéficiaires de l'APA en établissement sous dotation globale, payés au titre du mois de décembre, depuis 2002
75;24;;;2865;2846;3178;3120;3183;3265;3430;3441;3536;3561;3568;3675;3704;3789;3830;4433;4432;4395;4372;4374;4325;4323;4316;Bénéficiaires de l'APA en établissement sous dotation globale, payés au titre du mois de décembre, depuis 2002
27;25;;;594;1084;1126;1387;1843;2130;2266;2363;2452;2599;2553;2722;2847;2814;3212;3481;3509;3508;3187;3190;3219;3241;3280;Bénéficiaires de l'APA en établissement sous dotation globale, payés au titre du mois de décembre, depuis 2002
84;26;;;2286;2313;2340;2457;2630;2778;2893;2974;3019;3510;3284;3406;3503;3648;3786;3715;3886;3783;4094;3588;3637;3570;3641;Bénéficiaires de l'APA en établissement sous dotation globale, payés au titre du mois de décembre, depuis 2002
28;27;;;0;0;0;0;0;0;0;0;0;0;0;0;0;0;0;2958;2611;2645;2440;2533;2904;2850;3049;Bénéficiaires de l'APA en établissement sous dotation globale, payés au titre du mois de décembre, depuis 2002
24;28;;;2677;2678;2225;2676;2698;2830;2699;2282;2661;3120;2921;3047;3025;2984;2784;3201;3168;3193;3234;3313;3159;3183;3319;Bénéficiaires de l'APA en établissement sous dotation globale, payés au titre du mois de décembre, depuis 2002
53;29;;;0;134;884;707;885;2457;5500;7100;8950;8933;9085;9180;9180;10950;12049;12405;12741;11592;11505;11527;12785;12792;12918;Bénéficiaires de l'APA en établissement sous dotation globale, payés au titre du mois de décembre, depuis 2002
76;30;;;3483;2933;2776;2915;3339;3293;3392;3365;3399;3629;3657;3644;3645;3851;4000;4466;4493;4694;4518;4847;5031;5492;5726;Bénéficiaires de l'APA en établissement sous dotation globale, payés au titre du mois de décembre, depuis 2002
76;31;;;0;0;0;0;0;0;0;0;0;0;0;0;0;0;0;0;7513;7470;7054;7247;7231;7463;7621;Bénéficiaires de l'APA en établissement sous dotation globale, payés au titre du mois de décembre, depuis 2002
76;32;;;1378;1378;1706;1432;1584;1628;1671;1740;1730;1978;1894;1979;2026;2021;2063;2112;1885;2091;1945;1854;1810;1824;1989;Bénéficiaires de l'APA en établissement sous dotation globale, payés au titre du mois de décembre, depuis 2002
75;33;;;5567;6083;6298;6035;7765;7886;7813;8074;9288;9437;9742;10385;10551;10927;10945;11719;12699;13161;13735;13685;13048;13185;12522;Bénéficiaires de l'APA en établissement sous dotation globale, payés au titre du mois de décembre, depuis 2002
76;34;;;4163;5572;6048;5835;5916;5997;6336;6548;6842;7077;7484;7839;8004;8200;8447;8378;8467;8656;8514;8638;8686;8933;8986;Bénéficiaires de l'APA en établissement sous dotation globale, payés au titre du mois de décembre, depuis 2002
53;35;;;7051;6780;6949;7220;7434;7741;8191;8393;8516;8638;8940;9076;9150;9307;9448;9655;9886;10143;10345;10430;10554;10676;10743;Bénéficiaires de l'APA en établissement sous dotation globale, payés au titre du mois de décembre, depuis 2002
24;36;;;1765;2212;1412;1426;1524;1547;1688;1727;1760;1818;1834;1876;1833;1861;1907;2249;2330;2315;2161;2192;2158;2187;2334;Bénéficiaires de l'APA en établissement sous dotation globale, payés au titre du mois de décembre, depuis 2002
24;37;;;2688;2819;2641;2657;2604;2615;359;0;0;0;0;0;0;1577;2438;4889;4892;5009;4899;4630;5084;5677;5735;Bénéficiaires de l'APA en établissement sous dotation globale, payés au titre du mois de décembre, depuis 2002
84;38;;;0;0;0;0;0;0;0;0;0;0;0;0;0;0;0;0;506;6671;6043;6401;6465;6605;7167;Bénéficiaires de l'APA en établissement sous dotation globale, payés au titre du mois de décembre, depuis 2002
27;39;;;0;1449;1479;1506;1530;1572;1641;1721;1865;1901;2101;2176;2250;2253;2269;2312;2297;2273;2111;2106;2180;2190;2248;Bénéficiaires de l'APA en établissement sous dotation globale, payés au titre du mois de décembre, depuis 2002
75;40;;;0;1769;2205;2267;2399;2464;2683;3358;3407;3407;3942;4079;4079;4142;4133;4219;4239;4269;4332;4237;4288;3883;4309;Bénéficiaires de l'APA en établissement sous dotation globale, payés au titre du mois de décembre, depuis 2002
24;41;;;1879;2063;2063;2482;2482;2778;2472;2986;3238;3185;3266;3311;3344;3357;3372;3781;3769;3844;4170;3910;4097;3731;3948;Bénéficiaires de l'APA en établissement sous dotation globale, payés au titre du mois de décembre, depuis 2002
84;42;;;5696;5691;5351;5580;5669;5906;6283;6436;6550;6620;6703;6750;6815;6957;7035;7101;8406;8457;8436;8345;8299;8307;8251;Bénéficiaires de l'APA en établissement sous dotation globale, payés au titre du mois de décembre, depuis 2002
84;43;;;0;0;0;0;30;701;730;751;2418;2588;2511;2803;2635;3074;3071;3268;3237;3070;3426;2776;2914;2947;2651;Bénéficiaires de l'APA en établissement sous dotation globale, payés au titre du mois de décembre, depuis 2002
52;44;;;6200;7200;8151;9033;9354;9618;10732;10512;11044;11613;11366;12327;11611;11941;12044;12197;12688;12688;13499;13605;13768;13597;12483;Bénéficiaires de l'APA en établissement sous dotation globale, payés au titre du mois de décembre, depuis 2002
24;45;;;3413;813;3512;3720;3872;3861;3821;3904;4260;4415;4551;4680;4806;5005;5041;5148;5290;5251;5326;5357;5341;5441;5509;Bénéficiaires de l'APA en établissement sous dotation globale, payés au titre du mois de décembre, depuis 2002
76;46;;;0;0;0;0;1165;1418;1367;1383;1590;1590;1671;1732;1833;1822;1831;1914;1893;1893;1831;1912;2057;2275;2189;Bénéficiaires de l'APA en établissement sous dotation globale, payés au titre du mois de décembre, depuis 2002
75;47;;;0;0;0;0;0;2200;2404;2479;2593;2615;2747;2832;2899;2958;2988;2969;2937;2988;2889;2977;3007;3027;3089;Bénéficiaires de l'APA en établissement sous dotation globale, payés au titre du mois de décembre, depuis 2002
76;48;;;0;0;0;892;972;972;972;972;972;1230;1394;1414;1415;1347;1461;1046;1064;988;968;1142;1152;1165;1094;Bénéficiaires de l'APA en établissement sous dotation globale, payés au titre du mois de décembre, depuis 2002
52;49;;;0;0;2692;4394;5207;5862;6374;6444;6635;6665;6702;6913;7014;7107;8444;8352;8066;8153;8385;8359;8703;8735;8677;Bénéficiaires de l'APA en établissement sous dotation globale, payés au titre du mois de décembre, depuis 2002
28;50;;;3720;3566;3566;3576;3793;3860;3926;3906;3926;4041;4945;4315;4400;4195;3393;38;4790;4537;4751;5112;5293;4856;4707;Bénéficiaires de l'APA en établissement sous dotation globale, payés au titre du mois de décembre, depuis 2002
44;51;;;0;0;0;0;0;0;0;0;3504;3565;3918;4164;3752;3860;3912;4409;4322;4256;4444;4405;4726;4418;4366;Bénéficiaires de l'APA en établissement sous dotation globale, payés au titre du mois de décembre, depuis 2002
44;52;;;0;0;0;0;0;0;1201;1183;1144;1192;1216;1333;1287;1391;1385;1441;1515;1487;1337;1395;1438;1460;1490;Bénéficiaires de l'APA en établissement sous dotation globale, payés au titre du mois de décembre, depuis 2002
52;53;;;0;0;2093;2922;3293;2908;3504;3897;3837;3354;3205;3210;3520;4027;3997;3992;4147;3907;3374;3379;3682;3678;3834;Bénéficiaires de l'APA en établissement sous dotation globale, payés au titre du mois de décembre, depuis 2002
44;54;;;3419;3345;3543;3746;3841;4017;4003;3897;4021;4209;4404;4613;4660;4725;4799;5304;5347;5386;5734;5311;5252;5317;5334;Bénéficiaires de l'APA en établissement sous dotation globale, payés au titre du mois de décembre, depuis 2002
44;55;;;0;0;0;1584;1264;1339;1308;1296;1268;1393;1424;1638;1558;1502;1683;1553;1617;1537;1588;1739;1740;1676;1748;Bénéficiaires de l'APA en établissement sous dotation globale, payés au titre du mois de décembre, depuis 2002
53;56;;;5546;5617;5663;6103;6500;6616;6691;6815;6944;7127;7403;7685;7801;7515;7433;7535;7300;7593;7519;7491;7743;7152;7456;Bénéficiaires de l'APA en établissement sous dotation globale, payés au titre du mois de décembre, depuis 2002
44;57;;;0;0;0;0;4948;5020;5293;5250;5410;5880;6133;6376;6553;6647;6682;6831;6885;6959;7160;7162;7206;7265;7456;Bénéficiaires de l'APA en établissement sous dotation globale, payés au titre du mois de décembre, depuis 2002
27;58;;;0;0;0;0;1737;1803;2080;2128;2128;2128;2357;2311;2334;2337;2227;2547;2540;2761;2771;2726;2759;2785;2898;Bénéficiaires de l'APA en établissement sous dotation globale, payés au titre du mois de décembre, depuis 2002
32;59;;;0;0;2680;6522;6930;7600;9327;10617;11021;12038;12436;12949;13338;13528;14931;19874;19241;19244;18700;19227;19218;20151;20034;Bénéficiaires de l'APA en établissement sous dotation globale, payés au titre du mois de décembre, depuis 2002
32;60;;;3433;3360;3383;3130;3279;3432;3315;3461;3742;3894;3960;3783;3815;4042;4094;4055;4411;4415;4200;4052;4044;4058;4351;Bénéficiaires de l'APA en établissement sous dotation globale, payés au titre du mois de décembre, depuis 2002
28;61;;;2812;3054;2872;2917;2967;3035;3036;2997;3088;3296;3265;3279;3296;3396;3397;3423;3586;3468;3486;3475;3496;3477;3511;Bénéficiaires de l'APA en établissement sous dotation globale, payés au titre du mois de décembre, depuis 2002
32;62;;;291;291;1750;1611;1611;1651;1848;1858;1760;1859;1967;0;0;0;0;9452;9463;9238;9591;9253;9834;9859;9735;Bénéficiaires de l'APA en établissement sous dotation globale, payés au titre du mois de décembre, depuis 2002
84;63;;;659;1583;1954;2240;2392;2633;2600;2605;2704;2884;3029;3023;3087;3183;3231;2843;5329;5069;4784;4902;5134;5237;5317;Bénéficiaires de l'APA en établissement sous dotation globale, payés au titre du mois de décembre, depuis 2002
75;64;;;0;0;0;472;1379;1501;1767;1872;2248;2689;3120;3713;3669;3987;4077;4891;5620;5550;5423;5524;5674;5740;5907;Bénéficiaires de l'APA en établissement sous dotation globale, payés au titre du mois de décembre, depuis 2002
76;65;;;0;0;0;0;0;0;0;0;0;0;0;0;0;0;0;0;2192;2308;2343;2311;2395;2288;2387;Bénéficiaires de l'APA en établissement sous dotation globale, payés au titre du mois de décembre, depuis 2002
76;66;;;1830;1854;2394;2517;2700;2860;2961;2507;3096;3165;3348;3348;3426;3586;3491;3652;3604;3643;3657;3650;3683;3536;3686;Bénéficiaires de l'APA en établissement sous dotation globale, payés au titre du mois de décembre, depuis 2002
44;67;;;0;6300;6300;6300;6739;6904;7104;7418;7979;8187;8840;8846;8289;7971;7925;8058;8675;8684;8712;7799;7701;8856;8898;Bénéficiaires de l'APA en établissement sous dotation globale, payés au titre du mois de décembre, depuis 2002
44;68;;;4712;4714;4810;4982;4825;5279;5426;5584;5614;5904;6109;6436;6186;6340;6258;6444;6433;6456;6423;6549;6580;6596;6676;Bénéficiaires de l'APA en établissement sous dotation globale, payés au titre du mois de décembre, depuis 2002
84;69;;;0;0;0;0;0;0;0;4023;10015;9972;10423;10368;11153;;;;;;;;;;;Bénéficiaires de l'APA en établissement sous dotation globale, payés au titre du mois de décembre, depuis 2002
27;70;;;598;729;762;845;981;1044;1034;1184;1228;1387;1387;1423;1434;1468;1492;1529;1530;1472;1319;1337;1378;1386;1807;Bénéficiaires de l'APA en établissement sous dotation globale, payés au titre du mois de décembre, depuis 2002
27;71;;;0;0;0;0;0;0;0;0;5155;5155;5155;5915;5898;6047;5886;6026;6147;6164;5712;5990;5954;6035;6463;Bénéficiaires de l'APA en établissement sous dotation globale, payés au titre du mois de décembre, depuis 2002
52;72;;;0;0;3129;3640;3833;4016;4205;4412;4492;4720;4919;4981;5131;5254;5316;5538;5540;5626;5612;5570;5684;5519;5459;Bénéficiaires de l'APA en établissement sous dotation globale, payés au titre du mois de décembre, depuis 2002
84;73;;;0;1054;2055;2391;2368;2402;2663;2841;2868;2984;3090;3378;3388;3374;3451;3460;3615;3336;3342;3346;3350;3355;3259;Bénéficiaires de l'APA en établissement sous dotation globale, payés au titre du mois de décembre, depuis 2002
84;74;;;0;2820;2753;2390;2751;2991;3072;3235;3630;3753;4005;4039;3926;4004;4129;4153;4219;4169;3652;3831;3785;3824;3790;Bénéficiaires de l'APA en établissement sous dotation globale, payés au titre du mois de décembre, depuis 2002
11;75;;;2158;2160;1615;1788;1789;1718;1695;1749;1787;1736;2029;1663;1632;963;1534;1583;1493;1547;1281;3868;3979;3699;3698;Bénéficiaires de l'APA en établissement sous dotation globale, payés au titre du mois de décembre, depuis 2002
28;76;;;0;0;0;0;6686;6542;6293;6457;6631;6688;0;0;0;0;0;8729;8683;8770;8985;7900;8027;8088;8431;Bénéficiaires de l'APA en établissement sous dotation globale, payés au titre du mois de décembre, depuis 2002
11;77;;;0;0;0;0;0;0;0;68;77;0;0;0;0;0;0;4143;4834;4265;4130;4292;4331;4193;4609;Bénéficiaires de l'APA en établissement sous dotation globale, payés au titre du mois de décembre, depuis 2002
11;78;;;0;0;0;0;0;0;0;0;0;0;0;0;0;0;0;0;5093;4167;3872;4095;4046;3906;4573;Bénéficiaires de l'APA en établissement sous dotation globale, payés au titre du mois de décembre, depuis 2002
75;79;;;2815;2976;2922;3032;3179;3425;2900;2913;3082;2940;3157;3337;3374;3543;3417;3896;3794;3840;3923;3840;3794;3914;3910;Bénéficiaires de l'APA en établissement sous dotation globale, payés au titre du mois de décembre, depuis 2002
32;80;;;0;0;0;0;0;0;0;0;0;0;0;0;0;0;0;3694;3646;3527;3300;3416;3379;3522;3671;Bénéficiaires de l'APA en établissement sous dotation globale, payés au titre du mois de décembre, depuis 2002
76;81;;;0;0;0;0;0;0;0;0;0;0;0;0;0;0;0;4119;4240;4070;3895;3888;3890;3968;460;Bénéficiaires de l'APA en établissement sous dotation globale, payés au titre du mois de décembre, depuis 2002
76;82;;;0;0;0;0;0;0;0;0;0;0;0;0;0;0;0;0;2122;2120;2111;2077;2083;2134;2250;Bénéficiaires de l'APA en établissement sous dotation globale, payés au titre du mois de décembre, depuis 2002
93;83;;;0;0;0;0;0;0;0;0;5781;6362;6494;6490;6714;6923;7040;7136;7165;6933;6732;6558;6841;7254;7409;Bénéficiaires de l'APA en établissement sous dotation globale, payés au titre du mois de décembre, depuis 2002
93;84;;;0;1822;2191;2097;2308;2390;2451;2547;2687;2647;2686;2702;2988;3487;2964;3321;3296;3534;3505;770;3681;3438;3399;Bénéficiaires de l'APA en établissement sous dotation globale, payés au titre du mois de décembre, depuis 2002
52;85;;;0;0;0;0;0;0;0;0;6486;7100;7257;7398;7554;7206;7187;7419;7443;7424;6899;6824;6738;6789;7077;Bénéficiaires de l'APA en établissement sous dotation globale, payés au titre du mois de décembre, depuis 2002
75;86;;;2341;2283;0;0;0;0;0;0;0;0;0;0;0;0;0;3999;3821;3830;3754;3748;3853;3823;3985;Bénéficiaires de l'APA en établissement sous dotation globale, payés au titre du mois de décembre, depuis 2002
75;87;;;0;2989;2843;2901;3003;3055;3109;3107;3209;3322;3313;3441;3597;3630;3687;3643;3593;3676;3250;3345;3391;3438;3563;Bénéficiaires de l'APA en établissement sous dotation globale, payés au titre du mois de décembre, depuis 2002
44;88;;;0;0;2815;2906;3070;3269;3880;3998;4152;4221;4303;4437;4467;4329;3790;3796;3886;4518;3788;3560;4025;4054;3782;Bénéficiaires de l'APA en établissement sous dotation globale, payés au titre du mois de décembre, depuis 2002
27;89;;;1966;2098;2225;3179;3399;3259;3288;3312;3330;3458;3620;3670;3800;3825;3915;3970;3961;3935;3896;3716;3716;3646;3675;Bénéficiaires de l'APA en établissement sous dotation globale, payés au titre du mois de décembre, depuis 2002
27;90;;;865;844;860;860;850;820;905;964;935;864;882;893;903;898;1172;886;798;793;692;796;804;777;863;Bénéficiaires de l'APA en établissement sous dotation globale, payés au titre du mois de décembre, depuis 2002
11;91;;;0;0;376;1106;1244;1282;1303;1304;1387;1392;1434;1434;1434;1434;1434;4310;4284;4350;4287;4624;4880;5278;5262;Bénéficiaires de l'APA en établissement sous dotation globale, payés au titre du mois de décembre, depuis 2002
11;92;;;0;2351;2371;2646;2735;2969;3213;3247;3365;3378;3364;3392;3353;3402;3502;4937;4232;3981;3602;4198;4218;4219;5947;Bénéficiaires de l'APA en établissement sous dotation globale, payés au titre du mois de décembre, depuis 2002
11;93;;;0;0;0;0;0;0;0;0;0;0;0;0;0;0;0;0;5603;5729;3469;3487;3330;3489;3558;Bénéficiaires de l'APA en établissement sous dotation globale, payés au titre du mois de décembre, depuis 2002
11;94;;;0;0;511;762;1290;1341;1786;1852;1939;2039;2025;2151;2256;2720;2730;2784;3293;3276;3002;3282;3175;3286;3366;Bénéficiaires de l'APA en établissement sous dotation globale, payés au titre du mois de décembre, depuis 2002
11;95;;;0;0;870;1452;1775;1758;1817;2039;1863;1886;1909;1927;1995;2000;1949;1949;302;315;306;315;247;185;215;Bénéficiaires de l'APA en établissement sous dotation globale, payés au titre du mois de décembre, depuis 2002
101;971;;;570;0;0;0;0;0;0;0;0;0;0;0;0;0;0;0;0;577;303;548;555;559;583;Bénéficiaires de l'APA en établissement sous dotation globale, payés au titre du mois de décembre, depuis 2002
102;972;;;0;0;0;39;39;1078;958;962;1064;1026;1138;1163;1166;1224;1323;1326;1587;1587;1385;1186;1201;1210;1262;Bénéficiaires de l'APA en établissement sous dotation globale, payés au titre du mois de décembre, depuis 2002
103;973;;;0;0;0;0;0;0;0;0;0;0;164;179;192;212;198;209;172;152;149;227;204;206;188;Bénéficiaires de l'APA en établissement sous dotation globale, payés au titre du mois de décembre, depuis 2002
104;974;;;0;0;0;0;0;0;0;0;0;0;0;0;0;0;0;1114;1051;1096;1096;1026;1123;998;1040;Bénéficiaires de l'APA en établissement sous dotation globale, payés au titre du mois de décembre, depuis 2002
84;1;808;954;215;0;0;;;;;;;;;;;;;;;;;;;;;Bénéficiaires de la PSD (à domicile et en établissement) au 31 décembre, de 1997 à 2004
32;2;1567;1519;146;13;0;;;;;;;;;;;;;;;;;;;;;Bénéficiaires de la PSD (à domicile et en établissement) au 31 décembre, de 1997 à 2004
84;3;1154;1215;184;42;0;;;;;;;;;;;;;;;;;;;;;Bénéficiaires de la PSD (à domicile et en établissement) au 31 décembre, de 1997 à 2004
93;4;282;371;149;64;0;;;;;;;;;;;;;;;;;;;;;Bénéficiaires de la PSD (à domicile et en établissement) au 31 décembre, de 1997 à 2004
93;5;415;163;26;27;0;;;;;;;;;;;;;;;;;;;;;Bénéficiaires de la PSD (à domicile et en établissement) au 31 décembre, de 1997 à 2004
93;6;1150;1437;429;13;0;;;;;;;;;;;;;;;;;;;;;Bénéficiaires de la PSD (à domicile et en établissement) au 31 décembre, de 1997 à 2004
84;7;1174;976;142;2;0;;;;;;;;;;;;;;;;;;;;;Bénéficiaires de la PSD (à domicile et en établissement) au 31 décembre, de 1997 à 2004
44;8;745;844;278;65;0;;;;;;;;;;;;;;;;;;;;;Bénéficiaires de la PSD (à domicile et en établissement) au 31 décembre, de 1997 à 2004
76;9;506;521;107;47;0;;;;;;;;;;;;;;;;;;;;;Bénéficiaires de la PSD (à domicile et en établissement) au 31 décembre, de 1997 à 2004
44;10;566;744;0;0;0;;;;;;;;;;;;;;;;;;;;;Bénéficiaires de la PSD (à domicile et en établissement) au 31 décembre, de 1997 à 2004
76;11;1008;1201;0;0;0;;;;;;;;;;;;;;;;;;;;;Bénéficiaires de la PSD (à domicile et en établissement) au 31 décembre, de 1997 à 2004
76;12;932;1035;183;0;0;;;;;;;;;;;;;;;;;;;;;Bénéficiaires de la PSD (à domicile et en établissement) au 31 décembre, de 1997 à 2004
93;13;2725;3476;1226;0;0;;;;;;;;;;;;;;;;;;;;;Bénéficiaires de la PSD (à domicile et en établissement) au 31 décembre, de 1997 à 2004
28;14;2227;2480;973;138;0;;;;;;;;;;;;;;;;;;;;;Bénéficiaires de la PSD (à domicile et en établissement) au 31 décembre, de 1997 à 2004
84;15;731;854;360;57;0;;;;;;;;;;;;;;;;;;;;;Bénéficiaires de la PSD (à domicile et en établissement) au 31 décembre, de 1997 à 2004
75;16;1563;1808;870;364;0;;;;;;;;;;;;;;;;;;;;;Bénéficiaires de la PSD (à domicile et en établissement) au 31 décembre, de 1997 à 2004
75;17;2124;2398;121;0;0;;;;;;;;;;;;;;;;;;;;;Bénéficiaires de la PSD (à domicile et en établissement) au 31 décembre, de 1997 à 2004
24;18;732;733;187;0;0;;;;;;;;;;;;;;;;;;;;;Bénéficiaires de la PSD (à domicile et en établissement) au 31 décembre, de 1997 à 2004
75;19;1040;1154;19;0;0;;;;;;;;;;;;;;;;;;;;;Bénéficiaires de la PSD (à domicile et en établissement) au 31 décembre, de 1997 à 2004
94;20;1189;1321;445;85;80;;;;;;;;;;;;;;;;;;;;;Bénéficiaires de la PSD (à domicile et en établissement) au 31 décembre, de 1997 à 2004
27;21;820;871;10;0;0;;;;;;;;;;;;;;;;;;;;;Bénéficiaires de la PSD (à domicile et en établissement) au 31 décembre, de 1997 à 2004
53;22;1818;2229;12;3;0;;;;;;;;;;;;;;;;;;;;;Bénéficiaires de la PSD (à domicile et en établissement) au 31 décembre, de 1997 à 2004
75;23;988;1197;270;242;0;;;;;;;;;;;;;;;;;;;;;Bénéficiaires de la PSD (à domicile et en établissement) au 31 décembre, de 1997 à 2004
75;24;1517;1631;396;197;0;;;;;;;;;;;;;;;;;;;;;Bénéficiaires de la PSD (à domicile et en établissement) au 31 décembre, de 1997 à 2004
27;25;775;937;137;28;0;;;;;;;;;;;;;;;;;;;;;Bénéficiaires de la PSD (à domicile et en établissement) au 31 décembre, de 1997 à 2004
84;26;800;836;242;203;13;;;;;;;;;;;;;;;;;;;;;Bénéficiaires de la PSD (à domicile et en établissement) au 31 décembre, de 1997 à 2004
28;27;1330;1820;25;0;0;;;;;;;;;;;;;;;;;;;;;Bénéficiaires de la PSD (à domicile et en établissement) au 31 décembre, de 1997 à 2004
24;28;700;805;0;0;0;;;;;;;;;;;;;;;;;;;;;Bénéficiaires de la PSD (à domicile et en établissement) au 31 décembre, de 1997 à 2004
53;29;3396;3930;735;121;0;;;;;;;;;;;;;;;;;;;;;Bénéficiaires de la PSD (à domicile et en établissement) au 31 décembre, de 1997 à 2004
76;30;1759;1983;362;20;0;;;;;;;;;;;;;;;;;;;;;Bénéficiaires de la PSD (à domicile et en établissement) au 31 décembre, de 1997 à 2004
76;31;2664;2834;1249;444;0;;;;;;;;;;;;;;;;;;;;;Bénéficiaires de la PSD (à domicile et en établissement) au 31 décembre, de 1997 à 2004
76;32;1147;1317;349;3;0;;;;;;;;;;;;;;;;;;;;;Bénéficiaires de la PSD (à domicile et en établissement) au 31 décembre, de 1997 à 2004
75;33;2925;4076;1385;3;0;;;;;;;;;;;;;;;;;;;;;Bénéficiaires de la PSD (à domicile et en établissement) au 31 décembre, de 1997 à 2004
76;34;1953;2366;698;47;0;;;;;;;;;;;;;;;;;;;;;Bénéficiaires de la PSD (à domicile et en établissement) au 31 décembre, de 1997 à 2004
53;35;2016;2638;375;2;0;;;;;;;;;;;;;;;;;;;;;Bénéficiaires de la PSD (à domicile et en établissement) au 31 décembre, de 1997 à 2004
24;36;913;980;249;79;0;;;;;;;;;;;;;;;;;;;;;Bénéficiaires de la PSD (à domicile et en établissement) au 31 décembre, de 1997 à 2004
24;37;1136;1278;661;37;0;;;;;;;;;;;;;;;;;;;;;Bénéficiaires de la PSD (à domicile et en établissement) au 31 décembre, de 1997 à 2004
84;38;2257;2259;14;0;0;;;;;;;;;;;;;;;;;;;;;Bénéficiaires de la PSD (à domicile et en établissement) au 31 décembre, de 1997 à 2004
27;39;640;609;95;0;0;;;;;;;;;;;;;;;;;;;;;Bénéficiaires de la PSD (à domicile et en établissement) au 31 décembre, de 1997 à 2004
75;40;865;983;527;0;0;;;;;;;;;;;;;;;;;;;;;Bénéficiaires de la PSD (à domicile et en établissement) au 31 décembre, de 1997 à 2004
24;41;652;790;433;63;0;;;;;;;;;;;;;;;;;;;;;Bénéficiaires de la PSD (à domicile et en établissement) au 31 décembre, de 1997 à 2004
84;42;2353;3016;111;0;0;;;;;;;;;;;;;;;;;;;;;Bénéficiaires de la PSD (à domicile et en établissement) au 31 décembre, de 1997 à 2004
84;43;826;876;177;45;0;;;;;;;;;;;;;;;;;;;;;Bénéficiaires de la PSD (à domicile et en établissement) au 31 décembre, de 1997 à 2004
52;44;2813;2708;220;24;0;;;;;;;;;;;;;;;;;;;;;Bénéficiaires de la PSD (à domicile et en établissement) au 31 décembre, de 1997 à 2004
24;45;1019;1232;252;64;0;;;;;;;;;;;;;;;;;;;;;Bénéficiaires de la PSD (à domicile et en établissement) au 31 décembre, de 1997 à 2004
76;46;602;792;31;14;0;;;;;;;;;;;;;;;;;;;;;Bénéficiaires de la PSD (à domicile et en établissement) au 31 décembre, de 1997 à 2004
75;47;1091;1253;46;14;0;;;;;;;;;;;;;;;;;;;;;Bénéficiaires de la PSD (à domicile et en établissement) au 31 décembre, de 1997 à 2004
76;48;338;318;0;0;0;;;;;;;;;;;;;;;;;;;;;Bénéficiaires de la PSD (à domicile et en établissement) au 31 décembre, de 1997 à 2004
52;49;2065;2592;347;4;0;;;;;;;;;;;;;;;;;;;;;Bénéficiaires de la PSD (à domicile et en établissement) au 31 décembre, de 1997 à 2004
28;50;2540;2902;626;2;0;;;;;;;;;;;;;;;;;;;;;Bénéficiaires de la PSD (à domicile et en établissement) au 31 décembre, de 1997 à 2004
44;51;1296;1301;626;105;0;;;;;;;;;;;;;;;;;;;;;Bénéficiaires de la PSD (à domicile et en établissement) au 31 décembre, de 1997 à 2004
44;52;655;677;98;102;0;;;;;;;;;;;;;;;;;;;;;Bénéficiaires de la PSD (à domicile et en établissement) au 31 décembre, de 1997 à 2004
52;53;1606;1811;131;0;0;;;;;;;;;;;;;;;;;;;;;Bénéficiaires de la PSD (à domicile et en établissement) au 31 décembre, de 1997 à 2004
44;54;1482;2121;382;59;0;;;;;;;;;;;;;;;;;;;;;Bénéficiaires de la PSD (à domicile et en établissement) au 31 décembre, de 1997 à 2004
44;55;265;282;4;0;0;;;;;;;;;;;;;;;;;;;;;Bénéficiaires de la PSD (à domicile et en établissement) au 31 décembre, de 1997 à 2004
53;56;1990;2361;443;21;0;;;;;;;;;;;;;;;;;;;;;Bénéficiaires de la PSD (à domicile et en établissement) au 31 décembre, de 1997 à 2004
44;57;1383;1626;269;56;0;;;;;;;;;;;;;;;;;;;;;Bénéficiaires de la PSD (à domicile et en établissement) au 31 décembre, de 1997 à 2004
27;58;764;903;101;2;0;;;;;;;;;;;;;;;;;;;;;Bénéficiaires de la PSD (à domicile et en établissement) au 31 décembre, de 1997 à 2004
32;59;5305;6567;5545;3211;53;;;;;;;;;;;;;;;;;;;;;Bénéficiaires de la PSD (à domicile et en établissement) au 31 décembre, de 1997 à 2004
32;60;674;775;0;0;0;;;;;;;;;;;;;;;;;;;;;Bénéficiaires de la PSD (à domicile et en établissement) au 31 décembre, de 1997 à 2004
28;61;1251;1526;334;0;0;;;;;;;;;;;;;;;;;;;;;Bénéficiaires de la PSD (à domicile et en établissement) au 31 décembre, de 1997 à 2004
32;62;3945;4733;2380;283;7;;;;;;;;;;;;;;;;;;;;;Bénéficiaires de la PSD (à domicile et en établissement) au 31 décembre, de 1997 à 2004
84;63;1391;1688;349;51;0;;;;;;;;;;;;;;;;;;;;;Bénéficiaires de la PSD (à domicile et en établissement) au 31 décembre, de 1997 à 2004
75;64;1894;2240;638;638;0;;;;;;;;;;;;;;;;;;;;;Bénéficiaires de la PSD (à domicile et en établissement) au 31 décembre, de 1997 à 2004
76;65;875;965;358;50;0;;;;;;;;;;;;;;;;;;;;;Bénéficiaires de la PSD (à domicile et en établissement) au 31 décembre, de 1997 à 2004
76;66;859;1041;12;0;0;;;;;;;;;;;;;;;;;;;;;Bénéficiaires de la PSD (à domicile et en établissement) au 31 décembre, de 1997 à 2004
44;67;1217;1307;472;333;2;;;;;;;;;;;;;;;;;;;;;Bénéficiaires de la PSD (à domicile et en établissement) au 31 décembre, de 1997 à 2004
44;68;680;716;61;17;0;;;;;;;;;;;;;;;;;;;;;Bénéficiaires de la PSD (à domicile et en établissement) au 31 décembre, de 1997 à 2004
84;69;2419;2687;679;96;0;;;;;;;;;;;;;;;;;;;;;Bénéficiaires de la PSD (à domicile et en établissement) au 31 décembre, de 1997 à 2004
27;70;478;520;1;0;0;;;;;;;;;;;;;;;;;;;;;Bénéficiaires de la PSD (à domicile et en établissement) au 31 décembre, de 1997 à 2004
27;71;1509;1891;532;37;0;;;;;;;;;;;;;;;;;;;;;Bénéficiaires de la PSD (à domicile et en établissement) au 31 décembre, de 1997 à 2004
52;72;1787;1749;328;53;0;;;;;;;;;;;;;;;;;;;;;Bénéficiaires de la PSD (à domicile et en établissement) au 31 décembre, de 1997 à 2004
84;73;825;801;0;0;0;;;;;;;;;;;;;;;;;;;;;Bénéficiaires de la PSD (à domicile et en établissement) au 31 décembre, de 1997 à 2004
84;74;819;806;0;0;0;;;;;;;;;;;;;;;;;;;;;Bénéficiaires de la PSD (à domicile et en établissement) au 31 décembre, de 1997 à 2004
11;75;1409;1625;719;50;1;;;;;;;;;;;;;;;;;;;;;Bénéficiaires de la PSD (à domicile et en établissement) au 31 décembre, de 1997 à 2004
28;76;3205;3854;1198;198;0;;;;;;;;;;;;;;;;;;;;;Bénéficiaires de la PSD (à domicile et en établissement) au 31 décembre, de 1997 à 2004
11;77;1214;1281;1060;200;0;;;;;;;;;;;;;;;;;;;;;Bénéficiaires de la PSD (à domicile et en établissement) au 31 décembre, de 1997 à 2004
11;78;913;984;213;54;0;;;;;;;;;;;;;;;;;;;;;Bénéficiaires de la PSD (à domicile et en établissement) au 31 décembre, de 1997 à 2004
75;79;1430;1531;1026;436;0;;;;;;;;;;;;;;;;;;;;;Bénéficiaires de la PSD (à domicile et en établissement) au 31 décembre, de 1997 à 2004
32;80;1823;2150;266;0;0;;;;;;;;;;;;;;;;;;;;;Bénéficiaires de la PSD (à domicile et en établissement) au 31 décembre, de 1997 à 2004
76;81;1028;1298;129;0;0;;;;;;;;;;;;;;;;;;;;;Bénéficiaires de la PSD (à domicile et en établissement) au 31 décembre, de 1997 à 2004
76;82;629;762;13;0;0;;;;;;;;;;;;;;;;;;;;;Bénéficiaires de la PSD (à domicile et en établissement) au 31 décembre, de 1997 à 2004
93;83;1511;2112;719;583;0;;;;;;;;;;;;;;;;;;;;;Bénéficiaires de la PSD (à domicile et en établissement) au 31 décembre, de 1997 à 2004
93;84;948;1087;300;10;0;;;;;;;;;;;;;;;;;;;;;Bénéficiaires de la PSD (à domicile et en établissement) au 31 décembre, de 1997 à 2004
52;85;1231;1444;167;44;0;;;;;;;;;;;;;;;;;;;;;Bénéficiaires de la PSD (à domicile et en établissement) au 31 décembre, de 1997 à 2004
75;86;874;828;160;39;0;;;;;;;;;;;;;;;;;;;;;Bénéficiaires de la PSD (à domicile et en établissement) au 31 décembre, de 1997 à 2004
75;87;1009;1277;331;50;0;;;;;;;;;;;;;;;;;;;;;Bénéficiaires de la PSD (à domicile et en établissement) au 31 décembre, de 1997 à 2004
44;88;745;911;20;1;0;;;;;;;;;;;;;;;;;;;;;Bénéficiaires de la PSD (à domicile et en établissement) au 31 décembre, de 1997 à 2004
27;89;565;627;61;0;0;;;;;;;;;;;;;;;;;;;;;Bénéficiaires de la PSD (à domicile et en établissement) au 31 décembre, de 1997 à 2004
27;90;224;286;0;0;0;;;;;;;;;;;;;;;;;;;;;Bénéficiaires de la PSD (à domicile et en établissement) au 31 décembre, de 1997 à 2004
11;91;649;969;405;62;0;;;;;;;;;;;;;;;;;;;;;Bénéficiaires de la PSD (à domicile et en établissement) au 31 décembre, de 1997 à 2004
11;92;1362;1709;374;95;0;;;;;;;;;;;;;;;;;;;;;Bénéficiaires de la PSD (à domicile et en établissement) au 31 décembre, de 1997 à 2004
11;93;1198;1585;273;0;0;;;;;;;;;;;;;;;;;;;;;Bénéficiaires de la PSD (à domicile et en établissement) au 31 décembre, de 1997 à 2004
11;94;871;1012;469;72;1;;;;;;;;;;;;;;;;;;;;;Bénéficiaires de la PSD (à domicile et en établissement) au 31 décembre, de 1997 à 2004
11;95;782;1001;180;3;0;;;;;;;;;;;;;;;;;;;;;Bénéficiaires de la PSD (à domicile et en établissement) au 31 décembre, de 1997 à 2004
101;971;2263;3398;4056;0;0;;;;;;;;;;;;;;;;;;;;;Bénéficiaires de la PSD (à domicile et en établissement) au 31 décembre, de 1997 à 2004
102;972;2059;2366;1312;0;0;;;;;;;;;;;;;;;;;;;;;Bénéficiaires de la PSD (à domicile et en établissement) au 31 décembre, de 1997 à 2004
103;973;62;40;97;70;0;;;;;;;;;;;;;;;;;;;;;Bénéficiaires de la PSD (à domicile et en établissement) au 31 décembre, de 1997 à 2004
104;974;2888;3409;2370;112;0;;;;;;;;;;;;;;;;;;;;;Bénéficiaires de la PSD (à domicile et en établissement) au 31 décembre, de 1997 à 2004
84;1;221;298;120;0;0;;;;;;;;;;;;;;;;;;;;;Bénéficiaires de la PSD à domicile, au 31 décembre, de 1997 à 2004
32;2;734;769;143;12;0;;;;;;;;;;;;;;;;;;;;;Bénéficiaires de la PSD à domicile, au 31 décembre, de 1997 à 2004
84;3;504;512;170;42;0;;;;;;;;;;;;;;;;;;;;;Bénéficiaires de la PSD à domicile, au 31 décembre, de 1997 à 2004
93;4;149;172;67;38;0;;;;;;;;;;;;;;;;;;;;;Bénéficiaires de la PSD à domicile, au 31 décembre, de 1997 à 2004
93;5;178;28;8;25;0;;;;;;;;;;;;;;;;;;;;;Bénéficiaires de la PSD à domicile, au 31 décembre, de 1997 à 2004
93;6;564;704;221;3;0;;;;;;;;;;;;;;;;;;;;;Bénéficiaires de la PSD à domicile, au 31 décembre, de 1997 à 2004
84;7;361;251;121;0;0;;;;;;;;;;;;;;;;;;;;;Bénéficiaires de la PSD à domicile, au 31 décembre, de 1997 à 2004
44;8;378;419;194;57;0;;;;;;;;;;;;;;;;;;;;;Bénéficiaires de la PSD à domicile, au 31 décembre, de 1997 à 2004
76;9;340;338;107;47;0;;;;;;;;;;;;;;;;;;;;;Bénéficiaires de la PSD à domicile, au 31 décembre, de 1997 à 2004
44;10;256;353;0;0;0;;;;;;;;;;;;;;;;;;;;;Bénéficiaires de la PSD à domicile, au 31 décembre, de 1997 à 2004
76;11;820;903;0;0;0;;;;;;;;;;;;;;;;;;;;;Bénéficiaires de la PSD à domicile, au 31 décembre, de 1997 à 2004
76;12;617;644;155;0;0;;;;;;;;;;;;;;;;;;;;;Bénéficiaires de la PSD à domicile, au 31 décembre, de 1997 à 2004
93;13;1322;1828;500;0;0;;;;;;;;;;;;;;;;;;;;;Bénéficiaires de la PSD à domicile, au 31 décembre, de 1997 à 2004
28;14;1139;1226;474;55;0;;;;;;;;;;;;;;;;;;;;;Bénéficiaires de la PSD à domicile, au 31 décembre, de 1997 à 2004
84;15;345;391;183;30;0;;;;;;;;;;;;;;;;;;;;;Bénéficiaires de la PSD à domicile, au 31 décembre, de 1997 à 2004
75;16;820;986;580;364;0;;;;;;;;;;;;;;;;;;;;;Bénéficiaires de la PSD à domicile, au 31 décembre, de 1997 à 2004
75;17;1206;1309;107;0;0;;;;;;;;;;;;;;;;;;;;;Bénéficiaires de la PSD à domicile, au 31 décembre, de 1997 à 2004
24;18;308;331;187;0;0;;;;;;;;;;;;;;;;;;;;;Bénéficiaires de la PSD à domicile, au 31 décembre, de 1997 à 2004
75;19;551;638;11;0;0;;;;;;;;;;;;;;;;;;;;;Bénéficiaires de la PSD à domicile, au 31 décembre, de 1997 à 2004
94;20;1009;1108;421;80;80;;;;;;;;;;;;;;;;;;;;;Bénéficiaires de la PSD à domicile, au 31 décembre, de 1997 à 2004
27;21;376;408;9;0;0;;;;;;;;;;;;;;;;;;;;;Bénéficiaires de la PSD à domicile, au 31 décembre, de 1997 à 2004
53;22;709;778;0;0;0;;;;;;;;;;;;;;;;;;;;;Bénéficiaires de la PSD à domicile, au 31 décembre, de 1997 à 2004
75;23;559;689;203;0;0;;;;;;;;;;;;;;;;;;;;;Bénéficiaires de la PSD à domicile, au 31 décembre, de 1997 à 2004
75;24;1054;1108;327;43;0;;;;;;;;;;;;;;;;;;;;;Bénéficiaires de la PSD à domicile, au 31 décembre, de 1997 à 2004
27;25;379;476;107;24;0;;;;;;;;;;;;;;;;;;;;;Bénéficiaires de la PSD à domicile, au 31 décembre, de 1997 à 2004
84;26;400;381;182;56;1;;;;;;;;;;;;;;;;;;;;;Bénéficiaires de la PSD à domicile, au 31 décembre, de 1997 à 2004
28;27;720;1019;25;0;0;;;;;;;;;;;;;;;;;;;;;Bénéficiaires de la PSD à domicile, au 31 décembre, de 1997 à 2004
24;28;272;290;0;0;0;;;;;;;;;;;;;;;;;;;;;Bénéficiaires de la PSD à domicile, au 31 décembre, de 1997 à 2004
53;29;1347;1857;387;70;0;;;;;;;;;;;;;;;;;;;;;Bénéficiaires de la PSD à domicile, au 31 décembre, de 1997 à 2004
76;30;1185;1314;263;20;0;;;;;;;;;;;;;;;;;;;;;Bénéficiaires de la PSD à domicile, au 31 décembre, de 1997 à 2004
76;31;1537;1551;796;243;0;;;;;;;;;;;;;;;;;;;;;Bénéficiaires de la PSD à domicile, au 31 décembre, de 1997 à 2004
76;32;752;845;271;3;0;;;;;;;;;;;;;;;;;;;;;Bénéficiaires de la PSD à domicile, au 31 décembre, de 1997 à 2004
75;33;1673;2244;1033;1;0;;;;;;;;;;;;;;;;;;;;;Bénéficiaires de la PSD à domicile, au 31 décembre, de 1997 à 2004
76;34;1011;1258;614;43;0;;;;;;;;;;;;;;;;;;;;;Bénéficiaires de la PSD à domicile, au 31 décembre, de 1997 à 2004
53;35;501;794;342;1;0;;;;;;;;;;;;;;;;;;;;;Bénéficiaires de la PSD à domicile, au 31 décembre, de 1997 à 2004
24;36;443;507;232;76;0;;;;;;;;;;;;;;;;;;;;;Bénéficiaires de la PSD à domicile, au 31 décembre, de 1997 à 2004
24;37;483;560;287;37;0;;;;;;;;;;;;;;;;;;;;;Bénéficiaires de la PSD à domicile, au 31 décembre, de 1997 à 2004
84;38;909;976;0;0;0;;;;;;;;;;;;;;;;;;;;;Bénéficiaires de la PSD à domicile, au 31 décembre, de 1997 à 2004
27;39;202;222;56;0;0;;;;;;;;;;;;;;;;;;;;;Bénéficiaires de la PSD à domicile, au 31 décembre, de 1997 à 2004
75;40;704;836;516;0;0;;;;;;;;;;;;;;;;;;;;;Bénéficiaires de la PSD à domicile, au 31 décembre, de 1997 à 2004
24;41;309;353;154;53;0;;;;;;;;;;;;;;;;;;;;;Bénéficiaires de la PSD à domicile, au 31 décembre, de 1997 à 2004
84;42;617;863;3;0;0;;;;;;;;;;;;;;;;;;;;;Bénéficiaires de la PSD à domicile, au 31 décembre, de 1997 à 2004
84;43;355;377;111;26;0;;;;;;;;;;;;;;;;;;;;;Bénéficiaires de la PSD à domicile, au 31 décembre, de 1997 à 2004
52;44;554;623;172;5;0;;;;;;;;;;;;;;;;;;;;;Bénéficiaires de la PSD à domicile, au 31 décembre, de 1997 à 2004
24;45;468;545;161;38;0;;;;;;;;;;;;;;;;;;;;;Bénéficiaires de la PSD à domicile, au 31 décembre, de 1997 à 2004
76;46;371;479;31;14;0;;;;;;;;;;;;;;;;;;;;;Bénéficiaires de la PSD à domicile, au 31 décembre, de 1997 à 2004
75;47;532;646;36;12;0;;;;;;;;;;;;;;;;;;;;;Bénéficiaires de la PSD à domicile, au 31 décembre, de 1997 à 2004
76;48;96;124;0;0;0;;;;;;;;;;;;;;;;;;;;;Bénéficiaires de la PSD à domicile, au 31 décembre, de 1997 à 2004
52;49;623;882;120;0;0;;;;;;;;;;;;;;;;;;;;;Bénéficiaires de la PSD à domicile, au 31 décembre, de 1997 à 2004
28;50;1303;1447;596;0;0;;;;;;;;;;;;;;;;;;;;;Bénéficiaires de la PSD à domicile, au 31 décembre, de 1997 à 2004
44;51;513;538;307;68;0;;;;;;;;;;;;;;;;;;;;;Bénéficiaires de la PSD à domicile, au 31 décembre, de 1997 à 2004
44;52;192;175;49;31;0;;;;;;;;;;;;;;;;;;;;;Bénéficiaires de la PSD à domicile, au 31 décembre, de 1997 à 2004
52;53;277;375;124;0;0;;;;;;;;;;;;;;;;;;;;;Bénéficiaires de la PSD à domicile, au 31 décembre, de 1997 à 2004
44;54;676;954;361;47;0;;;;;;;;;;;;;;;;;;;;;Bénéficiaires de la PSD à domicile, au 31 décembre, de 1997 à 2004
44;55;117;119;0;0;0;;;;;;;;;;;;;;;;;;;;;Bénéficiaires de la PSD à domicile, au 31 décembre, de 1997 à 2004
53;56;840;970;408;21;0;;;;;;;;;;;;;;;;;;;;;Bénéficiaires de la PSD à domicile, au 31 décembre, de 1997 à 2004
44;57;816;933;197;24;0;;;;;;;;;;;;;;;;;;;;;Bénéficiaires de la PSD à domicile, au 31 décembre, de 1997 à 2004
27;58;441;522;80;2;0;;;;;;;;;;;;;;;;;;;;;Bénéficiaires de la PSD à domicile, au 31 décembre, de 1997 à 2004
32;59;3742;4551;3716;2100;44;;;;;;;;;;;;;;;;;;;;;Bénéficiaires de la PSD à domicile, au 31 décembre, de 1997 à 2004
32;60;341;362;0;0;0;;;;;;;;;;;;;;;;;;;;;Bénéficiaires de la PSD à domicile, au 31 décembre, de 1997 à 2004
28;61;673;814;240;0;0;;;;;;;;;;;;;;;;;;;;;Bénéficiaires de la PSD à domicile, au 31 décembre, de 1997 à 2004
32;62;2808;3360;2179;226;0;;;;;;;;;;;;;;;;;;;;;Bénéficiaires de la PSD à domicile, au 31 décembre, de 1997 à 2004
84;63;585;663;176;34;0;;;;;;;;;;;;;;;;;;;;;Bénéficiaires de la PSD à domicile, au 31 décembre, de 1997 à 2004
75;64;1297;1505;622;622;0;;;;;;;;;;;;;;;;;;;;;Bénéficiaires de la PSD à domicile, au 31 décembre, de 1997 à 2004
76;65;478;525;160;49;0;;;;;;;;;;;;;;;;;;;;;Bénéficiaires de la PSD à domicile, au 31 décembre, de 1997 à 2004
76;66;576;671;9;0;0;;;;;;;;;;;;;;;;;;;;;Bénéficiaires de la PSD à domicile, au 31 décembre, de 1997 à 2004
44;67;742;765;430;316;2;;;;;;;;;;;;;;;;;;;;;Bénéficiaires de la PSD à domicile, au 31 décembre, de 1997 à 2004
44;68;224;210;57;17;0;;;;;;;;;;;;;;;;;;;;;Bénéficiaires de la PSD à domicile, au 31 décembre, de 1997 à 2004
84;69;720;799;357;70;0;;;;;;;;;;;;;;;;;;;;;Bénéficiaires de la PSD à domicile, au 31 décembre, de 1997 à 2004
27;70;236;235;0;0;0;;;;;;;;;;;;;;;;;;;;;Bénéficiaires de la PSD à domicile, au 31 décembre, de 1997 à 2004
27;71;618;739;339;24;0;;;;;;;;;;;;;;;;;;;;;Bénéficiaires de la PSD à domicile, au 31 décembre, de 1997 à 2004
52;72;755;738;328;53;0;;;;;;;;;;;;;;;;;;;;;Bénéficiaires de la PSD à domicile, au 31 décembre, de 1997 à 2004
84;73;352;359;0;0;0;;;;;;;;;;;;;;;;;;;;;Bénéficiaires de la PSD à domicile, au 31 décembre, de 1997 à 2004
84;74;410;417;0;0;0;;;;;;;;;;;;;;;;;;;;;Bénéficiaires de la PSD à domicile, au 31 décembre, de 1997 à 2004
11;75;788;963;568;50;1;;;;;;;;;;;;;;;;;;;;;Bénéficiaires de la PSD à domicile, au 31 décembre, de 1997 à 2004
28;76;2118;2586;1167;198;0;;;;;;;;;;;;;;;;;;;;;Bénéficiaires de la PSD à domicile, au 31 décembre, de 1997 à 2004
11;77;598;485;543;107;0;;;;;;;;;;;;;;;;;;;;;Bénéficiaires de la PSD à domicile, au 31 décembre, de 1997 à 2004
11;78;437;511;151;36;0;;;;;;;;;;;;;;;;;;;;;Bénéficiaires de la PSD à domicile, au 31 décembre, de 1997 à 2004
75;79;697;583;166;39;0;;;;;;;;;;;;;;;;;;;;;Bénéficiaires de la PSD à domicile, au 31 décembre, de 1997 à 2004
32;80;1031;1277;266;0;0;;;;;;;;;;;;;;;;;;;;;Bénéficiaires de la PSD à domicile, au 31 décembre, de 1997 à 2004
76;81;564;692;42;0;0;;;;;;;;;;;;;;;;;;;;;Bénéficiaires de la PSD à domicile, au 31 décembre, de 1997 à 2004
76;82;493;574;10;0;0;;;;;;;;;;;;;;;;;;;;;Bénéficiaires de la PSD à domicile, au 31 décembre, de 1997 à 2004
93;83;840;1146;342;283;0;;;;;;;;;;;;;;;;;;;;;Bénéficiaires de la PSD à domicile, au 31 décembre, de 1997 à 2004
93;84;496;552;133;2;0;;;;;;;;;;;;;;;;;;;;;Bénéficiaires de la PSD à domicile, au 31 décembre, de 1997 à 2004
52;85;364;420;112;27;0;;;;;;;;;;;;;;;;;;;;;Bénéficiaires de la PSD à domicile, au 31 décembre, de 1997 à 2004
75;86;436;438;159;39;0;;;;;;;;;;;;;;;;;;;;;Bénéficiaires de la PSD à domicile, au 31 décembre, de 1997 à 2004
75;87;473;628;271;44;0;;;;;;;;;;;;;;;;;;;;;Bénéficiaires de la PSD à domicile, au 31 décembre, de 1997 à 2004
44;88;258;353;10;1;0;;;;;;;;;;;;;;;;;;;;;Bénéficiaires de la PSD à domicile, au 31 décembre, de 1997 à 2004
27;89;219;232;61;0;0;;;;;;;;;;;;;;;;;;;;;Bénéficiaires de la PSD à domicile, au 31 décembre, de 1997 à 2004
27;90;125;178;0;0;0;;;;;;;;;;;;;;;;;;;;;Bénéficiaires de la PSD à domicile, au 31 décembre, de 1997 à 2004
11;91;265;451;188;0;0;;;;;;;;;;;;;;;;;;;;;Bénéficiaires de la PSD à domicile, au 31 décembre, de 1997 à 2004
11;92;755;996;220;89;0;;;;;;;;;;;;;;;;;;;;;Bénéficiaires de la PSD à domicile, au 31 décembre, de 1997 à 2004
11;93;728;975;228;0;0;;;;;;;;;;;;;;;;;;;;;Bénéficiaires de la PSD à domicile, au 31 décembre, de 1997 à 2004
11;94;465;552;366;55;1;;;;;;;;;;;;;;;;;;;;;Bénéficiaires de la PSD à domicile, au 31 décembre, de 1997 à 2004
11;95;444;595;139;1;0;;;;;;;;;;;;;;;;;;;;;Bénéficiaires de la PSD à domicile, au 31 décembre, de 1997 à 2004
101;971;2263;3372;3332;0;0;;;;;;;;;;;;;;;;;;;;;Bénéficiaires de la PSD à domicile, au 31 décembre, de 1997 à 2004
102;972;2040;2340;1288;0;0;;;;;;;;;;;;;;;;;;;;;Bénéficiaires de la PSD à domicile, au 31 décembre, de 1997 à 2004
103;973;62;40;97;70;0;;;;;;;;;;;;;;;;;;;;;Bénéficiaires de la PSD à domicile, au 31 décembre, de 1997 à 2004
104;974;2888;3404;2369;112;0;;;;;;;;;;;;;;;;;;;;;Bénéficiaires de la PSD à domicile, au 31 décembre, de 1997 à 2004
84;1;587;656;95;0;0;;;;;;;;;;;;;;;;;;;;;Bénéficiaires de la PSD en établissement, au 31 décembre, de 1997 à 2004
32;2;833;750;3;1;0;;;;;;;;;;;;;;;;;;;;;Bénéficiaires de la PSD en établissement, au 31 décembre, de 1997 à 2004
84;3;650;703;14;0;0;;;;;;;;;;;;;;;;;;;;;Bénéficiaires de la PSD en établissement, au 31 décembre, de 1997 à 2004
93;4;133;199;82;26;0;;;;;;;;;;;;;;;;;;;;;Bénéficiaires de la PSD en établissement, au 31 décembre, de 1997 à 2004
93;5;237;135;18;2;0;;;;;;;;;;;;;;;;;;;;;Bénéficiaires de la PSD en établissement, au 31 décembre, de 1997 à 2004
93;6;586;733;208;10;0;;;;;;;;;;;;;;;;;;;;;Bénéficiaires de la PSD en établissement, au 31 décembre, de 1997 à 2004
84;7;813;725;21;2;0;;;;;;;;;;;;;;;;;;;;;Bénéficiaires de la PSD en établissement, au 31 décembre, de 1997 à 2004
44;8;367;425;84;8;0;;;;;;;;;;;;;;;;;;;;;Bénéficiaires de la PSD en établissement, au 31 décembre, de 1997 à 2004
76;9;166;183;0;0;0;;;;;;;;;;;;;;;;;;;;;Bénéficiaires de la PSD en établissement, au 31 décembre, de 1997 à 2004
44;10;310;391;0;0;0;;;;;;;;;;;;;;;;;;;;;Bénéficiaires de la PSD en établissement, au 31 décembre, de 1997 à 2004
76;11;188;298;0;0;0;;;;;;;;;;;;;;;;;;;;;Bénéficiaires de la PSD en établissement, au 31 décembre, de 1997 à 2004
76;12;315;391;28;0;0;;;;;;;;;;;;;;;;;;;;;Bénéficiaires de la PSD en établissement, au 31 décembre, de 1997 à 2004
93;13;1403;1648;726;0;0;;;;;;;;;;;;;;;;;;;;;Bénéficiaires de la PSD en établissement, au 31 décembre, de 1997 à 2004
28;14;1088;1254;499;83;0;;;;;;;;;;;;;;;;;;;;;Bénéficiaires de la PSD en établissement, au 31 décembre, de 1997 à 2004
84;15;386;463;177;27;0;;;;;;;;;;;;;;;;;;;;;Bénéficiaires de la PSD en établissement, au 31 décembre, de 1997 à 2004
75;16;743;822;290;0;0;;;;;;;;;;;;;;;;;;;;;Bénéficiaires de la PSD en établissement, au 31 décembre, de 1997 à 2004
75;17;918;1089;14;0;0;;;;;;;;;;;;;;;;;;;;;Bénéficiaires de la PSD en établissement, au 31 décembre, de 1997 à 2004
24;18;424;402;0;0;0;;;;;;;;;;;;;;;;;;;;;Bénéficiaires de la PSD en établissement, au 31 décembre, de 1997 à 2004
75;19;489;516;8;0;0;;;;;;;;;;;;;;;;;;;;;Bénéficiaires de la PSD en établissement, au 31 décembre, de 1997 à 2004
94;20;180;213;24;5;0;;;;;;;;;;;;;;;;;;;;;Bénéficiaires de la PSD en établissement, au 31 décembre, de 1997 à 2004
27;21;444;463;1;0;0;;;;;;;;;;;;;;;;;;;;;Bénéficiaires de la PSD en établissement, au 31 décembre, de 1997 à 2004
53;22;1109;1451;12;3;0;;;;;;;;;;;;;;;;;;;;;Bénéficiaires de la PSD en établissement, au 31 décembre, de 1997 à 2004
75;23;429;508;67;242;0;;;;;;;;;;;;;;;;;;;;;Bénéficiaires de la PSD en établissement, au 31 décembre, de 1997 à 2004
75;24;463;523;69;154;0;;;;;;;;;;;;;;;;;;;;;Bénéficiaires de la PSD en établissement, au 31 décembre, de 1997 à 2004
27;25;396;461;30;4;0;;;;;;;;;;;;;;;;;;;;;Bénéficiaires de la PSD en établissement, au 31 décembre, de 1997 à 2004
84;26;400;455;60;147;12;;;;;;;;;;;;;;;;;;;;;Bénéficiaires de la PSD en établissement, au 31 décembre, de 1997 à 2004
28;27;610;801;0;0;0;;;;;;;;;;;;;;;;;;;;;Bénéficiaires de la PSD en établissement, au 31 décembre, de 1997 à 2004
24;28;428;515;0;0;0;;;;;;;;;;;;;;;;;;;;;Bénéficiaires de la PSD en établissement, au 31 décembre, de 1997 à 2004
53;29;2049;2073;348;51;0;;;;;;;;;;;;;;;;;;;;;Bénéficiaires de la PSD en établissement, au 31 décembre, de 1997 à 2004
76;30;574;669;99;0;0;;;;;;;;;;;;;;;;;;;;;Bénéficiaires de la PSD en établissement, au 31 décembre, de 1997 à 2004
76;31;1127;1283;453;201;0;;;;;;;;;;;;;;;;;;;;;Bénéficiaires de la PSD en établissement, au 31 décembre, de 1997 à 2004
76;32;395;472;78;0;0;;;;;;;;;;;;;;;;;;;;;Bénéficiaires de la PSD en établissement, au 31 décembre, de 1997 à 2004
75;33;1252;1832;352;2;0;;;;;;;;;;;;;;;;;;;;;Bénéficiaires de la PSD en établissement, au 31 décembre, de 1997 à 2004
76;34;942;1108;84;4;0;;;;;;;;;;;;;;;;;;;;;Bénéficiaires de la PSD en établissement, au 31 décembre, de 1997 à 2004
53;35;1515;1844;33;1;0;;;;;;;;;;;;;;;;;;;;;Bénéficiaires de la PSD en établissement, au 31 décembre, de 1997 à 2004
24;36;470;473;17;3;0;;;;;;;;;;;;;;;;;;;;;Bénéficiaires de la PSD en établissement, au 31 décembre, de 1997 à 2004
24;37;653;718;374;0;0;;;;;;;;;;;;;;;;;;;;;Bénéficiaires de la PSD en établissement, au 31 décembre, de 1997 à 2004
84;38;1348;1283;14;0;0;;;;;;;;;;;;;;;;;;;;;Bénéficiaires de la PSD en établissement, au 31 décembre, de 1997 à 2004
27;39;438;387;39;0;0;;;;;;;;;;;;;;;;;;;;;Bénéficiaires de la PSD en établissement, au 31 décembre, de 1997 à 2004
75;40;161;147;11;0;0;;;;;;;;;;;;;;;;;;;;;Bénéficiaires de la PSD en établissement, au 31 décembre, de 1997 à 2004
24;41;343;437;279;10;0;;;;;;;;;;;;;;;;;;;;;Bénéficiaires de la PSD en établissement, au 31 décembre, de 1997 à 2004
84;42;1736;2153;108;0;0;;;;;;;;;;;;;;;;;;;;;Bénéficiaires de la PSD en établissement, au 31 décembre, de 1997 à 2004
84;43;471;499;66;19;0;;;;;;;;;;;;;;;;;;;;;Bénéficiaires de la PSD en établissement, au 31 décembre, de 1997 à 2004
52;44;2259;2085;48;19;0;;;;;;;;;;;;;;;;;;;;;Bénéficiaires de la PSD en établissement, au 31 décembre, de 1997 à 2004
24;45;551;687;91;26;0;;;;;;;;;;;;;;;;;;;;;Bénéficiaires de la PSD en établissement, au 31 décembre, de 1997 à 2004
76;46;231;313;0;0;0;;;;;;;;;;;;;;;;;;;;;Bénéficiaires de la PSD en établissement, au 31 décembre, de 1997 à 2004
75;47;559;607;10;2;0;;;;;;;;;;;;;;;;;;;;;Bénéficiaires de la PSD en établissement, au 31 décembre, de 1997 à 2004
76;48;242;194;0;0;0;;;;;;;;;;;;;;;;;;;;;Bénéficiaires de la PSD en établissement, au 31 décembre, de 1997 à 2004
52;49;1442;1710;227;4;0;;;;;;;;;;;;;;;;;;;;;Bénéficiaires de la PSD en établissement, au 31 décembre, de 1997 à 2004
28;50;1237;1455;30;2;0;;;;;;;;;;;;;;;;;;;;;Bénéficiaires de la PSD en établissement, au 31 décembre, de 1997 à 2004
44;51;783;763;319;37;0;;;;;;;;;;;;;;;;;;;;;Bénéficiaires de la PSD en établissement, au 31 décembre, de 1997 à 2004
44;52;463;502;49;71;0;;;;;;;;;;;;;;;;;;;;;Bénéficiaires de la PSD en établissement, au 31 décembre, de 1997 à 2004
52;53;1329;1436;7;0;0;;;;;;;;;;;;;;;;;;;;;Bénéficiaires de la PSD en établissement, au 31 décembre, de 1997 à 2004
44;54;806;1167;21;12;0;;;;;;;;;;;;;;;;;;;;;Bénéficiaires de la PSD en établissement, au 31 décembre, de 1997 à 2004
44;55;148;163;4;0;0;;;;;;;;;;;;;;;;;;;;;Bénéficiaires de la PSD en établissement, au 31 décembre, de 1997 à 2004
53;56;1150;1391;35;0;0;;;;;;;;;;;;;;;;;;;;;Bénéficiaires de la PSD en établissement, au 31 décembre, de 1997 à 2004
44;57;567;693;72;32;0;;;;;;;;;;;;;;;;;;;;;Bénéficiaires de la PSD en établissement, au 31 décembre, de 1997 à 2004
27;58;323;381;21;0;0;;;;;;;;;;;;;;;;;;;;;Bénéficiaires de la PSD en établissement, au 31 décembre, de 1997 à 2004
32;59;1563;2016;1829;1111;9;;;;;;;;;;;;;;;;;;;;;Bénéficiaires de la PSD en établissement, au 31 décembre, de 1997 à 2004
32;60;333;413;0;0;0;;;;;;;;;;;;;;;;;;;;;Bénéficiaires de la PSD en établissement, au 31 décembre, de 1997 à 2004
28;61;578;712;94;0;0;;;;;;;;;;;;;;;;;;;;;Bénéficiaires de la PSD en établissement, au 31 décembre, de 1997 à 2004
32;62;1137;1373;201;57;7;;;;;;;;;;;;;;;;;;;;;Bénéficiaires de la PSD en établissement, au 31 décembre, de 1997 à 2004
84;63;806;1025;173;17;0;;;;;;;;;;;;;;;;;;;;;Bénéficiaires de la PSD en établissement, au 31 décembre, de 1997 à 2004
75;64;597;735;16;16;0;;;;;;;;;;;;;;;;;;;;;Bénéficiaires de la PSD en établissement, au 31 décembre, de 1997 à 2004
76;65;397;440;198;1;0;;;;;;;;;;;;;;;;;;;;;Bénéficiaires de la PSD en établissement, au 31 décembre, de 1997 à 2004
76;66;283;370;3;0;0;;;;;;;;;;;;;;;;;;;;;Bénéficiaires de la PSD en établissement, au 31 décembre, de 1997 à 2004
44;67;475;542;42;17;0;;;;;;;;;;;;;;;;;;;;;Bénéficiaires de la PSD en établissement, au 31 décembre, de 1997 à 2004
44;68;456;506;4;0;0;;;;;;;;;;;;;;;;;;;;;Bénéficiaires de la PSD en établissement, au 31 décembre, de 1997 à 2004
84;69;1699;1888;322;26;0;;;;;;;;;;;;;;;;;;;;;Bénéficiaires de la PSD en établissement, au 31 décembre, de 1997 à 2004
27;70;242;285;1;0;0;;;;;;;;;;;;;;;;;;;;;Bénéficiaires de la PSD en établissement, au 31 décembre, de 1997 à 2004
27;71;891;1152;193;13;0;;;;;;;;;;;;;;;;;;;;;Bénéficiaires de la PSD en établissement, au 31 décembre, de 1997 à 2004
52;72;1032;1011;0;0;0;;;;;;;;;;;;;;;;;;;;;Bénéficiaires de la PSD en établissement, au 31 décembre, de 1997 à 2004
84;73;473;442;0;0;0;;;;;;;;;;;;;;;;;;;;;Bénéficiaires de la PSD en établissement, au 31 décembre, de 1997 à 2004
84;74;409;389;0;0;0;;;;;;;;;;;;;;;;;;;;;Bénéficiaires de la PSD en établissement, au 31 décembre, de 1997 à 2004
11;75;621;662;151;0;0;;;;;;;;;;;;;;;;;;;;;Bénéficiaires de la PSD en établissement, au 31 décembre, de 1997 à 2004
28;76;1087;1268;31;0;0;;;;;;;;;;;;;;;;;;;;;Bénéficiaires de la PSD en établissement, au 31 décembre, de 1997 à 2004
11;77;616;796;517;93;0;;;;;;;;;;;;;;;;;;;;;Bénéficiaires de la PSD en établissement, au 31 décembre, de 1997 à 2004
11;78;476;473;63;18;0;;;;;;;;;;;;;;;;;;;;;Bénéficiaires de la PSD en établissement, au 31 décembre, de 1997 à 2004
75;79;733;948;860;397;0;;;;;;;;;;;;;;;;;;;;;Bénéficiaires de la PSD en établissement, au 31 décembre, de 1997 à 2004
32;80;792;873;0;0;0;;;;;;;;;;;;;;;;;;;;;Bénéficiaires de la PSD en établissement, au 31 décembre, de 1997 à 2004
76;81;464;606;87;0;0;;;;;;;;;;;;;;;;;;;;;Bénéficiaires de la PSD en établissement, au 31 décembre, de 1997 à 2004
76;82;136;188;3;0;0;;;;;;;;;;;;;;;;;;;;;Bénéficiaires de la PSD en établissement, au 31 décembre, de 1997 à 2004
93;83;671;966;377;300;0;;;;;;;;;;;;;;;;;;;;;Bénéficiaires de la PSD en établissement, au 31 décembre, de 1997 à 2004
93;84;452;535;167;8;0;;;;;;;;;;;;;;;;;;;;;Bénéficiaires de la PSD en établissement, au 31 décembre, de 1997 à 2004
52;85;867;1024;55;17;0;;;;;;;;;;;;;;;;;;;;;Bénéficiaires de la PSD en établissement, au 31 décembre, de 1997 à 2004
75;86;438;390;1;0;0;;;;;;;;;;;;;;;;;;;;;Bénéficiaires de la PSD en établissement, au 31 décembre, de 1997 à 2004
75;87;536;649;60;6;0;;;;;;;;;;;;;;;;;;;;;Bénéficiaires de la PSD en établissement, au 31 décembre, de 1997 à 2004
44;88;487;558;10;0;0;;;;;;;;;;;;;;;;;;;;;Bénéficiaires de la PSD en établissement, au 31 décembre, de 1997 à 2004
27;89;346;395;0;0;0;;;;;;;;;;;;;;;;;;;;;Bénéficiaires de la PSD en établissement, au 31 décembre, de 1997 à 2004
27;90;99;108;0;0;0;;;;;;;;;;;;;;;;;;;;;Bénéficiaires de la PSD en établissement, au 31 décembre, de 1997 à 2004
11;91;384;518;217;62;0;;;;;;;;;;;;;;;;;;;;;Bénéficiaires de la PSD en établissement, au 31 décembre, de 1997 à 2004
11;92;607;713;154;6;0;;;;;;;;;;;;;;;;;;;;;Bénéficiaires de la PSD en établissement, au 31 décembre, de 1997 à 2004
11;93;470;610;45;0;0;;;;;;;;;;;;;;;;;;;;;Bénéficiaires de la PSD en établissement, au 31 décembre, de 1997 à 2004
11;94;406;460;103;17;0;;;;;;;;;;;;;;;;;;;;;Bénéficiaires de la PSD en établissement, au 31 décembre, de 1997 à 2004
11;95;338;406;41;2;0;;;;;;;;;;;;;;;;;;;;;Bénéficiaires de la PSD en établissement, au 31 décembre, de 1997 à 2004
101;971;0;26;724;0;0;;;;;;;;;;;;;;;;;;;;;Bénéficiaires de la PSD en établissement, au 31 décembre, de 1997 à 2004
102;972;19;26;24;0;0;;;;;;;;;;;;;;;;;;;;;Bénéficiaires de la PSD en établissement, au 31 décembre, de 1997 à 2004
103;973;0;0;0;0;0;;;;;;;;;;;;;;;;;;;;;Bénéficiaires de la PSD en établissement, au 31 décembre, de 1997 à 2004
104;974;0;5;1;0;0;;;;;;;;;;;;;;;;;;;;;Bénéficiaires de la PSD en établissement, au 31 décembre, de 1997 à 2004
84;1;868;824;844;835;825;818;820;811;802;816;840;877;873;856;839;839;793;793;792;769;672;669;700;709;700;"Bénéficiaires (personnes âgées) de l'ASH en établissement, depuis 2000
Données au 31 décembre"
32;2;1010;935;1048;917;889;860;967;946;1008;1034;1047;1005;1044;1065;1030;1098;1118;1197;1233;1218;1640;1311;1126;1253;1295;"Bénéficiaires (personnes âgées) de l'ASH en établissement, depuis 2000
Données au 31 décembre"
84;3;1171;1103;1144;1034;1014;1002;1133;1092;1069;1079;1023;1024;1058;1032;1031;1083;1105;1088;1121;1183;1101;1043;1016;1053;1052;"Bénéficiaires (personnes âgées) de l'ASH en établissement, depuis 2000
Données au 31 décembre"
93;4;306;309;295;311;310;301;290;293;292;292;342;316;350;338;334;258;324;328;326;325;314;407;297;309;305;"Bénéficiaires (personnes âgées) de l'ASH en établissement, depuis 2000
Données au 31 décembre"
93;5;404;230;213;155;172;169;190;210;211;212;202;196;226;215;200;231;209;211;216;199;195;176;172;193;194;"Bénéficiaires (personnes âgées) de l'ASH en établissement, depuis 2000
Données au 31 décembre"
93;6;4336;4420;4487;4591;4618;4645;4673;4701;4729;4757;4785;4813;4842;4871;4900;4929;4959;5005;4761;4766;4844;4722;4970;5013;4951;"Bénéficiaires (personnes âgées) de l'ASH en établissement, depuis 2000
Données au 31 décembre"
84;7;605;780;835;831;812;705;720;880;770;776;810;854;893;903;914;903;922;934;923;925;893;889;929;968;879;"Bénéficiaires (personnes âgées) de l'ASH en établissement, depuis 2000
Données au 31 décembre"
44;8;467;467;454;410;406;426;439;460;451;384;383;483;419;471;431;456;481;489;663;599;496;545;577;576;577;"Bénéficiaires (personnes âgées) de l'ASH en établissement, depuis 2000
Données au 31 décembre"
76;9;376;427;393;416;420;435;441;364;395;450;595;512;519;480;514;469;483;484;505;511;501;535;456;463;366;"Bénéficiaires (personnes âgées) de l'ASH en établissement, depuis 2000
Données au 31 décembre"
44;10;796;815;784;768;652;731;709;738;734;721;716;722;733;650;670;680;706;698;688;677;653;653;625;629;646;"Bénéficiaires (personnes âgées) de l'ASH en établissement, depuis 2000
Données au 31 décembre"
76;11;845;940;816;751;750;745;804;742;731;773;807;883;876;921;826;835;776;695;606;569;552;523;549;571;540;"Bénéficiaires (personnes âgées) de l'ASH en établissement, depuis 2000
Données au 31 décembre"
76;12;724;890;797;730;853;824;863;896;944;1002;985;983;941;881;818;616;543;539;527;529;500;518;485;521;519;"Bénéficiaires (personnes âgées) de l'ASH en établissement, depuis 2000
Données au 31 décembre"
93;13;3601;3434;3271;3205;3425;3761;3416;3787;3982;3909;4034;3940;3838;3886;4094;4220;4263;4293;4306;4332;4287;4294;4300;4315;4342;"Bénéficiaires (personnes âgées) de l'ASH en établissement, depuis 2000
Données au 31 décembre"
28;14;1554;1706;1679;1608;1713;1613;1682;1685;1747;1652;1764;1542;1678;1716;1753;1762;1785;1691;1724;1707;1607;1582;1549;1528;1543;"Bénéficiaires (personnes âgées) de l'ASH en établissement, depuis 2000
Données au 31 décembre"
84;15;323;361;401;375;460;452;433;448;437;408;468;477;466;466;478;468;539;461;398;392;363;358;340;349;374;"Bénéficiaires (personnes âgées) de l'ASH en établissement, depuis 2000
Données au 31 décembre"
75;16;856;908;950;878;963;887;860;917;863;857;720;633;641;629;597;643;677;648;629;650;644;635;609;601;582;"Bénéficiaires (personnes âgées) de l'ASH en établissement, depuis 2000
Données au 31 décembre"
75;17;1008;1025;992;1048;1116;1089;1221;1359;1262;1364;1266;1214;1210;1120;1173;1103;1087;1082;1051;1013;983;940;947;1019;1041;"Bénéficiaires (personnes âgées) de l'ASH en établissement, depuis 2000
Données au 31 décembre"
24;18;540;462;508;468;533;574;585;627;693;742;756;746;713;648;587;579;535;514;547;505;459;460;458;475;483;"Bénéficiaires (personnes âgées) de l'ASH en établissement, depuis 2000
Données au 31 décembre"
75;19;495;518;479;476;560;596;565;600;618;604;511;556;528;526;560;522;551;564;572;552;496;518;436;468;501;"Bénéficiaires (personnes âgées) de l'ASH en établissement, depuis 2000
Données au 31 décembre"
94;20;689;697;702;665;516;518;483;397;588;780;820;753;1036;1555;1341;1348;1532;1277;1350;1348;883;916;881;901;915;"Bénéficiaires (personnes âgées) de l'ASH en établissement, depuis 2000
Données au 31 décembre"
27;21;937;964;907;868;933;961;1042;1081;1145;1195;1260;1236;1240;1319;1311;1257;1292;1229;1443;1244;1112;1113;1083;1090;1096;"Bénéficiaires (personnes âgées) de l'ASH en établissement, depuis 2000
Données au 31 décembre"
53;22;1110;1041;993;991;1028;1034;1196;1227;1237;1393;1419;1404;1349;1324;1376;1438;1428;1502;1526;1494;1452;1515;1503;1507;1445;"Bénéficiaires (personnes âgées) de l'ASH en établissement, depuis 2000
Données au 31 décembre"
75;23;303;360;353;370;398;396;377;384;370;344;399;398;387;404;413;420;444;461;446;411;408;375;356;341;322;"Bénéficiaires (personnes âgées) de l'ASH en établissement, depuis 2000
Données au 31 décembre"
75;24;1056;1081;1015;1090;1092;1065;1112;1063;1007;985;902;811;813;813;778;893;916;911;890;900;891;928;918;961;975;"Bénéficiaires (personnes âgées) de l'ASH en établissement, depuis 2000
Données au 31 décembre"
27;25;678;746;726;673;736;801;996;729;739;672;755;762;742;662;687;662;633;640;624;604;501;560;518;526;507;"Bénéficiaires (personnes âgées) de l'ASH en établissement, depuis 2000
Données au 31 décembre"
84;26;804;871;1027;807;1025;1054;832;887;918;1136;1224;1218;1194;956;1109;1117;1051;1055;1176;1199;1174;1178;1155;1127;1102;"Bénéficiaires (personnes âgées) de l'ASH en établissement, depuis 2000
Données au 31 décembre"
28;27;707;890;892;825;829;837;799;761;723;779;798;773;773;784;785;805;832;811;801;765;763;792;799;786;802;"Bénéficiaires (personnes âgées) de l'ASH en établissement, depuis 2000
Données au 31 décembre"
24;28;726;599;686;618;629;724;605;596;617;577;535;585;543;525;547;587;578;449;435;403;453;419;424;426;459;"Bénéficiaires (personnes âgées) de l'ASH en établissement, depuis 2000
Données au 31 décembre"
53;29;1789;1674;1786;1739;1721;1834;1960;1898;1752;1854;1779;1614;1511;1469;1403;1361;1183;1506;1323;1323;1204;1198;1139;1182;1202;"Bénéficiaires (personnes âgées) de l'ASH en établissement, depuis 2000
Données au 31 décembre"
76;30;1888;1647;1500;1504;1547;1754;1432;1423;1266;1430;1286;1529;1511;1633;1566;1641;1633;1661;1745;1657;1582;1574;1568;1615;1622;"Bénéficiaires (personnes âgées) de l'ASH en établissement, depuis 2000
Données au 31 décembre"
76;31;1254;1098;869;1073;925;924;946;1176;1016;1080;1097;1181;1281;1315;1265;1378;1314;1220;1414;1485;1444;1478;1584;1578;1689;"Bénéficiaires (personnes âgées) de l'ASH en établissement, depuis 2000
Données au 31 décembre"
76;32;473;499;478;486;485;468;449;512;709;651;793;786;710;886;924;995;461;442;378;595;507;381;488;414;487;"Bénéficiaires (personnes âgées) de l'ASH en établissement, depuis 2000
Données au 31 décembre"
75;33;2112;2892;1890;1916;1712;1690;1702;1637;1718;1740;1722;1712;1751;1769;1753;1768;1595;1366;1495;1602;1848;1705;1719;1862;1809;"Bénéficiaires (personnes âgées) de l'ASH en établissement, depuis 2000
Données au 31 décembre"
76;34;1391;1516;1368;1501;1509;1593;1319;1707;1765;1827;1897;1932;2013;2035;2057;2128;2096;2048;2079;2240;2210;2142;2170;2411;2410;"Bénéficiaires (personnes âgées) de l'ASH en établissement, depuis 2000
Données au 31 décembre"
53;35;1783;1633;1550;1687;1724;1731;1753;1692;1659;1570;1544;1543;1301;1533;1477;1445;1067;1316;1224;1229;1175;1139;1194;1114;1034;"Bénéficiaires (personnes âgées) de l'ASH en établissement, depuis 2000
Données au 31 décembre"
24;36;479;469;421;446;443;454;470;479;513;600;513;518;548;492;494;329;319;295;320;310;304;308;329;314;341;"Bénéficiaires (personnes âgées) de l'ASH en établissement, depuis 2000
Données au 31 décembre"
24;37;1240;982;938;951;901;906;827;854;871;940;925;1000;977;988;1007;982;1027;1131;1134;1142;1139;1140;1068;1103;1106;"Bénéficiaires (personnes âgées) de l'ASH en établissement, depuis 2000
Données au 31 décembre"
84;38;1805;1764;1717;1345;1776;1774;1558;1868;1925;1940;1925;1979;1924;1989;2017;1987;2092;2069;2109;2253;2093;2219;2211;2343;2367;"Bénéficiaires (personnes âgées) de l'ASH en établissement, depuis 2000
Données au 31 décembre"
27;39;566;587;547;582;556;530;437;427;431;398;378;363;379;385;383;402;399;405;388;386;364;343;340;343;374;"Bénéficiaires (personnes âgées) de l'ASH en établissement, depuis 2000
Données au 31 décembre"
75;40;1049;1097;1123;1062;1076;1109;1090;1084;1100;1092;1092;1074;1110;1084;1041;1114;1155;1161;1140;1138;1094;1092;1047;1053;1022;"Bénéficiaires (personnes âgées) de l'ASH en établissement, depuis 2000
Données au 31 décembre"
24;41;625;621;600;591;640;637;645;677;677;716;651;647;654;618;572;566;610;605;643;584;534;556;487;489;493;"Bénéficiaires (personnes âgées) de l'ASH en établissement, depuis 2000
Données au 31 décembre"
84;42;1355;1377;1445;1373;1539;1573;1627;1629;1687;1691;1674;1624;1524;1476;1415;1389;1369;1320;1316;1248;1132;1150;1160;1176;1144;"Bénéficiaires (personnes âgées) de l'ASH en établissement, depuis 2000
Données au 31 décembre"
84;43;533;502;513;517;514;522;488;514;509;602;473;519;519;520;539;521;546;546;547;543;495;542;486;483;520;"Bénéficiaires (personnes âgées) de l'ASH en établissement, depuis 2000
Données au 31 décembre"
52;44;2020;2056;2110;2115;2376;2463;2349;2269;2220;2059;1949;2102;2004;1994;1991;2001;1985;1985;2007;1984;1835;1763;1718;1725;1756;"Bénéficiaires (personnes âgées) de l'ASH en établissement, depuis 2000
Données au 31 décembre"
24;45;948;909;901;891;1003;950;989;971;816;723;645;629;633;570;608;622;615;596;608;607;582;590;537;494;522;"Bénéficiaires (personnes âgées) de l'ASH en établissement, depuis 2000
Données au 31 décembre"
76;46;390;415;429;455;479;464;513;468;467;520;518;533;478;412;399;412;422;437;462;446;424;439;466;464;505;"Bénéficiaires (personnes âgées) de l'ASH en établissement, depuis 2000
Données au 31 décembre"
75;47;700;692;705;743;744;739;748;755;766;748;755;781;764;758;748;760;808;800;816;803;814;800;819;830;852;"Bénéficiaires (personnes âgées) de l'ASH en établissement, depuis 2000
Données au 31 décembre"
76;48;371;363;317;333;394;339;343;365;339;280;302;264;243;229;229;226;229;201;195;195;188;227;189;151;136;"Bénéficiaires (personnes âgées) de l'ASH en établissement, depuis 2000
Données au 31 décembre"
52;49;1264;1438;1951;1727;1509;1643;1734;1731;1899;1858;1751;1831;1834;1915;1908;1958;2043;1997;2097;2044;1979;2044;1997;1982;2008;"Bénéficiaires (personnes âgées) de l'ASH en établissement, depuis 2000
Données au 31 décembre"
28;50;1436;1418;1409;1480;1440;1437;1455;1403;1374;1327;1208;1152;1119;992;1008;1042;978;917;929;1051;1032;1160;871;824;736;"Bénéficiaires (personnes âgées) de l'ASH en établissement, depuis 2000
Données au 31 décembre"
44;51;869;833;790;864;827;825;843;812;765;747;734;787;832;847;917;973;978;965;972;978;935;971;981;1065;1066;"Bénéficiaires (personnes âgées) de l'ASH en établissement, depuis 2000
Données au 31 décembre"
44;52;291;296;276;400;406;389;377;368;410;389;370;356;359;366;367;329;330;309;316;266;279;274;302;314;353;"Bénéficiaires (personnes âgées) de l'ASH en établissement, depuis 2000
Données au 31 décembre"
52;53;986;955;995;920;900;969;934;1011;935;960;968;911;794;792;791;711;679;653;622;636;612;567;531;467;488;"Bénéficiaires (personnes âgées) de l'ASH en établissement, depuis 2000
Données au 31 décembre"
44;54;985;948;904;828;855;835;851;876;858;851;863;897;896;881;874;867;904;990;1069;1125;1084;1136;1167;1153;1319;"Bénéficiaires (personnes âgées) de l'ASH en établissement, depuis 2000
Données au 31 décembre"
44;55;408;374;374;356;349;341;351;337;324;316;315;322;329;336;331;336;313;341;331;364;338;370;381;426;404;"Bénéficiaires (personnes âgées) de l'ASH en établissement, depuis 2000
Données au 31 décembre"
53;56;1056;1089;1149;1178;1215;1220;1322;1303;1153;1171;1192;1165;852;1169;1159;779;1227;1272;1213;1144;1095;1089;1041;1004;1075;"Bénéficiaires (personnes âgées) de l'ASH en établissement, depuis 2000
Données au 31 décembre"
44;57;1448;1367;1350;1292;1257;1253;1182;1247;1281;1234;1283;1315;1326;1391;1419;1493;1220;1576;1599;1687;1674;1713;1740;1826;1874;"Bénéficiaires (personnes âgées) de l'ASH en établissement, depuis 2000
Données au 31 décembre"
27;58;821;797;592;738;665;682;699;748;749;816;865;822;856;929;956;1013;1052;1065;1164;1044;977;948;992;999;1034;"Bénéficiaires (personnes âgées) de l'ASH en établissement, depuis 2000
Données au 31 décembre"
32;59;5066;5374;4882;5514;5418;5438;5123;5320;5116;5082;5140;5734;6092;6123;6066;5670;6031;6012;5986;6057;5650;5641;5583;5566;5372;"Bénéficiaires (personnes âgées) de l'ASH en établissement, depuis 2000
Données au 31 décembre"
32;60;976;1106;1033;976;929;887;1105;1157;1110;1273;1227;1251;989;895;838;852;850;841;866;863;809;768;798;794;845;"Bénéficiaires (personnes âgées) de l'ASH en établissement, depuis 2000
Données au 31 décembre"
28;61;896;895;946;849;881;823;835;938;961;986;1034;1060;1038;1015;1018;960;953;904;889;914;880;887;898;878;911;"Bénéficiaires (personnes âgées) de l'ASH en établissement, depuis 2000
Données au 31 décembre"
32;62;3144;3171;3303;3225;3201;3095;2834;3169;2948;2955;2935;3080;2848;2950;3075;3235;3405;3399;3265;1978;1882;1751;1804;1810;2021;"Bénéficiaires (personnes âgées) de l'ASH en établissement, depuis 2000
Données au 31 décembre"
84;63;1054;981;967;1149;1240;1309;1352;1349;1303;1253;1271;1323;1319;1318;1350;1368;1348;1328;1340;1362;1317;1344;1397;1377;1455;"Bénéficiaires (personnes âgées) de l'ASH en établissement, depuis 2000
Données au 31 décembre"
75;64;2020;1722;2016;1717;1688;1682;1799;1840;1993;2008;1732;1644;1595;1548;1526;1474;1316;1211;1293;1265;1241;1208;1126;1125;1112;"Bénéficiaires (personnes âgées) de l'ASH en établissement, depuis 2000
Données au 31 décembre"
76;65;803;836;829;857;849;915;861;905;960;958;910;927;935;903;893;907;879;739;720;783;757;787;743;775;771;"Bénéficiaires (personnes âgées) de l'ASH en établissement, depuis 2000
Données au 31 décembre"
76;66;665;672;589;619;648;679;723;707;716;714;713;673;634;628;622;611;599;727;713;746;769;732;715;725;836;"Bénéficiaires (personnes âgées) de l'ASH en établissement, depuis 2000
Données au 31 décembre"
44;67;1457;1439;1416;1506;1677;1417;1497;1513;1505;1494;1492;1651;1520;1535;1242;1176;2212;1641;1070;1006;1006;1143;1185;1181;1195;"Bénéficiaires (personnes âgées) de l'ASH en établissement, depuis 2000
Données au 31 décembre"
44;68;996;1042;954;1279;1145;1237;1225;1373;1313;1344;1387;857;786;800;812;804;759;721;732;712;709;742;727;724;696;"Bénéficiaires (personnes âgées) de l'ASH en établissement, depuis 2000
Données au 31 décembre"
84;69;3074;3010;2771;2631;2812;2878;2952;3001;3170;3080;3074;3145;3071;3262;3432;;;;;;;;;;;"Bénéficiaires (personnes âgées) de l'ASH en établissement, depuis 2000
Données au 31 décembre"
27;70;371;399;392;378;359;323;351;366;363;361;332;323;308;283;298;300;301;300;304;318;345;316;327;354;388;"Bénéficiaires (personnes âgées) de l'ASH en établissement, depuis 2000
Données au 31 décembre"
27;71;1232;1230;1151;1150;1155;1213;942;979;904;916;862;891;909;918;874;859;844;861;915;920;855;917;953;982;939;"Bénéficiaires (personnes âgées) de l'ASH en établissement, depuis 2000
Données au 31 décembre"
52;72;1012;989;865;800;878;918;1038;958;997;1054;1069;1100;1110;1150;1203;1265;1309;1316;1314;1366;1374;1426;1442;1403;1489;"Bénéficiaires (personnes âgées) de l'ASH en établissement, depuis 2000
Données au 31 décembre"
84;73;456;454;482;475;496;566;550;537;551;531;504;466;400;388;385;394;399;386;398;391;362;383;386;384;376;"Bénéficiaires (personnes âgées) de l'ASH en établissement, depuis 2000
Données au 31 décembre"
84;74;1069;861;805;774;773;719;684;649;587;614;633;614;587;596;664;662;692;738;737;706;638;640;613;618;623;"Bénéficiaires (personnes âgées) de l'ASH en établissement, depuis 2000
Données au 31 décembre"
11;75;7340;7158;6569;6184;6179;5957;5760;5850;5979;5834;5773;5508;5429;5451;4926;5971;5968;5985;5720;5710;5513;3737;3621;3460;3382;"Bénéficiaires (personnes âgées) de l'ASH en établissement, depuis 2000
Données au 31 décembre"
28;76;2898;2655;2350;2163;2271;2251;2219;2382;2455;2257;2538;2531;2574;2591;2412;2685;2548;2545;2560;2606;2466;2819;3025;3108;3352;"Bénéficiaires (personnes âgées) de l'ASH en établissement, depuis 2000
Données au 31 décembre"
11;77;1904;1595;1532;1917;1940;1904;1532;1506;1450;1402;1243;1241;1341;1351;1370;1329;1326;1245;1365;1302;1236;1307;1276;1235;1100;"Bénéficiaires (personnes âgées) de l'ASH en établissement, depuis 2000
Données au 31 décembre"
11;78;1423;1615;1624;1636;1224;1258;1370;1385;1541;1506;1544;1505;1445;1460;1397;1348;1326;1217;1154;1063;1053;992;923;930;800;"Bénéficiaires (personnes âgées) de l'ASH en établissement, depuis 2000
Données au 31 décembre"
75;79;615;619;622;716;743;786;706;778;794;811;873;837;814;759;725;692;644;604;629;644;654;630;626;634;622;"Bénéficiaires (personnes âgées) de l'ASH en établissement, depuis 2000
Données au 31 décembre"
32;80;996;1162;1222;1437;1426;1390;1162;1182;1451;1212;1298;1309;1320;1349;1360;1381;1386;1389;1350;1440;1220;1262;1275;1265;1298;"Bénéficiaires (personnes âgées) de l'ASH en établissement, depuis 2000
Données au 31 décembre"
76;81;625;688;681;667;601;609;593;611;627;658;690;691;779;805;646;624;559;598;586;541;544;459;472;532;528;"Bénéficiaires (personnes âgées) de l'ASH en établissement, depuis 2000
Données au 31 décembre"
76;82;435;441;471;486;413;439;437;437;424;457;489;511;514;542;524;518;516;446;435;403;409;407;405;391;400;"Bénéficiaires (personnes âgées) de l'ASH en établissement, depuis 2000
Données au 31 décembre"
93;83;1662;1653;1619;1439;1742;2063;2227;2118;2081;2201;2180;2341;2502;2559;2707;2818;2850;2804;2862;2849;2679;2636;2613;2738;2914;"Bénéficiaires (personnes âgées) de l'ASH en établissement, depuis 2000
Données au 31 décembre"
93;84;1172;1101;844;904;982;809;839;887;905;938;985;980;1002;973;979;991;970;904;892;902;878;914;837;942;1047;"Bénéficiaires (personnes âgées) de l'ASH en établissement, depuis 2000
Données au 31 décembre"
52;85;1285;1170;1158;1175;1135;1242;1298;1249;1202;1221;1338;1325;1344;1294;1282;1268;1242;1200;1223;1218;1281;1295;1329;1377;1447;"Bénéficiaires (personnes âgées) de l'ASH en établissement, depuis 2000
Données au 31 décembre"
75;86;753;675;594;555;648;596;620;662;643;675;746;666;645;641;611;602;587;578;579;549;557;521;555;595;626;"Bénéficiaires (personnes âgées) de l'ASH en établissement, depuis 2000
Données au 31 décembre"
75;87;805;780;738;740;748;742;748;776;687;670;579;656;548;482;483;441;480;539;553;574;528;664;653;663;673;"Bénéficiaires (personnes âgées) de l'ASH en établissement, depuis 2000
Données au 31 décembre"
44;88;633;590;793;722;745;724;752;771;763;780;805;785;752;718;717;697;705;688;740;752;719;774;841;849;842;"Bénéficiaires (personnes âgées) de l'ASH en établissement, depuis 2000
Données au 31 décembre"
27;89;782;802;766;747;804;768;761;760;775;832;837;862;919;946;1015;1096;1120;1160;1160;1172;1106;1088;1064;1107;1118;"Bénéficiaires (personnes âgées) de l'ASH en établissement, depuis 2000
Données au 31 décembre"
27;90;168;142;164;165;152;157;149;157;173;164;189;176;228;241;247;296;255;264;282;369;284;283;274;248;235;"Bénéficiaires (personnes âgées) de l'ASH en établissement, depuis 2000
Données au 31 décembre"
11;91;1084;1101;1090;1178;1283;1327;1460;1427;1394;1463;1421;1538;1498;1309;1327;1421;1341;1239;1177;1433;1379;1371;1380;1400;1388;"Bénéficiaires (personnes âgées) de l'ASH en établissement, depuis 2000
Données au 31 décembre"
11;92;2772;2669;2533;2351;2427;2548;2495;2577;2620;2650;2693;2585;2532;2613;2656;2566;2533;2488;2329;2139;2435;2471;2472;2478;2396;"Bénéficiaires (personnes âgées) de l'ASH en établissement, depuis 2000
Données au 31 décembre"
11;93;2658;2650;2135;2414;2625;2272;2513;2285;2449;2476;2586;2553;2651;2578;2605;2512;2589;2516;2435;2431;2146;2248;2218;2141;2007;"Bénéficiaires (personnes âgées) de l'ASH en établissement, depuis 2000
Données au 31 décembre"
11;94;1954;1856;1809;1660;1946;1852;1897;1748;1940;1870;1934;1845;1778;1795;1821;1704;1726;1685;1640;1640;1628;1593;1618;1661;1536;"Bénéficiaires (personnes âgées) de l'ASH en établissement, depuis 2000
Données au 31 décembre"
11;95;1376;1359;1488;1401;1429;1503;1517;1513;1537;1515;1469;1468;1458;1462;1506;1506;1456;1450;1460;1504;1389;1439;1450;1469;1535;"Bénéficiaires (personnes âgées) de l'ASH en établissement, depuis 2000
Données au 31 décembre"
101;971;441;798;724;152;604;649;559;588;519;579;558;540;675;730;760;894;930;921;862;898;906;882;819;862;1014;"Bénéficiaires (personnes âgées) de l'ASH en établissement, depuis 2000
Données au 31 décembre"
102;972;1108;1041;1042;1016;1034;1079;1080;1078;1083;1100;1402;1286;1300;1413;1401;1458;1669;1434;1334;1332;1629;1622;1583;1317;1051;"Bénéficiaires (personnes âgées) de l'ASH en établissement, depuis 2000
Données au 31 décembre"
103;973;158;153;117;156;145;165;147;144;129;153;175;204;180;215;230;254;241;206;237;237;229;242;237;227;228;"Bénéficiaires (personnes âgées) de l'ASH en établissement, depuis 2000
Données au 31 décembre"
104;974;1064;912;849;760;661;1068;1034;999;1025;1020;1507;1619;1061;1051;1003;988;1007;1177;1207;1289;1390;1422;1567;1480;1393;"Bénéficiaires (personnes âgées) de l'ASH en établissement, depuis 2000
Données au 31 décembre"
84;1;;;;;;;;;;;;;;;;313;312;327;311;308;263;262;294;311;300;Bénéficiaires de l'ASH en EHPAD, depuis 2015
32;2;;;;;;;;;;;;;;;;998;1076;1122;1149;1139;1517;1226;1027;1226;1274;Bénéficiaires de l'ASH en EHPAD, depuis 2015
84;3;;;;;;;;;;;;;;;;1010;1032;1020;1044;1088;955;959;937;975;966;Bénéficiaires de l'ASH en EHPAD, depuis 2015
93;4;;;;;;;;;;;;;;;;237;314;318;316;315;304;394;287;283;279;Bénéficiaires de l'ASH en EHPAD, depuis 2015
93;5;;;;;;;;;;;;;;;;179;174;195;203;186;182;166;162;180;181;Bénéficiaires de l'ASH en EHPAD, depuis 2015
93;6;;;;;;;;;;;;;;;;4359;4166;4284;4020;3999;4065;3898;4050;4043;3949;Bénéficiaires de l'ASH en EHPAD, depuis 2015
84;7;;;;;;;;;;;;;;;;856;874;767;758;759;733;730;762;794;721;Bénéficiaires de l'ASH en EHPAD, depuis 2015
44;8;;;;;;;;;;;;;;;;73;88;111;196;188;86;98;104;116;118;Bénéficiaires de l'ASH en EHPAD, depuis 2015
76;9;;;;;;;;;;;;;;;;467;479;475;495;504;491;514;456;463;363;Bénéficiaires de l'ASH en EHPAD, depuis 2015
44;10;;;;;;;;;;;;;;;;624;650;643;638;625;597;614;597;592;606;Bénéficiaires de l'ASH en EHPAD, depuis 2015
76;11;;;;;;;;;;;;;;;;711;659;635;558;514;489;479;500;518;478;Bénéficiaires de l'ASH en EHPAD, depuis 2015
76;12;;;;;;;;;;;;;;;;561;482;479;475;475;440;459;433;470;464;Bénéficiaires de l'ASH en EHPAD, depuis 2015
93;13;;;;;;;;;;;;;;;;1789;1807;3814;3787;3812;3704;3659;3709;3722;3745;Bénéficiaires de l'ASH en EHPAD, depuis 2015
28;14;;;;;;;;;;;;;;;;1554;1656;1573;1601;1596;1499;1472;1452;1433;1447;Bénéficiaires de l'ASH en EHPAD, depuis 2015
84;15;;;;;;;;;;;;;;;;421;468;420;368;360;346;323;273;318;333;Bénéficiaires de l'ASH en EHPAD, depuis 2015
75;16;;;;;;;;;;;;;;;;561;579;554;539;555;551;541;517;513;492;Bénéficiaires de l'ASH en EHPAD, depuis 2015
75;17;;;;;;;;;;;;;;;;962;940;924;891;860;824;801;820;873;898;Bénéficiaires de l'ASH en EHPAD, depuis 2015
24;18;;;;;;;;;;;;;;;;515;491;471;493;459;414;410;411;432;442;Bénéficiaires de l'ASH en EHPAD, depuis 2015
75;19;;;;;;;;;;;;;;;;522;551;564;517;552;496;518;393;418;466;Bénéficiaires de l'ASH en EHPAD, depuis 2015
94;20;;;;;;;;;;;;;;;;1221;1379;1090;1153;908;623;627;803;824;839;Bénéficiaires de l'ASH en EHPAD, depuis 2015
27;21;;;;;;;;;;;;;;;;1200;1239;1147;1353;1176;1020;1027;1002;1048;1051;Bénéficiaires de l'ASH en EHPAD, depuis 2015
53;22;;;;;;;;;;;;;;;;1407;1390;1444;1469;1441;1396;1444;1439;1423;1368;Bénéficiaires de l'ASH en EHPAD, depuis 2015
75;23;;;;;;;;;;;;;;;;374;394;410;398;369;340;333;315;302;284;Bénéficiaires de l'ASH en EHPAD, depuis 2015
75;24;;;;;;;;;;;;;;;;839;862;854;841;859;850;887;888;922;931;Bénéficiaires de l'ASH en EHPAD, depuis 2015
27;25;;;;;;;;;;;;;;;;610;583;581;571;556;459;505;465;470;457;Bénéficiaires de l'ASH en EHPAD, depuis 2015
84;26;;;;;;;;;;;;;;;;919;964;970;1035;1050;991;1056;1037;1012;987;Bénéficiaires de l'ASH en EHPAD, depuis 2015
28;27;;;;;;;;;;;;;;;;754;789;755;754;721;721;758;762;744;757;Bénéficiaires de l'ASH en EHPAD, depuis 2015
24;28;;;;;;;;;;;;;;;;516;518;405;395;369;366;385;395;393;428;Bénéficiaires de l'ASH en EHPAD, depuis 2015
53;29;;;;;;;;;;;;;;;;1082;941;1198;1173;1236;1122;1157;1093;1135;1157;Bénéficiaires de l'ASH en EHPAD, depuis 2015
76;30;;;;;;;;;;;;;;;;1313;1315;1218;1263;1203;1125;1123;1116;1181;1146;Bénéficiaires de l'ASH en EHPAD, depuis 2015
76;31;;;;;;;;;;;;;;;;1205;1262;1174;1315;1366;1322;1343;1505;1522;1631;Bénéficiaires de l'ASH en EHPAD, depuis 2015
76;32;;;;;;;;;;;;;;;;834;273;268;350;553;455;353;445;369;423;Bénéficiaires de l'ASH en EHPAD, depuis 2015
75;33;;;;;;;;;;;;;;;;1534;1595;1366;1495;1451;1387;1580;1601;1721;1669;Bénéficiaires de l'ASH en EHPAD, depuis 2015
76;34;;;;;;;;;;;;;;;;1471;1635;1514;1506;1693;1547;1623;1549;1871;1907;Bénéficiaires de l'ASH en EHPAD, depuis 2015
53;35;;;;;;;;;;;;;;;;1410;1055;1288;1216;1214;1165;1130;1177;1099;1016;Bénéficiaires de l'ASH en EHPAD, depuis 2015
24;36;;;;;;;;;;;;;;;;311;304;277;298;287;277;287;310;298;327;Bénéficiaires de l'ASH en EHPAD, depuis 2015
24;37;;;;;;;;;;;;;;;;933;955;1048;1065;1065;1067;1065;1001;1034;969;Bénéficiaires de l'ASH en EHPAD, depuis 2015
84;38;;;;;;;;;;;;;;;;1622;1691;1648;1785;1895;1747;1847;1843;1955;1976;Bénéficiaires de l'ASH en EHPAD, depuis 2015
27;39;;;;;;;;;;;;;;;;381;377;385;369;365;348;288;286;293;321;Bénéficiaires de l'ASH en EHPAD, depuis 2015
75;40;;;;;;;;;;;;;;;;956;1017;1042;1027;1025;984;973;941;942;926;Bénéficiaires de l'ASH en EHPAD, depuis 2015
24;41;;;;;;;;;;;;;;;;527;575;571;619;554;500;520;451;453;457;Bénéficiaires de l'ASH en EHPAD, depuis 2015
84;42;;;;;;;;;;;;;;;;1317;1296;1243;1226;1155;1038;1044;1063;1080;1039;Bénéficiaires de l'ASH en EHPAD, depuis 2015
84;43;;;;;;;;;;;;;;;;435;456;456;508;506;456;479;449;446;480;Bénéficiaires de l'ASH en EHPAD, depuis 2015
52;44;;;;;;;;;;;;;;;;1815;1811;1802;1854;1856;1712;1657;1630;1634;1657;Bénéficiaires de l'ASH en EHPAD, depuis 2015
24;45;;;;;;;;;;;;;;;;559;545;535;548;548;483;514;480;436;452;Bénéficiaires de l'ASH en EHPAD, depuis 2015
76;46;;;;;;;;;;;;;;;;338;345;365;371;366;343;346;371;368;371;Bénéficiaires de l'ASH en EHPAD, depuis 2015
75;47;;;;;;;;;;;;;;;;721;761;758;777;763;764;759;777;789;814;Bénéficiaires de l'ASH en EHPAD, depuis 2015
76;48;;;;;;;;;;;;;;;;215;213;191;188;188;181;219;182;142;130;Bénéficiaires de l'ASH en EHPAD, depuis 2015
52;49;;;;;;;;;;;;;;;;1919;1994;1953;2050;1997;1938;1996;1947;1910;1914;Bénéficiaires de l'ASH en EHPAD, depuis 2015
28;50;;;;;;;;;;;;;;;;1000;934;838;797;735;676;1107;856;796;706;Bénéficiaires de l'ASH en EHPAD, depuis 2015
44;51;;;;;;;;;;;;;;;;894;900;891;906;905;863;890;904;984;987;Bénéficiaires de l'ASH en EHPAD, depuis 2015
44;52;;;;;;;;;;;;;;;;320;326;306;312;262;275;270;298;307;335;Bénéficiaires de l'ASH en EHPAD, depuis 2015
52;53;;;;;;;;;;;;;;;;665;630;607;579;597;579;536;499;442;456;Bénéficiaires de l'ASH en EHPAD, depuis 2015
44;54;;;;;;;;;;;;;;;;792;827;904;981;1042;1014;1057;1090;1075;1222;Bénéficiaires de l'ASH en EHPAD, depuis 2015
44;55;;;;;;;;;;;;;;;;292;272;296;290;313;274;298;307;339;316;Bénéficiaires de l'ASH en EHPAD, depuis 2015
53;56;;;;;;;;;;;;;;;;514;810;840;801;755;723;718;686;662;905;Bénéficiaires de l'ASH en EHPAD, depuis 2015
44;57;;;;;;;;;;;;;;;;1397;1133;1458;1485;1560;1563;1597;1618;1704;1743;Bénéficiaires de l'ASH en EHPAD, depuis 2015
27;58;;;;;;;;;;;;;;;;869;902;134;166;160;172;156;187;201;169;Bénéficiaires de l'ASH en EHPAD, depuis 2015
32;59;;;;;;;;;;;;;;;;4895;5200;5187;5174;5216;4866;4849;4778;4709;4475;Bénéficiaires de l'ASH en EHPAD, depuis 2015
32;60;;;;;;;;;;;;;;;;657;675;668;695;682;671;623;654;642;674;Bénéficiaires de l'ASH en EHPAD, depuis 2015
28;61;;;;;;;;;;;;;;;;932;921;874;857;880;847;855;862;841;877;Bénéficiaires de l'ASH en EHPAD, depuis 2015
32;62;;;;;;;;;;;;;;;;2799;2945;2916;2792;1703;1620;1507;1553;1535;1715;Bénéficiaires de l'ASH en EHPAD, depuis 2015
84;63;;;;;;;;;;;;;;;;1257;1241;1209;1217;1240;1199;1207;1278;1253;1325;Bénéficiaires de l'ASH en EHPAD, depuis 2015
75;64;;;;;;;;;;;;;;;;1317;1167;1072;1140;1115;1085;1057;983;976;946;Bénéficiaires de l'ASH en EHPAD, depuis 2015
76;65;;;;;;;;;;;;;;;;776;800;679;661;717;692;712;682;711;712;Bénéficiaires de l'ASH en EHPAD, depuis 2015
76;66;;;;;;;;;;;;;;;;521;510;640;629;639;662;628;613;622;737;Bénéficiaires de l'ASH en EHPAD, depuis 2015
44;67;;;;;;;;;;;;;;;;1042;1960;1454;948;891;880;1143;989;1011;1041;Bénéficiaires de l'ASH en EHPAD, depuis 2015
44;68;;;;;;;;;;;;;;;;729;688;656;662;651;639;664;651;659;630;Bénéficiaires de l'ASH en EHPAD, depuis 2015
84;69;;;;;;;;;;;;;;;;;;;;;;;;;;Bénéficiaires de l'ASH en EHPAD, depuis 2015
27;70;;;;;;;;;;;;;;;;286;289;280;282;298;323;294;299;323;350;Bénéficiaires de l'ASH en EHPAD, depuis 2015
27;71;;;;;;;;;;;;;;;;813;804;815;862;868;813;874;905;911;882;Bénéficiaires de l'ASH en EHPAD, depuis 2015
52;72;;;;;;;;;;;;;;;;1117;1156;1162;1160;1206;1213;1259;1273;1239;1315;Bénéficiaires de l'ASH en EHPAD, depuis 2015
84;73;;;;;;;;;;;;;;;;356;366;343;357;354;328;350;353;350;332;Bénéficiaires de l'ASH en EHPAD, depuis 2015
84;74;;;;;;;;;;;;;;;;549;584;622;632;609;540;542;509;516;522;Bénéficiaires de l'ASH en EHPAD, depuis 2015
11;75;;;;;;;;;;;;;;;;4599;4194;4206;4020;4569;4047;2781;2691;2544;2501;Bénéficiaires de l'ASH en EHPAD, depuis 2015
28;76;;;;;;;;;;;;;;;;2450;2305;2285;2297;2356;2226;2587;2745;2783;3011;Bénéficiaires de l'ASH en EHPAD, depuis 2015
11;77;;;;;;;;;;;;;;;;1135;1138;1077;1181;331;1150;1214;1185;1153;1024;Bénéficiaires de l'ASH en EHPAD, depuis 2015
11;78;;;;;;;;;;;;;;;;1119;1101;1017;978;931;934;891;834;851;729;Bénéficiaires de l'ASH en EHPAD, depuis 2015
75;79;;;;;;;;;;;;;;;;640;597;569;598;607;626;608;601;614;602;Bénéficiaires de l'ASH en EHPAD, depuis 2015
32;80;;;;;;;;;;;;;;;;1239;1251;1261;1219;1307;1107;1151;1162;1186;1185;Bénéficiaires de l'ASH en EHPAD, depuis 2015
76;81;;;;;;;;;;;;;;;;615;547;545;538;489;490;409;420;473;480;Bénéficiaires de l'ASH en EHPAD, depuis 2015
76;82;;;;;;;;;;;;;;;;504;504;435;424;393;399;367;367;351;364;Bénéficiaires de l'ASH en EHPAD, depuis 2015
93;83;;;;;;;;;;;;;;;;2209;520;530;530;539;2111;2047;1990;2036;2148;Bénéficiaires de l'ASH en EHPAD, depuis 2015
93;84;;;;;;;;;;;;;;;;851;833;777;766;775;755;786;720;811;902;Bénéficiaires de l'ASH en EHPAD, depuis 2015
52;85;;;;;;;;;;;;;;;;1108;1087;1045;1065;1044;1065;1079;1121;1140;1196;Bénéficiaires de l'ASH en EHPAD, depuis 2015
75;86;;;;;;;;;;;;;;;;541;536;530;528;501;510;476;509;550;583;Bénéficiaires de l'ASH en EHPAD, depuis 2015
75;87;;;;;;;;;;;;;;;;334;457;515;530;545;446;575;563;566;579;Bénéficiaires de l'ASH en EHPAD, depuis 2015
44;88;;;;;;;;;;;;;;;;671;678;663;710;720;693;749;811;812;807;Bénéficiaires de l'ASH en EHPAD, depuis 2015
27;89;;;;;;;;;;;;;;;;1093;1120;1160;1160;1121;1070;1051;1031;1077;1086;Bénéficiaires de l'ASH en EHPAD, depuis 2015
27;90;;;;;;;;;;;;;;;;250;223;214;235;318;237;234;228;207;198;Bénéficiaires de l'ASH en EHPAD, depuis 2015
11;91;;;;;;;;;;;;;;;;1133;1070;988;924;1146;1109;1115;1126;1137;1119;Bénéficiaires de l'ASH en EHPAD, depuis 2015
11;92;;;;;;;;;;;;;;;;2037;2015;1986;1847;1714;1989;2062;2068;2075;2004;Bénéficiaires de l'ASH en EHPAD, depuis 2015
11;93;;;;;;;;;;;;;;;;2280;2350;1979;1903;1901;1678;1961;1955;1895;1790;Bénéficiaires de l'ASH en EHPAD, depuis 2015
11;94;;;;;;;;;;;;;;;;1174;1205;1187;1161;1210;1232;1242;1267;1286;1196;Bénéficiaires de l'ASH en EHPAD, depuis 2015
11;95;;;;;;;;;;;;;;;;1124;1123;1105;1103;1131;1011;1088;1129;1139;1179;Bénéficiaires de l'ASH en EHPAD, depuis 2015
101;971;;;;;;;;;;;;;;;;649;737;728;693;708;764;723;713;745;884;Bénéficiaires de l'ASH en EHPAD, depuis 2015
102;972;;;;;;;;;;;;;;;;1285;1497;1272;1191;1194;1479;1622;1583;1317;1051;Bénéficiaires de l'ASH en EHPAD, depuis 2015
103;973;;;;;;;;;;;;;;;;210;216;182;216;216;196;201;185;212;213;Bénéficiaires de l'ASH en EHPAD, depuis 2015
104;974;;;;;;;;;;;;;;;;926;934;1065;854;1008;888;846;1441;1360;881;Bénéficiaires de l'ASH en EHPAD, depuis 2015
84;1;;;;;;;;;;;;;;;;455;442;433;442;433;386;384;369;365;370;Bénéficiaires de l'ASH en EHPA non EHPAD, depuis 2015
32;2;;;;;;;;;;;;;;;;4;3;0;0;1;0;0;1;0;0;Bénéficiaires de l'ASH en EHPA non EHPAD, depuis 2015
84;3;;;;;;;;;;;;;;;;0;0;0;0;0;0;0;0;0;0;Bénéficiaires de l'ASH en EHPA non EHPAD, depuis 2015
93;4;;;;;;;;;;;;;;;;0;0;0;0;0;0;0;0;0;0;Bénéficiaires de l'ASH en EHPA non EHPAD, depuis 2015
93;5;;;;;;;;;;;;;;;;15;0;0;0;0;0;0;0;0;0;Bénéficiaires de l'ASH en EHPA non EHPAD, depuis 2015
93;6;;;;;;;;;;;;;;;;0;0;32;30;32;0;65;0;0;0;Bénéficiaires de l'ASH en EHPA non EHPAD, depuis 2015
84;7;;;;;;;;;;;;;;;;39;40;0;0;0;0;0;0;0;0;Bénéficiaires de l'ASH en EHPA non EHPAD, depuis 2015
44;8;;;;;;;;;;;;;;;;356;352;337;162;142;169;154;158;147;167;Bénéficiaires de l'ASH en EHPA non EHPAD, depuis 2015
76;9;;;;;;;;;;;;;;;;0;0;0;0;0;0;1;0;0;0;Bénéficiaires de l'ASH en EHPA non EHPAD, depuis 2015
44;10;;;;;;;;;;;;;;;;0;0;0;0;0;0;0;0;0;0;Bénéficiaires de l'ASH en EHPA non EHPAD, depuis 2015
76;11;;;;;;;;;;;;;;;;0;0;0;0;0;0;0;0;0;0;Bénéficiaires de l'ASH en EHPA non EHPAD, depuis 2015
76;12;;;;;;;;;;;;;;;;0;0;0;0;0;0;0;0;0;0;Bénéficiaires de l'ASH en EHPA non EHPAD, depuis 2015
93;13;;;;;;;;;;;;;;;;82;83;0;0;0;0;0;0;0;0;Bénéficiaires de l'ASH en EHPA non EHPAD, depuis 2015
28;14;;;;;;;;;;;;;;;;71;0;0;0;0;0;0;0;0;0;Bénéficiaires de l'ASH en EHPA non EHPAD, depuis 2015
84;15;;;;;;;;;;;;;;;;16;13;2;0;0;0;0;5;5;5;Bénéficiaires de l'ASH en EHPA non EHPAD, depuis 2015
75;16;;;;;;;;;;;;;;;;0;0;0;0;0;0;0;0;0;0;Bénéficiaires de l'ASH en EHPA non EHPAD, depuis 2015
75;17;;;;;;;;;;;;;;;;39;48;58;55;52;57;52;52;48;48;Bénéficiaires de l'ASH en EHPA non EHPAD, depuis 2015
24;18;;;;;;;;;;;;;;;;0;0;0;0;39;0;0;0;0;0;Bénéficiaires de l'ASH en EHPA non EHPAD, depuis 2015
75;19;;;;;;;;;;;;;;;;0;0;0;0;0;0;0;0;0;0;Bénéficiaires de l'ASH en EHPA non EHPAD, depuis 2015
94;20;;;;;;;;;;;;;;;;47;54;0;0;0;0;0;0;0;0;Bénéficiaires de l'ASH en EHPA non EHPAD, depuis 2015
27;21;;;;;;;;;;;;;;;;44;44;0;48;0;0;0;0;0;0;Bénéficiaires de l'ASH en EHPA non EHPAD, depuis 2015
53;22;;;;;;;;;;;;;;;;1;2;4;2;1;0;1;0;0;0;Bénéficiaires de l'ASH en EHPA non EHPAD, depuis 2015
75;23;;;;;;;;;;;;;;;;0;0;0;0;0;0;0;0;0;0;Bénéficiaires de l'ASH en EHPA non EHPAD, depuis 2015
75;24;;;;;;;;;;;;;;;;0;0;0;0;0;0;0;0;0;0;Bénéficiaires de l'ASH en EHPA non EHPAD, depuis 2015
27;25;;;;;;;;;;;;;;;;7;8;9;6;3;1;0;0;0;0;Bénéficiaires de l'ASH en EHPA non EHPAD, depuis 2015
84;26;;;;;;;;;;;;;;;;82;84;84;85;89;77;55;47;46;47;Bénéficiaires de l'ASH en EHPA non EHPAD, depuis 2015
28;27;;;;;;;;;;;;;;;;0;0;0;0;0;0;0;0;0;0;Bénéficiaires de l'ASH en EHPA non EHPAD, depuis 2015
24;28;;;;;;;;;;;;;;;;0;0;0;0;0;0;0;0;0;0;Bénéficiaires de l'ASH en EHPA non EHPAD, depuis 2015
53;29;;;;;;;;;;;;;;;;50;43;55;45;0;0;0;0;0;0;Bénéficiaires de l'ASH en EHPA non EHPAD, depuis 2015
76;30;;;;;;;;;;;;;;;;269;253;241;250;237;254;259;250;233;277;Bénéficiaires de l'ASH en EHPA non EHPAD, depuis 2015
76;31;;;;;;;;;;;;;;;;0;0;0;41;49;50;60;60;56;58;Bénéficiaires de l'ASH en EHPA non EHPAD, depuis 2015
76;32;;;;;;;;;;;;;;;;38;138;136;0;0;0;0;0;0;14;Bénéficiaires de l'ASH en EHPA non EHPAD, depuis 2015
75;33;;;;;;;;;;;;;;;;70;0;0;0;0;0;0;0;0;0;Bénéficiaires de l'ASH en EHPA non EHPAD, depuis 2015
76;34;;;;;;;;;;;;;;;;507;51;149;164;183;238;109;108;81;92;Bénéficiaires de l'ASH en EHPA non EHPAD, depuis 2015
53;35;;;;;;;;;;;;;;;;0;0;0;0;0;0;0;0;0;0;Bénéficiaires de l'ASH en EHPA non EHPAD, depuis 2015
24;36;;;;;;;;;;;;;;;;0;0;0;0;0;0;0;0;0;0;Bénéficiaires de l'ASH en EHPA non EHPAD, depuis 2015
24;37;;;;;;;;;;;;;;;;5;7;13;5;5;2;2;1;0;0;Bénéficiaires de l'ASH en EHPA non EHPAD, depuis 2015
84;38;;;;;;;;;;;;;;;;0;0;0;0;0;0;0;0;0;0;Bénéficiaires de l'ASH en EHPA non EHPAD, depuis 2015
27;39;;;;;;;;;;;;;;;;1;0;0;0;0;0;0;0;0;0;Bénéficiaires de l'ASH en EHPA non EHPAD, depuis 2015
75;40;;;;;;;;;;;;;;;;0;0;0;0;0;0;9;9;9;8;Bénéficiaires de l'ASH en EHPA non EHPAD, depuis 2015
24;41;;;;;;;;;;;;;;;;0;0;0;0;0;0;0;0;0;0;Bénéficiaires de l'ASH en EHPA non EHPAD, depuis 2015
84;42;;;;;;;;;;;;;;;;19;19;23;13;17;13;11;9;9;9;Bénéficiaires de l'ASH en EHPA non EHPAD, depuis 2015
84;43;;;;;;;;;;;;;;;;20;21;21;0;0;0;0;0;0;0;Bénéficiaires de l'ASH en EHPA non EHPAD, depuis 2015
52;44;;;;;;;;;;;;;;;;7;6;7;0;0;8;5;6;6;2;Bénéficiaires de l'ASH en EHPA non EHPAD, depuis 2015
24;45;;;;;;;;;;;;;;;;1;2;1;1;1;1;1;0;0;0;Bénéficiaires de l'ASH en EHPA non EHPAD, depuis 2015
76;46;;;;;;;;;;;;;;;;0;0;0;0;0;0;0;0;0;0;Bénéficiaires de l'ASH en EHPA non EHPAD, depuis 2015
75;47;;;;;;;;;;;;;;;;0;0;0;0;0;0;0;0;0;1;Bénéficiaires de l'ASH en EHPA non EHPAD, depuis 2015
76;48;;;;;;;;;;;;;;;;0;0;0;0;0;0;0;0;0;0;Bénéficiaires de l'ASH en EHPA non EHPAD, depuis 2015
52;49;;;;;;;;;;;;;;;;0;0;0;0;0;0;0;0;0;0;Bénéficiaires de l'ASH en EHPA non EHPAD, depuis 2015
28;50;;;;;;;;;;;;;;;;14;13;11;13;21;18;0;0;10;12;Bénéficiaires de l'ASH en EHPA non EHPAD, depuis 2015
44;51;;;;;;;;;;;;;;;;0;0;0;0;0;0;0;0;0;0;Bénéficiaires de l'ASH en EHPA non EHPAD, depuis 2015
44;52;;;;;;;;;;;;;;;;0;0;0;0;0;0;0;0;0;0;Bénéficiaires de l'ASH en EHPA non EHPAD, depuis 2015
52;53;;;;;;;;;;;;;;;;0;0;0;0;0;0;0;0;0;0;Bénéficiaires de l'ASH en EHPA non EHPAD, depuis 2015
44;54;;;;;;;;;;;;;;;;0;0;0;0;0;0;0;0;0;0;Bénéficiaires de l'ASH en EHPA non EHPAD, depuis 2015
44;55;;;;;;;;;;;;;;;;0;0;0;0;0;0;0;0;0;0;Bénéficiaires de l'ASH en EHPA non EHPAD, depuis 2015
53;56;;;;;;;;;;;;;;;;21;33;34;32;30;29;29;28;27;0;Bénéficiaires de l'ASH en EHPA non EHPAD, depuis 2015
44;57;;;;;;;;;;;;;;;;0;0;0;0;0;0;0;0;0;0;Bénéficiaires de l'ASH en EHPA non EHPAD, depuis 2015
27;58;;;;;;;;;;;;;;;;39;41;790;782;720;700;696;700;709;622;Bénéficiaires de l'ASH en EHPA non EHPAD, depuis 2015
32;59;;;;;;;;;;;;;;;;3;2;2;2;1;1;1;1;1;1;Bénéficiaires de l'ASH en EHPA non EHPAD, depuis 2015
32;60;;;;;;;;;;;;;;;;0;0;0;2;8;7;7;7;5;4;Bénéficiaires de l'ASH en EHPA non EHPAD, depuis 2015
28;61;;;;;;;;;;;;;;;;0;0;0;0;0;0;0;0;0;0;Bénéficiaires de l'ASH en EHPA non EHPAD, depuis 2015
32;62;;;;;;;;;;;;;;;;0;0;0;0;0;0;0;0;0;0;Bénéficiaires de l'ASH en EHPA non EHPAD, depuis 2015
84;63;;;;;;;;;;;;;;;;0;0;0;0;0;0;0;0;0;0;Bénéficiaires de l'ASH en EHPA non EHPAD, depuis 2015
75;64;;;;;;;;;;;;;;;;0;0;0;0;0;0;0;0;0;0;Bénéficiaires de l'ASH en EHPA non EHPAD, depuis 2015
76;65;;;;;;;;;;;;;;;;35;0;0;0;0;0;0;0;0;0;Bénéficiaires de l'ASH en EHPA non EHPAD, depuis 2015
76;66;;;;;;;;;;;;;;;;24;24;0;0;0;0;0;0;0;3;Bénéficiaires de l'ASH en EHPA non EHPAD, depuis 2015
44;67;;;;;;;;;;;;;;;;0;0;0;0;0;0;0;51;31;31;Bénéficiaires de l'ASH en EHPA non EHPAD, depuis 2015
44;68;;;;;;;;;;;;;;;;0;0;0;0;0;0;0;0;0;0;Bénéficiaires de l'ASH en EHPA non EHPAD, depuis 2015
84;69;;;;;;;;;;;;;;;;0;0;0;;;;;;;;Bénéficiaires de l'ASH en EHPA non EHPAD, depuis 2015
27;70;;;;;;;;;;;;;;;;0;0;0;0;0;0;0;0;0;0;Bénéficiaires de l'ASH en EHPA non EHPAD, depuis 2015
27;71;;;;;;;;;;;;;;;;5;4;5;2;1;1;1;1;0;9;Bénéficiaires de l'ASH en EHPA non EHPAD, depuis 2015
52;72;;;;;;;;;;;;;;;;51;53;53;53;55;55;57;58;56;59;Bénéficiaires de l'ASH en EHPA non EHPAD, depuis 2015
84;73;;;;;;;;;;;;;;;;0;0;0;0;0;0;0;0;0;0;Bénéficiaires de l'ASH en EHPA non EHPAD, depuis 2015
84;74;;;;;;;;;;;;;;;;0;0;0;0;0;0;0;0;0;0;Bénéficiaires de l'ASH en EHPA non EHPAD, depuis 2015
11;75;;;;;;;;;;;;;;;;0;0;0;0;0;0;0;0;0;0;Bénéficiaires de l'ASH en EHPA non EHPAD, depuis 2015
28;76;;;;;;;;;;;;;;;;0;0;0;0;0;0;0;0;0;0;Bénéficiaires de l'ASH en EHPA non EHPAD, depuis 2015
11;77;;;;;;;;;;;;;;;;54;52;43;47;869;0;0;0;0;0;Bénéficiaires de l'ASH en EHPA non EHPAD, depuis 2015
11;78;;;;;;;;;;;;;;;;51;50;46;44;0;0;0;0;0;0;Bénéficiaires de l'ASH en EHPA non EHPAD, depuis 2015
75;79;;;;;;;;;;;;;;;;0;0;0;0;0;0;0;0;0;0;Bénéficiaires de l'ASH en EHPA non EHPAD, depuis 2015
32;80;;;;;;;;;;;;;;;;0;0;0;0;0;0;0;0;0;0;Bénéficiaires de l'ASH en EHPA non EHPAD, depuis 2015
76;81;;;;;;;;;;;;;;;;0;0;0;0;1;1;0;2;1;0;Bénéficiaires de l'ASH en EHPA non EHPAD, depuis 2015
76;82;;;;;;;;;;;;;;;;0;0;0;0;0;0;3;4;6;5;Bénéficiaires de l'ASH en EHPA non EHPAD, depuis 2015
93;83;;;;;;;;;;;;;;;;0;1723;1716;1766;1714;0;0;0;0;0;Bénéficiaires de l'ASH en EHPA non EHPAD, depuis 2015
93;84;;;;;;;;;;;;;;;;38;37;34;34;34;33;34;31;35;39;Bénéficiaires de l'ASH en EHPA non EHPAD, depuis 2015
52;85;;;;;;;;;;;;;;;;50;50;54;57;72;85;107;116;141;151;Bénéficiaires de l'ASH en EHPA non EHPAD, depuis 2015
75;86;;;;;;;;;;;;;;;;0;0;0;0;0;0;0;0;0;0;Bénéficiaires de l'ASH en EHPA non EHPAD, depuis 2015
75;87;;;;;;;;;;;;;;;;0;0;0;0;0;0;0;0;0;0;Bénéficiaires de l'ASH en EHPA non EHPAD, depuis 2015
44;88;;;;;;;;;;;;;;;;0;0;0;0;0;3;0;0;0;0;Bénéficiaires de l'ASH en EHPA non EHPAD, depuis 2015
27;89;;;;;;;;;;;;;;;;0;0;0;0;0;0;0;0;0;0;Bénéficiaires de l'ASH en EHPA non EHPAD, depuis 2015
27;90;;;;;;;;;;;;;;;;0;0;1;0;0;0;0;0;0;0;Bénéficiaires de l'ASH en EHPA non EHPAD, depuis 2015
11;91;;;;;;;;;;;;;;;;49;46;43;0;0;0;0;0;0;0;Bénéficiaires de l'ASH en EHPA non EHPAD, depuis 2015
11;92;;;;;;;;;;;;;;;;0;0;0;0;0;0;0;0;0;0;Bénéficiaires de l'ASH en EHPA non EHPAD, depuis 2015
11;93;;;;;;;;;;;;;;;;0;0;0;18;18;16;17;0;0;0;Bénéficiaires de l'ASH en EHPA non EHPAD, depuis 2015
11;94;;;;;;;;;;;;;;;;0;0;0;0;0;0;0;0;0;0;Bénéficiaires de l'ASH en EHPA non EHPAD, depuis 2015
11;95;;;;;;;;;;;;;;;;0;0;0;0;0;0;0;0;0;0;Bénéficiaires de l'ASH en EHPA non EHPAD, depuis 2015
101;971;;;;;;;;;;;;;;;;12;0;0;0;0;13;0;0;0;0;Bénéficiaires de l'ASH en EHPA non EHPAD, depuis 2015
102;972;;;;;;;;;;;;;;;;0;0;0;0;0;0;0;0;0;0;Bénéficiaires de l'ASH en EHPA non EHPAD, depuis 2015
103;973;;;;;;;;;;;;;;;;0;0;0;0;0;3;8;17;11;11;Bénéficiaires de l'ASH en EHPA non EHPAD, depuis 2015
104;974;;;;;;;;;;;;;;;;10;14;25;18;23;22;25;45;43;11;Bénéficiaires de l'ASH en EHPA non EHPAD, depuis 2015
84;1;;;;;;;;;;;;;;;;2;4;7;4;4;6;6;7;5;3;Bénéficiaires de l'ASH en résidence-autonomie, depuis 2015
32;2;;;;;;;;;;;;;;;;24;4;18;20;19;23;11;17;6;20;Bénéficiaires de l'ASH en résidence-autonomie, depuis 2015
84;3;;;;;;;;;;;;;;;;5;5;5;3;3;1;1;1;0;1;Bénéficiaires de l'ASH en résidence-autonomie, depuis 2015
93;4;;;;;;;;;;;;;;;;4;3;3;3;3;3;4;3;11;11;Bénéficiaires de l'ASH en résidence-autonomie, depuis 2015
93;5;;;;;;;;;;;;;;;;9;9;3;0;0;0;0;0;1;1;Bénéficiaires de l'ASH en résidence-autonomie, depuis 2015
93;6;;;;;;;;;;;;;;;;397;667;689;711;735;779;759;920;970;1002;Bénéficiaires de l'ASH en résidence-autonomie, depuis 2015
84;7;;;;;;;;;;;;;;;;8;8;147;145;146;141;140;147;153;139;Bénéficiaires de l'ASH en résidence-autonomie, depuis 2015
44;8;;;;;;;;;;;;;;;;3;0;0;48;41;26;27;29;30;28;Bénéficiaires de l'ASH en résidence-autonomie, depuis 2015
76;9;;;;;;;;;;;;;;;;2;4;4;5;3;4;6;0;0;2;Bénéficiaires de l'ASH en résidence-autonomie, depuis 2015
44;10;;;;;;;;;;;;;;;;17;16;13;16;14;13;8;7;7;8;Bénéficiaires de l'ASH en résidence-autonomie, depuis 2015
76;11;;;;;;;;;;;;;;;;1;0;0;0;6;0;0;4;5;6;Bénéficiaires de l'ASH en résidence-autonomie, depuis 2015
76;12;;;;;;;;;;;;;;;;2;3;7;5;4;4;7;7;8;9;Bénéficiaires de l'ASH en résidence-autonomie, depuis 2015
93;13;;;;;;;;;;;;;;;;365;369;479;519;520;583;635;591;593;597;Bénéficiaires de l'ASH en résidence-autonomie, depuis 2015
28;14;;;;;;;;;;;;;;;;0;0;1;1;1;0;0;0;0;0;Bénéficiaires de l'ASH en résidence-autonomie, depuis 2015
84;15;;;;;;;;;;;;;;;;0;14;10;11;15;3;11;44;8;12;Bénéficiaires de l'ASH en résidence-autonomie, depuis 2015
75;16;;;;;;;;;;;;;;;;38;46;42;41;48;51;54;47;44;38;Bénéficiaires de l'ASH en résidence-autonomie, depuis 2015
75;17;;;;;;;;;;;;;;;;3;5;6;6;7;7;6;4;5;6;Bénéficiaires de l'ASH en résidence-autonomie, depuis 2015
24;18;;;;;;;;;;;;;;;;5;6;6;9;7;10;9;5;6;7;Bénéficiaires de l'ASH en résidence-autonomie, depuis 2015
75;19;;;;;;;;;;;;;;;;0;0;0;0;0;0;0;6;4;7;Bénéficiaires de l'ASH en résidence-autonomie, depuis 2015
94;20;;;;;;;;;;;;;;;;10;10;93;98;207;97;0;0;0;0;Bénéficiaires de l'ASH en résidence-autonomie, depuis 2015
27;21;;;;;;;;;;;;;;;;13;9;48;7;50;46;40;42;42;45;Bénéficiaires de l'ASH en résidence-autonomie, depuis 2015
53;22;;;;;;;;;;;;;;;;20;21;21;22;25;27;29;34;44;38;Bénéficiaires de l'ASH en résidence-autonomie, depuis 2015
75;23;;;;;;;;;;;;;;;;11;11;11;12;12;13;13;13;12;11;Bénéficiaires de l'ASH en résidence-autonomie, depuis 2015
75;24;;;;;;;;;;;;;;;;0;0;0;0;0;0;0;0;0;0;Bénéficiaires de l'ASH en résidence-autonomie, depuis 2015
27;25;;;;;;;;;;;;;;;;37;33;41;26;14;5;5;2;1;1;Bénéficiaires de l'ASH en résidence-autonomie, depuis 2015
84;26;;;;;;;;;;;;;;;;113;0;0;53;56;58;63;68;64;64;Bénéficiaires de l'ASH en résidence-autonomie, depuis 2015
28;27;;;;;;;;;;;;;;;;1;1;2;0;0;0;0;0;0;0;Bénéficiaires de l'ASH en résidence-autonomie, depuis 2015
24;28;;;;;;;;;;;;;;;;18;1;1;1;1;1;1;1;3;3;Bénéficiaires de l'ASH en résidence-autonomie, depuis 2015
53;29;;;;;;;;;;;;;;;;0;0;0;24;30;32;41;46;47;45;Bénéficiaires de l'ASH en résidence-autonomie, depuis 2015
76;30;;;;;;;;;;;;;;;;53;55;63;76;81;80;78;82;99;96;Bénéficiaires de l'ASH en résidence-autonomie, depuis 2015
76;31;;;;;;;;;;;;;;;;47;0;0;0;0;0;0;0;0;0;Bénéficiaires de l'ASH en résidence-autonomie, depuis 2015
76;32;;;;;;;;;;;;;;;;9;9;9;6;10;6;5;4;6;3;Bénéficiaires de l'ASH en résidence-autonomie, depuis 2015
75;33;;;;;;;;;;;;;;;;4;0;0;0;0;0;4;4;0;4;Bénéficiaires de l'ASH en résidence-autonomie, depuis 2015
76;34;;;;;;;;;;;;;;;;40;37;35;36;43;28;14;40;56;75;Bénéficiaires de l'ASH en résidence-autonomie, depuis 2015
53;35;;;;;;;;;;;;;;;;35;12;28;8;15;10;9;9;8;16;Bénéficiaires de l'ASH en résidence-autonomie, depuis 2015
24;36;;;;;;;;;;;;;;;;5;2;1;1;0;0;0;0;0;0;Bénéficiaires de l'ASH en résidence-autonomie, depuis 2015
24;37;;;;;;;;;;;;;;;;5;9;12;16;14;14;22;13;15;38;Bénéficiaires de l'ASH en résidence-autonomie, depuis 2015
84;38;;;;;;;;;;;;;;;;168;201;216;219;218;221;234;237;260;275;Bénéficiaires de l'ASH en résidence-autonomie, depuis 2015
27;39;;;;;;;;;;;;;;;;20;22;20;19;21;16;19;23;22;22;Bénéficiaires de l'ASH en résidence-autonomie, depuis 2015
75;40;;;;;;;;;;;;;;;;0;0;0;0;0;0;0;0;0;0;Bénéficiaires de l'ASH en résidence-autonomie, depuis 2015
24;41;;;;;;;;;;;;;;;;3;4;8;7;6;7;4;3;4;4;Bénéficiaires de l'ASH en résidence-autonomie, depuis 2015
84;42;;;;;;;;;;;;;;;;51;50;48;50;50;52;63;62;67;75;Bénéficiaires de l'ASH en résidence-autonomie, depuis 2015
84;43;;;;;;;;;;;;;;;;2;2;2;2;2;2;2;2;2;2;Bénéficiaires de l'ASH en résidence-autonomie, depuis 2015
52;44;;;;;;;;;;;;;;;;7;8;10;10;0;11;12;13;17;23;Bénéficiaires de l'ASH en résidence-autonomie, depuis 2015
24;45;;;;;;;;;;;;;;;;1;3;3;3;3;3;5;7;5;8;Bénéficiaires de l'ASH en résidence-autonomie, depuis 2015
76;46;;;;;;;;;;;;;;;;37;37;41;55;48;52;63;69;75;94;Bénéficiaires de l'ASH en résidence-autonomie, depuis 2015
75;47;;;;;;;;;;;;;;;;1;2;2;2;2;2;2;1;2;0;Bénéficiaires de l'ASH en résidence-autonomie, depuis 2015
76;48;;;;;;;;;;;;;;;;0;0;0;0;0;0;0;0;0;0;Bénéficiaires de l'ASH en résidence-autonomie, depuis 2015
52;49;;;;;;;;;;;;;;;;39;49;44;47;47;41;48;50;72;0;Bénéficiaires de l'ASH en résidence-autonomie, depuis 2015
28;50;;;;;;;;;;;;;;;;14;20;18;16;12;14;20;15;18;18;Bénéficiaires de l'ASH en résidence-autonomie, depuis 2015
44;51;;;;;;;;;;;;;;;;2;2;2;3;4;4;5;4;4;4;Bénéficiaires de l'ASH en résidence-autonomie, depuis 2015
44;52;;;;;;;;;;;;;;;;9;4;3;2;2;2;2;2;5;16;Bénéficiaires de l'ASH en résidence-autonomie, depuis 2015
52;53;;;;;;;;;;;;;;;;16;14;14;13;11;12;11;10;8;6;Bénéficiaires de l'ASH en résidence-autonomie, depuis 2015
44;54;;;;;;;;;;;;;;;;0;0;0;0;0;0;0;0;0;0;Bénéficiaires de l'ASH en résidence-autonomie, depuis 2015
44;55;;;;;;;;;;;;;;;;3;0;0;0;0;3;7;9;12;15;Bénéficiaires de l'ASH en résidence-autonomie, depuis 2015
53;56;;;;;;;;;;;;;;;;59;93;96;92;87;83;83;79;76;5;Bénéficiaires de l'ASH en résidence-autonomie, depuis 2015
44;57;;;;;;;;;;;;;;;;0;0;0;0;0;0;0;0;0;0;Bénéficiaires de l'ASH en résidence-autonomie, depuis 2015
27;58;;;;;;;;;;;;;;;;18;19;40;45;43;43;42;44;37;32;Bénéficiaires de l'ASH en résidence-autonomie, depuis 2015
32;59;;;;;;;;;;;;;;;;414;421;420;429;449;445;437;479;520;543;Bénéficiaires de l'ASH en résidence-autonomie, depuis 2015
32;60;;;;;;;;;;;;;;;;16;4;4;5;3;4;4;3;5;6;Bénéficiaires de l'ASH en résidence-autonomie, depuis 2015
28;61;;;;;;;;;;;;;;;;0;0;0;0;0;0;0;0;0;0;Bénéficiaires de l'ASH en résidence-autonomie, depuis 2015
32;62;;;;;;;;;;;;;;;;211;248;269;270;229;218;203;209;152;171;Bénéficiaires de l'ASH en résidence-autonomie, depuis 2015
84;63;;;;;;;;;;;;;;;;16;18;17;20;20;19;22;21;27;25;Bénéficiaires de l'ASH en résidence-autonomie, depuis 2015
75;64;;;;;;;;;;;;;;;;72;79;71;76;78;73;71;75;80;93;Bénéficiaires de l'ASH en résidence-autonomie, depuis 2015
76;65;;;;;;;;;;;;;;;;1;2;4;4;4;3;2;2;4;5;Bénéficiaires de l'ASH en résidence-autonomie, depuis 2015
76;66;;;;;;;;;;;;;;;;1;1;1;2;2;1;2;2;2;1;Bénéficiaires de l'ASH en résidence-autonomie, depuis 2015
44;67;;;;;;;;;;;;;;;;0;0;0;0;0;0;0;0;0;0;Bénéficiaires de l'ASH en résidence-autonomie, depuis 2015
44;68;;;;;;;;;;;;;;;;0;0;0;0;0;0;0;0;0;0;Bénéficiaires de l'ASH en résidence-autonomie, depuis 2015
84;69;;;;;;;;;;;;;;;;0;0;0;;;;;;;;Bénéficiaires de l'ASH en résidence-autonomie, depuis 2015
27;70;;;;;;;;;;;;;;;;8;9;17;19;15;17;15;20;18;17;Bénéficiaires de l'ASH en résidence-autonomie, depuis 2015
27;71;;;;;;;;;;;;;;;;8;9;9;8;9;13;11;10;14;0;Bénéficiaires de l'ASH en résidence-autonomie, depuis 2015
52;72;;;;;;;;;;;;;;;;0;0;0;0;0;0;0;0;0;0;Bénéficiaires de l'ASH en résidence-autonomie, depuis 2015
84;73;;;;;;;;;;;;;;;;19;16;21;21;18;18;18;18;19;24;Bénéficiaires de l'ASH en résidence-autonomie, depuis 2015
84;74;;;;;;;;;;;;;;;;53;52;56;55;59;63;61;63;59;59;Bénéficiaires de l'ASH en résidence-autonomie, depuis 2015
11;75;;;;;;;;;;;;;;;;922;1333;1337;1278;1141;1466;951;928;911;876;Bénéficiaires de l'ASH en résidence-autonomie, depuis 2015
28;76;;;;;;;;;;;;;;;;20;21;21;18;15;17;20;25;27;33;Bénéficiaires de l'ASH en résidence-autonomie, depuis 2015
11;77;;;;;;;;;;;;;;;;16;19;19;21;17;21;30;29;32;31;Bénéficiaires de l'ASH en résidence-autonomie, depuis 2015
11;78;;;;;;;;;;;;;;;;29;28;24;24;24;27;19;21;17;15;Bénéficiaires de l'ASH en résidence-autonomie, depuis 2015
75;79;;;;;;;;;;;;;;;;1;1;0;0;0;0;0;0;0;0;Bénéficiaires de l'ASH en résidence-autonomie, depuis 2015
32;80;;;;;;;;;;;;;;;;17;19;18;19;20;19;21;27;5;36;Bénéficiaires de l'ASH en résidence-autonomie, depuis 2015
76;81;;;;;;;;;;;;;;;;9;12;13;14;14;40;14;14;17;14;Bénéficiaires de l'ASH en résidence-autonomie, depuis 2015
76;82;;;;;;;;;;;;;;;;10;9;8;8;7;10;9;9;5;5;Bénéficiaires de l'ASH en résidence-autonomie, depuis 2015
93;83;;;;;;;;;;;;;;;;410;406;404;424;465;438;461;486;554;618;Bénéficiaires de l'ASH en résidence-autonomie, depuis 2015
93;84;;;;;;;;;;;;;;;;33;32;30;30;30;29;30;27;30;33;Bénéficiaires de l'ASH en résidence-autonomie, depuis 2015
52;85;;;;;;;;;;;;;;;;1;1;0;0;0;0;0;0;0;19;Bénéficiaires de l'ASH en résidence-autonomie, depuis 2015
75;86;;;;;;;;;;;;;;;;0;0;0;0;0;0;0;0;0;0;Bénéficiaires de l'ASH en résidence-autonomie, depuis 2015
75;87;;;;;;;;;;;;;;;;19;23;24;23;29;82;89;90;97;94;Bénéficiaires de l'ASH en résidence-autonomie, depuis 2015
44;88;;;;;;;;;;;;;;;;0;0;0;0;0;0;0;0;0;0;Bénéficiaires de l'ASH en résidence-autonomie, depuis 2015
27;89;;;;;;;;;;;;;;;;3;0;0;0;7;6;5;5;6;6;Bénéficiaires de l'ASH en résidence-autonomie, depuis 2015
27;90;;;;;;;;;;;;;;;;0;0;2;0;2;2;1;0;0;0;Bénéficiaires de l'ASH en résidence-autonomie, depuis 2015
11;91;;;;;;;;;;;;;;;;68;64;59;121;129;125;129;137;153;167;Bénéficiaires de l'ASH en résidence-autonomie, depuis 2015
11;92;;;;;;;;;;;;;;;;232;222;220;215;192;217;216;217;225;233;Bénéficiaires de l'ASH en résidence-autonomie, depuis 2015
11;93;;;;;;;;;;;;;;;;232;239;211;226;226;200;199;198;186;180;Bénéficiaires de l'ASH en résidence-autonomie, depuis 2015
11;94;;;;;;;;;;;;;;;;123;135;120;123;119;130;117;128;137;125;Bénéficiaires de l'ASH en résidence-autonomie, depuis 2015
11;95;;;;;;;;;;;;;;;;162;145;145;161;180;194;198;190;209;231;Bénéficiaires de l'ASH en résidence-autonomie, depuis 2015
101;971;;;;;;;;;;;;;;;;0;6;10;11;23;0;0;9;9;10;Bénéficiaires de l'ASH en résidence-autonomie, depuis 2015
102;972;;;;;;;;;;;;;;;;23;22;22;16;16;0;0;0;0;0;Bénéficiaires de l'ASH en résidence-autonomie, depuis 2015
103;973;;;;;;;;;;;;;;;;0;0;0;0;0;0;0;0;0;0;Bénéficiaires de l'ASH en résidence-autonomie, depuis 2015
104;974;;;;;;;;;;;;;;;;0;0;0;1;2;0;0;0;0;0;Bénéficiaires de l'ASH en résidence-autonomie, depuis 2015
84;1;;;;;;;;;;;;;;;;41;35;26;35;24;17;17;30;28;27;Bénéficiaires de l'ASH en unité de soins de longue durée, depuis 2015
32;2;;;;;;;;;;;;;;;;72;35;56;61;59;100;74;76;21;1;Bénéficiaires de l'ASH en unité de soins de longue durée, depuis 2015
84;3;;;;;;;;;;;;;;;;68;68;63;74;92;87;83;78;78;85;Bénéficiaires de l'ASH en unité de soins de longue durée, depuis 2015
93;4;;;;;;;;;;;;;;;;5;7;7;7;7;7;9;7;15;15;Bénéficiaires de l'ASH en unité de soins de longue durée, depuis 2015
93;5;;;;;;;;;;;;;;;;28;26;13;13;13;13;10;10;12;12;Bénéficiaires de l'ASH en unité de soins de longue durée, depuis 2015
93;6;;;;;;;;;;;;;;;;173;126;0;0;0;0;0;0;0;0;Bénéficiaires de l'ASH en unité de soins de longue durée, depuis 2015
84;7;;;;;;;;;;;;;;;;0;0;20;20;20;19;19;20;21;19;Bénéficiaires de l'ASH en unité de soins de longue durée, depuis 2015
44;8;;;;;;;;;;;;;;;;0;8;5;216;204;215;266;286;283;264;Bénéficiaires de l'ASH en unité de soins de longue durée, depuis 2015
76;9;;;;;;;;;;;;;;;;0;0;5;5;4;6;14;0;0;1;Bénéficiaires de l'ASH en unité de soins de longue durée, depuis 2015
44;10;;;;;;;;;;;;;;;;39;40;42;34;38;43;31;21;30;32;Bénéficiaires de l'ASH en unité de soins de longue durée, depuis 2015
76;11;;;;;;;;;;;;;;;;123;117;51;48;49;45;44;45;48;56;Bénéficiaires de l'ASH en unité de soins de longue durée, depuis 2015
76;12;;;;;;;;;;;;;;;;53;58;53;47;50;56;52;45;43;46;Bénéficiaires de l'ASH en unité de soins de longue durée, depuis 2015
93;13;;;;;;;;;;;;;;;;1984;2004;0;0;0;0;0;0;0;0;Bénéficiaires de l'ASH en unité de soins de longue durée, depuis 2015
28;14;;;;;;;;;;;;;;;;137;129;117;122;110;108;110;97;95;96;Bénéficiaires de l'ASH en unité de soins de longue durée, depuis 2015
84;15;;;;;;;;;;;;;;;;31;44;29;19;17;14;24;18;18;24;Bénéficiaires de l'ASH en unité de soins de longue durée, depuis 2015
75;16;;;;;;;;;;;;;;;;44;52;52;49;47;42;40;45;44;52;Bénéficiaires de l'ASH en unité de soins de longue durée, depuis 2015
75;17;;;;;;;;;;;;;;;;99;94;94;99;94;95;81;71;93;89;Bénéficiaires de l'ASH en unité de soins de longue durée, depuis 2015
24;18;;;;;;;;;;;;;;;;59;38;37;45;0;35;41;42;37;34;Bénéficiaires de l'ASH en unité de soins de longue durée, depuis 2015
75;19;;;;;;;;;;;;;;;;0;0;0;55;0;0;0;37;46;28;Bénéficiaires de l'ASH en unité de soins de longue durée, depuis 2015
94;20;;;;;;;;;;;;;;;;70;89;94;99;233;163;165;78;77;76;Bénéficiaires de l'ASH en unité de soins de longue durée, depuis 2015
27;21;;;;;;;;;;;;;;;;0;0;34;35;18;46;46;39;0;0;Bénéficiaires de l'ASH en unité de soins de longue durée, depuis 2015
53;22;;;;;;;;;;;;;;;;10;15;33;33;27;29;41;30;40;39;Bénéficiaires de l'ASH en unité de soins de longue durée, depuis 2015
75;23;;;;;;;;;;;;;;;;35;39;40;36;30;35;29;28;27;24;Bénéficiaires de l'ASH en unité de soins de longue durée, depuis 2015
75;24;;;;;;;;;;;;;;;;54;54;57;49;41;41;41;30;39;44;Bénéficiaires de l'ASH en unité de soins de longue durée, depuis 2015
27;25;;;;;;;;;;;;;;;;8;9;9;21;31;36;50;51;55;49;Bénéficiaires de l'ASH en unité de soins de longue durée, depuis 2015
84;26;;;;;;;;;;;;;;;;3;3;1;3;4;4;4;3;5;4;Bénéficiaires de l'ASH en unité de soins de longue durée, depuis 2015
28;27;;;;;;;;;;;;;;;;50;42;54;47;44;42;34;37;42;45;Bénéficiaires de l'ASH en unité de soins de longue durée, depuis 2015
24;28;;;;;;;;;;;;;;;;53;59;43;39;33;34;33;28;30;28;Bénéficiaires de l'ASH en unité de soins de longue durée, depuis 2015
53;29;;;;;;;;;;;;;;;;229;199;253;0;0;0;0;0;0;0;Bénéficiaires de l'ASH en unité de soins de longue durée, depuis 2015
76;30;;;;;;;;;;;;;;;;6;10;139;156;136;123;114;120;102;103;Bénéficiaires de l'ASH en unité de soins de longue durée, depuis 2015
76;31;;;;;;;;;;;;;;;;112;52;46;58;70;72;75;19;0;0;Bénéficiaires de l'ASH en unité de soins de longue durée, depuis 2015
76;32;;;;;;;;;;;;;;;;114;29;29;22;32;46;23;39;39;41;Bénéficiaires de l'ASH en unité de soins de longue durée, depuis 2015
75;33;;;;;;;;;;;;;;;;160;0;0;0;0;0;121;114;0;136;Bénéficiaires de l'ASH en unité de soins de longue durée, depuis 2015
76;34;;;;;;;;;;;;;;;;110;108;108;111;122;121;92;93;72;78;Bénéficiaires de l'ASH en unité de soins de longue durée, depuis 2015
53;35;;;;;;;;;;;;;;;;0;0;0;0;0;0;0;8;7;2;Bénéficiaires de l'ASH en unité de soins de longue durée, depuis 2015
24;36;;;;;;;;;;;;;;;;13;13;17;21;23;27;21;19;16;14;Bénéficiaires de l'ASH en unité de soins de longue durée, depuis 2015
24;37;;;;;;;;;;;;;;;;39;56;58;48;58;56;51;53;54;99;Bénéficiaires de l'ASH en unité de soins de longue durée, depuis 2015
84;38;;;;;;;;;;;;;;;;111;116;116;105;137;125;138;131;128;116;Bénéficiaires de l'ASH en unité de soins de longue durée, depuis 2015
27;39;;;;;;;;;;;;;;;;0;0;0;0;0;0;36;31;28;31;Bénéficiaires de l'ASH en unité de soins de longue durée, depuis 2015
75;40;;;;;;;;;;;;;;;;158;138;119;113;113;110;110;97;102;88;Bénéficiaires de l'ASH en unité de soins de longue durée, depuis 2015
24;41;;;;;;;;;;;;;;;;36;31;26;17;24;27;32;33;32;32;Bénéficiaires de l'ASH en unité de soins de longue durée, depuis 2015
84;42;;;;;;;;;;;;;;;;2;4;6;27;26;29;32;26;20;21;Bénéficiaires de l'ASH en unité de soins de longue durée, depuis 2015
84;43;;;;;;;;;;;;;;;;64;67;67;37;35;37;37;35;35;38;Bénéficiaires de l'ASH en unité de soins de longue durée, depuis 2015
52;44;;;;;;;;;;;;;;;;172;160;166;133;123;104;89;69;68;74;Bénéficiaires de l'ASH en unité de soins de longue durée, depuis 2015
24;45;;;;;;;;;;;;;;;;58;62;54;55;55;49;68;49;52;61;Bénéficiaires de l'ASH en unité de soins de longue durée, depuis 2015
76;46;;;;;;;;;;;;;;;;37;40;31;36;32;29;30;26;21;40;Bénéficiaires de l'ASH en unité de soins de longue durée, depuis 2015
75;47;;;;;;;;;;;;;;;;38;45;40;37;38;48;39;41;39;37;Bénéficiaires de l'ASH en unité de soins de longue durée, depuis 2015
76;48;;;;;;;;;;;;;;;;11;16;10;7;7;7;8;7;0;6;Bénéficiaires de l'ASH en unité de soins de longue durée, depuis 2015
52;49;;;;;;;;;;;;;;;;0;0;0;0;0;0;0;0;0;38;Bénéficiaires de l'ASH en unité de soins de longue durée, depuis 2015
28;50;;;;;;;;;;;;;;;;14;11;50;41;36;37;0;0;0;0;Bénéficiaires de l'ASH en unité de soins de longue durée, depuis 2015
44;51;;;;;;;;;;;;;;;;77;76;72;63;69;68;76;73;77;75;Bénéficiaires de l'ASH en unité de soins de longue durée, depuis 2015
44;52;;;;;;;;;;;;;;;;0;0;0;2;2;2;2;2;2;2;Bénéficiaires de l'ASH en unité de soins de longue durée, depuis 2015
52;53;;;;;;;;;;;;;;;;30;35;32;30;28;20;20;21;16;24;Bénéficiaires de l'ASH en unité de soins de longue durée, depuis 2015
44;54;;;;;;;;;;;;;;;;75;77;86;88;83;70;79;77;78;97;Bénéficiaires de l'ASH en unité de soins de longue durée, depuis 2015
44;55;;;;;;;;;;;;;;;;24;19;20;16;21;26;28;31;39;38;Bénéficiaires de l'ASH en unité de soins de longue durée, depuis 2015
53;56;;;;;;;;;;;;;;;;185;291;302;288;272;260;259;248;239;98;Bénéficiaires de l'ASH en unité de soins de longue durée, depuis 2015
44;57;;;;;;;;;;;;;;;;96;87;118;114;127;111;116;122;122;131;Bénéficiaires de l'ASH en unité de soins de longue durée, depuis 2015
27;58;;;;;;;;;;;;;;;;87;90;80;83;79;62;54;61;52;42;Bénéficiaires de l'ASH en unité de soins de longue durée, depuis 2015
32;59;;;;;;;;;;;;;;;;358;408;403;381;391;338;354;325;336;353;Bénéficiaires de l'ASH en unité de soins de longue durée, depuis 2015
32;60;;;;;;;;;;;;;;;;179;171;169;164;169;127;134;134;142;161;Bénéficiaires de l'ASH en unité de soins de longue durée, depuis 2015
28;61;;;;;;;;;;;;;;;;28;32;30;32;34;33;32;36;37;34;Bénéficiaires de l'ASH en unité de soins de longue durée, depuis 2015
32;62;;;;;;;;;;;;;;;;225;212;214;203;46;44;41;42;123;135;Bénéficiaires de l'ASH en unité de soins de longue durée, depuis 2015
84;63;;;;;;;;;;;;;;;;95;89;102;103;102;99;115;98;97;105;Bénéficiaires de l'ASH en unité de soins de longue durée, depuis 2015
75;64;;;;;;;;;;;;;;;;85;70;68;77;72;83;80;68;69;73;Bénéficiaires de l'ASH en unité de soins de longue durée, depuis 2015
76;65;;;;;;;;;;;;;;;;95;77;56;55;60;56;66;53;60;54;Bénéficiaires de l'ASH en unité de soins de longue durée, depuis 2015
76;66;;;;;;;;;;;;;;;;65;64;86;81;104;105;102;100;101;95;Bénéficiaires de l'ASH en unité de soins de longue durée, depuis 2015
44;67;;;;;;;;;;;;;;;;134;252;187;122;115;126;0;145;139;123;Bénéficiaires de l'ASH en unité de soins de longue durée, depuis 2015
44;68;;;;;;;;;;;;;;;;75;71;65;70;61;70;78;76;65;66;Bénéficiaires de l'ASH en unité de soins de longue durée, depuis 2015
84;69;;;;;;;;;;;;;;;;0;0;0;;;;;;;;Bénéficiaires de l'ASH en unité de soins de longue durée, depuis 2015
27;70;;;;;;;;;;;;;;;;6;3;3;3;5;5;7;8;13;21;Bénéficiaires de l'ASH en unité de soins de longue durée, depuis 2015
27;71;;;;;;;;;;;;;;;;33;27;32;43;42;28;31;37;57;48;Bénéficiaires de l'ASH en unité de soins de longue durée, depuis 2015
52;72;;;;;;;;;;;;;;;;97;100;101;101;105;106;110;111;108;115;Bénéficiaires de l'ASH en unité de soins de longue durée, depuis 2015
84;73;;;;;;;;;;;;;;;;19;17;22;20;19;16;15;15;15;20;Bénéficiaires de l'ASH en unité de soins de longue durée, depuis 2015
84;74;;;;;;;;;;;;;;;;60;56;60;50;38;35;37;41;43;42;Bénéficiaires de l'ASH en unité de soins de longue durée, depuis 2015
11;75;;;;;;;;;;;;;;;;450;441;442;422;0;0;0;0;0;0;Bénéficiaires de l'ASH en unité de soins de longue durée, depuis 2015
28;76;;;;;;;;;;;;;;;;215;222;239;245;235;223;212;255;298;308;Bénéficiaires de l'ASH en unité de soins de longue durée, depuis 2015
11;77;;;;;;;;;;;;;;;;124;117;106;116;85;65;63;62;50;45;Bénéficiaires de l'ASH en unité de soins de longue durée, depuis 2015
11;78;;;;;;;;;;;;;;;;149;147;130;108;108;92;82;68;62;55;Bénéficiaires de l'ASH en unité de soins de longue durée, depuis 2015
75;79;;;;;;;;;;;;;;;;51;46;35;31;37;28;22;25;20;20;Bénéficiaires de l'ASH en unité de soins de longue durée, depuis 2015
32;80;;;;;;;;;;;;;;;;125;113;110;112;113;94;90;86;74;77;Bénéficiaires de l'ASH en unité de soins de longue durée, depuis 2015
76;81;;;;;;;;;;;;;;;;0;0;40;34;37;5;36;36;41;33;Bénéficiaires de l'ASH en unité de soins de longue durée, depuis 2015
76;82;;;;;;;;;;;;;;;;4;3;3;3;3;0;28;25;29;26;Bénéficiaires de l'ASH en unité de soins de longue durée, depuis 2015
93;83;;;;;;;;;;;;;;;;199;201;154;142;131;130;128;137;148;148;Bénéficiaires de l'ASH en unité de soins de longue durée, depuis 2015
93;84;;;;;;;;;;;;;;;;69;68;63;62;63;61;64;59;66;73;Bénéficiaires de l'ASH en unité de soins de longue durée, depuis 2015
52;85;;;;;;;;;;;;;;;;97;93;94;96;94;104;102;81;82;81;Bénéficiaires de l'ASH en unité de soins de longue durée, depuis 2015
75;86;;;;;;;;;;;;;;;;61;51;48;51;48;47;45;46;45;43;Bénéficiaires de l'ASH en unité de soins de longue durée, depuis 2015
75;87;;;;;;;;;;;;;;;;88;0;0;0;0;0;0;0;0;0;Bénéficiaires de l'ASH en unité de soins de longue durée, depuis 2015
44;88;;;;;;;;;;;;;;;;26;27;25;30;32;23;25;30;37;35;Bénéficiaires de l'ASH en unité de soins de longue durée, depuis 2015
27;89;;;;;;;;;;;;;;;;0;0;0;0;44;30;32;28;24;26;Bénéficiaires de l'ASH en unité de soins de longue durée, depuis 2015
27;90;;;;;;;;;;;;;;;;46;23;39;47;49;45;48;46;41;37;Bénéficiaires de l'ASH en unité de soins de longue durée, depuis 2015
11;91;;;;;;;;;;;;;;;;171;161;149;117;157;144;125;113;109;102;Bénéficiaires de l'ASH en unité de soins de longue durée, depuis 2015
11;92;;;;;;;;;;;;;;;;297;296;282;267;233;229;193;187;178;159;Bénéficiaires de l'ASH en unité de soins de longue durée, depuis 2015
11;93;;;;;;;;;;;;;;;;0;0;296;286;286;252;71;65;60;37;Bénéficiaires de l'ASH en unité de soins de longue durée, depuis 2015
11;94;;;;;;;;;;;;;;;;407;386;378;356;311;266;234;223;238;215;Bénéficiaires de l'ASH en unité de soins de longue durée, depuis 2015
11;95;;;;;;;;;;;;;;;;220;188;200;196;193;184;153;131;121;125;Bénéficiaires de l'ASH en unité de soins de longue durée, depuis 2015
101;971;;;;;;;;;;;;;;;;233;174;170;158;149;119;157;97;107;120;Bénéficiaires de l'ASH en unité de soins de longue durée, depuis 2015
102;972;;;;;;;;;;;;;;;;150;150;140;122;122;150;0;0;0;0;Bénéficiaires de l'ASH en unité de soins de longue durée, depuis 2015
103;973;;;;;;;;;;;;;;;;44;25;24;21;21;30;33;35;4;4;Bénéficiaires de l'ASH en unité de soins de longue durée, depuis 2015
104;974;;;;;;;;;;;;;;;;52;59;87;56;52;67;51;81;77;37;Bénéficiaires de l'ASH en unité de soins de longue durée, depuis 2015
84;1;0;1;1;0;0;0;0;0;0;0;0;0;5;4;8;11;12;15;10;10;0;0;10;10;1;Personnes âgées bénéficiant d'une aide à l'accueil chez des particuliers, depuis 2000
32;2;12;3;5;6;0;5;4;6;5;5;8;11;11;18;29;30;28;30;25;29;27;42;43;34;17;Personnes âgées bénéficiant d'une aide à l'accueil chez des particuliers, depuis 2000
84;3;11;12;12;14;14;14;19;16;21;24;23;4;6;3;0;0;1;10;8;7;7;8;11;10;8;Personnes âgées bénéficiant d'une aide à l'accueil chez des particuliers, depuis 2000
93;4;0;0;0;0;0;0;0;0;0;0;0;1;0;0;0;0;0;0;0;0;0;0;0;0;0;Personnes âgées bénéficiant d'une aide à l'accueil chez des particuliers, depuis 2000
93;5;4;2;2;0;1;0;0;0;0;0;1;1;1;1;2;1;1;1;0;0;0;0;0;0;0;Personnes âgées bénéficiant d'une aide à l'accueil chez des particuliers, depuis 2000
93;6;5;4;4;3;3;4;5;6;6;7;6;6;5;7;7;7;5;4;4;3;3;3;4;4;4;Personnes âgées bénéficiant d'une aide à l'accueil chez des particuliers, depuis 2000
84;7;0;1;0;0;0;1;1;1;0;1;1;1;1;1;1;1;1;2;3;3;3;3;5;10;11;Personnes âgées bénéficiant d'une aide à l'accueil chez des particuliers, depuis 2000
44;8;0;5;5;6;5;3;3;4;5;7;9;11;9;9;8;6;4;3;6;5;5;4;6;6;7;Personnes âgées bénéficiant d'une aide à l'accueil chez des particuliers, depuis 2000
76;9;1;2;1;1;1;3;4;5;5;4;3;10;10;14;14;10;10;8;5;2;1;1;1;2;2;Personnes âgées bénéficiant d'une aide à l'accueil chez des particuliers, depuis 2000
44;10;24;22;28;28;26;24;19;32;30;43;42;44;35;27;18;15;18;23;24;22;19;18;10;12;7;Personnes âgées bénéficiant d'une aide à l'accueil chez des particuliers, depuis 2000
76;11;12;16;13;12;8;10;11;5;5;11;16;22;16;17;20;18;13;16;8;6;2;4;4;4;2;Personnes âgées bénéficiant d'une aide à l'accueil chez des particuliers, depuis 2000
76;12;2;2;2;2;3;1;11;14;2;14;5;10;8;15;14;15;15;14;3;3;3;3;2;2;2;Personnes âgées bénéficiant d'une aide à l'accueil chez des particuliers, depuis 2000
93;13;1;1;1;3;9;3;4;24;10;10;13;12;17;30;32;39;39;35;31;30;34;18;12;3;3;Personnes âgées bénéficiant d'une aide à l'accueil chez des particuliers, depuis 2000
28;14;25;31;25;23;30;30;30;28;29;26;26;19;22;30;30;32;32;21;23;20;19;19;21;20;17;Personnes âgées bénéficiant d'une aide à l'accueil chez des particuliers, depuis 2000
84;15;1;2;1;3;3;6;5;9;11;13;12;10;12;10;9;6;5;3;5;4;4;3;3;3;3;Personnes âgées bénéficiant d'une aide à l'accueil chez des particuliers, depuis 2000
75;16;20;23;14;11;9;13;20;29;36;40;37;37;43;52;56;59;65;59;57;55;52;44;36;36;36;Personnes âgées bénéficiant d'une aide à l'accueil chez des particuliers, depuis 2000
75;17;45;63;66;65;85;102;127;110;121;114;95;93;95;78;79;73;66;82;58;57;54;46;34;27;27;Personnes âgées bénéficiant d'une aide à l'accueil chez des particuliers, depuis 2000
24;18;28;30;27;30;33;44;52;53;59;53;54;53;52;43;41;42;32;27;22;17;10;9;7;6;7;Personnes âgées bénéficiant d'une aide à l'accueil chez des particuliers, depuis 2000
75;19;0;0;0;0;0;0;0;0;0;0;0;0;2;0;0;7;8;8;7;7;4;5;4;4;6;Personnes âgées bénéficiant d'une aide à l'accueil chez des particuliers, depuis 2000
94;20;2;2;2;2;2;6;0;6;5;5;4;5;5;5;8;8;9;11;7;2;12;6;3;3;1;Personnes âgées bénéficiant d'une aide à l'accueil chez des particuliers, depuis 2000
27;21;19;19;17;16;16;16;16;25;22;29;26;28;15;16;15;11;13;33;33;33;11;5;6;5;4;Personnes âgées bénéficiant d'une aide à l'accueil chez des particuliers, depuis 2000
53;22;0;0;4;6;4;8;14;13;12;16;16;22;1;1;1;41;39;36;31;39;37;32;26;14;12;Personnes âgées bénéficiant d'une aide à l'accueil chez des particuliers, depuis 2000
75;23;5;5;6;3;1;2;8;7;14;16;15;10;9;7;8;4;2;2;2;4;1;1;3;3;3;Personnes âgées bénéficiant d'une aide à l'accueil chez des particuliers, depuis 2000
75;24;0;0;0;0;0;0;0;0;0;0;0;3;2;1;2;4;3;0;1;2;2;4;4;10;5;Personnes âgées bénéficiant d'une aide à l'accueil chez des particuliers, depuis 2000
27;25;7;6;3;2;1;1;2;0;3;5;7;15;13;1;1;1;12;0;8;1;2;1;1;1;1;Personnes âgées bénéficiant d'une aide à l'accueil chez des particuliers, depuis 2000
84;26;33;31;29;28;33;36;31;33;31;31;32;37;36;36;35;38;41;36;33;49;44;44;29;11;10;Personnes âgées bénéficiant d'une aide à l'accueil chez des particuliers, depuis 2000
28;27;32;35;29;22;23;26;31;31;36;34;35;43;47;54;53;62;61;55;50;48;45;51;50;50;45;Personnes âgées bénéficiant d'une aide à l'accueil chez des particuliers, depuis 2000
24;28;4;5;0;3;4;5;4;7;7;6;6;6;8;11;13;11;12;12;12;3;6;3;2;4;4;Personnes âgées bénéficiant d'une aide à l'accueil chez des particuliers, depuis 2000
53;29;23;17;10;14;17;18;24;23;21;25;68;82;16;17;16;14;12;15;10;10;5;6;4;4;3;Personnes âgées bénéficiant d'une aide à l'accueil chez des particuliers, depuis 2000
76;30;0;0;0;1;1;1;1;0;0;0;0;0;0;0;0;0;0;0;0;0;0;0;0;0;0;Personnes âgées bénéficiant d'une aide à l'accueil chez des particuliers, depuis 2000
76;31;5;5;4;2;5;6;6;6;5;5;6;7;5;8;13;14;12;15;10;10;9;8;7;7;7;Personnes âgées bénéficiant d'une aide à l'accueil chez des particuliers, depuis 2000
76;32;29;32;26;26;24;61;55;50;34;35;24;27;19;19;46;53;35;15;14;10;7;6;5;4;6;Personnes âgées bénéficiant d'une aide à l'accueil chez des particuliers, depuis 2000
75;33;12;17;13;9;3;11;20;26;32;30;25;24;20;9;10;11;14;17;12;18;14;9;6;5;12;Personnes âgées bénéficiant d'une aide à l'accueil chez des particuliers, depuis 2000
76;34;8;7;5;3;5;8;14;15;16;19;28;28;31;40;39;38;39;38;39;39;41;37;41;34;29;Personnes âgées bénéficiant d'une aide à l'accueil chez des particuliers, depuis 2000
53;35;8;5;8;8;9;14;21;19;21;21;17;18;15;13;12;11;11;10;4;6;6;5;4;4;1;Personnes âgées bénéficiant d'une aide à l'accueil chez des particuliers, depuis 2000
24;36;2;1;1;1;1;1;5;6;7;6;7;6;7;7;6;6;5;6;6;5;5;4;3;3;2;Personnes âgées bénéficiant d'une aide à l'accueil chez des particuliers, depuis 2000
24;37;5;4;6;6;6;6;4;6;7;11;10;12;41;15;14;19;20;23;22;18;16;12;3;6;13;Personnes âgées bénéficiant d'une aide à l'accueil chez des particuliers, depuis 2000
84;38;17;24;26;28;25;28;30;36;44;42;41;44;37;39;43;46;39;40;44;58;60;69;70;82;54;Personnes âgées bénéficiant d'une aide à l'accueil chez des particuliers, depuis 2000
27;39;3;5;4;3;3;4;4;4;3;1;1;2;3;2;1;1;0;1;1;1;1;1;1;1;1;Personnes âgées bénéficiant d'une aide à l'accueil chez des particuliers, depuis 2000
75;40;4;3;2;2;1;2;1;2;3;2;3;3;2;4;7;7;7;7;1;1;5;5;5;7;7;Personnes âgées bénéficiant d'une aide à l'accueil chez des particuliers, depuis 2000
24;41;5;4;1;1;1;3;3;4;6;4;4;2;3;4;6;11;14;10;7;7;6;4;2;2;13;Personnes âgées bénéficiant d'une aide à l'accueil chez des particuliers, depuis 2000
84;42;2;4;1;1;2;1;1;1;1;1;0;0;0;0;0;0;0;16;15;9;8;8;8;6;6;Personnes âgées bénéficiant d'une aide à l'accueil chez des particuliers, depuis 2000
84;43;3;3;3;3;3;4;4;7;7;7;10;9;8;8;9;9;10;10;14;4;4;6;3;2;1;Personnes âgées bénéficiant d'une aide à l'accueil chez des particuliers, depuis 2000
52;44;6;9;7;5;9;6;12;15;12;14;14;13;11;11;14;12;9;9;6;6;9;9;3;6;4;Personnes âgées bénéficiant d'une aide à l'accueil chez des particuliers, depuis 2000
24;45;16;16;23;31;12;15;18;19;20;16;13;11;9;7;6;9;6;4;3;3;3;3;5;2;2;Personnes âgées bénéficiant d'une aide à l'accueil chez des particuliers, depuis 2000
76;46;0;0;0;0;0;0;0;0;0;0;0;0;0;0;0;0;0;0;0;0;0;0;0;0;0;Personnes âgées bénéficiant d'une aide à l'accueil chez des particuliers, depuis 2000
75;47;0;0;0;0;0;0;0;0;0;0;0;0;0;0;0;0;0;0;0;0;0;0;0;0;0;Personnes âgées bénéficiant d'une aide à l'accueil chez des particuliers, depuis 2000
76;48;0;0;0;0;0;0;0;0;0;0;0;0;0;0;0;0;0;1;0;0;0;0;0;0;0;Personnes âgées bénéficiant d'une aide à l'accueil chez des particuliers, depuis 2000
52;49;5;12;12;12;9;11;15;16;15;16;16;18;12;16;11;14;12;7;8;5;6;4;5;3;6;Personnes âgées bénéficiant d'une aide à l'accueil chez des particuliers, depuis 2000
28;50;42;38;36;36;36;40;37;37;30;24;27;23;20;18;17;13;11;14;9;9;8;6;11;5;4;Personnes âgées bénéficiant d'une aide à l'accueil chez des particuliers, depuis 2000
44;51;1;1;2;2;4;5;6;5;6;8;10;13;9;10;9;9;8;8;2;2;2;2;2;4;4;Personnes âgées bénéficiant d'une aide à l'accueil chez des particuliers, depuis 2000
44;52;0;3;4;4;4;0;24;22;28;42;52;66;55;59;63;56;64;58;12;11;7;6;7;6;8;Personnes âgées bénéficiant d'une aide à l'accueil chez des particuliers, depuis 2000
52;53;0;5;0;0;0;0;0;0;0;0;0;0;0;0;0;1;1;1;1;1;1;1;2;1;4;Personnes âgées bénéficiant d'une aide à l'accueil chez des particuliers, depuis 2000
44;54;2;4;3;4;4;3;3;6;7;7;8;6;4;3;4;4;5;5;13;13;13;10;20;20;18;Personnes âgées bénéficiant d'une aide à l'accueil chez des particuliers, depuis 2000
44;55;2;2;2;2;1;1;0;1;4;5;3;3;3;3;4;4;2;5;3;7;7;1;2;2;3;Personnes âgées bénéficiant d'une aide à l'accueil chez des particuliers, depuis 2000
53;56;41;39;38;32;23;26;24;24;14;14;19;17;14;12;10;9;8;10;6;6;4;9;2;2;5;Personnes âgées bénéficiant d'une aide à l'accueil chez des particuliers, depuis 2000
44;57;13;11;10;10;7;6;8;5;7;10;12;15;18;21;20;28;29;30;34;47;42;49;53;49;51;Personnes âgées bénéficiant d'une aide à l'accueil chez des particuliers, depuis 2000
27;58;0;2;0;0;0;0;3;4;6;4;11;14;21;15;19;21;28;38;38;39;33;26;21;15;15;Personnes âgées bénéficiant d'une aide à l'accueil chez des particuliers, depuis 2000
32;59;34;43;53;74;86;94;88;111;139;145;159;178;177;186;192;191;194;218;157;184;159;125;124;133;126;Personnes âgées bénéficiant d'une aide à l'accueil chez des particuliers, depuis 2000
32;60;9;7;7;19;6;17;18;21;25;21;23;23;24;16;7;13;10;7;7;5;6;2;5;6;6;Personnes âgées bénéficiant d'une aide à l'accueil chez des particuliers, depuis 2000
28;61;3;2;5;3;7;3;8;11;9;7;12;12;12;12;13;13;22;18;14;14;22;22;9;3;3;Personnes âgées bénéficiant d'une aide à l'accueil chez des particuliers, depuis 2000
32;62;11;17;16;25;34;37;68;63;81;85;96;88;97;99;109;121;123;129;134;139;125;99;78;62;26;Personnes âgées bénéficiant d'une aide à l'accueil chez des particuliers, depuis 2000
84;63;4;9;8;0;0;2;5;22;26;29;24;27;29;26;33;41;42;52;33;45;45;50;51;51;58;Personnes âgées bénéficiant d'une aide à l'accueil chez des particuliers, depuis 2000
75;64;28;29;26;29;35;42;43;40;47;46;43;43;44;38;37;39;43;42;40;46;49;57;38;37;39;Personnes âgées bénéficiant d'une aide à l'accueil chez des particuliers, depuis 2000
76;65;3;1;1;1;1;1;0;1;1;1;1;3;6;6;7;5;3;3;5;7;4;3;3;2;3;Personnes âgées bénéficiant d'une aide à l'accueil chez des particuliers, depuis 2000
76;66;1;2;1;4;3;4;6;10;11;15;11;16;10;21;25;23;20;20;23;16;16;11;9;9;10;Personnes âgées bénéficiant d'une aide à l'accueil chez des particuliers, depuis 2000
44;67;12;12;12;10;10;8;10;11;11;13;9;6;8;4;4;3;3;4;0;1;1;1;1;1;3;Personnes âgées bénéficiant d'une aide à l'accueil chez des particuliers, depuis 2000
44;68;1;2;2;3;2;2;4;3;3;9;4;7;4;2;1;1;3;3;2;3;3;2;2;2;2;Personnes âgées bénéficiant d'une aide à l'accueil chez des particuliers, depuis 2000
84;69;8;8;8;5;7;11;14;16;19;19;25;24;21;13;11;;;;;;;;;;;Personnes âgées bénéficiant d'une aide à l'accueil chez des particuliers, depuis 2000
27;70;6;9;10;11;8;2;7;8;9;12;13;13;14;7;27;11;12;7;9;8;8;10;2;4;4;Personnes âgées bénéficiant d'une aide à l'accueil chez des particuliers, depuis 2000
27;71;4;5;4;3;2;2;3;3;0;1;2;2;2;1;3;4;3;3;1;3;2;3;3;3;2;Personnes âgées bénéficiant d'une aide à l'accueil chez des particuliers, depuis 2000
52;72;8;11;28;25;31;34;36;49;49;68;70;71;74;79;87;76;64;104;79;80;88;77;65;64;65;Personnes âgées bénéficiant d'une aide à l'accueil chez des particuliers, depuis 2000
84;73;0;0;0;0;1;0;0;0;0;0;0;0;1;1;1;1;1;1;1;1;1;1;1;1;1;Personnes âgées bénéficiant d'une aide à l'accueil chez des particuliers, depuis 2000
84;74;4;1;1;1;1;1;0;0;0;1;1;0;0;0;1;2;2;2;2;2;1;1;1;2;2;Personnes âgées bénéficiant d'une aide à l'accueil chez des particuliers, depuis 2000
11;75;6;6;4;4;4;4;6;4;4;7;3;10;11;7;9;9;8;7;7;7;5;2;2;2;2;Personnes âgées bénéficiant d'une aide à l'accueil chez des particuliers, depuis 2000
28;76;16;17;15;14;12;16;22;29;21;28;24;25;22;21;16;22;28;27;26;31;35;30;38;45;49;Personnes âgées bénéficiant d'une aide à l'accueil chez des particuliers, depuis 2000
11;77;0;0;1;1;3;3;3;3;4;6;4;4;2;1;2;2;2;1;1;2;2;1;1;1;1;Personnes âgées bénéficiant d'une aide à l'accueil chez des particuliers, depuis 2000
11;78;7;9;11;11;3;2;2;2;3;1;2;2;1;1;2;1;2;1;0;0;0;0;0;1;1;Personnes âgées bénéficiant d'une aide à l'accueil chez des particuliers, depuis 2000
75;79;37;36;25;27;24;30;27;22;18;20;20;14;13;8;7;4;2;1;2;2;2;1;1;2;2;Personnes âgées bénéficiant d'une aide à l'accueil chez des particuliers, depuis 2000
32;80;8;7;12;16;22;20;24;25;34;40;46;51;57;68;65;73;75;69;69;69;68;65;64;67;67;Personnes âgées bénéficiant d'une aide à l'accueil chez des particuliers, depuis 2000
76;81;4;6;5;4;3;2;2;1;1;2;4;3;7;8;5;4;1;1;1;2;4;18;14;17;21;Personnes âgées bénéficiant d'une aide à l'accueil chez des particuliers, depuis 2000
76;82;23;20;19;16;12;13;16;18;22;20;22;26;21;21;20;25;21;22;19;14;14;11;11;7;8;Personnes âgées bénéficiant d'une aide à l'accueil chez des particuliers, depuis 2000
93;83;9;7;3;5;3;2;1;3;4;2;3;2;3;2;2;2;2;1;1;1;1;2;2;2;1;Personnes âgées bénéficiant d'une aide à l'accueil chez des particuliers, depuis 2000
93;84;1;2;2;2;2;1;0;1;3;4;3;3;3;3;4;4;3;2;1;1;1;3;2;2;2;Personnes âgées bénéficiant d'une aide à l'accueil chez des particuliers, depuis 2000
52;85;11;10;7;11;12;10;12;9;9;9;11;11;8;11;13;12;9;14;11;16;11;6;5;5;5;Personnes âgées bénéficiant d'une aide à l'accueil chez des particuliers, depuis 2000
75;86;0;0;0;0;16;20;25;29;26;27;21;20;20;18;18;16;13;10;11;6;6;5;4;2;2;Personnes âgées bénéficiant d'une aide à l'accueil chez des particuliers, depuis 2000
75;87;0;0;0;0;0;5;1;1;1;1;1;1;0;0;1;1;1;0;3;3;2;1;1;1;1;Personnes âgées bénéficiant d'une aide à l'accueil chez des particuliers, depuis 2000
44;88;0;0;3;2;2;2;1;3;4;4;6;7;7;7;5;6;6;4;3;4;4;4;4;2;2;Personnes âgées bénéficiant d'une aide à l'accueil chez des particuliers, depuis 2000
27;89;10;13;15;16;22;20;19;17;17;20;19;19;18;20;21;15;16;19;23;20;20;20;19;13;18;Personnes âgées bénéficiant d'une aide à l'accueil chez des particuliers, depuis 2000
27;90;2;2;1;1;1;4;5;6;6;5;4;3;4;3;4;4;5;7;7;8;8;8;7;7;7;Personnes âgées bénéficiant d'une aide à l'accueil chez des particuliers, depuis 2000
11;91;6;5;4;8;5;6;9;10;10;13;13;17;19;16;20;16;15;18;15;17;20;17;18;18;16;Personnes âgées bénéficiant d'une aide à l'accueil chez des particuliers, depuis 2000
11;92;4;3;3;4;4;3;3;4;2;2;2;2;2;2;2;4;4;4;4;4;4;3;2;2;2;Personnes âgées bénéficiant d'une aide à l'accueil chez des particuliers, depuis 2000
11;93;4;4;2;2;2;3;2;1;2;2;2;1;0;0;1;1;1;1;1;2;2;1;1;1;1;Personnes âgées bénéficiant d'une aide à l'accueil chez des particuliers, depuis 2000
11;94;2;3;2;2;2;3;3;4;6;9;9;11;9;7;5;4;4;3;3;3;3;2;2;2;2;Personnes âgées bénéficiant d'une aide à l'accueil chez des particuliers, depuis 2000
11;95;0;0;0;0;0;0;0;0;0;0;2;2;2;2;3;3;3;4;4;6;6;4;5;5;5;Personnes âgées bénéficiant d'une aide à l'accueil chez des particuliers, depuis 2000
101;971;145;37;38;149;144;158;159;144;129;73;76;92;182;193;180;186;206;216;252;109;117;96;104;100;98;Personnes âgées bénéficiant d'une aide à l'accueil chez des particuliers, depuis 2000
102;972;161;157;142;192;126;112;96;118;108;150;145;111;105;117;62;62;64;73;49;47;44;38;31;31;48;Personnes âgées bénéficiant d'une aide à l'accueil chez des particuliers, depuis 2000
103;973;0;0;0;0;0;0;0;0;0;0;0;0;0;0;0;7;10;9;6;6;1;7;4;2;2;Personnes âgées bénéficiant d'une aide à l'accueil chez des particuliers, depuis 2000
104;974;188;135;43;29;17;166;201;200;240;215;210;205;183;172;166;166;132;126;121;117;110;94;80;120;120;Personnes âgées bénéficiant d'une aide à l'accueil chez des particuliers, depuis 2000
84;1;859;708;536;400;374;302;269;242;226;202;209;208;184;170;130;105;95;95;84;77;95;100;89;72;71;Personnes âgées bénéficiant d'aides ménagères, depuis 2000
32;2;518;288;284;285;307;204;126;141;118;94;114;64;62;53;59;54;47;47;36;59;75;84;91;94;93;Personnes âgées bénéficiant d'aides ménagères, depuis 2000
84;3;352;348;309;243;256;227;190;165;149;114;108;109;88;90;90;87;92;84;91;106;104;100;101;98;69;Personnes âgées bénéficiant d'aides ménagères, depuis 2000
93;4;190;207;131;128;125;118;109;107;96;73;66;67;67;77;92;63;85;75;60;83;104;115;111;103;78;Personnes âgées bénéficiant d'aides ménagères, depuis 2000
93;5;226;139;110;105;88;54;42;42;32;26;14;14;14;15;15;18;20;27;24;33;38;33;32;25;24;Personnes âgées bénéficiant d'aides ménagères, depuis 2000
93;6;1066;1134;1295;726;736;474;498;364;506;401;362;397;434;445;447;425;795;653;618;826;685;887;999;820;764;Personnes âgées bénéficiant d'aides ménagères, depuis 2000
84;7;74;107;85;105;105;45;105;49;46;46;53;65;80;83;80;71;62;53;48;50;84;139;91;43;45;Personnes âgées bénéficiant d'aides ménagères, depuis 2000
44;8;142;133;101;76;58;56;50;54;53;53;55;55;49;39;26;16;12;8;10;9;8;9;9;5;4;Personnes âgées bénéficiant d'aides ménagères, depuis 2000
76;9;424;364;165;132;119;96;93;80;82;67;61;39;38;31;30;20;38;37;35;47;54;71;62;58;57;Personnes âgées bénéficiant d'aides ménagères, depuis 2000
44;10;191;289;212;112;129;119;93;108;109;113;96;96;106;110;107;118;114;116;103;107;117;137;134;128;93;Personnes âgées bénéficiant d'aides ménagères, depuis 2000
76;11;1330;1356;1180;1012;1084;912;898;783;741;709;682;718;615;694;396;298;234;184;146;154;157;150;128;111;95;Personnes âgées bénéficiant d'aides ménagères, depuis 2000
76;12;573;667;389;459;535;252;219;347;305;278;239;205;180;172;154;134;108;88;95;86;102;128;116;96;87;Personnes âgées bénéficiant d'aides ménagères, depuis 2000
93;13;2805;3237;2816;2080;2324;1910;1747;1375;1375;1509;1230;815;797;824;1123;1180;1067;1060;1004;1045;1065;1122;1108;1052;1019;Personnes âgées bénéficiant d'aides ménagères, depuis 2000
28;14;863;860;702;561;485;421;406;364;344;322;367;358;358;346;281;271;197;158;126;112;98;104;103;81;71;Personnes âgées bénéficiant d'aides ménagères, depuis 2000
84;15;159;121;105;71;105;89;93;94;74;96;148;90;91;102;95;90;57;58;46;56;47;47;40;41;40;Personnes âgées bénéficiant d'aides ménagères, depuis 2000
75;16;667;653;573;597;596;430;391;341;297;267;232;205;189;168;148;144;136;123;91;94;85;80;86;80;79;Personnes âgées bénéficiant d'aides ménagères, depuis 2000
75;17;487;491;429;368;341;295;288;294;285;274;275;275;272;248;219;201;172;162;144;92;92;151;185;155;138;Personnes âgées bénéficiant d'aides ménagères, depuis 2000
24;18;181;147;102;84;76;70;54;61;50;56;53;59;54;43;41;32;41;41;34;32;36;35;32;25;26;Personnes âgées bénéficiant d'aides ménagères, depuis 2000
75;19;183;159;126;100;124;139;148;139;131;153;140;151;167;180;178;180;152;128;123;123;118;145;164;177;177;Personnes âgées bénéficiant d'aides ménagères, depuis 2000
94;20;1716;1768;1363;957;311;249;50;18;55;45;28;21;20;6;3;3;3;3;3;3;19;60;107;76;62;Personnes âgées bénéficiant d'aides ménagères, depuis 2000
27;21;316;270;195;84;90;48;39;52;54;42;36;26;31;41;35;64;65;32;45;38;39;38;42;43;43;Personnes âgées bénéficiant d'aides ménagères, depuis 2000
53;22;1400;1256;1073;697;534;447;417;288;276;249;222;224;221;203;242;186;170;164;158;164;262;206;150;138;109;Personnes âgées bénéficiant d'aides ménagères, depuis 2000
75;23;160;151;119;85;73;60;56;51;46;34;25;24;24;27;30;24;26;24;26;28;31;28;22;27;23;Personnes âgées bénéficiant d'aides ménagères, depuis 2000
75;24;365;326;266;225;184;158;125;109;92;77;69;65;78;89;77;63;55;57;56;68;68;62;66;70;70;Personnes âgées bénéficiant d'aides ménagères, depuis 2000
27;25;270;277;185;144;120;120;116;98;84;73;75;74;77;76;71;67;58;63;70;66;61;55;42;37;29;Personnes âgées bénéficiant d'aides ménagères, depuis 2000
84;26;150;292;380;225;187;214;187;146;130;110;77;85;77;69;68;61;51;53;54;55;58;57;64;61;59;Personnes âgées bénéficiant d'aides ménagères, depuis 2000
28;27;492;1110;1229;611;222;195;154;121;96;94;102;96;79;88;62;70;68;53;48;42;42;37;35;20;17;Personnes âgées bénéficiant d'aides ménagères, depuis 2000
24;28;74;46;66;49;47;36;36;30;26;13;14;8;8;10;9;8;5;5;5;4;7;5;6;5;6;Personnes âgées bénéficiant d'aides ménagères, depuis 2000
53;29;2464;2311;1832;1519;1312;1120;1009;785;677;649;551;537;492;477;419;388;356;354;320;433;469;487;472;408;367;Personnes âgées bénéficiant d'aides ménagères, depuis 2000
76;30;1829;1669;1433;839;797;609;740;648;596;543;555;541;496;509;482;483;492;473;481;539;575;593;626;583;573;Personnes âgées bénéficiant d'aides ménagères, depuis 2000
76;31;678;545;275;232;185;164;141;125;114;96;88;84;88;85;87;91;82;69;58;61;69;73;68;59;51;Personnes âgées bénéficiant d'aides ménagères, depuis 2000
76;32;529;591;454;403;315;340;227;244;256;200;195;188;143;132;115;111;80;80;72;75;70;56;45;37;39;Personnes âgées bénéficiant d'aides ménagères, depuis 2000
75;33;1415;2470;1557;1299;1077;904;773;630;556;485;440;418;446;408;380;366;333;320;317;328;321;315;307;279;274;Personnes âgées bénéficiant d'aides ménagères, depuis 2000
76;34;379;367;297;226;174;142;116;102;105;116;114;135;189;192;225;271;308;309;324;321;334;324;294;286;324;Personnes âgées bénéficiant d'aides ménagères, depuis 2000
53;35;1421;1065;801;612;350;86;41;240;237;208;243;252;244;289;289;373;264;347;351;348;334;320;310;313;301;Personnes âgées bénéficiant d'aides ménagères, depuis 2000
24;36;103;130;76;66;65;72;68;70;61;64;59;53;40;42;43;51;53;39;32;32;31;39;33;26;23;Personnes âgées bénéficiant d'aides ménagères, depuis 2000
24;37;328;373;253;245;202;186;224;196;171;149;135;130;135;140;150;146;142;137;124;104;111;102;82;67;83;Personnes âgées bénéficiant d'aides ménagères, depuis 2000
84;38;1549;1195;666;532;413;331;307;507;462;326;351;397;403;381;313;281;237;232;215;234;226;248;262;242;264;Personnes âgées bénéficiant d'aides ménagères, depuis 2000
27;39;151;111;75;59;55;43;43;33;30;26;27;20;16;14;15;12;9;5;7;13;10;11;11;13;3;Personnes âgées bénéficiant d'aides ménagères, depuis 2000
75;40;635;531;498;498;449;388;341;296;387;348;315;312;297;284;282;288;312;275;306;321;327;362;374;326;330;Personnes âgées bénéficiant d'aides ménagères, depuis 2000
24;41;311;301;297;223;162;217;126;124;115;91;72;71;66;66;60;51;54;45;21;26;22;22;21;25;25;Personnes âgées bénéficiant d'aides ménagères, depuis 2000
84;42;791;585;396;322;310;287;273;241;224;185;175;199;225;184;165;158;127;103;75;70;74;90;92;79;71;Personnes âgées bénéficiant d'aides ménagères, depuis 2000
84;43;162;161;127;102;54;31;30;43;49;54;42;46;36;36;38;53;38;38;38;36;38;43;44;28;23;Personnes âgées bénéficiant d'aides ménagères, depuis 2000
52;44;803;749;576;505;469;435;433;414;393;384;369;386;394;411;451;466;451;426;408;414;384;369;336;316;296;Personnes âgées bénéficiant d'aides ménagères, depuis 2000
24;45;381;330;261;208;259;193;191;169;139;108;115;103;90;62;42;32;29;29;25;61;24;22;9;10;11;Personnes âgées bénéficiant d'aides ménagères, depuis 2000
76;46;339;306;219;214;203;173;162;129;102;80;67;69;37;29;25;26;21;12;10;10;3;10;7;8;12;Personnes âgées bénéficiant d'aides ménagères, depuis 2000
75;47;499;495;404;393;397;376;374;367;332;310;302;294;295;293;306;346;369;340;312;292;294;289;286;279;266;Personnes âgées bénéficiant d'aides ménagères, depuis 2000
76;48;145;137;108;83;75;111;112;106;91;80;88;70;74;51;37;36;28;26;21;22;23;7;7;5;7;Personnes âgées bénéficiant d'aides ménagères, depuis 2000
52;49;462;464;324;295;277;261;242;237;231;215;197;179;187;196;208;193;159;143;123;140;140;166;189;203;188;Personnes âgées bénéficiant d'aides ménagères, depuis 2000
28;50;667;501;315;340;239;229;214;184;146;145;135;116;84;75;69;59;56;45;33;31;39;22;33;22;31;Personnes âgées bénéficiant d'aides ménagères, depuis 2000
44;51;292;272;181;131;113;101;98;99;99;111;118;140;127;84;110;101;95;82;93;96;85;83;79;86;50;Personnes âgées bénéficiant d'aides ménagères, depuis 2000
44;52;72;68;58;55;48;49;54;44;51;46;38;51;47;37;39;33;24;17;11;23;30;35;36;28;27;Personnes âgées bénéficiant d'aides ménagères, depuis 2000
52;53;259;259;189;175;158;145;123;137;108;96;113;116;89;46;39;42;20;20;18;48;50;114;93;71;77;Personnes âgées bénéficiant d'aides ménagères, depuis 2000
44;54;473;420;298;233;201;164;169;151;125;114;97;86;102;106;103;109;113;107;82;70;56;58;70;52;44;Personnes âgées bénéficiant d'aides ménagères, depuis 2000
44;55;115;155;111;84;78;86;82;69;49;53;49;48;39;35;25;22;20;19;16;12;12;11;17;13;9;Personnes âgées bénéficiant d'aides ménagères, depuis 2000
53;56;2410;2028;1467;1322;1138;723;660;549;476;449;411;407;472;399;395;367;453;426;450;521;499;558;602;584;567;Personnes âgées bénéficiant d'aides ménagères, depuis 2000
44;57;681;658;555;528;506;499;468;489;420;406;436;442;445;465;455;375;337;339;340;386;403;447;487;490;498;Personnes âgées bénéficiant d'aides ménagères, depuis 2000
27;58;322;265;172;118;92;74;61;40;38;35;40;35;34;31;25;28;23;26;26;23;21;21;19;11;11;Personnes âgées bénéficiant d'aides ménagères, depuis 2000
32;59;1010;944;757;333;300;486;434;406;382;378;394;415;434;454;438;435;444;451;417;481;448;520;622;494;386;Personnes âgées bénéficiant d'aides ménagères, depuis 2000
32;60;365;295;246;236;247;232;254;269;265;297;299;317;261;186;133;118;110;97;113;126;140;159;168;179;181;Personnes âgées bénéficiant d'aides ménagères, depuis 2000
28;61;232;221;169;144;140;110;92;112;110;104;100;99;83;74;73;61;60;61;61;66;63;67;58;56;60;Personnes âgées bénéficiant d'aides ménagères, depuis 2000
32;62;1230;1134;996;526;466;436;348;348;320;200;194;219;204;193;208;219;177;185;238;235;238;251;352;497;558;Personnes âgées bénéficiant d'aides ménagères, depuis 2000
84;63;459;393;313;254;176;162;145;145;130;133;130;152;160;175;183;207;208;191;189;229;223;252;261;272;280;Personnes âgées bénéficiant d'aides ménagères, depuis 2000
75;64;633;635;413;460;433;371;378;347;326;287;232;216;217;224;216;207;184;164;171;185;188;184;156;117;88;Personnes âgées bénéficiant d'aides ménagères, depuis 2000
76;65;575;590;484;409;396;180;286;274;248;261;266;255;237;224;196;182;160;140;119;110;110;96;78;66;55;Personnes âgées bénéficiant d'aides ménagères, depuis 2000
76;66;1524;1218;880;855;833;872;852;666;634;613;544;481;419;359;349;326;317;318;280;269;257;243;237;229;286;Personnes âgées bénéficiant d'aides ménagères, depuis 2000
44;67;410;382;469;440;270;279;253;252;323;263;249;253;236;226;228;221;212;204;201;112;107;108;102;104;103;Personnes âgées bénéficiant d'aides ménagères, depuis 2000
44;68;133;204;188;181;179;198;210;195;214;221;200;200;229;230;292;244;198;192;163;157;188;176;200;217;190;Personnes âgées bénéficiant d'aides ménagères, depuis 2000
84;69;830;535;566;444;403;364;221;300;260;261;222;225;222;206;197;;;;;;;;;;;Personnes âgées bénéficiant d'aides ménagères, depuis 2000
27;70;174;116;99;82;85;57;87;80;69;66;70;59;60;61;65;52;40;31;33;29;24;24;23;25;19;Personnes âgées bénéficiant d'aides ménagères, depuis 2000
27;71;230;275;180;169;166;172;253;221;203;179;166;92;73;71;59;59;65;61;67;78;60;53;42;45;39;Personnes âgées bénéficiant d'aides ménagères, depuis 2000
52;72;400;371;320;272;236;205;183;131;131;112;105;94;107;108;81;78;70;75;100;110;122;122;110;91;76;Personnes âgées bénéficiant d'aides ménagères, depuis 2000
84;73;192;193;134;103;69;59;47;50;30;17;15;19;31;34;31;24;16;17;15;11;14;21;30;26;31;Personnes âgées bénéficiant d'aides ménagères, depuis 2000
84;74;405;369;323;281;196;161;153;115;104;101;106;86;77;79;78;61;54;51;44;34;22;22;21;24;23;Personnes âgées bénéficiant d'aides ménagères, depuis 2000
11;75;2437;2311;2214;1655;2000;1852;1942;1660;1558;1549;1389;1258;1454;1256;1207;1124;1036;925;847;825;816;789;745;720;716;Personnes âgées bénéficiant d'aides ménagères, depuis 2000
28;76;1169;1063;924;662;572;528;450;512;401;326;295;316;399;245;171;153;150;130;128;129;135;130;139;98;71;Personnes âgées bénéficiant d'aides ménagères, depuis 2000
11;77;604;550;389;507;456;256;292;291;297;278;236;225;238;262;263;247;235;222;207;195;213;216;211;178;199;Personnes âgées bénéficiant d'aides ménagères, depuis 2000
11;78;369;403;173;180;163;190;181;146;152;159;136;120;77;68;60;59;42;31;32;31;32;52;36;38;34;Personnes âgées bénéficiant d'aides ménagères, depuis 2000
75;79;820;857;723;803;754;510;461;371;314;294;288;217;190;188;198;184;167;150;147;160;177;158;152;136;112;Personnes âgées bénéficiant d'aides ménagères, depuis 2000
32;80;688;472;351;236;211;233;167;200;174;176;153;144;115;155;177;138;138;138;154;180;197;268;303;293;320;Personnes âgées bénéficiant d'aides ménagères, depuis 2000
76;81;810;757;683;455;348;300;282;263;236;190;147;138;100;108;64;68;60;57;65;76;95;124;127;112;121;Personnes âgées bénéficiant d'aides ménagères, depuis 2000
76;82;353;291;140;119;84;80;101;82;63;70;69;75;50;66;80;81;73;74;56;58;59;56;55;38;36;Personnes âgées bénéficiant d'aides ménagères, depuis 2000
93;83;959;917;761;439;436;354;340;304;236;226;230;200;235;247;279;310;390;298;330;358;405;365;357;380;375;Personnes âgées bénéficiant d'aides ménagères, depuis 2000
93;84;663;569;465;342;309;206;187;189;186;169;161;164;163;163;152;143;125;139;141;158;186;161;146;134;128;Personnes âgées bénéficiant d'aides ménagères, depuis 2000
52;85;514;460;355;322;304;280;286;271;248;225;221;211;211;207;199;192;185;155;128;145;141;149;142;157;176;Personnes âgées bénéficiant d'aides ménagères, depuis 2000
75;86;344;337;259;270;262;201;171;142;140;125;125;122;136;126;121;116;113;114;107;108;122;121;112;118;106;Personnes âgées bénéficiant d'aides ménagères, depuis 2000
75;87;328;283;179;173;122;116;109;102;111;94;79;77;63;74;66;64;63;88;86;85;100;118;119;122;112;Personnes âgées bénéficiant d'aides ménagères, depuis 2000
44;88;98;134;109;99;84;67;53;51;43;47;39;39;39;37;33;38;26;22;24;25;32;37;40;29;21;Personnes âgées bénéficiant d'aides ménagères, depuis 2000
27;89;286;229;178;151;125;88;88;77;66;73;62;47;46;54;50;54;51;41;41;46;47;48;54;50;56;Personnes âgées bénéficiant d'aides ménagères, depuis 2000
27;90;81;75;60;42;40;43;29;29;26;28;28;22;24;30;23;25;20;28;28;29;25;25;22;26;18;Personnes âgées bénéficiant d'aides ménagères, depuis 2000
11;91;405;322;264;256;361;230;241;244;226;211;188;196;192;140;168;147;149;99;93;98;106;93;100;94;105;Personnes âgées bénéficiant d'aides ménagères, depuis 2000
11;92;1034;1012;919;679;576;556;549;534;509;472;434;429;428;434;421;371;388;410;420;417;483;526;496;482;467;Personnes âgées bénéficiant d'aides ménagères, depuis 2000
11;93;891;712;429;382;356;248;295;211;219;215;189;182;175;166;141;115;102;89;70;68;62;61;55;47;39;Personnes âgées bénéficiant d'aides ménagères, depuis 2000
11;94;849;832;756;639;505;541;305;384;427;340;346;324;289;298;274;264;213;201;189;192;198;209;204;206;192;Personnes âgées bénéficiant d'aides ménagères, depuis 2000
11;95;411;359;360;362;335;298;261;251;238;207;185;165;166;175;197;176;153;140;108;71;66;43;59;61;67;Personnes âgées bénéficiant d'aides ménagères, depuis 2000
101;971;326;900;145;116;0;0;326;530;498;244;276;252;364;286;322;438;601;676;898;253;231;327;275;417;428;Personnes âgées bénéficiant d'aides ménagères, depuis 2000
102;972;1591;1393;1383;1363;1375;1426;1408;1365;1345;1240;1214;1073;998;842;668;643;425;318;260;270;278;293;286;210;134;Personnes âgées bénéficiant d'aides ménagères, depuis 2000
103;973;338;353;343;348;332;323;271;223;208;201;200;180;151;115;104;124;135;111;71;74;43;62;27;17;16;Personnes âgées bénéficiant d'aides ménagères, depuis 2000
104;974;2840;2871;2543;2388;2297;2192;1879;1896;1723;2332;2743;2240;2242;2151;2128;2123;2138;2271;2109;2233;2413;2588;2595;2739;2742;Personnes âgées bénéficiant d'aides ménagères, depuis 2000
84;1;1559;1607;1590;1683;1823;1788;1947;2252;2567;2876;3156;3613;3766;3838;4074;4246;4403;4617;4789;4862;5658;5848;6003;6156;6120;"Total des aides sociales aux personnes handicapées, depuis 2000 
 Données au 31 décembre"
32;2;2100;2214;2166;2232;2273;2458;2865;3187;3572;3480;3579;3559;3713;3767;4171;4036;4142;4454;4590;4650;4603;5976;5364;5498;5998;"Total des aides sociales aux personnes handicapées, depuis 2000 
 Données au 31 décembre"
84;3;1439;1389;1432;1442;1432;1478;1544;1705;1849;2004;2105;2314;2542;2670;2860;2991;3067;3054;3148;3369;3269;3349;3417;3517;3694;"Total des aides sociales aux personnes handicapées, depuis 2000 
 Données au 31 décembre"
93;4;524;524;464;498;512;539;535;586;725;869;1036;1081;1233;1119;1225;1343;1406;1461;1536;1610;1518;1504;1581;1677;1753;"Total des aides sociales aux personnes handicapées, depuis 2000 
 Données au 31 décembre"
93;5;539;399;375;450;475;491;532;574;674;742;790;912;995;1091;1065;1129;1131;1153;1218;1154;1210;1307;1269;1336;1386;"Total des aides sociales aux personnes handicapées, depuis 2000 
 Données au 31 décembre"
93;6;7047;5745;4705;4545;4617;4582;4363;4437;4995;6041;6857;7181;7642;7678;7976;8541;7900;10732;11078;11359;11741;12146;12299;10908;9665;"Total des aides sociales aux personnes handicapées, depuis 2000 
 Données au 31 décembre"
84;7;1000;904;879;931;990;1107;1283;1465;1726;1845;2034;2250;2422;2583;2740;2729;2908;2896;2847;2882;2937;3022;2983;3220;3702;"Total des aides sociales aux personnes handicapées, depuis 2000 
 Données au 31 décembre"
44;8;1491;1309;1367;1434;1571;1570;1581;1637;1731;1932;2151;2106;2160;2326;2498;2451;2603;2697;2737;2749;2815;2938;3081;3143;3329;"Total des aides sociales aux personnes handicapées, depuis 2000 
 Données au 31 décembre"
76;9;652;696;669;669;683;686;664;662;817;929;943;977;898;1047;1114;1269;1249;1231;1278;1162;1391;1607;1350;1375;1434;"Total des aides sociales aux personnes handicapées, depuis 2000 
 Données au 31 décembre"
44;10;1234;1267;1181;1189;1291;1264;1002;1167;1367;1531;1934;2042;2187;2358;2477;2530;2589;2563;2598;2636;2778;2860;2905;3080;3260;"Total des aides sociales aux personnes handicapées, depuis 2000 
 Données au 31 décembre"
76;11;2261;2124;1993;1939;1985;2019;2092;2250;2557;3150;3536;3873;4019;4166;4569;4728;5202;5574;5577;5706;6340;6861;6426;6688;6782;"Total des aides sociales aux personnes handicapées, depuis 2000 
 Données au 31 décembre"
76;12;1124;996;1059;1077;1205;1056;1328;1549;1882;2179;2120;2337;2490;2622;2844;2899;2965;2977;3017;3070;3037;3111;3222;3501;3850;"Total des aides sociales aux personnes handicapées, depuis 2000 
 Données au 31 décembre"
93;13;5914;5471;5398;5310;5610;5718;6081;5769;6509;8306;9347;11101;10318;10449;12010;13189;13928;14273;14528;14389;14900;15530;16103;19248;20006;"Total des aides sociales aux personnes handicapées, depuis 2000 
 Données au 31 décembre"
28;14;3112;3215;3260;3329;3466;3549;3633;3666;3884;3947;4170;4583;4820;4987;5112;5269;5264;5109;5298;5366;5392;5417;5462;5628;5858;"Total des aides sociales aux personnes handicapées, depuis 2000 
 Données au 31 décembre"
84;15;805;756;792;741;766;777;800;861;882;977;1089;1082;1113;1206;1175;1194;1354;1550;1677;1705;1676;1718;1743;1752;1821;"Total des aides sociales aux personnes handicapées, depuis 2000 
 Données au 31 décembre"
75;16;1552;1471;1438;1495;1527;1734;1743;2110;2362;2551;2738;3033;3038;3182;3315;3382;3398;3475;3554;3590;3608;3691;3462;3263;3615;"Total des aides sociales aux personnes handicapées, depuis 2000 
 Données au 31 décembre"
75;17;2463;2451;2400;2479;2579;2790;2950;3312;3723;4366;4640;5359;5614;6047;5893;6168;6233;6451;6806;6891;6705;6487;6776;6791;7689;"Total des aides sociales aux personnes handicapées, depuis 2000 
 Données au 31 décembre"
24;18;1921;1757;1865;1806;1850;1830;1763;2062;2339;2455;2716;2830;3117;3248;3479;3633;3758;3917;3945;4076;3912;4065;4189;4327;4515;"Total des aides sociales aux personnes handicapées, depuis 2000 
 Données au 31 décembre"
75;19;1020;880;880;885;895;912;984;1065;1145;1522;1669;1780;1885;1750;1755;1739;1737;1740;1728;1678;1606;1613;1656;1723;1808;"Total des aides sociales aux personnes handicapées, depuis 2000 
 Données au 31 décembre"
94;20;3335;2758;2810;2769;2879;2204;2024;2135;2402;2741;2648;3213;3314;3310;3324;3513;3753;3886;4508;4113;4253;4464;4974;5210;5127;"Total des aides sociales aux personnes handicapées, depuis 2000 
 Données au 31 décembre"
27;21;1797;1654;1910;1938;2106;2161;2218;2554;2732;3221;3817;4168;4520;4618;5406;5219;4111;4488;4724;4778;5032;5184;5084;5254;5478;"Total des aides sociales aux personnes handicapées, depuis 2000 
 Données au 31 décembre"
53;22;2174;2510;1962;1949;2028;2082;2556;2836;3249;3489;3658;3828;3900;4119;4062;4161;4281;4115;4641;5376;5414;5414;4656;5043;5290;"Total des aides sociales aux personnes handicapées, depuis 2000 
 Données au 31 décembre"
75;23;820;604;595;597;670;731;626;699;725;793;902;954;1017;1035;911;1146;1179;1216;1282;1331;1307;1409;1455;1523;1719;"Total des aides sociales aux personnes handicapées, depuis 2000 
 Données au 31 décembre"
75;24;1806;1774;1913;1774;1776;1723;1816;2145;2444;2669;2987;3029;2975;2983;3009;3009;3048;3065;3157;3164;3272;3447;3592;3976;4211;"Total des aides sociales aux personnes handicapées, depuis 2000 
 Données au 31 décembre"
27;25;1763;1675;1665;1542;1731;1759;2001;2478;2950;3351;3988;4438;4555;5063;5383;5564;5721;5807;6047;6309;6521;6698;6829;7090;7288;"Total des aides sociales aux personnes handicapées, depuis 2000 
 Données au 31 décembre"
84;26;1594;1470;1588;1555;1887;1940;1780;1843;2783;3308;3927;4368;4307;4636;4677;4685;4638;4783;4972;5129;5281;5743;6060;6235;6744;"Total des aides sociales aux personnes handicapées, depuis 2000 
 Données au 31 décembre"
28;27;2552;2466;2531;2489;2623;2663;2831;3213;3238;3450;3664;3979;4226;4508;4789;4894;4990;5002;5036;5062;5015;5173;5288;5501;5520;"Total des aides sociales aux personnes handicapées, depuis 2000 
 Données au 31 décembre"
24;28;1398;1399;1448;1444;1504;1567;1560;1818;1954;2272;2295;2574;2579;2680;2737;2850;3080;3210;3392;3444;3642;3778;3904;4407;5041;"Total des aides sociales aux personnes handicapées, depuis 2000 
 Données au 31 décembre"
53;29;4174;3861;3944;4930;5365;5672;5804;6183;7095;8370;8124;8338;8790;8600;9337;9765;10042;9782;9624;10340;11059;11388;12321;13151;13700;"Total des aides sociales aux personnes handicapées, depuis 2000 
 Données au 31 décembre"
76;30;2090;2117;2209;2321;2359;2337;2784;3076;3531;3564;3403;4018;3924;4093;4519;4672;4877;4981;5251;5251;5245;5078;5369;5529;5766;"Total des aides sociales aux personnes handicapées, depuis 2000 
 Données au 31 décembre"
76;31;3744;3601;3408;3614;3606;3754;3814;4363;5101;5723;6783;7089;7680;9893;10126;10731;10253;10339;10751;11868;10950;11318;11690;12868;13383;"Total des aides sociales aux personnes handicapées, depuis 2000 
 Données au 31 décembre"
76;32;1008;929;1029;975;944;1029;1018;1096;1524;1372;1498;1654;1729;1918;1788;1853;2028;2108;2295;2342;2275;2506;2710;2420;2929;"Total des aides sociales aux personnes handicapées, depuis 2000 
 Données au 31 décembre"
75;33;4121;4069;4849;5179;5319;5555;6147;6438;6564;7154;7715;9187;9645;10081;10900;11592;12130;12649;13263;13895;14230;16733;16373;17164;17434;"Total des aides sociales aux personnes handicapées, depuis 2000 
 Données au 31 décembre"
76;34;3418;3251;3614;3429;3606;3698;4029;3786;5043;6001;6727;7151;7748;8184;8640;8745;9133;9268;9658;10142;10336;10403;10775;11398;11261;"Total des aides sociales aux personnes handicapées, depuis 2000 
 Données au 31 décembre"
53;35;3829;3548;3429;3580;3691;3900;3969;4261;4603;4927;4905;5738;6263;7085;7425;8278;8332;8672;8796;9309;9518;9972;10235;10259;10803;"Total des aides sociales aux personnes handicapées, depuis 2000 
 Données au 31 décembre"
24;36;1073;1110;1099;1100;1138;1170;1187;1210;1275;1387;1449;1553;1654;1770;1845;2040;2109;2131;2179;2200;2195;2284;2334;2357;2333;"Total des aides sociales aux personnes handicapées, depuis 2000 
 Données au 31 décembre"
24;37;1940;2083;2061;2292;2241;2281;2559;2759;3189;3309;3647;3877;4049;3946;3938;3783;3877;4377;4462;4653;4271;4857;5167;5403;5603;"Total des aides sociales aux personnes handicapées, depuis 2000 
 Données au 31 décembre"
84;38;3747;3644;3753;3756;4268;4160;3835;4220;4938;5903;6926;7845;8548;8961;8845;9184;9541;9986;10234;10592;10765;10890;11143;11607;12197;"Total des aides sociales aux personnes handicapées, depuis 2000 
 Données au 31 décembre"
27;39;881;926;946;939;927;955;1112;1188;1317;2050;2397;2690;2719;2746;2365;2403;2466;2541;2566;2632;2945;2979;3060;3171;3311;"Total des aides sociales aux personnes handicapées, depuis 2000 
 Données au 31 décembre"
75;40;1190;1126;1249;1293;1238;1321;1372;1435;1634;1794;1878;1969;2130;2188;2276;2341;3056;3147;3170;3178;3315;3442;3712;4080;4429;"Total des aides sociales aux personnes handicapées, depuis 2000 
 Données au 31 décembre"
24;41;1404;1304;1234;1223;1357;1496;1619;1545;1625;1894;2008;2144;2446;2522;2766;2780;3033;3217;3416;3514;3382;3517;3465;3586;3933;"Total des aides sociales aux personnes handicapées, depuis 2000 
 Données au 31 décembre"
84;42;4437;4585;4371;4165;4261;4501;4528;5004;5444;6307;6568;6726;7033;7263;7436;7618;7795;7951;8073;8182;8111;8110;8485;9034;9350;"Total des aides sociales aux personnes handicapées, depuis 2000 
 Données au 31 décembre"
84;43;1035;1006;1012;1033;1013;1047;1015;1138;1317;1364;1420;1481;1469;1562;1804;1955;2122;2601;2713;2739;2760;2854;2679;2824;3154;"Total des aides sociales aux personnes handicapées, depuis 2000 
 Données au 31 décembre"
52;44;3898;3550;3628;3771;4119;4255;4454;4888;5461;7384;7890;8796;9201;9680;9924;10339;10705;10886;12382;13224;13438;13604;14337;15321;16391;"Total des aides sociales aux personnes handicapées, depuis 2000 
 Données au 31 décembre"
24;45;2146;2063;2134;2332;2385;2688;2752;3069;3554;3920;4037;4239;4434;4541;4604;4663;4901;4580;4853;5022;4891;5597;5915;6000;6356;"Total des aides sociales aux personnes handicapées, depuis 2000 
 Données au 31 décembre"
76;46;830;712;725;783;796;817;832;1144;1136;1316;1367;1535;1466;1437;1492;1562;1367;1317;1332;1312;1365;1709;1667;1707;1795;"Total des aides sociales aux personnes handicapées, depuis 2000 
 Données au 31 décembre"
75;47;1445;1473;1512;1615;1674;1727;1818;2062;2284;2362;2505;2619;2707;2728;2723;2780;2863;2793;2736;2779;2933;3083;3317;3659;3639;"Total des aides sociales aux personnes handicapées, depuis 2000 
 Données au 31 décembre"
76;48;357;410;316;328;392;432;471;605;803;868;1118;1245;1027;1072;1122;1154;1173;1208;1195;1221;1274;1195;1232;1454;1577;"Total des aides sociales aux personnes handicapées, depuis 2000 
 Données au 31 décembre"
52;49;2069;2323;2453;2374;2557;2492;2536;3107;3301;3578;4185;4571;5375;5599;5644;5805;6012;6155;6466;6092;6436;7088;7408;8332;8592;"Total des aides sociales aux personnes handicapées, depuis 2000 
 Données au 31 décembre"
28;50;2630;2489;2574;2483;2513;2511;2510;3003;3329;3367;3618;3996;4300;4580;4714;4480;4674;4716;4299;4598;4434;4837;5655;5839;5889;"Total des aides sociales aux personnes handicapées, depuis 2000 
 Données au 31 décembre"
44;51;2368;2329;2467;2524;2592;2799;2711;2661;2909;3403;3774;3869;3838;3839;4033;3988;4060;3954;4039;4290;4377;4627;4819;4955;5017;"Total des aides sociales aux personnes handicapées, depuis 2000 
 Données au 31 décembre"
44;52;1049;966;993;1063;1031;1052;1168;1263;1325;1390;1566;1692;1725;1766;1813;1895;1847;1873;1878;1875;2024;2074;2117;2240;2278;"Total des aides sociales aux personnes handicapées, depuis 2000 
 Données au 31 décembre"
52;53;1790;1501;1767;1323;1378;1402;1396;1248;1670;1917;2088;2019;2226;2492;2758;2783;2641;2680;3098;2999;2739;3457;3759;4189;4471;"Total des aides sociales aux personnes handicapées, depuis 2000 
 Données au 31 décembre"
44;54;2533;2522;2603;2576;2787;2830;2795;3205;3910;4254;4614;5281;5729;5935;6231;6379;6512;6619;6677;6993;6810;7055;7076;7131;7209;"Total des aides sociales aux personnes handicapées, depuis 2000 
 Données au 31 décembre"
44;55;618;606;605;605;680;685;780;864;942;1020;1111;1236;1282;1373;1408;1375;1392;1330;1290;1407;1450;1530;1578;1678;1711;"Total des aides sociales aux personnes handicapées, depuis 2000 
 Données au 31 décembre"
53;56;2781;2632;2617;2650;2760;2820;3009;3346;3698;4185;4681;4976;5267;5388;5561;5461;5983;6209;6280;6139;6284;6415;6487;6639;6795;"Total des aides sociales aux personnes handicapées, depuis 2000 
 Données au 31 décembre"
44;57;3199;3027;2931;3284;3274;3444;3455;3904;4593;5137;5675;5364;6120;6364;6534;6564;6632;6672;6648;6685;6903;7234;7394;7638;7891;"Total des aides sociales aux personnes handicapées, depuis 2000 
 Données au 31 décembre"
27;58;1562;1144;1304;1215;1268;1284;1417;1516;1699;1879;2027;2116;2200;2275;2243;2305;2278;2359;2336;2522;2558;2561;2650;2698;2671;"Total des aides sociales aux personnes handicapées, depuis 2000 
 Données au 31 décembre"
32;59;8248;8199;8343;9028;9931;10472;9820;10246;11068;12841;13965;15868;17092;17729;20050;21610;22506;23377;24244;24301;24041;23748;23683;24446;23808;"Total des aides sociales aux personnes handicapées, depuis 2000 
 Données au 31 décembre"
32;60;2391;2431;2595;2723;2847;2906;3033;3536;4131;4623;5655;7130;7316;7549;7583;7811;7777;7850;7988;7970;8068;8051;8273;8572;9117;"Total des aides sociales aux personnes handicapées, depuis 2000 
 Données au 31 décembre"
28;61;1285;1183;1348;1288;1379;1412;1517;1438;1517;1829;1819;2159;2291;2302;2548;2516;2623;2551;2585;2668;2749;2758;2725;2757;2813;"Total des aides sociales aux personnes handicapées, depuis 2000 
 Données au 31 décembre"
32;62;6052;5726;5861;6142;6378;6534;6446;6585;7186;7651;7986;8507;9241;9760;11369;12451;12085;12170;12565;13155;12791;13191;14022;14663;16064;"Total des aides sociales aux personnes handicapées, depuis 2000 
 Données au 31 décembre"
84;63;2532;2201;2219;2414;2501;2605;2706;2932;3180;3392;3899;4158;4237;4346;4453;4780;4820;5120;5206;5264;5265;5452;5639;6114;6645;"Total des aides sociales aux personnes handicapées, depuis 2000 
 Données au 31 décembre"
75;64;2448;2280;2254;2385;2641;2620;2458;2956;3120;3256;3729;4056;4059;4765;4934;4877;4768;4966;5142;5443;5715;5781;6187;6379;6684;"Total des aides sociales aux personnes handicapées, depuis 2000 
 Données au 31 décembre"
76;65;1366;1272;1222;1287;1351;1274;1339;1429;1511;1603;1665;1705;1752;1798;1843;1936;1919;1999;2276;2566;2602;2719;2873;3035;3170;"Total des aides sociales aux personnes handicapées, depuis 2000 
 Données au 31 décembre"
76;66;2445;2257;1926;1886;1988;2095;2181;2402;2645;2967;2998;3270;3073;3152;3318;3314;3437;3534;3592;3866;3993;4029;3993;4515;5091;"Total des aides sociales aux personnes handicapées, depuis 2000 
 Données au 31 décembre"
44;67;4012;4587;3946;3687;3722;4071;3890;4245;5161;5655;6159;6116;6515;6750;7727;7948;8387;8211;8564;8403;8784;9183;9707;10092;10444;"Total des aides sociales aux personnes handicapées, depuis 2000 
 Données au 31 décembre"
44;68;2549;2372;2537;2830;2977;2956;3459;4247;4706;4887;5551;6087;6587;6876;7516;7880;7955;7953;8287;8499;7566;7789;7854;7690;7676;"Total des aides sociales aux personnes handicapées, depuis 2000 
 Données au 31 décembre"
84;69;6344;6510;6342;7256;7256;7298;7800;8297;9065;9639;10733;11749;12665;13330;12964;;;;;;;;;;;"Total des aides sociales aux personnes handicapées, depuis 2000 
 Données au 31 décembre"
27;70;668;648;683;678;743;817;811;954;1163;1314;1343;1258;1431;1335;1382;1437;1545;1610;1616;1701;2112;1853;1741;1829;1874;"Total des aides sociales aux personnes handicapées, depuis 2000 
 Données au 31 décembre"
27;71;2989;2744;2903;3224;3197;3345;3088;3387;3605;3837;3929;4164;4340;5143;5302;5473;5633;5828;5964;6157;6385;6795;6982;7425;7830;"Total des aides sociales aux personnes handicapées, depuis 2000 
 Données au 31 décembre"
52;72;1940;1946;2035;2094;2119;2261;2248;2859;3185;3728;3477;3561;3785;3862;4105;4272;4287;4452;4504;4585;4616;4666;4806;5073;5503;"Total des aides sociales aux personnes handicapées, depuis 2000 
 Données au 31 décembre"
84;73;1159;1276;1344;1406;1446;1534;1545;1864;2124;2459;2840;3018;3275;3597;3635;3625;3719;3726;3808;3848;3820;3821;3956;4152;4202;"Total des aides sociales aux personnes handicapées, depuis 2000 
 Données au 31 décembre"
84;74;1540;1513;1539;1648;1723;1907;2099;2482;2783;3316;3641;4191;4491;4723;4970;5206;5425;5700;5850;6192;6165;6297;6589;6885;7287;"Total des aides sociales aux personnes handicapées, depuis 2000 
 Données au 31 décembre"
11;75;8096;7939;8036;8006;8276;8510;8590;9021;9729;10016;10177;10804;11096;11482;12151;13714;14270;14362;14800;14670;14670;14488;14359;14667;14609;"Total des aides sociales aux personnes handicapées, depuis 2000 
 Données au 31 décembre"
28;76;5842;5592;5924;6577;6873;7455;7173;7465;7699;8287;8516;8766;8742;8359;8137;8856;8846;8962;8852;8888;9128;9239;10259;10204;10296;"Total des aides sociales aux personnes handicapées, depuis 2000 
 Données au 31 décembre"
11;77;3699;3703;3711;4008;4270;4361;4216;4209;4156;4621;5274;5906;6291;6474;7048;7395;7558;7949;8578;8372;9062;9260;9500;9276;9529;"Total des aides sociales aux personnes handicapées, depuis 2000 
 Données au 31 décembre"
11;78;3840;3905;4160;4349;4624;4801;4880;5275;6644;7191;7728;8477;8381;8806;8659;9024;9027;8701;8851;9055;9331;9523;9926;9780;10645;"Total des aides sociales aux personnes handicapées, depuis 2000 
 Données au 31 décembre"
75;79;1728;1649;1758;1715;1903;1928;1899;1995;2401;2672;3181;3594;3843;4070;4179;4328;4373;3979;4012;4046;3976;3975;4031;4103;4156;"Total des aides sociales aux personnes handicapées, depuis 2000 
 Données au 31 décembre"
32;80;3044;3067;3014;2884;3048;3001;3195;3627;3774;4206;4592;4595;4876;4592;5058;5269;5278;4998;4951;5317;4803;4962;5104;5137;5721;"Total des aides sociales aux personnes handicapées, depuis 2000 
 Données au 31 décembre"
76;81;2370;2015;1850;1965;1927;1896;1852;1843;2107;2336;2528;2912;3024;3191;3107;3422;3550;3755;3697;3712;3600;3662;3828;4018;4074;"Total des aides sociales aux personnes handicapées, depuis 2000 
 Données au 31 décembre"
76;82;1047;972;969;1067;1067;1109;1201;1325;1360;1510;1628;1810;2001;2041;2066;2195;2312;2430;2503;2548;2567;2438;2185;2293;2391;"Total des aides sociales aux personnes handicapées, depuis 2000 
 Données au 31 décembre"
93;83;2802;2678;2778;2638;2906;3018;2985;3227;3571;3908;4621;5174;5680;6249;6605;7086;7622;7953;8196;8433;8710;8782;8981;9500;9873;"Total des aides sociales aux personnes handicapées, depuis 2000 
 Données au 31 décembre"
93;84;1456;1455;1468;1491;1543;1579;1607;1773;2010;2256;2542;2858;3053;3241;3282;3124;3654;3560;3694;3766;3874;3895;3939;4261;4428;"Total des aides sociales aux personnes handicapées, depuis 2000 
 Données au 31 décembre"
52;85;2056;2066;1864;1921;1989;2149;2321;2807;3364;3838;4311;4800;5041;5076;5367;5729;5654;5645;5800;6197;6343;6733;6558;6848;7112;"Total des aides sociales aux personnes handicapées, depuis 2000 
 Données au 31 décembre"
75;86;1366;1320;1340;1317;1488;1467;1590;1867;2237;2623;2765;2934;2969;3054;3132;3101;3287;3298;3385;3516;3595;3693;3838;4077;4312;"Total des aides sociales aux personnes handicapées, depuis 2000 
 Données au 31 décembre"
75;87;1745;1651;1712;2186;1769;1789;1896;2197;2297;2477;2783;3065;3206;3265;3217;3310;3308;3404;3383;3735;3560;3643;3550;3890;4081;"Total des aides sociales aux personnes handicapées, depuis 2000 
 Données au 31 décembre"
44;88;2017;1373;1511;1621;1628;1837;1758;1981;2282;2474;2718;2810;2867;2994;3086;3195;3185;3220;3291;3612;3481;3486;3536;3778;4155;"Total des aides sociales aux personnes handicapées, depuis 2000 
 Données au 31 décembre"
27;89;2084;2042;2061;2075;2157;2149;2170;2116;2242;2325;2749;2749;2917;2736;2834;2768;2726;2847;2909;3040;3078;3095;3127;3309;3571;"Total des aides sociales aux personnes handicapées, depuis 2000 
 Données au 31 décembre"
27;90;339;302;342;350;353;370;417;495;481;668;835;913;1003;1102;1185;1186;1194;1221;1248;1258;1276;1308;1287;1278;1402;"Total des aides sociales aux personnes handicapées, depuis 2000 
 Données au 31 décembre"
11;91;2869;2847;2855;3357;3753;3749;3964;4258;4801;5330;5616;5840;5974;6508;7061;7465;7924;8036;8292;9289;9225;9375;9744;10662;11355;"Total des aides sociales aux personnes handicapées, depuis 2000 
 Données au 31 décembre"
11;92;6659;6545;6262;7160;7394;6845;6390;5875;5855;6227;6147;6659;7016;7041;6956;7309;7429;7513;7626;7699;9576;9311;9536;9855;9588;"Total des aides sociales aux personnes handicapées, depuis 2000 
 Données au 31 décembre"
11;93;5134;4719;5185;4708;5364;5305;5397;6203;7005;7416;7425;7568;8509;9705;10569;10623;10921;11312;10753;11967;12644;13562;14683;16527;17073;"Total des aides sociales aux personnes handicapées, depuis 2000 
 Données au 31 décembre"
11;94;6089;6189;5911;5836;5809;5862;5684;5844;6738;7107;7729;8335;8281;8270;8130;7923;7795;7972;7969;7902;7837;8081;8181;8176;8317;"Total des aides sociales aux personnes handicapées, depuis 2000 
 Données au 31 décembre"
11;95;2838;3055;3215;3227;3440;3520;3613;3803;4696;5168;5642;6391;7032;7017;7210;7577;7355;7562;7807;7971;8133;8109;8117;8197;8442;"Total des aides sociales aux personnes handicapées, depuis 2000 
 Données au 31 décembre"
101;971;2517;1980;1907;2219;1909;2004;1872;1928;1974;2110;2258;2470;2500;2778;3016;3329;3508;3685;3905;3794;4135;4141;4599;4720;4892;"Total des aides sociales aux personnes handicapées, depuis 2000 
 Données au 31 décembre"
102;972;1170;1038;1005;1096;1249;1277;1339;1442;1517;1750;2122;2144;2348;2410;2459;2760;2910;3060;3650;3720;3712;3832;3809;3986;4561;"Total des aides sociales aux personnes handicapées, depuis 2000 
 Données au 31 décembre"
103;973;642;558;535;321;292;310;340;327;354;376;385;468;571;660;767;780;827;833;782;800;681;716;882;1146;1214;"Total des aides sociales aux personnes handicapées, depuis 2000 
 Données au 31 décembre"
104;974;4032;3572;3388;3007;3126;3242;3078;3254;3707;3830;4425;5472;6422;6802;7475;7844;8161;7750;8039;8278;9490;9933;10072;10443;11371;"Total des aides sociales aux personnes handicapées, depuis 2000 
 Données au 31 décembre"
84;1;665;669;653;707;752;736;834;1086;1395;1713;1942;2216;2364;2471;2666;2819;2936;3065;3243;3315;4141;4306;4457;4581;4562;"Total des aides sociales à domicile aux personnes handicapées, depuis 2000 
 Données au 31 décembre"
32;2;1117;1098;993;1006;1082;1275;1402;1725;2137;2142;2215;2197;2329;2406;2711;2712;2835;3124;3162;3300;3386;4160;3832;3889;4377;"Total des aides sociales à domicile aux personnes handicapées, depuis 2000 
 Données au 31 décembre"
84;3;723;755;714;752;723;763;799;950;1092;1208;1337;1470;1663;1783;1927;2026;2104;2094;2158;2343;2284;2329;2382;2458;2641;"Total des aides sociales à domicile aux personnes handicapées, depuis 2000 
 Données au 31 décembre"
93;4;321;322;299;312;307;312;320;364;511;605;759;801;944;803;871;961;1026;1081;1153;1234;1149;1129;1200;1261;1333;"Total des aides sociales à domicile aux personnes handicapées, depuis 2000 
 Données au 31 décembre"
93;5;262;225;197;241;272;279;313;315;382;405;475;599;672;773;735;793;801;815;853;787;852;961;949;952;999;"Total des aides sociales à domicile aux personnes handicapées, depuis 2000 
 Données au 31 décembre"
93;6;4938;3880;2982;2863;2950;2699;2660;2647;3178;4177;4937;5270;5553;5667;6067;6617;5997;9107;9386;9676;10112;10497;10808;9407;8133;"Total des aides sociales à domicile aux personnes handicapées, depuis 2000 
 Données au 31 décembre"
84;7;513;432;430;440;455;609;688;851;1111;1221;1415;1586;1772;1918;2056;2021;2196;2144;2090;2164;2238;2313;2150;2260;2760;"Total des aides sociales à domicile aux personnes handicapées, depuis 2000 
 Données au 31 décembre"
44;8;921;862;815;897;1026;1102;958;1162;1215;1376;1665;1572;1611;1820;1912;1875;1970;1997;2070;2050;2116;2217;2322;2426;2583;"Total des aides sociales à domicile aux personnes handicapées, depuis 2000 
 Données au 31 décembre"
76;9;412;367;366;348;361;357;348;372;480;598;609;641;619;754;796;846;877;869;844;803;929;1108;990;984;1034;"Total des aides sociales à domicile aux personnes handicapées, depuis 2000 
 Données au 31 décembre"
44;10;645;642;599;572;657;569;476;617;737;899;1261;1355;1450;1531;1604;1659;1702;1702;1726;1762;1910;1947;1996;2146;2309;"Total des aides sociales à domicile aux personnes handicapées, depuis 2000 
 Données au 31 décembre"
76;11;1348;1269;1159;1082;1102;1173;1192;1357;1631;2240;2603;2945;3103;3262;3545;3750;4171;4507;4502;4647;5312;5790;5345;5585;5665;"Total des aides sociales à domicile aux personnes handicapées, depuis 2000 
 Données au 31 décembre"
76;12;526;451;486;509;671;523;663;910;1155;1456;1390;1557;1649;1703;1816;1852;1880;1873;1927;1995;2036;2034;2151;2459;2843;"Total des aides sociales à domicile aux personnes handicapées, depuis 2000 
 Données au 31 décembre"
93;13;3688;3042;2888;2749;2776;2697;2953;2637;3336;5134;6475;8143;7335;7458;8030;9245;9944;10253;10461;10734;11342;11878;11962;14674;15399;"Total des aides sociales à domicile aux personnes handicapées, depuis 2000 
 Données au 31 décembre"
28;14;1555;1542;1425;1450;1500;1533;1669;1718;1973;2066;2280;2600;2756;3022;3137;3248;3225;3344;3541;3529;3646;3652;3704;3838;4036;"Total des aides sociales à domicile aux personnes handicapées, depuis 2000 
 Données au 31 décembre"
84;15;406;347;326;312;324;327;366;413;442;509;578;642;646;691;654;650;894;958;1009;1036;993;1018;1014;1030;1079;"Total des aides sociales à domicile aux personnes handicapées, depuis 2000 
 Données au 31 décembre"
75;16;791;741;730;752;813;909;923;1249;1490;1703;1845;2029;2016;2086;2163;2188;2217;2252;2302;2345;2373;2446;2220;2002;2337;"Total des aides sociales à domicile aux personnes handicapées, depuis 2000 
 Données au 31 décembre"
75;17;1054;1043;981;1030;1130;1196;1324;1618;2051;2613;2906;3413;3640;4035;3854;4078;4216;4386;4706;4595;4546;4538;4622;4606;5469;"Total des aides sociales à domicile aux personnes handicapées, depuis 2000 
 Données au 31 décembre"
24;18;1030;948;1011;992;1008;1038;957;1254;1521;1622;1829;1912;2174;2259;2465;2584;2582;2709;2728;2850;2757;2901;3038;3185;3383;"Total des aides sociales à domicile aux personnes handicapées, depuis 2000 
 Données au 31 décembre"
75;19;511;438;476;392;407;411;469;482;546;883;979;1027;1102;944;944;900;924;916;889;834;779;798;835;878;957;"Total des aides sociales à domicile aux personnes handicapées, depuis 2000 
 Données au 31 décembre"
94;20;2526;2011;2222;2059;1994;1913;1722;1840;2120;2425;2320;2886;2823;2858;2877;3055;3284;3441;3918;3698;3811;4034;4341;4607;4532;"Total des aides sociales à domicile aux personnes handicapées, depuis 2000 
 Données au 31 décembre"
27;21;778;628;826;863;946;1011;1069;1241;1447;1817;2353;2808;3071;3155;3945;3511;2566;3033;3183;3182;3391;3500;3352;3506;3573;"Total des aides sociales à domicile aux personnes handicapées, depuis 2000 
 Données au 31 décembre"
53;22;1186;1013;1020;994;1068;1087;1447;1650;2080;2339;2570;2765;2852;2945;2945;3011;3131;2978;3083;3484;3595;4087;3461;3645;3803;"Total des aides sociales à domicile aux personnes handicapées, depuis 2000 
 Données au 31 décembre"
75;23;409;259;273;275;339;439;310;414;406;486;572;622;662;670;525;741;759;818;865;899;873;946;979;1055;1236;"Total des aides sociales à domicile aux personnes handicapées, depuis 2000 
 Données au 31 décembre"
75;24;937;884;875;908;912;920;970;1237;1487;1738;1898;2046;2002;1988;1972;1970;1986;1991;2076;2094;2204;2336;2504;2873;3120;"Total des aides sociales à domicile aux personnes handicapées, depuis 2000 
 Données au 31 décembre"
27;25;890;839;817;842;902;915;935;1424;1871;2203;2715;3088;3190;3692;3992;4190;4320;4567;4828;4873;5103;5228;5356;5543;5751;"Total des aides sociales à domicile aux personnes handicapées, depuis 2000 
 Données au 31 décembre"
84;26;677;646;641;638;745;752;717;713;1608;2187;2777;3234;3214;3536;3561;3553;3510;3633;3814;3943;4129;4555;4840;5007;5533;"Total des aides sociales à domicile aux personnes handicapées, depuis 2000 
 Données au 31 décembre"
28;27;1423;1234;1249;1245;1300;1307;1465;1910;1981;2189;2382;2704;2936;3221;3529;3628;3684;3704;3813;3812;3741;3873;4054;4287;4293;"Total des aides sociales à domicile aux personnes handicapées, depuis 2000 
 Données au 31 décembre"
24;28;712;525;493;486;514;553;528;800;941;1227;1285;1454;1478;1573;1716;1764;1981;1985;2161;2216;2391;2542;2691;3183;3799;"Total des aides sociales à domicile aux personnes handicapées, depuis 2000 
 Données au 31 décembre"
53;29;2225;2047;2133;2118;2290;2410;2393;2717;3583;4729;4643;5403;5818;6012;6653;7023;7234;6912;7185;7824;8618;8970;9860;10563;11038;"Total des aides sociales à domicile aux personnes handicapées, depuis 2000 
 Données au 31 décembre"
76;30;1251;1152;1204;1228;1253;1204;1578;1812;2368;2544;2479;2919;2913;3077;3365;3446;3625;3791;4016;4020;4054;3885;4156;4327;4610;"Total des aides sociales à domicile aux personnes handicapées, depuis 2000 
 Données au 31 décembre"
76;31;1646;1660;1535;1570;1622;1708;1735;2241;3005;3598;4618;5059;5473;7174;7474;8146;8133;8169;8609;9814;8938;9153;9253;10021;10496;"Total des aides sociales à domicile aux personnes handicapées, depuis 2000 
 Données au 31 décembre"
76;32;582;550;627;578;526;598;580;713;1031;936;988;1075;1175;1297;1216;1263;1355;1399;1583;1660;1770;1801;2061;1973;2286;"Total des aides sociales à domicile aux personnes handicapées, depuis 2000 
 Données au 31 décembre"
75;33;2474;2530;2683;2721;2725;2915;2986;3457;3715;4322;4913;6320;6785;7139;7747;8328;8701;9112;9653;10211;10658;13078;12813;13625;13862;"Total des aides sociales à domicile aux personnes handicapées, depuis 2000 
 Données au 31 décembre"
76;34;1855;1762;2057;1850;1913;2150;2332;2117;3279;4188;4781;5148;5712;6120;6637;6755;7134;7289;7681;8134;8321;8286;8570;9161;8924;"Total des aides sociales à domicile aux personnes handicapées, depuis 2000 
 Données au 31 décembre"
53;35;1689;1603;1520;1545;1603;1626;1656;1819;2200;2551;2647;3367;3697;4191;4537;5324;5450;5780;5882;6294;6606;6958;7208;7230;7752;"Total des aides sociales à domicile aux personnes handicapées, depuis 2000 
 Données au 31 décembre"
24;36;590;623;588;598;647;670;696;728;789;900;983;1059;1177;1274;1334;1330;1393;1418;1441;1450;1472;1541;1621;1646;1614;"Total des aides sociales à domicile aux personnes handicapées, depuis 2000 
 Données au 31 décembre"
24;37;834;903;859;953;954;966;1161;1297;1770;2012;2153;2398;2543;2551;2574;2551;2708;2791;2912;3058;3127;3299;3619;3886;4123;"Total des aides sociales à domicile aux personnes handicapées, depuis 2000 
 Données au 31 décembre"
84;38;1503;1497;1483;1450;1779;1688;1813;2144;2670;3543;4506;5165;5781;6227;6613;6987;7360;7821;8044;8350;8564;8826;9046;9423;9980;"Total des aides sociales à domicile aux personnes handicapées, depuis 2000 
 Données au 31 décembre"
27;39;272;283;319;323;326;331;413;480;604;1322;1648;1927;1916;1944;1527;1565;1628;1671;1696;1767;2082;2146;2240;2327;2412;"Total des aides sociales à domicile aux personnes handicapées, depuis 2000 
 Données au 31 décembre"
75;40;534;485;546;594;542;692;728;783;921;1084;1173;1238;1405;1495;1567;1610;1713;1756;1787;1813;1876;1935;2037;2397;2800;"Total des aides sociales à domicile aux personnes handicapées, depuis 2000 
 Données au 31 décembre"
24;41;560;486;470;484;544;594;617;681;761;1022;1095;1298;1548;1630;1776;1872;2064;2214;2403;2445;2397;2519;2521;2623;2861;"Total des aides sociales à domicile aux personnes handicapées, depuis 2000 
 Données au 31 décembre"
84;42;1926;1958;1826;1736;1784;2190;2197;2685;3160;3518;3865;4015;4425;4539;4652;4756;4901;5023;5130;5243;5199;5170;5475;5942;6228;"Total des aides sociales à domicile aux personnes handicapées, depuis 2000 
 Données au 31 décembre"
84;43;497;477;464;463;454;451;441;532;679;696;824;885;908;987;1177;1195;1322;1851;1958;2065;2089;2173;1998;2155;2504;"Total des aides sociales à domicile aux personnes handicapées, depuis 2000 
 Données au 31 décembre"
52;44;1475;1514;1512;1635;1756;1888;2029;2493;3055;4846;5150;5837;6144;6516;6693;7033;7371;7567;8961;9726;10008;10203;11001;11993;13089;"Total des aides sociales à domicile aux personnes handicapées, depuis 2000 
 Données au 31 décembre"
24;45;887;887;904;950;1016;1203;1324;1434;1874;2155;2417;2585;2716;2830;2833;2950;3064;2889;3113;3240;3206;3537;3823;4082;4429;"Total des aides sociales à domicile aux personnes handicapées, depuis 2000 
 Données au 31 décembre"
76;46;427;276;279;316;400;404;411;713;692;833;907;1084;1003;997;1043;1107;929;854;849;805;860;1256;1199;1257;1301;"Total des aides sociales à domicile aux personnes handicapées, depuis 2000 
 Données au 31 décembre"
75;47;815;805;789;800;823;833;928;1152;1382;1478;1612;1724;1816;1809;1795;1859;1916;1864;1782;1831;1989;2149;2387;2745;2727;"Total des aides sociales à domicile aux personnes handicapées, depuis 2000 
 Données au 31 décembre"
76;48;147;175;111;117;175;176;202;346;536;616;851;977;745;779;813;837;854;875;847;878;926;849;878;1089;1212;"Total des aides sociales à domicile aux personnes handicapées, depuis 2000 
 Données au 31 décembre"
52;49;636;1026;910;1016;1157;1120;1130;1668;1990;2074;2749;3096;3728;4047;4136;4233;4372;4478;4758;4387;4752;5338;5666;6565;6664;"Total des aides sociales à domicile aux personnes handicapées, depuis 2000 
 Données au 31 décembre"
28;50;1451;1372;1422;1347;1306;1368;1391;1640;1790;1856;2091;2358;2748;2984;3112;2868;3041;3111;2757;2826;2668;2943;3329;3619;3896;"Total des aides sociales à domicile aux personnes handicapées, depuis 2000 
 Données au 31 décembre"
44;51;1316;1243;1342;1418;1442;1659;1515;1452;1601;2003;2424;2488;2448;2421;2577;2501;2563;2461;2518;2723;2859;3048;3218;3355;3394;"Total des aides sociales à domicile aux personnes handicapées, depuis 2000 
 Données au 31 décembre"
44;52;587;551;550;676;591;616;524;610;643;699;798;1023;969;1039;1094;1165;1114;1125;1108;1119;1246;1303;1354;1460;1498;"Total des aides sociales à domicile aux personnes handicapées, depuis 2000 
 Données au 31 décembre"
52;53;742;517;487;501;489;590;549;553;646;860;1021;1103;1247;1358;1563;1608;1390;1435;1798;2017;1566;2290;2373;2547;2695;"Total des aides sociales à domicile aux personnes handicapées, depuis 2000 
 Données au 31 décembre"
44;54;1378;1397;1432;1431;1545;1584;1508;1896;2565;2970;3379;3994;4421;4617;4908;5047;5193;5428;5511;5628;5566;5751;5754;5827;5937;"Total des aides sociales à domicile aux personnes handicapées, depuis 2000 
 Données au 31 décembre"
44;55;285;275;263;268;325;319;393;479;549;610;698;824;861;948;986;986;1016;956;875;997;1070;1107;1132;1225;1252;"Total des aides sociales à domicile aux personnes handicapées, depuis 2000 
 Données au 31 décembre"
53;56;1602;1526;1496;1526;1582;1614;1685;2069;2386;2716;2984;3261;3337;3474;3596;3448;3930;4112;4152;4163;4319;4442;4522;4647;4825;"Total des aides sociales à domicile aux personnes handicapées, depuis 2000 
 Données au 31 décembre"
44;57;2281;2147;2059;2363;2176;2232;2266;2476;3093;3736;4211;3865;4559;4690;4814;4846;4839;4885;4866;4933;5120;5396;5555;5779;5995;"Total des aides sociales à domicile aux personnes handicapées, depuis 2000 
 Données au 31 décembre"
27;58;889;682;756;733;626;659;725;812;966;1127;1254;1337;1424;1568;1547;1603;1626;1667;1662;1789;1836;1817;1881;1913;1950;"Total des aides sociales à domicile aux personnes handicapées, depuis 2000 
 Données au 31 décembre"
32;59;4242;4312;4403;4623;4710;4789;4748;5262;6216;7831;8633;10346;11301;11777;13680;15488;16103;16944;17652;17792;17622;17302;17344;18389;17544;"Total des aides sociales à domicile aux personnes handicapées, depuis 2000 
 Données au 31 décembre"
32;60;1054;1118;1140;1201;1276;1248;1372;1838;2793;3253;3838;5189;5106;5470;5432;5590;5580;5647;5727;5749;5882;5860;6040;6398;6874;"Total des aides sociales à domicile aux personnes handicapées, depuis 2000 
 Données au 31 décembre"
28;61;841;789;756;700;731;770;716;779;803;1075;1063;1386;1548;1554;1778;1730;1780;1726;1791;1861;1888;1919;1912;1978;2081;"Total des aides sociales à domicile aux personnes handicapées, depuis 2000 
 Données au 31 décembre"
32;62;3079;2880;2822;2903;3139;3105;3033;3117;3699;4286;4704;5316;5751;6410;7869;8960;8602;8751;9102;8114;8046;8670;9448;9999;11317;"Total des aides sociales à domicile aux personnes handicapées, depuis 2000 
 Données au 31 décembre"
84;63;1238;914;902;946;1002;1042;1122;1268;1496;1700;2149;2350;2377;2482;2606;2873;2894;3135;3233;3328;3398;3605;3828;4223;4758;"Total des aides sociales à domicile aux personnes handicapées, depuis 2000 
 Données au 31 décembre"
75;64;1246;1135;1065;1226;1454;1434;1303;1750;1930;2072;2272;2402;2419;3103;3222;3142;3085;3261;3358;3547;3836;3914;4292;4499;4898;"Total des aides sociales à domicile aux personnes handicapées, depuis 2000 
 Données au 31 décembre"
76;65;772;734;732;746;807;811;878;903;1010;1101;1143;1193;1236;1282;1311;1389;1429;1475;1761;2037;2087;2168;2303;2446;2544;"Total des aides sociales à domicile aux personnes handicapées, depuis 2000 
 Données au 31 décembre"
76;66;1864;1682;1404;1371;1424;1525;1566;1741;1956;2231;2310;2467;2221;2399;2535;2511;2618;2615;2639;2880;3018;3078;3025;3491;4042;"Total des aides sociales à domicile aux personnes handicapées, depuis 2000 
 Données au 31 décembre"
44;67;1881;2845;2094;1937;1847;1872;1847;2265;2547;3398;3819;3633;3890;4037;4959;5141;5544;5426;5615;5618;6024;6319;6510;6855;7232;"Total des aides sociales à domicile aux personnes handicapées, depuis 2000 
 Données au 31 décembre"
44;68;1388;1049;1086;1196;1540;1625;1825;2434;2813;3024;3538;3996;4316;4645;4991;5266;5377;5424;5642;5883;5199;5225;5173;5047;5191;"Total des aides sociales à domicile aux personnes handicapées, depuis 2000 
 Données au 31 décembre"
84;69;2903;3118;2856;2836;2845;2782;3128;3674;4419;5147;6198;7271;8155;8785;8752;;;;;;;;;;;"Total des aides sociales à domicile aux personnes handicapées, depuis 2000 
 Données au 31 décembre"
27;70;371;276;313;308;342;397;387;531;713;875;903;890;939;951;970;1022;1136;1186;1176;1239;1656;1388;1275;1354;1408;"Total des aides sociales à domicile aux personnes handicapées, depuis 2000 
 Données au 31 décembre"
27;71;805;791;782;772;748;995;881;1147;1355;1538;1828;2047;2175;2790;3004;3142;3271;3424;3563;3728;3998;4369;4568;4953;5386;"Total des aides sociales à domicile aux personnes handicapées, depuis 2000 
 Données au 31 décembre"
52;72;823;810;897;940;939;1058;1018;1544;1935;2443;2123;2190;2456;2533;2763;2904;2931;3093;3189;3243;3293;3374;3515;3815;4226;"Total des aides sociales à domicile aux personnes handicapées, depuis 2000 
 Données au 31 décembre"
84;73;519;575;611;601;628;692;701;1094;1406;1683;2031;2205;2257;2566;2585;2611;2650;2670;2707;2738;2737;2714;2843;3055;3139;"Total des aides sociales à domicile aux personnes handicapées, depuis 2000 
 Données au 31 décembre"
84;74;609;696;692;782;838;913;926;1294;1621;2158;2559;2919;3197;3414;3617;3798;3986;4234;4375;4626;4600;4669;4918;5161;5522;"Total des aides sociales à domicile aux personnes handicapées, depuis 2000 
 Données au 31 décembre"
11;75;4528;4440;4461;4350;4550;4681;4737;5238;5939;6334;6711;7230;7448;7937;8388;8547;8889;8882;9145;9242;9528;9292;8798;9505;9491;"Total des aides sociales à domicile aux personnes handicapées, depuis 2000 
 Données au 31 décembre"
28;76;2685;2555;2595;3103;3176;3704;3602;3767;4105;4855;5108;5413;5513;5106;5124;5565;5633;5716;5647;5691;5953;6180;6641;6817;7002;"Total des aides sociales à domicile aux personnes handicapées, depuis 2000 
 Données au 31 décembre"
11;77;2169;1886;2175;2234;2368;2493;2386;2404;2436;2608;3267;3623;3820;3943;4339;4585;4668;4387;4962;5337;5990;6384;6577;6494;6630;"Total des aides sociales à domicile aux personnes handicapées, depuis 2000 
 Données au 31 décembre"
11;78;1583;1810;1651;1695;1671;1897;1861;2107;3250;3804;4464;5180;5090;5513;5377;5680;5586;5391;5562;5770;6044;6266;6707;6542;7409;"Total des aides sociales à domicile aux personnes handicapées, depuis 2000 
 Données au 31 décembre"
75;79;780;728;780;853;1007;906;823;999;1335;1584;2066;2475;2647;2879;2993;3165;3189;2809;2852;2893;2825;2798;2823;2850;2881;"Total des aides sociales à domicile aux personnes handicapées, depuis 2000 
 Données au 31 décembre"
32;80;1767;1744;1699;1586;1672;1605;1677;2239;2088;2373;2697;2573;2960;2705;3489;3667;3789;3495;3458;3775;3344;3493;3627;3679;4282;"Total des aides sociales à domicile aux personnes handicapées, depuis 2000 
 Données au 31 décembre"
76;81;1186;1093;977;876;871;851;809;932;1184;1415;1596;1839;1875;2030;1981;2102;2151;2263;2152;2183;2117;2186;2345;2520;2589;"Total des aides sociales à domicile aux personnes handicapées, depuis 2000 
 Données au 31 décembre"
76;82;495;411;408;562;586;599;648;745;781;874;974;1149;1351;1390;1437;1535;1606;1682;1740;1795;1785;1654;1416;1511;1631;"Total des aides sociales à domicile aux personnes handicapées, depuis 2000 
 Données au 31 décembre"
93;83;1772;1677;1727;1703;1749;1697;1623;1826;2150;2433;3075;3540;3986;4492;4840;5263;5759;6084;6299;6514;6780;6836;7005;7511;7856;"Total des aides sociales à domicile aux personnes handicapées, depuis 2000 
 Données au 31 décembre"
93;84;735;749;762;761;770;946;930;1061;1327;1529;1767;2036;2171;2350;2359;2198;2720;2589;2700;2790;2912;2945;2997;3209;3263;"Total des aides sociales à domicile aux personnes handicapées, depuis 2000 
 Données au 31 décembre"
52;85;833;759;865;843;861;947;1087;1554;2045;2472;2846;3263;3458;3481;3740;4103;4019;3982;4173;4523;4640;5034;4867;5122;5394;"Total des aides sociales à domicile aux personnes handicapées, depuis 2000 
 Données au 31 décembre"
75;86;619;577;573;537;569;563;645;880;1258;1623;1763;1851;1828;1877;1956;1981;2097;2147;2225;2365;2423;2512;2699;2915;3129;"Total des aides sociales à domicile aux personnes handicapées, depuis 2000 
 Données au 31 décembre"
75;87;877;790;761;1361;837;847;942;1229;1321;1547;1764;1988;2173;2210;2179;2250;2231;2264;2226;2365;2324;2406;2321;2651;2806;"Total des aides sociales à domicile aux personnes handicapées, depuis 2000 
 Données au 31 décembre"
44;88;1175;802;808;863;798;874;855;1056;1363;1538;1740;1842;1913;1999;2119;2253;2238;2255;2307;2597;2457;2484;2526;2759;3102;"Total des aides sociales à domicile aux personnes handicapées, depuis 2000 
 Données au 31 décembre"
27;89;1015;1015;942;929;927;957;928;963;1121;1224;1646;1646;1799;1674;1744;1677;1650;1810;1810;1928;2013;2108;2155;2268;2500;"Total des aides sociales à domicile aux personnes handicapées, depuis 2000 
 Données au 31 décembre"
27;90;174;149;174;182;185;200;256;342;315;498;643;726;786;873;933;940;965;997;1036;1047;1058;1082;1062;1063;1139;"Total des aides sociales à domicile aux personnes handicapées, depuis 2000 
 Données au 31 décembre"
11;91;1478;1455;1482;1652;1660;1684;1758;2124;2532;3046;3383;3524;3658;4026;4498;4880;5233;5392;5632;6312;6292;6407;6920;7728;8329;"Total des aides sociales à domicile aux personnes handicapées, depuis 2000 
 Données au 31 décembre"
11;92;3345;3276;3082;3123;3239;3296;3007;2958;3094;3242;3481;3795;4004;4046;4014;4373;4530;4649;4845;5022;6398;6275;6588;6844;6675;"Total des aides sociales à domicile aux personnes handicapées, depuis 2000 
 Données au 31 décembre"
11;93;3015;2753;2955;2550;2969;2932;2900;3810;4447;4475;4900;5173;6228;6956;7685;7658;7935;7870;7781;8782;9592;10747;11760;13297;13796;"Total des aides sociales à domicile aux personnes handicapées, depuis 2000 
 Données au 31 décembre"
11;94;4013;4023;3931;3706;3787;3819;3537;3695;4384;4693;5043;5389;5368;5513;5320;5248;5139;5191;5208;5213;5116;5321;5459;5513;5677;"Total des aides sociales à domicile aux personnes handicapées, depuis 2000 
 Données au 31 décembre"
11;95;1726;1657;1693;1669;1812;1849;1917;2414;3075;3612;4114;4860;5326;5332;5331;5644;5486;5594;5800;5948;6105;6019;6069;6192;6315;"Total des aides sociales à domicile aux personnes handicapées, depuis 2000 
 Données au 31 décembre"
101;971;1762;1617;1318;1677;1354;1111;1399;1448;1488;1732;1857;2089;2047;2396;2617;2910;3039;3223;3434;3429;3694;3684;4120;4242;4443;"Total des aides sociales à domicile aux personnes handicapées, depuis 2000 
 Données au 31 décembre"
102;972;925;990;785;858;1162;1190;1231;1336;1404;1632;2003;2030;2174;2182;2224;2527;2686;2800;3206;3291;3455;3572;3463;3645;4276;"Total des aides sociales à domicile aux personnes handicapées, depuis 2000 
 Données au 31 décembre"
103;973;433;302;326;267;236;258;287;275;299;318;323;394;499;588;699;711;760;768;700;691;612;695;864;1131;1199;"Total des aides sociales à domicile aux personnes handicapées, depuis 2000 
 Données au 31 décembre"
104;974;3097;2739;2722;2512;2681;2780;2656;2875;3363;3523;3910;4266;5089;5378;5870;6171;6401;6107;6193;6415;7624;7932;8011;8120;8838;"Total des aides sociales à domicile aux personnes handicapées, depuis 2000 
 Données au 31 décembre"
84;1;894;938;937;976;1071;1052;1113;1166;1172;1163;1214;1397;1402;1367;1408;1427;1467;1552;1546;1547;1517;1542;1546;1575;1558;"Total des aides sociales à l'accueil des personnes handicapées, depuis 2000 
 Données au 31 décembre"
32;2;983;1116;1173;1226;1191;1183;1463;1462;1435;1338;1364;1362;1384;1361;1460;1324;1307;1330;1428;1350;1217;1816;1532;1609;1621;"Total des aides sociales à l'accueil des personnes handicapées, depuis 2000 
 Données au 31 décembre"
84;3;716;634;718;690;709;715;745;755;757;796;768;844;879;887;933;965;963;960;990;1026;985;1020;1035;1059;1053;"Total des aides sociales à l'accueil des personnes handicapées, depuis 2000 
 Données au 31 décembre"
93;4;203;202;165;186;205;227;215;222;214;264;277;280;289;316;354;382;380;380;383;376;369;375;381;416;420;"Total des aides sociales à l'accueil des personnes handicapées, depuis 2000 
 Données au 31 décembre"
93;5;277;174;178;209;203;212;219;259;292;337;315;313;323;318;330;336;330;338;365;367;358;346;320;384;387;"Total des aides sociales à l'accueil des personnes handicapées, depuis 2000 
 Données au 31 décembre"
93;6;2109;1865;1723;1682;1667;1883;1703;1790;1817;1864;1920;1911;2089;2011;1909;1924;1903;1625;1692;1683;1629;1649;1491;1501;1532;"Total des aides sociales à l'accueil des personnes handicapées, depuis 2000 
 Données au 31 décembre"
84;7;487;472;449;491;535;498;595;614;615;624;619;664;650;665;684;708;712;752;757;718;699;709;833;960;942;"Total des aides sociales à l'accueil des personnes handicapées, depuis 2000 
 Données au 31 décembre"
44;8;570;447;552;537;545;468;623;475;516;556;486;534;549;506;586;576;633;700;667;699;699;721;759;717;746;"Total des aides sociales à l'accueil des personnes handicapées, depuis 2000 
 Données au 31 décembre"
76;9;240;329;303;321;322;329;316;290;337;331;334;336;279;293;318;423;372;362;434;359;462;499;360;391;400;"Total des aides sociales à l'accueil des personnes handicapées, depuis 2000 
 Données au 31 décembre"
44;10;589;625;582;617;634;695;526;550;630;632;673;687;737;827;873;871;887;861;872;874;868;913;909;934;951;"Total des aides sociales à l'accueil des personnes handicapées, depuis 2000 
 Données au 31 décembre"
76;11;913;855;834;857;883;846;900;893;926;910;933;928;916;904;1024;978;1031;1067;1075;1059;1028;1071;1081;1103;1117;"Total des aides sociales à l'accueil des personnes handicapées, depuis 2000 
 Données au 31 décembre"
76;12;598;545;573;568;534;533;665;639;727;723;730;780;841;919;1028;1047;1085;1104;1090;1075;1001;1077;1071;1042;1007;"Total des aides sociales à l'accueil des personnes handicapées, depuis 2000 
 Données au 31 décembre"
93;13;2226;2429;2510;2561;2834;3021;3128;3132;3173;3172;2872;2958;2983;2991;3980;3944;3984;4020;4067;3655;3558;3652;4141;4574;4607;"Total des aides sociales à l'accueil des personnes handicapées, depuis 2000 
 Données au 31 décembre"
28;14;1557;1673;1835;1879;1966;2016;1964;1948;1911;1881;1890;1983;2064;1965;1975;2021;2039;1765;1757;1837;1746;1765;1758;1790;1822;"Total des aides sociales à l'accueil des personnes handicapées, depuis 2000 
 Données au 31 décembre"
84;15;399;409;466;429;442;450;434;448;440;468;511;440;467;515;521;544;460;592;668;669;683;700;729;722;742;"Total des aides sociales à l'accueil des personnes handicapées, depuis 2000 
 Données au 31 décembre"
75;16;761;730;708;743;714;825;820;861;872;848;893;1004;1022;1096;1152;1194;1181;1223;1252;1245;1235;1245;1242;1261;1278;"Total des aides sociales à l'accueil des personnes handicapées, depuis 2000 
 Données au 31 décembre"
75;17;1409;1408;1419;1449;1449;1594;1626;1694;1672;1753;1734;1946;1974;2012;2039;2090;2017;2065;2100;2296;2159;1949;2154;2185;2220;"Total des aides sociales à l'accueil des personnes handicapées, depuis 2000 
 Données au 31 décembre"
24;18;891;809;854;814;842;792;806;808;818;833;887;918;943;989;1014;1049;1176;1208;1217;1226;1155;1164;1151;1142;1132;"Total des aides sociales à l'accueil des personnes handicapées, depuis 2000 
 Données au 31 décembre"
75;19;509;442;404;493;488;501;515;583;599;639;690;753;783;806;811;839;813;824;839;844;827;815;821;845;851;"Total des aides sociales à l'accueil des personnes handicapées, depuis 2000 
 Données au 31 décembre"
94;20;809;747;588;710;885;291;302;295;282;316;328;327;491;452;447;458;469;445;590;415;442;430;633;603;595;"Total des aides sociales à l'accueil des personnes handicapées, depuis 2000 
 Données au 31 décembre"
27;21;1019;1026;1084;1075;1160;1150;1149;1313;1285;1404;1464;1360;1449;1463;1461;1708;1545;1455;1541;1596;1641;1684;1732;1748;1905;"Total des aides sociales à l'accueil des personnes handicapées, depuis 2000 
 Données au 31 décembre"
53;22;988;1497;942;955;960;995;1109;1186;1169;1150;1088;1063;1048;1174;1117;1150;1150;1137;1558;1892;1819;1327;1195;1398;1487;"Total des aides sociales à l'accueil des personnes handicapées, depuis 2000 
 Données au 31 décembre"
75;23;411;345;322;322;331;292;316;285;319;307;330;332;355;365;386;405;420;398;417;432;434;463;476;468;483;"Total des aides sociales à l'accueil des personnes handicapées, depuis 2000 
 Données au 31 décembre"
75;24;869;890;1038;866;864;803;846;908;957;931;1089;983;973;995;1037;1039;1062;1074;1081;1070;1068;1111;1088;1103;1091;"Total des aides sociales à l'accueil des personnes handicapées, depuis 2000 
 Données au 31 décembre"
27;25;873;836;848;700;829;844;1066;1054;1079;1148;1273;1350;1365;1371;1391;1374;1401;1240;1219;1436;1418;1470;1473;1547;1537;"Total des aides sociales à l'accueil des personnes handicapées, depuis 2000 
 Données au 31 décembre"
84;26;917;824;947;917;1142;1188;1063;1130;1175;1121;1150;1134;1093;1100;1116;1132;1128;1150;1158;1186;1152;1188;1220;1228;1211;"Total des aides sociales à l'accueil des personnes handicapées, depuis 2000 
 Données au 31 décembre"
28;27;1129;1232;1282;1244;1323;1356;1366;1303;1257;1261;1282;1275;1290;1287;1260;1266;1306;1298;1223;1250;1274;1300;1234;1214;1227;"Total des aides sociales à l'accueil des personnes handicapées, depuis 2000 
 Données au 31 décembre"
24;28;686;874;955;958;990;1014;1032;1018;1013;1045;1010;1120;1101;1107;1021;1086;1099;1225;1231;1228;1251;1236;1213;1224;1242;"Total des aides sociales à l'accueil des personnes handicapées, depuis 2000 
 Données au 31 décembre"
53;29;1949;1814;1811;2812;3075;3262;3411;3466;3512;3641;3481;2935;2972;2588;2684;2742;2808;2870;2439;2516;2441;2418;2461;2588;2662;"Total des aides sociales à l'accueil des personnes handicapées, depuis 2000 
 Données au 31 décembre"
76;30;839;965;1005;1093;1106;1133;1206;1264;1163;1020;924;1099;1011;1016;1154;1226;1252;1190;1235;1231;1191;1193;1213;1202;1156;"Total des aides sociales à l'accueil des personnes handicapées, depuis 2000 
 Données au 31 décembre"
76;31;2098;1941;1873;2044;1984;2046;2079;2122;2096;2125;2165;2030;2207;2719;2652;2585;2120;2170;2142;2054;2012;2165;2437;2847;2887;"Total des aides sociales à l'accueil des personnes handicapées, depuis 2000 
 Données au 31 décembre"
76;32;426;379;402;397;418;431;438;383;493;436;510;579;554;621;572;590;673;709;712;682;505;705;649;447;643;"Total des aides sociales à l'accueil des personnes handicapées, depuis 2000 
 Données au 31 décembre"
75;33;1647;1539;2166;2458;2594;2640;3161;2981;2849;2832;2802;2867;2860;2942;3153;3264;3429;3537;3610;3684;3572;3655;3560;3539;3572;"Total des aides sociales à l'accueil des personnes handicapées, depuis 2000 
 Données au 31 décembre"
76;34;1563;1489;1557;1579;1693;1548;1697;1669;1764;1813;1946;2003;2036;2064;2003;1990;1999;1979;1977;2008;2015;2117;2205;2237;2337;"Total des aides sociales à l'accueil des personnes handicapées, depuis 2000 
 Données au 31 décembre"
53;35;2140;1945;1909;2035;2088;2274;2313;2442;2403;2376;2258;2371;2566;2894;2888;2954;2882;2892;2914;3015;2912;3014;3027;3029;3051;"Total des aides sociales à l'accueil des personnes handicapées, depuis 2000 
 Données au 31 décembre"
24;36;483;487;511;502;491;500;491;482;486;487;466;494;477;496;511;710;716;713;738;750;723;743;713;711;719;"Total des aides sociales à l'accueil des personnes handicapées, depuis 2000 
 Données au 31 décembre"
24;37;1106;1180;1202;1339;1287;1315;1398;1462;1419;1297;1494;1479;1506;1395;1364;1232;1169;1586;1550;1595;1144;1558;1548;1517;1480;"Total des aides sociales à l'accueil des personnes handicapées, depuis 2000 
 Données au 31 décembre"
84;38;2244;2147;2270;2306;2489;2472;2022;2076;2268;2360;2420;2680;2767;2734;2232;2197;2181;2165;2190;2242;2201;2064;2097;2184;2217;"Total des aides sociales à l'accueil des personnes handicapées, depuis 2000 
 Données au 31 décembre"
27;39;609;643;627;616;601;624;699;708;713;728;749;763;803;802;838;838;838;870;870;865;863;833;820;844;899;"Total des aides sociales à l'accueil des personnes handicapées, depuis 2000 
 Données au 31 décembre"
75;40;656;641;703;699;696;629;644;652;713;710;705;731;725;693;709;731;1343;1391;1383;1365;1439;1507;1675;1683;1629;"Total des aides sociales à l'accueil des personnes handicapées, depuis 2000 
 Données au 31 décembre"
24;41;844;818;764;739;813;902;1002;864;864;872;913;846;898;892;990;908;969;1003;1013;1069;985;998;944;963;1072;"Total des aides sociales à l'accueil des personnes handicapées, depuis 2000 
 Données au 31 décembre"
84;42;2511;2627;2545;2429;2477;2311;2331;2319;2284;2789;2703;2711;2608;2724;2784;2862;2894;2928;2943;2939;2912;2940;3010;3092;3122;"Total des aides sociales à l'accueil des personnes handicapées, depuis 2000 
 Données au 31 décembre"
84;43;538;529;548;570;559;596;574;606;638;668;596;596;561;575;627;760;800;750;755;674;671;681;681;669;650;"Total des aides sociales à l'accueil des personnes handicapées, depuis 2000 
 Données au 31 décembre"
52;44;2423;2036;2116;2136;2363;2367;2425;2395;2406;2538;2740;2959;3057;3164;3231;3306;3334;3319;3421;3498;3430;3401;3336;3328;3302;"Total des aides sociales à l'accueil des personnes handicapées, depuis 2000 
 Données au 31 décembre"
24;45;1259;1176;1230;1382;1369;1485;1428;1635;1680;1765;1620;1654;1718;1711;1771;1713;1837;1691;1740;1782;1685;2060;2092;1918;1927;"Total des aides sociales à l'accueil des personnes handicapées, depuis 2000 
 Données au 31 décembre"
76;46;403;436;446;467;396;413;421;431;444;483;460;451;463;440;449;455;438;463;483;507;505;453;468;450;494;"Total des aides sociales à l'accueil des personnes handicapées, depuis 2000 
 Données au 31 décembre"
75;47;630;668;723;815;851;894;890;910;902;884;893;895;891;919;928;921;947;929;954;948;944;934;930;914;912;"Total des aides sociales à l'accueil des personnes handicapées, depuis 2000 
 Données au 31 décembre"
76;48;210;235;205;211;217;256;269;259;267;252;267;268;282;293;309;317;319;333;348;343;348;346;354;365;365;"Total des aides sociales à l'accueil des personnes handicapées, depuis 2000 
 Données au 31 décembre"
52;49;1433;1297;1543;1358;1400;1372;1406;1439;1311;1504;1436;1475;1647;1552;1508;1572;1640;1677;1708;1705;1684;1750;1742;1767;1928;"Total des aides sociales à l'accueil des personnes handicapées, depuis 2000 
 Données au 31 décembre"
28;50;1179;1117;1152;1136;1207;1143;1119;1363;1539;1511;1527;1638;1552;1596;1602;1612;1633;1605;1542;1772;1766;1894;2326;2220;1993;"Total des aides sociales à l'accueil des personnes handicapées, depuis 2000 
 Données au 31 décembre"
44;51;1052;1086;1125;1106;1150;1140;1196;1209;1308;1400;1350;1381;1390;1418;1456;1487;1497;1493;1521;1567;1518;1579;1601;1600;1623;"Total des aides sociales à l'accueil des personnes handicapées, depuis 2000 
 Données au 31 décembre"
44;52;462;415;443;387;440;436;644;653;682;691;768;669;756;727;719;730;733;748;770;756;778;771;763;780;780;"Total des aides sociales à l'accueil des personnes handicapées, depuis 2000 
 Données au 31 décembre"
52;53;1048;984;1280;822;889;812;847;695;1024;1057;1067;916;979;1134;1195;1175;1251;1245;1300;982;1173;1167;1386;1642;1776;"Total des aides sociales à l'accueil des personnes handicapées, depuis 2000 
 Données au 31 décembre"
44;54;1155;1125;1171;1145;1242;1246;1287;1309;1345;1284;1235;1287;1308;1318;1323;1332;1319;1191;1166;1365;1244;1304;1322;1304;1272;"Total des aides sociales à l'accueil des personnes handicapées, depuis 2000 
 Données au 31 décembre"
44;55;333;331;342;337;355;366;387;385;393;410;413;412;421;425;422;389;376;374;415;410;380;423;446;453;459;"Total des aides sociales à l'accueil des personnes handicapées, depuis 2000 
 Données au 31 décembre"
53;56;1179;1106;1121;1124;1178;1206;1324;1277;1312;1469;1697;1715;1930;1914;1965;2013;2053;2097;2128;1976;1965;1973;1965;1992;1970;"Total des aides sociales à l'accueil des personnes handicapées, depuis 2000 
 Données au 31 décembre"
44;57;918;880;872;921;1098;1212;1189;1428;1500;1401;1464;1499;1561;1674;1720;1718;1793;1787;1782;1752;1783;1838;1839;1859;1896;"Total des aides sociales à l'accueil des personnes handicapées, depuis 2000 
 Données au 31 décembre"
27;58;673;462;548;482;642;625;692;704;733;752;773;779;776;707;696;702;652;692;674;733;722;744;769;785;721;"Total des aides sociales à l'accueil des personnes handicapées, depuis 2000 
 Données au 31 décembre"
32;59;4006;3887;3940;4405;5221;5683;5072;4984;4852;5010;5332;5522;5791;5952;6370;6122;6403;6433;6592;6509;6419;6446;6339;6057;6264;"Total des aides sociales à l'accueil des personnes handicapées, depuis 2000 
 Données au 31 décembre"
32;60;1337;1313;1455;1522;1571;1658;1661;1698;1338;1370;1817;1941;2210;2079;2151;2221;2197;2203;2261;2221;2186;2191;2233;2174;2243;"Total des aides sociales à l'accueil des personnes handicapées, depuis 2000 
 Données au 31 décembre"
28;61;444;394;592;588;648;642;801;659;714;754;756;773;743;748;770;786;843;825;794;807;861;839;813;779;732;"Total des aides sociales à l'accueil des personnes handicapées, depuis 2000 
 Données au 31 décembre"
32;62;2973;2846;3039;3239;3239;3429;3413;3468;3487;3365;3282;3191;3490;3350;3500;3491;3483;3419;3463;5041;4745;4521;4574;4664;4747;"Total des aides sociales à l'accueil des personnes handicapées, depuis 2000 
 Données au 31 décembre"
84;63;1294;1287;1317;1468;1499;1563;1584;1664;1684;1692;1750;1808;1860;1864;1847;1907;1926;1985;1973;1936;1867;1847;1811;1891;1887;"Total des aides sociales à l'accueil des personnes handicapées, depuis 2000 
 Données au 31 décembre"
75;64;1202;1145;1189;1159;1187;1186;1155;1206;1190;1184;1457;1654;1640;1662;1712;1735;1683;1705;1784;1896;1879;1867;1895;1880;1786;"Total des aides sociales à l'accueil des personnes handicapées, depuis 2000 
 Données au 31 décembre"
76;65;594;538;490;541;544;463;461;526;501;502;522;512;516;516;532;547;490;524;515;529;515;551;570;589;626;"Total des aides sociales à l'accueil des personnes handicapées, depuis 2000 
 Données au 31 décembre"
76;66;581;575;522;515;564;570;615;661;689;736;688;803;852;753;783;803;819;919;953;986;975;951;968;1024;1049;"Total des aides sociales à l'accueil des personnes handicapées, depuis 2000 
 Données au 31 décembre"
44;67;2131;1742;1852;1750;1875;2199;2043;1980;2614;2257;2340;2483;2625;2713;2768;2807;2843;2785;2949;2785;2760;2864;3197;3237;3212;"Total des aides sociales à l'accueil des personnes handicapées, depuis 2000 
 Données au 31 décembre"
44;68;1161;1323;1451;1634;1437;1331;1634;1813;1893;1863;2013;2091;2271;2231;2525;2614;2578;2529;2645;2616;2367;2564;2681;2643;2485;"Total des aides sociales à l'accueil des personnes handicapées, depuis 2000 
 Données au 31 décembre"
84;69;3441;3392;3486;4420;4411;4516;4672;4623;4646;4492;4535;4478;4510;4545;4212;;;;;;;;;;;"Total des aides sociales à l'accueil des personnes handicapées, depuis 2000 
 Données au 31 décembre"
27;70;297;372;370;370;401;420;424;423;450;439;440;368;492;384;412;415;409;424;440;462;456;465;466;475;466;"Total des aides sociales à l'accueil des personnes handicapées, depuis 2000 
 Données au 31 décembre"
27;71;2184;1953;2121;2452;2449;2350;2207;2240;2250;2299;2101;2117;2165;2353;2298;2331;2362;2404;2401;2429;2387;2426;2414;2472;2444;"Total des aides sociales à l'accueil des personnes handicapées, depuis 2000 
 Données au 31 décembre"
52;72;1117;1136;1138;1154;1180;1203;1230;1315;1250;1285;1354;1371;1329;1329;1342;1368;1356;1359;1315;1342;1323;1292;1291;1258;1277;"Total des aides sociales à l'accueil des personnes handicapées, depuis 2000 
 Données au 31 décembre"
84;73;640;701;733;805;818;842;844;770;718;776;809;813;1018;1031;1050;1014;1069;1056;1101;1110;1083;1107;1113;1097;1063;"Total des aides sociales à l'accueil des personnes handicapées, depuis 2000 
 Données au 31 décembre"
84;74;931;817;847;866;885;994;1173;1188;1162;1158;1082;1272;1294;1309;1353;1408;1439;1466;1475;1566;1565;1628;1671;1724;1765;"Total des aides sociales à l'accueil des personnes handicapées, depuis 2000 
 Données au 31 décembre"
11;75;3568;3499;3575;3656;3726;3829;3853;3783;3790;3682;3466;3574;3648;3545;3763;5167;5381;5480;5655;5428;5142;5196;5561;5162;5118;"Total des aides sociales à l'accueil des personnes handicapées, depuis 2000 
 Données au 31 décembre"
28;76;3157;3037;3329;3474;3697;3751;3571;3698;3594;3432;3408;3353;3229;3253;3013;3291;3213;3246;3205;3197;3175;3059;3618;3387;3294;"Total des aides sociales à l'accueil des personnes handicapées, depuis 2000 
 Données au 31 décembre"
11;77;1530;1817;1536;1774;1902;1868;1830;1805;1720;2013;2007;2283;2471;2531;2709;2810;2890;3562;3616;3035;3072;2876;2923;2782;2899;"Total des aides sociales à l'accueil des personnes handicapées, depuis 2000 
 Données au 31 décembre"
11;78;2257;2095;2509;2654;2953;2904;3019;3168;3394;3387;3264;3297;3291;3293;3282;3344;3441;3310;3289;3285;3287;3257;3219;3238;3236;"Total des aides sociales à l'accueil des personnes handicapées, depuis 2000 
 Données au 31 décembre"
75;79;948;921;978;862;896;1022;1076;996;1066;1088;1115;1119;1196;1191;1186;1163;1184;1170;1160;1153;1151;1177;1208;1253;1275;"Total des aides sociales à l'accueil des personnes handicapées, depuis 2000 
 Données au 31 décembre"
32;80;1277;1323;1315;1298;1376;1396;1518;1388;1686;1833;1895;2022;1916;1887;1569;1602;1489;1503;1493;1542;1459;1469;1477;1458;1439;"Total des aides sociales à l'accueil des personnes handicapées, depuis 2000 
 Données au 31 décembre"
76;81;1184;922;873;1089;1056;1045;1043;911;923;921;932;1073;1149;1161;1126;1320;1399;1492;1545;1529;1483;1476;1483;1498;1485;"Total des aides sociales à l'accueil des personnes handicapées, depuis 2000 
 Données au 31 décembre"
76;82;552;561;561;505;481;510;553;580;579;636;654;661;650;651;629;660;706;748;763;753;782;784;769;782;760;"Total des aides sociales à l'accueil des personnes handicapées, depuis 2000 
 Données au 31 décembre"
93;83;1030;1001;1051;935;1157;1321;1362;1401;1421;1475;1546;1634;1694;1757;1765;1823;1863;1869;1897;1919;1930;1946;1976;1989;2017;"Total des aides sociales à l'accueil des personnes handicapées, depuis 2000 
 Données au 31 décembre"
93;84;721;706;706;730;773;633;677;712;683;727;775;822;882;891;923;926;934;971;994;976;962;950;942;1052;1165;"Total des aides sociales à l'accueil des personnes handicapées, depuis 2000 
 Données au 31 décembre"
52;85;1223;1307;999;1078;1128;1202;1234;1253;1319;1366;1465;1537;1583;1595;1627;1626;1635;1663;1627;1674;1703;1699;1691;1726;1718;"Total des aides sociales à l'accueil des personnes handicapées, depuis 2000 
 Données au 31 décembre"
75;86;747;743;767;780;919;904;945;987;979;1000;1002;1083;1141;1177;1176;1120;1190;1151;1160;1151;1172;1181;1139;1162;1183;"Total des aides sociales à l'accueil des personnes handicapées, depuis 2000 
 Données au 31 décembre"
75;87;868;861;951;825;932;942;954;968;976;930;1019;1077;1033;1055;1038;1060;1077;1140;1157;1370;1236;1237;1229;1239;1275;"Total des aides sociales à l'accueil des personnes handicapées, depuis 2000 
 Données au 31 décembre"
44;88;842;571;703;758;830;963;903;925;919;936;978;968;954;995;967;942;947;965;984;1015;1024;1002;1010;1019;1053;"Total des aides sociales à l'accueil des personnes handicapées, depuis 2000 
 Données au 31 décembre"
27;89;1069;1027;1119;1146;1230;1192;1242;1153;1121;1101;1103;1103;1118;1062;1090;1091;1076;1037;1099;1112;1065;987;972;1041;1071;"Total des aides sociales à l'accueil des personnes handicapées, depuis 2000 
 Données au 31 décembre"
27;90;165;153;168;168;168;170;161;153;166;170;192;187;217;229;252;246;229;224;212;211;218;226;225;215;263;"Total des aides sociales à l'accueil des personnes handicapées, depuis 2000 
 Données au 31 décembre"
11;91;1391;1392;1373;1705;2093;2065;2206;2134;2269;2284;2233;2316;2316;2482;2563;2585;2691;2644;2660;2977;2933;2968;2824;2934;3026;"Total des aides sociales à l'accueil des personnes handicapées, depuis 2000 
 Données au 31 décembre"
11;92;3314;3269;3180;4037;4155;3549;3383;2917;2761;2985;2666;2864;3012;2995;2942;2936;2899;2864;2781;2677;3178;3036;2948;3011;2913;"Total des aides sociales à l'accueil des personnes handicapées, depuis 2000 
 Données au 31 décembre"
11;93;2119;1966;2230;2158;2395;2373;2497;2393;2558;2941;2525;2395;2281;2749;2884;2965;2986;3442;2972;3185;3052;2815;2923;3230;3277;"Total des aides sociales à l'accueil des personnes handicapées, depuis 2000 
 Données au 31 décembre"
11;94;2076;2166;1980;2130;2022;2043;2147;2149;2354;2414;2686;2946;2913;2757;2810;2675;2656;2781;2761;2689;2721;2760;2722;2663;2640;"Total des aides sociales à l'accueil des personnes handicapées, depuis 2000 
 Données au 31 décembre"
11;95;1112;1398;1522;1558;1628;1671;1696;1389;1621;1556;1528;1531;1706;1685;1879;1933;1869;1968;2007;2023;2028;2090;2048;2005;2127;"Total des aides sociales à l'accueil des personnes handicapées, depuis 2000 
 Données au 31 décembre"
101;971;755;363;589;542;555;893;473;480;486;378;401;381;453;382;399;419;469;462;471;365;441;457;479;478;449;"Total des aides sociales à l'accueil des personnes handicapées, depuis 2000 
 Données au 31 décembre"
102;972;245;48;220;238;87;87;108;106;113;118;119;114;174;228;235;233;224;260;444;429;257;260;346;341;285;"Total des aides sociales à l'accueil des personnes handicapées, depuis 2000 
 Données au 31 décembre"
103;973;209;256;209;54;56;52;53;52;55;58;62;74;72;72;68;69;67;65;82;109;69;21;18;15;15;"Total des aides sociales à l'accueil des personnes handicapées, depuis 2000 
 Données au 31 décembre"
104;974;935;833;666;495;445;462;422;379;344;307;515;1206;1333;1424;1605;1673;1760;1643;1846;1863;1866;2001;2061;2323;2533;"Total des aides sociales à l'accueil des personnes handicapées, depuis 2000 
 Données au 31 décembre"
84;1;709;781;791;823;896;868;916;979;1006;1066;1079;1264;1271;1246;1293;1320;1347;1441;1455;1481;1449;1474;1478;1511;1498;"Total des aides sociales à l'accueil des personnes handicapées, hors ACTP en établissement, depuis 2000 
 Données au 31 décembre"
32;2;879;817;994;1029;993;1049;1233;1254;1248;1196;1233;1237;1257;1243;1352;1257;1239;1330;1428;1302;1172;1816;1445;1525;1539;"Total des aides sociales à l'accueil des personnes handicapées, hors ACTP en établissement, depuis 2000 
 Données au 31 décembre"
84;3;601;634;661;645;646;662;693;693;705;753;730;807;834;839;887;920;917;916;947;989;943;978;995;1020;1016;"Total des aides sociales à l'accueil des personnes handicapées, hors ACTP en établissement, depuis 2000 
 Données au 31 décembre"
93;4;141;160;133;151;168;182;167;182;176;231;236;252;266;293;331;359;363;366;372;366;359;365;374;410;414;"Total des aides sociales à l'accueil des personnes handicapées, hors ACTP en établissement, depuis 2000 
 Données au 31 décembre"
93;5;235;174;146;209;193;201;209;218;247;296;301;302;310;305;318;327;319;329;357;359;358;346;320;369;373;"Total des aides sociales à l'accueil des personnes handicapées, hors ACTP en établissement, depuis 2000 
 Données au 31 décembre"
93;6;950;1197;1242;1180;1188;1417;1211;1311;1308;1391;1494;1528;1717;1665;1582;1613;1627;1625;1692;1683;1629;1649;1491;1501;1532;"Total des aides sociales à l'accueil des personnes handicapées, hors ACTP en établissement, depuis 2000 
 Données au 31 décembre"
84;7;442;406;381;416;463;498;513;534;537;538;562;607;609;631;642;654;669;712;719;682;670;680;807;933;918;"Total des aides sociales à l'accueil des personnes handicapées, hors ACTP en établissement, depuis 2000 
 Données au 31 décembre"
44;8;397;381;409;422;477;468;460;458;458;556;486;534;549;506;586;576;633;700;667;699;699;721;759;717;746;"Total des aides sociales à l'accueil des personnes handicapées, hors ACTP en établissement, depuis 2000 
 Données au 31 décembre"
76;9;211;262;249;252;257;268;258;236;288;294;300;305;237;262;285;380;331;326;397;328;462;495;337;368;379;"Total des aides sociales à l'accueil des personnes handicapées, hors ACTP en établissement, depuis 2000 
 Données au 31 décembre"
44;10;466;508;497;531;534;620;498;479;562;572;614;634;684;777;829;829;850;826;841;840;840;884;881;909;928;"Total des aides sociales à l'accueil des personnes handicapées, hors ACTP en établissement, depuis 2000 
 Données au 31 décembre"
76;11;642;667;679;698;733;672;721;712;746;741;783;796;795;799;976;930;981;1021;1040;1027;1005;1051;1065;1091;1100;"Total des aides sociales à l'accueil des personnes handicapées, hors ACTP en établissement, depuis 2000 
 Données au 31 décembre"
76;12;474;472;528;532;518;509;637;630;720;717;725;773;834;913;1023;1042;1076;1096;1083;1066;993;1069;1061;1034;1000;"Total des aides sociales à l'accueil des personnes handicapées, hors ACTP en établissement, depuis 2000 
 Données au 31 décembre"
93;13;1571;1953;1995;2027;2358;2544;2517;2654;2676;2707;2459;2588;2621;2680;3673;3648;3716;3770;3825;3390;3322;3415;3915;4374;4419;"Total des aides sociales à l'accueil des personnes handicapées, hors ACTP en établissement, depuis 2000 
 Données au 31 décembre"
28;14;1367;1489;1540;1530;1585;1546;1522;1559;1568;1592;1646;1733;1807;1710;1715;1772;1781;1517;1531;1568;1549;1556;1562;1561;1609;"Total des aides sociales à l'accueil des personnes handicapées, hors ACTP en établissement, depuis 2000 
 Données au 31 décembre"
84;15;357;388;445;406;409;425;432;446;439;447;510;439;446;497;507;519;437;570;652;654;670;685;715;711;730;"Total des aides sociales à l'accueil des personnes handicapées, hors ACTP en établissement, depuis 2000 
 Données au 31 décembre"
75;16;610;631;604;628;603;693;690;734;754;751;810;930;961;1048;1107;1153;1142;1190;1217;1212;1207;1216;1219;1240;1260;"Total des aides sociales à l'accueil des personnes handicapées, hors ACTP en établissement, depuis 2000 
 Données au 31 décembre"
75;17;1202;1267;1275;1288;1285;1375;1438;1476;1439;1556;1522;1797;1825;1875;1904;1962;2017;2065;2100;2187;2062;1854;2064;2105;2146;"Total des aides sociales à l'accueil des personnes handicapées, hors ACTP en établissement, depuis 2000 
 Données au 31 décembre"
24;18;668;655;678;625;663;635;656;666;696;718;772;786;836;886;924;956;1078;1119;1133;1152;1090;1102;1092;1092;1087;"Total des aides sociales à l'accueil des personnes handicapées, hors ACTP en établissement, depuis 2000 
 Données au 31 décembre"
75;19;393;368;404;414;412;424;436;505;523;556;613;637;671;698;744;774;759;762;784;794;778;770;767;803;812;"Total des aides sociales à l'accueil des personnes handicapées, hors ACTP en établissement, depuis 2000 
 Données au 31 décembre"
94;20;353;396;479;595;793;152;111;105;118;160;166;180;350;452;447;458;469;445;407;415;442;430;628;594;584;"Total des aides sociales à l'accueil des personnes handicapées, hors ACTP en établissement, depuis 2000 
 Données au 31 décembre"
27;21;870;889;926;957;1015;1009;1004;1145;1166;1297;1363;1260;1358;1394;1402;1425;1350;1345;1489;1563;1624;1671;1721;1739;1760;"Total des aides sociales à l'accueil des personnes handicapées, hors ACTP en établissement, depuis 2000 
 Données au 31 décembre"
53;22;761;1359;777;775;787;815;974;1023;1006;1025;984;966;952;1080;1032;1071;1075;1061;1485;1828;1758;1280;1159;1365;1455;"Total des aides sociales à l'accueil des personnes handicapées, hors ACTP en établissement, depuis 2000 
 Données au 31 décembre"
75;23;235;273;274;269;272;277;271;270;269;265;296;302;327;341;365;383;400;390;409;424;428;457;471;462;476;"Total des aides sociales à l'accueil des personnes handicapées, hors ACTP en établissement, depuis 2000 
 Données au 31 décembre"
75;24;760;802;956;789;796;732;751;816;858;848;1004;902;895;923;965;974;998;1016;1025;1018;1020;1060;1047;1062;1048;"Total des aides sociales à l'accueil des personnes handicapées, hors ACTP en établissement, depuis 2000 
 Données au 31 décembre"
27;25;700;718;741;603;714;670;892;947;990;1069;1195;1272;1290;1304;1343;1323;1351;1196;1180;1396;1383;1438;1447;1526;1517;"Total des aides sociales à l'accueil des personnes handicapées, hors ACTP en établissement, depuis 2000 
 Données au 31 décembre"
84;26;766;716;743;717;925;976;892;972;1028;1000;1052;1065;1037;1050;1070;1083;1087;1114;1126;1154;1122;1160;1190;1201;1188;"Total des aides sociales à l'accueil des personnes handicapées, hors ACTP en établissement, depuis 2000 
 Données au 31 décembre"
28;27;939;1013;1023;998;1062;1072;1084;1046;1020;1053;1079;1088;1122;1131;1111;1124;1175;1173;1106;1134;1163;1194;1153;1134;1162;"Total des aides sociales à l'accueil des personnes handicapées, hors ACTP en établissement, depuis 2000 
 Données au 31 décembre"
24;28;671;788;765;752;797;818;842;873;853;928;862;987;977;990;936;1008;1025;1154;1166;1167;1194;1180;1168;1182;1209;"Total des aides sociales à l'accueil des personnes handicapées, hors ACTP en établissement, depuis 2000 
 Données au 31 décembre"
53;29;1239;1171;1226;2217;2427;2576;2739;2874;3060;3225;3202;2696;2747;2364;2479;2559;2616;2689;2272;2342;2281;2263;2316;2459;2538;"Total des aides sociales à l'accueil des personnes handicapées, hors ACTP en établissement, depuis 2000 
 Données au 31 décembre"
76;30;683;862;895;949;973;1000;1039;1098;1010;888;801;970;899;909;1048;1122;1152;1113;1164;1159;1124;1127;1161;1156;1147;"Total des aides sociales à l'accueil des personnes handicapées, hors ACTP en établissement, depuis 2000 
 Données au 31 décembre"
76;31;1779;1698;1609;1749;1701;1742;1766;1805;1778;1830;1892;1781;1997;2492;2431;2585;2120;2170;2142;2054;2012;2165;2437;2847;2887;"Total des aides sociales à l'accueil des personnes handicapées, hors ACTP en établissement, depuis 2000 
 Données au 31 décembre"
76;32;416;371;390;384;389;401;410;351;461;415;491;548;530;591;543;562;647;685;691;656;482;680;629;428;625;"Total des aides sociales à l'accueil des personnes handicapées, hors ACTP en établissement, depuis 2000 
 Données au 31 décembre"
75;33;1155;1210;1762;2036;2119;2100;2578;2445;2370;2418;2536;2624;2631;2722;2930;3109;3280;3393;3486;3574;3470;3555;3469;3450;3493;"Total des aides sociales à l'accueil des personnes handicapées, hors ACTP en établissement, depuis 2000 
 Données au 31 décembre"
76;34;1230;1235;1304;1362;1455;1318;1467;1456;1554;1610;1742;1817;1859;1903;1862;1861;1885;1883;1888;1929;1941;2044;2137;2175;2275;"Total des aides sociales à l'accueil des personnes handicapées, hors ACTP en établissement, depuis 2000 
 Données au 31 décembre"
53;35;1373;1345;1346;1418;1473;1571;1652;1757;1819;1891;1949;2021;2257;2553;2529;2649;2596;2635;2643;2767;2688;2786;2814;2824;2866;"Total des aides sociales à l'accueil des personnes handicapées, hors ACTP en établissement, depuis 2000 
 Données au 31 décembre"
24;36;483;487;511;502;491;500;491;482;486;487;466;494;477;496;511;660;672;672;699;710;687;709;682;683;694;"Total des aides sociales à l'accueil des personnes handicapées, hors ACTP en établissement, depuis 2000 
 Données au 31 décembre"
24;37;973;1077;1083;1205;1157;1176;1299;1309;1290;1190;1430;1384;1425;1322;1298;1169;1110;1532;1502;1549;1103;1517;1511;1480;1448;"Total des aides sociales à l'accueil des personnes handicapées, hors ACTP en établissement, depuis 2000 
 Données au 31 décembre"
84;38;1954;1929;2019;2048;2143;2175;1620;1696;1885;2044;2164;2448;2554;2553;2070;2061;2065;2058;2089;2147;2115;1975;2026;2114;2155;"Total des aides sociales à l'accueil des personnes handicapées, hors ACTP en établissement, depuis 2000 
 Données au 31 décembre"
27;39;467;486;494;488;481;499;609;626;647;662;691;708;754;768;784;786;795;832;837;840;839;808;808;820;875;"Total des aides sociales à l'accueil des personnes handicapées, hors ACTP en établissement, depuis 2000 
 Données au 31 décembre"
75;40;558;577;626;614;627;629;644;652;647;649;649;675;683;646;667;694;1308;1357;1353;1338;1414;1481;1651;1662;1607;"Total des aides sociales à l'accueil des personnes handicapées, hors ACTP en établissement, depuis 2000 
 Données au 31 décembre"
24;41;619;622;667;654;696;783;886;735;743;778;822;756;814;818;920;842;906;944;959;1013;936;951;902;935;1040;"Total des aides sociales à l'accueil des personnes handicapées, hors ACTP en établissement, depuis 2000 
 Données au 31 décembre"
84;42;1390;1485;1603;1591;1629;1690;1701;1694;1704;2252;2204;2220;2160;2306;2385;2481;2536;2594;2637;2646;2629;2659;2753;2841;2888;"Total des aides sociales à l'accueil des personnes handicapées, hors ACTP en établissement, depuis 2000 
 Données au 31 décembre"
84;43;434;454;470;485;482;518;494;539;573;609;544;567;536;543;600;723;763;717;722;643;642;652;654;643;625;"Total des aides sociales à l'accueil des personnes handicapées, hors ACTP en établissement, depuis 2000 
 Données au 31 décembre"
52;44;1890;1641;1731;1794;2059;2111;2165;2143;2220;2401;2632;2866;2919;3027;3104;3192;3228;3219;3326;3406;3345;3315;3257;3248;3227;"Total des aides sociales à l'accueil des personnes handicapées, hors ACTP en établissement, depuis 2000 
 Données au 31 décembre"
24;45;988;1048;1084;1218;1175;1296;1355;1419;1488;1569;1451;1494;1568;1576;1642;1593;1720;1546;1579;1622;1534;1912;1995;1830;1845;"Total des aides sociales à l'accueil des personnes handicapées, hors ACTP en établissement, depuis 2000 
 Données au 31 décembre"
76;46;391;392;397;408;395;411;396;403;418;458;439;434;447;425;430;436;419;447;468;484;483;432;449;434;479;"Total des aides sociales à l'accueil des personnes handicapées, hors ACTP en établissement, depuis 2000 
 Données au 31 décembre"
75;47;552;610;646;728;756;796;795;815;818;812;820;827;826;852;863;861;889;875;903;900;897;889;894;891;892;"Total des aides sociales à l'accueil des personnes handicapées, hors ACTP en établissement, depuis 2000 
 Données au 31 décembre"
76;48;185;201;184;187;188;226;249;246;255;244;259;260;274;284;300;309;311;326;341;336;331;336;344;354;355;"Total des aides sociales à l'accueil des personnes handicapées, hors ACTP en établissement, depuis 2000 
 Données au 31 décembre"
52;49;1314;1176;1395;1175;1245;1218;1250;1288;1177;1389;1350;1394;1577;1490;1446;1512;1556;1602;1639;1631;1619;1685;1679;1710;1874;"Total des aides sociales à l'accueil des personnes handicapées, hors ACTP en établissement, depuis 2000 
 Données au 31 décembre"
28;50;895;906;939;914;935;870;853;1087;1253;1242;1279;1385;1309;1355;1371;1391;1415;1393;1333;1572;1578;1756;2173;2075;1908;"Total des aides sociales à l'accueil des personnes handicapées, hors ACTP en établissement, depuis 2000 
 Données au 31 décembre"
44;51;702;735;764;773;777;765;809;825;920;1004;993;1026;1052;1098;1152;1187;1198;1210;1244;1296;1255;1315;1357;1368;1402;"Total des aides sociales à l'accueil des personnes handicapées, hors ACTP en établissement, depuis 2000 
 Données au 31 décembre"
44;52;328;321;344;273;314;318;455;470;501;513;597;583;587;581;573;589;608;622;637;613;644;637;652;678;709;"Total des aides sociales à l'accueil des personnes handicapées, hors ACTP en établissement, depuis 2000 
 Données au 31 décembre"
52;53;925;961;1200;694;747;717;761;616;940;934;945;794;855;1048;1114;1100;1181;1179;1222;936;1135;1137;1355;1613;1727;"Total des aides sociales à l'accueil des personnes handicapées, hors ACTP en établissement, depuis 2000 
 Données au 31 décembre"
44;54;874;915;926;883;983;981;1021;1053;1088;1054;1032;1114;1140;1159;1167;1182;1187;1191;1166;1243;1138;1198;1219;1214;1190;"Total des aides sociales à l'accueil des personnes handicapées, hors ACTP en établissement, depuis 2000 
 Données au 31 décembre"
44;55;288;290;298;298;300;305;331;355;363;379;388;387;398;404;402;372;359;357;402;398;369;411;433;442;450;"Total des aides sociales à l'accueil des personnes handicapées, hors ACTP en établissement, depuis 2000 
 Données au 31 décembre"
53;56;995;1041;1068;1082;1124;1177;1294;1245;1300;1416;1535;1558;1787;1786;1846;1903;1968;2011;2043;1889;1884;1893;1903;1938;1919;"Total des aides sociales à l'accueil des personnes handicapées, hors ACTP en établissement, depuis 2000 
 Données au 31 décembre"
44;57;798;799;795;835;911;1001;1013;1126;1162;1273;1344;1346;1443;1561;1606;1597;1677;1680;1673;1649;1689;1735;1749;1769;1814;"Total des aides sociales à l'accueil des personnes handicapées, hors ACTP en établissement, depuis 2000 
 Données au 31 décembre"
27;58;535;413;517;482;537;530;586;599;620;642;670;681;681;616;608;622;580;620;601;660;654;675;700;718;660;"Total des aides sociales à l'accueil des personnes handicapées, hors ACTP en établissement, depuis 2000 
 Données au 31 décembre"
32;59;3129;3225;3173;3520;4382;4828;4205;4114;3993;4208;4616;5519;5791;5952;5831;5618;5961;6015;6196;6092;6054;6079;5987;6057;6122;"Total des aides sociales à l'accueil des personnes handicapées, hors ACTP en établissement, depuis 2000 
 Données au 31 décembre"
32;60;1157;1126;1264;1294;1363;1426;1420;1458;1147;1219;1690;1822;2108;1999;2076;2148;2136;2144;2206;2171;2134;2137;2180;2122;2193;"Total des aides sociales à l'accueil des personnes handicapées, hors ACTP en établissement, depuis 2000 
 Données au 31 décembre"
28;61;314;319;546;554;614;607;690;635;682;731;688;706;720;727;754;767;791;776;747;755;816;796;773;779;732;"Total des aides sociales à l'accueil des personnes handicapées, hors ACTP en établissement, depuis 2000 
 Données au 31 décembre"
32;62;2327;2406;2563;2703;2962;3137;3133;2941;2954;3081;3002;2933;3090;3097;3253;3246;3238;3142;3193;4791;4552;4316;4403;4514;4612;"Total des aides sociales à l'accueil des personnes handicapées, hors ACTP en établissement, depuis 2000 
 Données au 31 décembre"
84;63;1294;1104;1143;1267;1292;1345;1354;1431;1477;1497;1569;1650;1716;1729;1728;1796;1833;1899;1892;1857;1794;1774;1747;1837;1832;"Total des aides sociales à l'accueil des personnes handicapées, hors ACTP en établissement, depuis 2000 
 Données au 31 décembre"
75;64;959;983;1026;979;1055;1041;1039;1061;1057;1074;1361;1576;1497;1575;1639;1665;1619;1650;1726;1843;1829;1814;1853;1839;1746;"Total des aides sociales à l'accueil des personnes handicapées, hors ACTP en établissement, depuis 2000 
 Données au 31 décembre"
76;65;450;446;391;433;435;454;380;421;430;439;434;431;438;444;462;482;432;471;485;500;483;518;538;560;599;"Total des aides sociales à l'accueil des personnes handicapées, hors ACTP en établissement, depuis 2000 
 Données au 31 décembre"
76;66;505;481;446;447;476;479;525;570;598;652;621;733;733;696;732;760;779;879;918;952;946;921;940;959;1049;"Total des aides sociales à l'accueil des personnes handicapées, hors ACTP en établissement, depuis 2000 
 Données au 31 décembre"
44;67;1460;1419;1541;1377;1459;1736;1550;1510;2160;1821;1910;2068;2228;2336;2417;2476;2532;2499;2685;2544;2552;2647;3010;3058;3043;"Total des aides sociales à l'accueil des personnes handicapées, hors ACTP en établissement, depuis 2000 
 Données au 31 décembre"
44;68;1137;1162;1271;1417;1412;1308;1605;1615;1631;1717;1871;1923;2104;2058;2350;2437;2401;2362;2486;2457;2215;2414;2538;2509;2359;"Total des aides sociales à l'accueil des personnes handicapées, hors ACTP en établissement, depuis 2000 
 Données au 31 décembre"
84;69;2834;2914;2966;3242;3215;3277;3391;3399;3468;3519;3674;3730;3853;3956;3672;;;;;;;;;;;"Total des aides sociales à l'accueil des personnes handicapées, hors ACTP en établissement, depuis 2000 
 Données au 31 décembre"
27;70;288;328;314;310;373;386;391;390;416;408;417;337;453;345;372;377;369;385;400;418;421;429;428;435;427;"Total des aides sociales à l'accueil des personnes handicapées, hors ACTP en établissement, depuis 2000 
 Données au 31 décembre"
27;71;2012;1829;1982;2288;2226;2170;1969;2018;2042;2126;1933;1991;2030;2211;2184;2230;2272;2314;2319;2357;2319;2358;2352;2411;2394;"Total des aides sociales à l'accueil des personnes handicapées, hors ACTP en établissement, depuis 2000 
 Données au 31 décembre"
52;72;978;1019;995;1035;1034;1052;1073;1315;1250;1285;1233;1264;1226;1234;1244;1295;1287;1295;1257;1282;1263;1236;1234;1201;1221;"Total des aides sociales à l'accueil des personnes handicapées, hors ACTP en établissement, depuis 2000 
 Données au 31 décembre"
84;73;532;567;570;623;626;647;646;599;591;655;687;710;925;941;964;933;993;982;1033;1045;1023;1047;1064;1056;1022;"Total des aides sociales à l'accueil des personnes handicapées, hors ACTP en établissement, depuis 2000 
 Données au 31 décembre"
84;74;821;817;847;866;885;994;1173;1188;1162;1146;1073;1266;1289;1305;1350;1408;1439;1466;1475;1566;1565;1628;1671;1724;1765;"Total des aides sociales à l'accueil des personnes handicapées, hors ACTP en établissement, depuis 2000 
 Données au 31 décembre"
11;75;2596;2633;2700;2784;2839;2917;2964;2932;2783;2928;2754;2926;3058;2990;3277;4703;4929;5052;5246;5045;4786;4837;4783;4863;4840;"Total des aides sociales à l'accueil des personnes handicapées, hors ACTP en établissement, depuis 2000 
 Données au 31 décembre"
28;76;2586;2641;2679;2771;2916;2826;2843;3072;2920;3045;3061;3016;2921;2968;2752;3047;2979;3026;3012;3039;3036;2919;3496;3281;3194;"Total des aides sociales à l'accueil des personnes handicapées, hors ACTP en établissement, depuis 2000 
 Données au 31 décembre"
11;77;1530;1524;1536;1768;1897;1863;1830;1805;1720;1770;1908;2086;2255;2329;2503;2606;2685;3379;3427;2860;2905;2710;2767;2644;2757;"Total des aides sociales à l'accueil des personnes handicapées, hors ACTP en établissement, depuis 2000 
 Données au 31 décembre"
11;78;1740;1804;2202;2313;2436;2543;2651;2830;2661;2736;2668;2742;2814;2827;2864;2940;3062;2977;2979;2981;3038;3020;2996;3062;3072;"Total des aides sociales à l'accueil des personnes handicapées, hors ACTP en établissement, depuis 2000 
 Données au 31 décembre"
75;79;800;820;787;831;853;859;925;860;939;946;989;1005;1090;1099;1098;1090;1109;1099;1101;1099;1102;1128;1166;1213;1240;"Total des aides sociales à l'accueil des personnes handicapées, hors ACTP en établissement, depuis 2000 
 Données au 31 décembre"
32;80;1174;1197;1178;1124;1229;1257;1381;1260;1584;1763;1864;1988;1880;1850;1538;1574;1463;1503;1493;1542;1459;1469;1477;1458;1439;"Total des aides sociales à l'accueil des personnes handicapées, hors ACTP en établissement, depuis 2000 
 Données au 31 décembre"
76;81;917;734;742;941;968;987;1000;868;878;876;889;1037;1054;1072;1034;1287;1321;1418;1477;1468;1426;1419;1433;1448;1433;"Total des aides sociales à l'accueil des personnes handicapées, hors ACTP en établissement, depuis 2000 
 Données au 31 décembre"
76;82;456;502;500;505;481;510;553;493;508;551;579;591;586;588;571;603;650;695;706;705;733;734;742;749;734;"Total des aides sociales à l'accueil des personnes handicapées, hors ACTP en établissement, depuis 2000 
 Données au 31 décembre"
93;83;758;843;877;755;961;1020;1039;1082;1128;1208;1315;1411;1489;1570;1604;1672;1721;1733;1775;1799;1818;1837;1881;1903;1938;"Total des aides sociales à l'accueil des personnes handicapées, hors ACTP en établissement, depuis 2000 
 Données au 31 décembre"
93;84;590;608;592;608;659;565;610;652;631;670;688;722;786;802;841;851;867;908;935;913;906;895;888;1005;1122;"Total des aides sociales à l'accueil des personnes handicapées, hors ACTP en établissement, depuis 2000 
 Données au 31 décembre"
52;85;1138;1224;963;977;999;1085;1114;1134;1206;1248;1338;1409;1450;1457;1493;1497;1512;1546;1510;1560;1589;1590;1576;1617;1612;"Total des aides sociales à l'accueil des personnes handicapées, hors ACTP en établissement, depuis 2000 
 Données au 31 décembre"
75;86;643;663;676;675;800;783;810;867;861;905;916;1001;1067;1104;1111;1057;1130;1113;1128;1118;1140;1147;1112;1139;1161;"Total des aides sociales à l'accueil des personnes handicapées, hors ACTP en établissement, depuis 2000 
 Données au 31 décembre"
75;87;675;733;820;809;803;808;823;841;852;849;910;978;969;989;981;1004;1024;1089;1102;1319;1185;1184;1180;1194;1230;"Total des aides sociales à l'accueil des personnes handicapées, hors ACTP en établissement, depuis 2000 
 Données au 31 décembre"
44;88;571;441;567;563;614;748;732;759;774;794;834;847;847;889;870;853;862;883;894;925;928;924;933;946;985;"Total des aides sociales à l'accueil des personnes handicapées, hors ACTP en établissement, depuis 2000 
 Données au 31 décembre"
27;89;841;856;896;936;1024;999;1070;1022;991;980;996;996;1019;974;1002;1015;1016;1000;1067;1087;1042;970;961;1031;1061;"Total des aides sociales à l'accueil des personnes handicapées, hors ACTP en établissement, depuis 2000 
 Données au 31 décembre"
27;90;149;136;153;157;155;156;149;153;158;164;184;178;210;221;244;238;224;215;203;204;212;220;221;211;259;"Total des aides sociales à l'accueil des personnes handicapées, hors ACTP en établissement, depuis 2000 
 Données au 31 décembre"
11;91;1093;1171;1113;1426;1611;1580;1744;1701;1819;1870;1870;1966;1983;2183;2267;2297;2404;2382;2414;2739;2708;2743;2636;2779;2892;"Total des aides sociales à l'accueil des personnes handicapées, hors ACTP en établissement, depuis 2000 
 Données au 31 décembre"
11;92;2590;2740;2677;3429;3565;2939;2828;2374;2242;2529;2239;2373;2506;2511;2469;2491;2502;2499;2425;2330;2813;2668;2626;2692;2615;"Total des aides sociales à l'accueil des personnes handicapées, hors ACTP en établissement, depuis 2000 
 Données au 31 décembre"
11;93;1499;1514;1519;1576;1666;1721;1950;1871;2061;2543;2186;2097;2020;2448;2581;2702;2737;3213;2789;3002;2895;2666;2793;3114;3170;"Total des aides sociales à l'accueil des personnes handicapées, hors ACTP en établissement, depuis 2000 
 Données au 31 décembre"
11;94;1267;1310;1361;1400;1413;1435;1552;1567;1592;1786;1958;2227;2225;2088;2130;2026;2056;2235;2248;2212;2297;2338;2320;2286;2277;"Total des aides sociales à l'accueil des personnes handicapées, hors ACTP en établissement, depuis 2000 
 Données au 31 décembre"
11;95;1079;1098;1206;1248;1297;1316;1326;1032;1283;1219;1222;1316;1500;1483;1682;1745;1708;1813;1861;1888;1894;1960;1928;1886;2012;"Total des aides sociales à l'accueil des personnes handicapées, hors ACTP en établissement, depuis 2000 
 Données au 31 décembre"
101;971;326;362;364;542;555;600;454;456;470;364;388;371;444;377;392;410;461;455;467;361;437;453;477;476;444;"Total des aides sociales à l'accueil des personnes handicapées, hors ACTP en établissement, depuis 2000 
 Données au 31 décembre"
102;972;41;45;69;58;85;83;104;102;110;116;117;111;172;226;233;233;224;260;266;262;257;260;264;269;285;"Total des aides sociales à l'accueil des personnes handicapées, hors ACTP en établissement, depuis 2000 
 Données au 31 décembre"
103;973;209;205;203;54;56;52;53;52;53;56;61;65;63;63;64;64;58;64;81;82;69;21;18;15;15;"Total des aides sociales à l'accueil des personnes handicapées, hors ACTP en établissement, depuis 2000 
 Données au 31 décembre"
104;974;781;695;570;408;338;322;288;268;236;206;419;1073;1188;1303;1482;1571;1665;1550;1741;1779;1781;1916;1996;2260;2473;"Total des aides sociales à l'accueil des personnes handicapées, hors ACTP en établissement, depuis 2000 
 Données au 31 décembre"
84;1;750;727;684;758;816;804;819;741;633;570;533;526;506;474;454;433;414;386;359;342;323;307;306;291;270;"Bénéficiaires de l'ACTP, depuis 2000 
 Données au 31 décembre"
32;2;1187;1364;1142;1168;1241;1381;1496;1361;1197;1029;951;900;864;810;756;685;685;687;644;605;573;490;485;439;419;"Bénéficiaires de l'ACTP, depuis 2000 
 Données au 31 décembre"
84;3;783;693;709;737;730;757;728;646;579;535;488;461;443;417;402;376;365;343;331;326;312;294;278;257;244;"Bénéficiaires de l'ACTP, depuis 2000 
 Données au 31 décembre"
93;4;318;284;261;264;256;254;244;209;198;172;164;157;149;140;132;119;103;100;93;91;88;80;79;74;72;"Bénéficiaires de l'ACTP, depuis 2000 
 Données au 31 décembre"
93;5;249;199;201;209;240;250;272;227;229;214;206;196;187;176;161;143;133;132;129;121;116;104;95;85;80;"Bénéficiaires de l'ACTP, depuis 2000 
 Données au 31 décembre"
93;6;5915;4332;3231;3145;3213;3034;2972;2667;2446;2252;2088;1964;1822;1683;1560;1499;1453;1366;1221;1142;1078;998;970;913;975;"Bénéficiaires de l'ACTP, depuis 2000 
 Données au 31 décembre"
84;7;516;456;440;453;463;508;486;443;402;330;310;282;260;238;217;204;190;177;176;172;163;155;145;154;141;"Bénéficiaires de l'ACTP, depuis 2000 
 Données au 31 décembre"
44;8;987;817;857;917;999;1003;974;939;843;813;764;722;703;683;666;627;612;575;544;512;471;448;414;376;357;"Bénéficiaires de l'ACTP, depuis 2000 
 Données au 31 décembre"
76;9;430;426;412;414;416;410;376;335;296;260;253;238;228;205;207;206;197;190;173;127;82;232;130;69;66;"Bénéficiaires de l'ACTP, depuis 2000 
 Données au 31 décembre"
44;10;656;701;548;519;619;508;433;405;355;326;325;305;292;274;254;240;222;212;191;179;164;160;151;142;136;"Bénéficiaires de l'ACTP, depuis 2000 
 Données au 31 décembre"
76;11;1413;1230;1083;1013;979;1098;1082;1027;941;904;832;768;675;580;452;432;408;391;363;337;327;291;258;237;219;"Bénéficiaires de l'ACTP, depuis 2000 
 Données au 31 décembre"
76;12;650;512;466;459;603;492;549;483;424;335;291;262;245;227;206;191;187;169;155;143;138;133;125;116;105;"Bénéficiaires de l'ACTP, depuis 2000 
 Données au 31 décembre"
93;13;3626;3365;3260;3133;3090;3013;2978;2634;2528;2389;2169;2039;1917;1743;1655;1575;1553;1462;1421;1382;1318;1262;1187;1128;1076;"Bénéficiaires de l'ACTP, depuis 2000 
 Données au 31 décembre"
28;14;1564;1460;1486;1552;1594;1723;1608;1397;1273;1135;1029;1004;965;922;893;853;840;810;764;695;634;625;598;573;537;"Bénéficiaires de l'ACTP, depuis 2000 
 Données au 31 décembre"
84;15;435;349;334;318;331;319;329;295;268;253;236;214;205;193;176;170;151;149;135;128;123;124;123;111;107;"Bénéficiaires de l'ACTP, depuis 2000 
 Données au 31 décembre"
75;16;814;692;681;695;721;860;816;717;611;539;467;436;393;361;345;314;291;275;264;258;239;226;213;212;213;"Bénéficiaires de l'ACTP, depuis 2000 
 Données au 31 décembre"
75;17;1123;992;928;963;1040;1141;1154;1120;1063;945;866;849;830;774;749;694;654;626;594;565;537;502;472;446;416;"Bénéficiaires de l'ACTP, depuis 2000 
 Données au 31 décembre"
24;18;1211;1061;1147;1141;1147;1155;1040;961;863;788;729;679;636;609;529;506;494;458;437;408;381;353;329;300;271;"Bénéficiaires de l'ACTP, depuis 2000 
 Données au 31 décembre"
75;19;627;512;476;471;483;488;470;428;389;390;352;321;307;291;232;223;198;184;172;161;149;138;165;142;138;"Bénéficiaires de l'ACTP, depuis 2000 
 Données au 31 décembre"
94;20;2956;2326;2298;2152;2062;1898;1851;1753;1660;1567;1423;1347;1280;1064;1002;1050;979;932;950;825;789;651;621;590;586;"Bénéficiaires de l'ACTP, depuis 2000 
 Données au 31 décembre"
27;21;927;750;977;977;1086;1148;1132;1019;886;794;765;707;648;588;538;474;416;378;349;317;280;284;260;252;236;"Bénéficiaires de l'ACTP, depuis 2000 
 Données au 31 décembre"
53;22;1247;992;1025;1028;1087;1119;1344;1108;1098;856;783;759;733;682;628;583;555;522;487;443;410;354;314;294;280;"Bénéficiaires de l'ACTP, depuis 2000 
 Données au 31 décembre"
75;23;582;327;317;323;394;451;315;283;262;230;200;180;175;153;116;138;133;125;119;113;112;102;87;75;72;"Bénéficiaires de l'ACTP, depuis 2000 
 Données au 31 décembre"
75;24;974;917;912;927;920;946;904;781;688;629;578;548;522;478;450;418;402;377;355;334;319;303;284;263;243;"Bénéficiaires de l'ACTP, depuis 2000 
 Données au 31 décembre"
27;25;981;865;826;856;928;1006;938;796;716;632;595;584;539;534;468;447;431;396;373;357;329;318;273;269;256;"Bénéficiaires de l'ACTP, depuis 2000 
 Données au 31 décembre"
84;26;828;754;789;786;909;901;730;695;643;564;514;456;428;402;377;354;335;316;300;283;268;259;253;239;222;"Bénéficiaires de l'ACTP, depuis 2000 
 Données au 31 décembre"
28;27;1586;1375;1403;1370;1430;1441;1410;1261;1181;1074;999;949;887;840;787;750;706;676;595;601;570;556;542;524;367;"Bénéficiaires de l'ACTP, depuis 2000 
 Données au 31 décembre"
24;28;721;604;682;690;702;745;662;571;513;463;436;422;394;373;341;313;300;288;276;266;257;241;229;210;190;"Bénéficiaires de l'ACTP, depuis 2000 
 Données au 31 décembre"
53;29;2295;2015;1976;1944;2092;2206;2058;1900;1586;1577;1218;1080;1026;979;857;710;765;719;682;685;641;597;561;527;505;"Bénéficiaires de l'ACTP, depuis 2000 
 Données au 31 décembre"
76;30;1064;846;871;870;856;850;990;920;857;785;727;728;659;637;616;597;582;561;540;520;498;454;425;391;384;"Bénéficiaires de l'ACTP, depuis 2000 
 Données au 31 décembre"
76;31;1802;1746;1678;1747;1787;1892;1842;1744;1613;1525;1448;1374;1301;1223;1171;1120;1055;1010;938;888;826;795;747;713;664;"Bénéficiaires de l'ACTP, depuis 2000 
 Données au 31 décembre"
76;32;413;348;362;353;378;383;372;311;271;267;252;264;227;219;209;196;185;174;161;156;148;139;132;130;132;"Bénéficiaires de l'ACTP, depuis 2000 
 Données au 31 décembre"
75;33;2668;2352;2550;2566;2679;2829;2763;2361;2040;1791;1498;1422;1362;1235;1226;1185;1158;1138;1075;970;913;859;830;790;750;"Bénéficiaires de l'ACTP, depuis 2000 
 Données au 31 décembre"
76;34;1960;1768;1962;1742;1775;1904;1868;1408;1308;1449;1389;1302;1251;1203;1153;1107;1054;989;942;894;877;837;802;774;749;"Bénéficiaires de l'ACTP, depuis 2000 
 Données au 31 décembre"
53;35;2145;1902;1795;1871;1898;2003;1903;1856;1625;1354;1017;1190;1043;938;1048;927;876;831;800;768;723;717;657;629;590;"Bénéficiaires de l'ACTP, depuis 2000 
 Données au 31 décembre"
24;36;568;579;564;573;615;644;628;541;465;418;384;352;325;309;291;278;262;244;235;218;205;186;173;164;150;"Bénéficiaires de l'ACTP, depuis 2000 
 Données au 31 décembre"
24;37;754;737;743;779;798;849;782;698;556;510;481;460;421;386;363;345;329;307;277;267;256;235;222;222;201;"Bénéficiaires de l'ACTP, depuis 2000 
 Données au 31 décembre"
84;38;1616;1539;1592;1536;1937;1781;1894;1642;1572;1374;1206;1145;1087;1007;922;855;813;784;743;702;688;665;613;578;536;"Bénéficiaires de l'ACTP, depuis 2000 
 Données au 31 décembre"
27;39;414;430;439;445;442;453;434;390;328;316;260;239;214;196;183;175;144;136;128;118;113;104;95;95;83;"Bénéficiaires de l'ACTP, depuis 2000 
 Données au 31 décembre"
75;40;528;441;506;521;450;533;517;330;340;370;309;296;283;273;270;253;249;240;227;214;201;195;186;180;175;"Bénéficiaires de l'ACTP, depuis 2000 
 Données au 31 décembre"
24;41;735;647;534;510;562;606;585;535;470;414;383;349;330;298;285;270;261;247;234;229;208;204;190;171;161;"Bénéficiaires de l'ACTP, depuis 2000 
 Données au 31 décembre"
84;42;2615;2673;2306;2173;2278;2450;2455;2306;2147;1994;1850;1765;1659;1591;1508;1440;1354;1266;1192;1160;1101;1039;991;943;880;"Bénéficiaires de l'ACTP, depuis 2000 
 Données au 31 décembre"
84;43;566;517;507;513;493;491;474;376;345;329;288;259;241;242;229;237;244;229;215;211;198;180;164;158;148;"Bénéficiaires de l'ACTP, depuis 2000 
 Données au 31 décembre"
52;44;1632;1522;1502;1541;1576;1622;1652;1554;1302;1115;993;902;828;775;753;716;674;636;595;572;543;521;498;466;441;"Bénéficiaires de l'ACTP, depuis 2000 
 Données au 31 décembre"
24;45;1068;903;921;960;1030;1172;1122;996;908;846;782;759;733;694;659;620;595;573;564;545;515;492;465;425;396;"Bénéficiaires de l'ACTP, depuis 2000 
 Données au 31 décembre"
76;46;423;305;312;355;370;374;339;299;243;245;203;186;181;163;165;158;148;137;129;121;123;108;100;87;84;"Bénéficiaires de l'ACTP, depuis 2000 
 Données au 31 décembre"
75;47;732;685;681;699;712;730;668;614;539;492;472;419;397;377;357;349;332;318;308;287;273;255;240;206;189;"Bénéficiaires de l'ACTP, depuis 2000 
 Données au 31 décembre"
76;48;162;194;123;132;191;196;188;127;131;110;104;104;103;102;103;98;95;82;79;74;98;66;62;58;63;"Bénéficiaires de l'ACTP, depuis 2000 
 Données au 31 décembre"
52;49;681;1045;942;1079;1197;1111;1100;1021;882;752;666;606;561;505;505;478;454;432;400;385;361;346;334;318;300;"Bénéficiaires de l'ACTP, depuis 2000 
 Données au 31 décembre"
28;50;1533;1350;1377;1325;1328;1382;1327;1204;1106;1004;923;898;853;830;786;758;722;691;646;611;574;577;537;512;491;"Bénéficiaires de l'ACTP, depuis 2000 
 Données au 31 décembre"
44;51;1578;1501;1596;1647;1701;1918;1752;1514;1388;1325;1200;1207;1132;1045;996;950;913;859;809;777;745;702;674;640;604;"Bénéficiaires de l'ACTP, depuis 2000 
 Données au 31 décembre"
44;52;721;645;649;790;717;734;675;648;583;529;490;483;458;428;402;392;361;343;319;303;301;283;257;236;217;"Bénéficiaires de l'ACTP, depuis 2000 
 Données au 31 décembre"
52;53;606;467;478;552;549;595;516;452;442;421;397;366;363;303;286;264;229;215;262;244;219;192;199;193;179;"Bénéficiaires de l'ACTP, depuis 2000 
 Données au 31 décembre"
44;54;1551;1493;1550;1549;1624;1646;1575;1402;1242;1127;1023;959;901;861;826;787;733;696;649;622;581;547;525;482;455;"Bénéficiaires de l'ACTP, depuis 2000 
 Données au 31 décembre"
44;55;324;309;299;302;373;373;340;272;249;229;207;202;184;165;165;153;138;131;120;116;111;107;98;95;94;"Bénéficiaires de l'ACTP, depuis 2000 
 Données au 31 décembre"
53;56;1516;1290;1263;1263;1285;1284;1242;1158;1052;998;918;853;806;724;679;628;592;578;558;536;515;460;415;377;328;"Bénéficiaires de l'ACTP, depuis 2000 
 Données au 31 décembre"
44;57;2145;1960;1875;2108;1991;2085;1998;1682;1739;1640;1601;1495;1428;1338;1282;1197;1143;1095;1095;947;921;874;825;784;723;"Bénéficiaires de l'ACTP, depuis 2000 
 Données au 31 décembre"
27;58;961;663;733;680;676;707;730;680;641;596;546;518;502;475;447;418;392;374;345;335;315;298;289;270;254;"Bénéficiaires de l'ACTP, depuis 2000 
 Données au 31 décembre"
32;59;4883;4708;4862;5204;5249;5290;5100;4756;4329;4118;3799;3520;3405;3053;2919;2707;2532;2422;2311;2162;2023;1930;1837;1736;1655;"Bénéficiaires de l'ACTP, depuis 2000 
 Données au 31 décembre"
32;60;1194;1263;1331;1389;1446;1401;1381;1269;1186;1097;973;942;796;743;715;678;640;609;577;553;526;496;466;436;430;"Bénéficiaires de l'ACTP, depuis 2000 
 Données au 31 décembre"
28;61;885;775;700;642;647;694;670;532;493;401;383;386;378;339;338;317;306;287;276;276;253;229;215;215;196;"Bénéficiaires de l'ACTP, depuis 2000 
 Données au 31 décembre"
32;62;3525;3088;3047;3184;3204;3146;3073;2930;2724;2567;2442;2286;2198;2074;1977;1877;1788;1690;1597;1466;1378;1270;1153;1064;976;"Bénéficiaires de l'ACTP, depuis 2000 
 Données au 31 décembre"
84;63;1237;1089;1067;1106;1131;1173;1132;1048;938;871;802;746;694;652;611;580;536;512;485;459;435;422;403;373;359;"Bénéficiaires de l'ACTP, depuis 2000 
 Données au 31 décembre"
75;64;1310;1120;1078;1110;1290;1280;1022;1136;1021;953;902;862;815;765;704;663;620;591;564;534;510;534;468;448;436;"Bénéficiaires de l'ACTP, depuis 2000 
 Données au 31 décembre"
76;65;775;642;643;651;701;629;666;595;567;534;479;459;433;407;388;365;345;322;314;291;278;259;250;238;219;"Bénéficiaires de l'ACTP, depuis 2000 
 Données au 31 décembre"
76;66;1533;1406;1111;1017;1043;1078;1019;937;888;807;725;723;670;638;616;564;547;531;487;473;423;416;391;368;344;"Bénéficiaires de l'ACTP, depuis 2000 
 Données au 31 décembre"
44;67;2421;3002;2283;2209;2178;2248;2175;2026;1859;1763;1650;1573;1481;1387;1347;1269;1217;1152;1061;999;999;1015;824;784;748;"Bénéficiaires de l'ACTP, depuis 2000 
 Données au 31 décembre"
44;68;1352;1123;1159;1314;1394;1497;1481;1255;1344;1162;1129;1100;1045;993;971;935;891;850;816;789;753;709;682;650;622;"Bénéficiaires de l'ACTP, depuis 2000 
 Données au 31 décembre"
84;69;3322;3371;3324;3699;3741;3699;3693;3311;3122;2760;2584;2384;2229;2091;1978;;;;;;;;;;;"Bénéficiaires de l'ACTP, depuis 2000 
 Données au 31 décembre"
27;70;366;309;360;359;362;424;388;346;321;297;264;258;246;234;234;210;212;206;193;190;174;164;156;154;148;"Bénéficiaires de l'ACTP, depuis 2000 
 Données au 31 décembre"
27;71;942;876;888;905;941;1115;992;926;842;738;730;709;627;596;564;517;493;468;433;396;369;349;323;329;280;"Bénéficiaires de l'ACTP, depuis 2000 
 Données au 31 décembre"
52;72;878;837;906;929;946;1004;930;980;832;782;660;613;574;532;542;516;493;464;436;414;389;376;356;346;324;"Bénéficiaires de l'ACTP, depuis 2000 
 Données au 31 décembre"
84;73;559;594;657;669;683;734;688;593;489;437;428;392;369;358;340;323;301;286;266;249;236;215;208;189;176;"Bénéficiaires de l'ACTP, depuis 2000 
 Données au 31 décembre"
84;74;608;576;583;677;736;818;742;610;473;364;321;302;284;267;251;238;226;214;203;192;179;159;150;145;143;"Bénéficiaires de l'ACTP, depuis 2000 
 Données au 31 décembre"
11;75;4944;4671;4685;4552;4757;4873;4615;4388;4118;3861;3624;3624;3231;3077;2871;2736;2609;2432;2324;2201;2069;1969;1851;1748;1636;"Bénéficiaires de l'ACTP, depuis 2000 
 Données au 31 décembre"
28;76;3146;2835;3121;3696;3858;4512;4158;3543;2831;2432;2088;2140;1924;1804;1654;1582;1466;1330;1190;1028;954;901;815;724;698;"Bénéficiaires de l'ACTP, depuis 2000 
 Données au 31 décembre"
11;77;2068;2087;2076;2128;2248;2383;2241;2079;1766;1538;1398;1359;1286;1197;1196;1154;1093;961;996;926;884;845;795;735;710;"Bénéficiaires de l'ACTP, depuis 2000 
 Données au 31 décembre"
11;78;2064;2075;1921;1983;2179;2234;2152;1840;2457;2113;1921;1724;1529;1456;1326;1280;1214;1093;1038;1001;908;857;779;637;601;"Bénéficiaires de l'ACTP, depuis 2000 
 Données au 31 décembre"
75;79;797;690;776;684;841;809;724;584;553;496;461;442;410;375;363;332;315;299;279;262;249;236;227;211;190;"Bénéficiaires de l'ACTP, depuis 2000 
 Données au 31 décembre"
32;80;1796;1787;1761;1688;1747;1660;1642;1641;1335;941;882;857;838;736;695;671;630;583;537;503;479;454;448;409;393;"Bénéficiaires de l'ACTP, depuis 2000 
 Données au 31 décembre"
76;81;1302;1145;995;907;842;794;718;671;617;602;563;570;538;514;516;472;466;459;444;414;405;385;347;333;326;"Bénéficiaires de l'ACTP, depuis 2000 
 Données au 31 décembre"
76;82;513;407;404;507;532;548;550;484;441;409;383;361;350;327;305;292;281;262;250;233;215;201;161;161;141;"Bénéficiaires de l'ACTP, depuis 2000 
 Données au 31 décembre"
93;83;1930;1698;1772;1777;1801;1871;1785;1668;1563;1483;1362;1277;1213;1123;1053;1013;959;922;868;832;792;728;683;639;614;"Bénéficiaires de l'ACTP, depuis 2000 
 Données au 31 décembre"
93;84;716;688;736;740;730;850;826;771;684;635;582;565;526;499;449;408;383;358;336;325;310;291;279;263;239;"Bénéficiaires de l'ACTP, depuis 2000 
 Données au 31 décembre"
52;85;700;621;669;691;713;777;748;665;595;541;510;491;467;446;413;388;361;334;316;299;285;269;248;225;219;"Bénéficiaires de l'ACTP, depuis 2000 
 Données au 31 décembre"
75;86;639;568;570;565;587;593;606;555;514;449;396;372;347;335;319;306;290;251;234;222;210;197;185;156;151;"Bénéficiaires de l'ACTP, depuis 2000 
 Données au 31 décembre"
75;87;1032;882;860;873;837;853;790;718;651;651;600;567;524;507;475;451;428;402;400;377;355;335;320;303;288;"Bénéficiaires de l'ACTP, depuis 2000 
 Données au 31 décembre"
44;88;1414;900;886;1010;976;1027;924;838;761;709;670;633;593;579;546;508;470;437;432;415;389;355;335;317;297;"Bénéficiaires de l'ACTP, depuis 2000 
 Données au 31 décembre"
27;89;1221;1163;1145;1118;1111;1135;1031;873;844;748;635;635;616;503;445;407;350;269;251;245;240;213;201;187;183;"Bénéficiaires de l'ACTP, depuis 2000 
 Données au 31 décembre"
27;90;172;148;168;166;168;170;160;129;107;81;104;99;94;93;82;80;75;70;70;65;57;53;51;50;48;"Bénéficiaires de l'ACTP, depuis 2000 
 Données au 31 décembre"
11;91;1666;1574;1644;1826;1965;2034;1977;1685;1596;1435;1283;1200;1144;1070;1022;979;939;865;828;792;743;674;619;553;504;"Bénéficiaires de l'ACTP, depuis 2000 
 Données au 31 décembre"
11;92;3951;3695;3472;3600;3694;3775;3301;3008;2655;2369;2289;2215;2106;2011;1930;1814;1723;1570;1518;1462;1428;1340;1277;1195;1118;"Bénéficiaires de l'ACTP, depuis 2000 
 Données au 31 décembre"
11;93;3408;3171;3458;2962;3472;3308;3158;3695;3482;2802;2454;2172;1970;1972;1924;1827;1726;1656;1546;1434;1421;1440;1427;1399;1032;"Bénéficiaires de l'ACTP, depuis 2000 
 Données au 31 décembre"
11;94;4151;4179;3854;3823;3878;3781;3491;3169;3399;3104;2976;2822;2671;2548;2432;2322;2194;2026;1891;1794;1668;1608;1526;1448;1377;"Bénéficiaires de l'ACTP, depuis 2000 
 Données au 31 décembre"
11;95;1741;1940;1990;1968;2132;2188;2131;1961;1807;1697;1548;1307;1237;1193;1132;1081;991;878;819;791;744;696;670;666;616;"Bénéficiaires de l'ACTP, depuis 2000 
 Données au 31 décembre"
101;971;2191;1618;1543;1677;1354;1404;1418;1350;1228;1047;881;890;717;692;635;633;601;577;539;448;517;501;501;503;516;"Bénéficiaires de l'ACTP, depuis 2000 
 Données au 31 décembre"
102;972;1112;993;936;1038;1164;1194;1213;1107;861;771;776;784;750;765;707;738;700;695;782;734;482;458;431;406;276;"Bénéficiaires de l'ACTP, depuis 2000 
 Données au 31 décembre"
103;973;413;328;315;236;229;251;280;274;259;245;227;216;198;197;177;163;156;138;150;141;90;91;89;87;81;"Bénéficiaires de l'ACTP, depuis 2000 
 Données au 31 décembre"
104;974;3107;2743;2692;2427;2493;2614;2469;2335;2250;2060;2128;2081;1945;1821;1766;1634;1565;1475;1422;1243;1285;1217;1103;1040;980;"Bénéficiaires de l'ACTP, depuis 2000 
 Données au 31 décembre"
84;1;565;570;538;605;641;620;622;554;467;473;398;393;375;353;339;326;294;275;268;276;255;239;238;227;210;"Bénéficiaires de l'ACTP à domicile, depuis 2000 
 Données au 31 décembre"
32;2;1083;1065;963;971;1043;1247;1266;1153;1010;887;820;775;737;692;648;618;617;687;644;557;528;490;398;355;337;"Bénéficiaires de l'ACTP à domicile, depuis 2000 
 Données au 31 décembre"
84;3;668;693;652;692;667;704;676;584;527;492;450;424;398;369;356;331;319;299;288;289;270;252;238;218;207;"Bénéficiaires de l'ACTP à domicile, depuis 2000 
 Données au 31 décembre"
93;4;256;242;229;229;219;209;196;169;160;139;123;129;126;117;109;96;86;86;82;81;78;70;72;68;66;"Bénéficiaires de l'ACTP à domicile, depuis 2000 
 Données au 31 décembre"
93;5;207;199;169;209;230;239;262;186;184;173;192;185;174;163;149;134;122;123;121;113;116;104;95;70;66;"Bénéficiaires de l'ACTP à domicile, depuis 2000 
 Données au 31 décembre"
93;6;4756;3664;2750;2643;2734;2568;2480;2188;1937;1779;1662;1581;1450;1337;1233;1188;1177;1366;1221;1142;1078;998;970;913;975;"Bénéficiaires de l'ACTP à domicile, depuis 2000 
 Données au 31 décembre"
84;7;471;390;372;378;391;508;404;363;324;244;253;225;219;204;175;150;147;137;138;136;134;126;119;127;117;"Bénéficiaires de l'ACTP à domicile, depuis 2000 
 Données au 31 décembre"
44;8;814;751;714;802;931;1003;811;922;785;813;764;722;703;683;666;627;612;575;544;512;471;448;414;376;357;"Bénéficiaires de l'ACTP à domicile, depuis 2000 
 Données au 31 décembre"
76;9;401;359;358;345;351;349;318;281;247;223;219;207;186;174;174;163;156;154;136;96;82;228;107;46;45;"Bénéficiaires de l'ACTP à domicile, depuis 2000 
 Données au 31 décembre"
44;10;533;584;463;433;519;433;405;334;287;266;266;252;239;224;210;198;185;177;160;145;136;131;123;117;113;"Bénéficiaires de l'ACTP à domicile, depuis 2000 
 Données au 31 décembre"
76;11;1142;1042;928;854;829;924;903;846;761;735;682;636;554;475;404;384;358;345;328;305;304;271;242;225;202;"Bénéficiaires de l'ACTP à domicile, depuis 2000 
 Données au 31 décembre"
76;12;526;439;421;423;587;468;521;474;417;329;286;255;238;221;201;186;178;161;148;134;130;125;115;108;98;"Bénéficiaires de l'ACTP à domicile, depuis 2000 
 Données au 31 décembre"
93;13;2971;2889;2745;2599;2614;2536;2367;2156;2031;1924;1756;1669;1555;1432;1348;1279;1285;1212;1179;1117;1082;1025;961;928;888;"Bénéficiaires de l'ACTP à domicile, depuis 2000 
 Données au 31 décembre"
28;14;1374;1276;1191;1203;1213;1253;1166;1008;930;846;785;754;708;667;633;604;582;562;538;426;437;416;402;344;324;"Bénéficiaires de l'ACTP à domicile, depuis 2000 
 Données au 31 décembre"
84;15;393;328;313;295;298;294;327;293;267;232;235;213;184;175;162;145;128;127;119;113;110;109;109;100;95;"Bénéficiaires de l'ACTP à domicile, depuis 2000 
 Données au 31 décembre"
75;16;663;593;577;580;610;728;686;590;493;442;384;362;332;313;300;273;252;242;229;225;211;197;190;191;195;"Bénéficiaires de l'ACTP à domicile, depuis 2000 
 Données au 31 décembre"
75;17;916;851;784;802;876;922;966;902;830;748;654;700;681;637;614;566;654;626;594;456;440;407;382;366;342;"Bénéficiaires de l'ACTP à domicile, depuis 2000 
 Données au 31 décembre"
24;18;988;907;971;952;968;998;890;819;741;673;614;547;529;506;439;413;396;369;353;334;316;291;270;250;226;"Bénéficiaires de l'ACTP à domicile, depuis 2000 
 Données au 31 décembre"
75;19;511;438;476;392;407;411;391;350;313;307;275;205;195;183;165;158;144;122;117;111;100;93;111;100;99;"Bénéficiaires de l'ACTP à domicile, depuis 2000 
 Données au 31 décembre"
94;20;2500;1975;2189;2037;1970;1759;1660;1563;1496;1411;1261;1200;1139;1064;1002;1050;979;932;767;825;789;651;616;581;575;"Bénéficiaires de l'ACTP à domicile, depuis 2000 
 Données au 31 décembre"
27;21;778;613;819;859;941;1007;987;851;767;687;664;607;557;519;479;191;221;268;297;284;263;271;249;243;91;"Bénéficiaires de l'ACTP à domicile, depuis 2000 
 Données au 31 décembre"
53;22;1020;854;860;848;914;939;1209;945;935;731;679;662;637;588;543;504;480;446;414;379;349;307;278;261;248;"Bénéficiaires de l'ACTP à domicile, depuis 2000 
 Données au 31 décembre"
75;23;406;255;269;270;335;436;270;268;212;188;166;150;147;129;95;116;113;117;111;105;106;96;82;69;65;"Bénéficiaires de l'ACTP à domicile, depuis 2000 
 Données au 31 décembre"
75;24;865;829;830;850;852;875;809;689;589;546;493;467;444;406;378;353;338;319;299;282;271;252;243;222;200;"Bénéficiaires de l'ACTP à domicile, depuis 2000 
 Données au 31 décembre"
27;25;808;747;719;759;813;832;764;689;627;553;517;506;464;467;420;396;381;352;334;317;294;286;247;248;236;"Bénéficiaires de l'ACTP à domicile, depuis 2000 
 Données au 31 décembre"
84;26;677;646;585;586;692;689;559;537;496;443;416;387;372;352;331;305;294;280;268;251;238;231;223;212;199;"Bénéficiaires de l'ACTP à domicile, depuis 2000 
 Données au 31 décembre"
28;27;1396;1156;1144;1124;1169;1157;1128;1004;944;866;796;762;719;684;638;608;575;551;478;485;459;450;461;444;302;"Bénéficiaires de l'ACTP à domicile, depuis 2000 
 Données au 31 décembre"
24;28;706;518;492;484;509;549;472;426;353;346;288;289;270;256;256;235;226;217;211;205;200;185;184;168;157;"Bénéficiaires de l'ACTP à domicile, depuis 2000 
 Données au 31 décembre"
53;29;1585;1372;1391;1349;1444;1520;1386;1308;1134;1161;939;841;801;755;652;527;573;538;515;511;481;442;416;398;381;"Bénéficiaires de l'ACTP à domicile, depuis 2000 
 Données au 31 décembre"
76;30;908;743;761;726;723;717;823;754;704;653;604;599;547;530;510;493;482;484;469;448;431;388;373;345;375;"Bénéficiaires de l'ACTP à domicile, depuis 2000 
 Données au 31 décembre"
76;31;1483;1503;1414;1452;1504;1588;1529;1427;1295;1230;1175;1125;1091;996;950;1120;1055;1010;938;888;826;795;747;713;664;"Bénéficiaires de l'ACTP à domicile, depuis 2000 
 Données au 31 décembre"
76;32;403;340;350;340;349;353;344;279;239;246;233;233;203;189;180;168;159;150;140;130;125;114;112;111;114;"Bénéficiaires de l'ACTP à domicile, depuis 2000 
 Données au 31 décembre"
75;33;2176;2023;2146;2144;2204;2289;2180;1825;1561;1377;1232;1179;1133;1015;1003;1030;1009;994;951;860;811;759;739;701;671;"Bénéficiaires de l'ACTP à domicile, depuis 2000 
 Données au 31 décembre"
76;34;1627;1514;1709;1525;1537;1674;1638;1195;1098;1246;1185;1116;1074;1042;1012;978;940;893;853;815;803;764;734;712;687;"Bénéficiaires de l'ACTP à domicile, depuis 2000 
 Données au 31 décembre"
53;35;1378;1302;1232;1254;1283;1300;1242;1171;1041;869;708;840;734;597;689;622;590;574;529;520;499;489;444;424;405;"Bénéficiaires de l'ACTP à domicile, depuis 2000 
 Données au 31 décembre"
24;36;568;579;564;573;615;644;628;541;465;418;384;352;325;309;291;228;218;203;196;178;169;152;142;136;125;"Bénéficiaires de l'ACTP à domicile, depuis 2000 
 Données au 31 décembre"
24;37;621;634;624;645;668;710;683;545;427;403;417;365;340;313;297;282;270;253;229;221;215;194;185;185;169;"Bénéficiaires de l'ACTP à domicile, depuis 2000 
 Données au 31 décembre"
84;38;1326;1321;1341;1278;1591;1484;1492;1262;1189;1058;950;913;874;826;760;719;697;677;642;607;602;576;542;508;474;"Bénéficiaires de l'ACTP à domicile, depuis 2000 
 Données au 31 décembre"
27;39;272;273;306;317;322;328;344;308;262;250;202;184;165;162;129;123;101;98;95;93;89;79;83;71;59;"Bénéficiaires de l'ACTP à domicile, depuis 2000 
 Données au 31 décembre"
75;40;430;377;429;436;381;533;517;330;274;309;253;240;241;226;228;216;214;206;197;187;176;169;162;159;153;"Bénéficiaires de l'ACTP à domicile, depuis 2000 
 Données au 31 décembre"
24;41;510;451;437;425;445;487;469;406;349;320;292;259;246;224;215;204;198;188;180;173;159;157;148;143;129;"Bénéficiaires de l'ACTP à domicile, depuis 2000 
 Données au 31 décembre"
84;42;1494;1531;1364;1335;1430;1829;1825;1681;1567;1457;1351;1274;1211;1173;1109;1059;996;932;886;867;818;758;734;692;646;"Bénéficiaires de l'ACTP à domicile, depuis 2000 
 Données au 31 décembre"
84;43;462;442;429;428;416;413;394;309;280;270;236;230;216;210;202;200;207;196;182;180;169;151;137;132;123;"Bénéficiaires de l'ACTP à domicile, depuis 2000 
 Données au 31 décembre"
52;44;1099;1127;1117;1199;1272;1366;1392;1302;1116;978;885;809;690;638;626;602;568;536;500;480;458;435;419;386;366;"Bénéficiaires de l'ACTP à domicile, depuis 2000 
 Données au 31 décembre"
24;45;797;775;775;796;836;983;1049;780;716;650;613;599;583;559;530;500;478;428;403;385;364;344;368;337;314;"Bénéficiaires de l'ACTP à domicile, depuis 2000 
 Données au 31 décembre"
76;46;411;261;263;296;369;372;314;271;217;220;182;169;165;148;146;139;129;121;114;98;101;87;81;71;69;"Bénéficiaires de l'ACTP à domicile, depuis 2000 
 Données au 31 décembre"
75;47;654;627;604;612;617;632;573;519;455;420;399;351;332;310;292;289;274;264;257;239;226;210;204;183;169;"Bénéficiaires de l'ACTP à domicile, depuis 2000 
 Données au 31 décembre"
76;48;137;160;102;108;162;166;168;114;119;102;96;96;95;93;94;90;87;75;72;67;81;56;52;47;53;"Bénéficiaires de l'ACTP à domicile, depuis 2000 
 Données au 31 décembre"
52;49;562;924;794;896;1042;957;944;870;748;637;580;525;491;443;443;418;370;357;331;311;296;281;271;261;246;"Bénéficiaires de l'ACTP à domicile, depuis 2000 
 Données au 31 décembre"
28;50;1249;1139;1164;1103;1056;1109;1061;928;820;735;675;645;610;589;555;537;504;479;437;411;386;439;384;367;406;"Bénéficiaires de l'ACTP à domicile, depuis 2000 
 Données au 31 décembre"
44;51;1228;1150;1235;1314;1328;1543;1365;1130;1000;929;843;852;794;725;692;650;614;576;532;506;482;438;430;408;383;"Bénéficiaires de l'ACTP à domicile, depuis 2000 
 Données au 31 décembre"
44;52;587;551;550;676;591;616;486;465;402;351;319;397;289;282;256;251;236;217;186;160;167;149;146;134;146;"Bénéficiaires de l'ACTP à domicile, depuis 2000 
 Données au 31 décembre"
52;53;483;444;398;424;407;500;430;373;358;298;275;244;239;217;205;189;159;149;184;198;181;162;168;164;130;"Bénéficiaires de l'ACTP à domicile, depuis 2000 
 Données au 31 décembre"
44;54;1270;1283;1305;1287;1365;1381;1309;1146;985;897;820;786;733;702;670;637;601;696;649;500;475;441;422;392;373;"Bénéficiaires de l'ACTP à domicile, depuis 2000 
 Données au 31 décembre"
44;55;279;268;255;263;318;312;284;242;219;198;182;177;161;144;145;136;121;114;107;104;100;95;85;84;85;"Bénéficiaires de l'ACTP à domicile, depuis 2000 
 Données au 31 décembre"
53;56;1332;1225;1210;1221;1231;1255;1212;1126;1040;945;756;696;663;596;560;518;507;492;473;449;434;380;353;323;277;"Bénéficiaires de l'ACTP à domicile, depuis 2000 
 Données au 31 décembre"
44;57;2025;1879;1798;2022;1804;1874;1822;1380;1401;1512;1481;1342;1310;1225;1168;1076;1027;988;986;844;827;771;735;694;641;"Bénéficiaires de l'ACTP à domicile, depuis 2000 
 Données au 31 décembre"
27;58;823;614;702;680;571;612;624;575;528;486;443;420;407;384;359;338;320;302;272;262;247;229;220;203;193;"Bénéficiaires de l'ACTP à domicile, depuis 2000 
 Données au 31 décembre"
32;59;4006;4046;4095;4319;4410;4435;4233;3886;3470;3316;3083;3517;3405;3053;2380;2203;2090;2004;1915;1745;1658;1563;1485;1736;1513;"Bénéficiaires de l'ACTP à domicile, depuis 2000 
 Données au 31 décembre"
32;60;1014;1076;1140;1161;1238;1169;1140;1029;995;946;846;823;694;663;640;605;579;550;522;503;474;442;413;384;380;"Bénéficiaires de l'ACTP à domicile, depuis 2000 
 Données au 31 décembre"
28;61;755;700;654;608;613;659;559;508;461;378;315;319;355;318;322;298;254;238;229;224;208;186;175;215;196;"Bénéficiaires de l'ACTP à domicile, depuis 2000 
 Données au 31 décembre"
32;62;2879;2648;2571;2648;2927;2854;2793;2403;2191;2283;2162;2028;1798;1821;1730;1632;1543;1413;1327;1216;1185;1065;982;914;841;"Bénéficiaires de l'ACTP à domicile, depuis 2000 
 Données au 31 décembre"
84;63;1237;906;893;905;924;955;902;815;731;676;621;588;550;517;492;469;443;426;404;380;362;349;339;319;304;"Bénéficiaires de l'ACTP à domicile, depuis 2000 
 Données au 31 décembre"
75;64;1067;958;915;930;1158;1135;906;991;888;843;806;784;672;678;631;593;556;536;506;481;460;481;426;407;396;"Bénéficiaires de l'ACTP à domicile, depuis 2000 
 Données au 31 décembre"
76;65;631;550;544;543;592;620;585;490;496;471;391;378;355;335;318;300;287;269;284;262;246;226;218;209;192;"Bénéficiaires de l'ACTP à domicile, depuis 2000 
 Données au 31 décembre"
76;66;1457;1312;1035;949;955;987;929;846;797;723;658;653;551;581;565;521;507;491;452;439;394;386;363;303;344;"Bénéficiaires de l'ACTP à domicile, depuis 2000 
 Données au 31 décembre"
44;67;1750;2679;1972;1836;1762;1785;1682;1556;1405;1327;1220;1158;1084;1010;996;938;906;866;797;758;791;798;637;605;579;"Bénéficiaires de l'ACTP à domicile, depuis 2000 
 Données au 31 décembre"
44;68;1328;962;979;1097;1369;1474;1452;1057;1082;1016;987;932;878;820;796;758;714;683;657;630;601;559;539;516;496;"Bénéficiaires de l'ACTP à domicile, depuis 2000 
 Données au 31 décembre"
84;69;2715;2893;2804;2521;2545;2460;2412;2087;1944;1787;1723;1636;1572;1502;1438;;;;;;;;;;;"Bénéficiaires de l'ACTP à domicile, depuis 2000 
 Données au 31 décembre"
27;70;357;265;304;299;334;390;355;313;287;266;241;227;207;195;194;172;172;167;153;146;139;128;118;114;109;"Bénéficiaires de l'ACTP à domicile, depuis 2000 
 Données au 31 décembre"
27;71;770;752;749;741;718;935;754;704;634;565;562;583;492;454;450;416;403;378;351;324;301;281;261;268;230;"Bénéficiaires de l'ACTP à domicile, depuis 2000 
 Données au 31 décembre"
52;72;739;720;763;810;800;853;773;980;832;782;539;506;471;437;444;443;424;400;378;354;329;320;299;289;268;"Bénéficiaires de l'ACTP à domicile, depuis 2000 
 Données au 31 décembre"
84;73;451;460;494;487;491;539;490;422;362;316;306;289;276;268;254;242;225;212;198;184;176;155;159;148;135;"Bénéficiaires de l'ACTP à domicile, depuis 2000 
 Données au 31 décembre"
84;74;498;576;583;677;736;818;742;610;473;352;312;296;279;263;248;238;226;214;203;192;179;159;150;145;143;"Bénéficiaires de l'ACTP à domicile, depuis 2000 
 Données au 31 décembre"
11;75;3972;3805;3810;3680;3870;3961;3726;3537;3111;3107;2912;2976;2641;2522;2385;2272;2157;2004;1915;1818;1713;1610;1073;1449;1358;"Bénéficiaires de l'ACTP à domicile, depuis 2000 
 Données au 31 décembre"
28;76;2575;2439;2471;2993;3077;3587;3430;2917;2157;2045;1741;1803;1616;1519;1393;1338;1232;1110;997;870;815;761;693;618;598;"Bénéficiaires de l'ACTP à domicile, depuis 2000 
 Données au 31 décembre"
11;77;2068;1794;2076;2122;2243;2378;2241;2079;1766;1295;1299;1162;1070;995;990;950;888;778;807;751;717;679;639;597;568;"Bénéficiaires de l'ACTP à domicile, depuis 2000 
 Données au 31 décembre"
11;78;1547;1784;1614;1642;1662;1873;1784;1502;1724;1462;1325;1169;1052;990;908;876;835;760;728;697;659;620;556;461;437;"Bénéficiaires de l'ACTP à domicile, depuis 2000 
 Données au 31 décembre"
75;79;649;589;585;653;798;646;573;448;426;354;335;328;304;283;275;259;240;228;220;208;200;187;185;171;155;"Bénéficiaires de l'ACTP à domicile, depuis 2000 
 Données au 31 décembre"
32;80;1693;1661;1624;1514;1600;1521;1505;1513;1233;871;851;823;802;699;664;643;604;583;537;503;479;454;448;409;393;"Bénéficiaires de l'ACTP à domicile, depuis 2000 
 Données au 31 décembre"
76;81;1035;957;864;759;754;736;675;628;572;557;520;534;443;425;424;439;388;385;376;353;348;328;297;283;274;"Bénéficiaires de l'ACTP à domicile, depuis 2000 
 Données au 31 décembre"
76;82;417;348;343;507;532;548;550;397;370;324;308;291;286;264;247;235;225;209;193;185;166;151;134;128;115;"Bénéficiaires de l'ACTP à domicile, depuis 2000 
 Données au 31 décembre"
93;83;1658;1540;1598;1597;1605;1570;1462;1349;1270;1216;1131;1054;1008;936;892;862;817;786;746;712;680;619;588;553;535;"Bénéficiaires de l'ACTP à domicile, depuis 2000 
 Données au 31 décembre"
93;84;585;590;622;618;616;782;759;711;632;578;495;465;430;410;367;333;316;295;277;262;254;236;225;216;196;"Bénéficiaires de l'ACTP à domicile, depuis 2000 
 Données au 31 décembre"
52;85;615;538;633;590;584;660;628;546;482;423;383;363;334;308;279;259;238;217;199;185;171;160;133;116;113;"Bénéficiaires de l'ACTP à domicile, depuis 2000 
 Données au 31 décembre"
75;86;535;488;479;460;468;472;471;435;396;354;310;290;273;262;254;243;230;213;202;189;178;163;158;133;129;"Bénéficiaires de l'ACTP à domicile, depuis 2000 
 Données au 31 décembre"
75;87;839;754;729;857;708;719;659;591;527;570;491;468;460;441;418;395;375;351;345;326;304;282;271;258;243;"Bénéficiaires de l'ACTP à domicile, depuis 2000 
 Données au 31 décembre"
44;88;1143;770;750;815;760;812;753;672;616;567;526;512;486;473;449;419;385;355;342;325;293;277;258;244;229;"Bénéficiaires de l'ACTP à domicile, depuis 2000 
 Données au 31 décembre"
27;89;993;992;922;908;905;942;859;742;714;627;528;528;517;415;357;331;290;232;219;220;217;196;190;177;173;"Bénéficiaires de l'ACTP à domicile, depuis 2000 
 Données au 31 décembre"
27;90;156;131;153;155;155;156;148;129;99;75;96;90;87;85;74;72;70;61;61;58;51;47;47;46;44;"Bénéficiaires de l'ACTP à domicile, depuis 2000 
 Données au 31 décembre"
11;91;1368;1353;1384;1547;1483;1549;1515;1252;1146;1021;920;850;811;771;726;691;652;603;582;554;518;449;431;398;370;"Bénéficiaires de l'ACTP à domicile, depuis 2000 
 Données au 31 décembre"
11;92;3227;3166;2969;2992;3104;3165;2746;2465;2136;1913;1862;1724;1600;1527;1457;1369;1326;1205;1162;1115;1063;972;955;876;820;"Bénéficiaires de l'ACTP à domicile, depuis 2000 
 Données au 31 décembre"
11;93;2788;2719;2747;2380;2743;2656;2611;3173;2985;2404;2115;1874;1709;1671;1621;1564;1477;1427;1363;1251;1264;1291;1297;1283;925;"Bénéficiaires de l'ACTP à domicile, depuis 2000 
 Données au 31 décembre"
11;94;3342;3323;3235;3093;3269;3173;2896;2587;2637;2476;2248;2103;1983;1879;1752;1673;1594;1480;1378;1317;1244;1186;1124;1071;1014;"Bénéficiaires de l'ACTP à domicile, depuis 2000 
 Données au 31 décembre"
11;95;1708;1640;1674;1658;1801;1833;1761;1604;1469;1360;1242;1092;1031;991;935;893;830;723;673;656;610;566;550;547;501;"Bénéficiaires de l'ACTP à domicile, depuis 2000 
 Données au 31 décembre"
101;971;1762;1617;1318;1677;1354;1111;1399;1326;1212;1033;868;880;708;687;628;624;593;570;535;444;513;497;499;501;511;"Bénéficiaires de l'ACTP à domicile, depuis 2000 
 Données au 31 décembre"
102;972;908;990;785;858;1162;1190;1209;1103;858;769;774;781;748;763;705;738;700;695;604;567;482;458;349;334;276;"Bénéficiaires de l'ACTP à domicile, depuis 2000 
 Données au 31 décembre"
103;973;413;277;309;236;229;251;280;274;257;243;226;207;189;188;173;158;147;137;149;114;90;91;89;87;81;"Bénéficiaires de l'ACTP à domicile, depuis 2000 
 Données au 31 décembre"
104;974;2953;2605;2596;2340;2386;2474;2335;2224;2142;1959;2032;1948;1800;1700;1643;1532;1470;1382;1317;1159;1200;1132;1038;977;920;"Bénéficiaires de l'ACTP à domicile, depuis 2000 
 Données au 31 décembre"
84;1;185;157;146;153;175;184;197;187;166;97;135;133;131;121;115;107;120;111;91;66;68;68;68;64;60;"Bénéficiaires de l'ACTP en établissement, depuis 2000 
 Données au 31 décembre"
32;2;104;299;179;197;198;134;230;208;187;142;131;125;127;118;108;67;68;0;0;48;45;0;87;84;82;"Bénéficiaires de l'ACTP en établissement, depuis 2000 
 Données au 31 décembre"
84;3;115;0;57;45;63;53;52;62;52;43;38;37;45;48;46;45;46;44;43;37;42;42;40;39;37;"Bénéficiaires de l'ACTP en établissement, depuis 2000 
 Données au 31 décembre"
93;4;62;42;32;35;37;45;48;40;38;33;41;28;23;23;23;23;17;14;11;10;10;10;7;6;6;"Bénéficiaires de l'ACTP en établissement, depuis 2000 
 Données au 31 décembre"
93;5;42;0;32;0;10;11;10;41;45;41;14;11;13;13;12;9;11;9;8;8;0;0;0;15;14;"Bénéficiaires de l'ACTP en établissement, depuis 2000 
 Données au 31 décembre"
93;6;1159;668;481;502;479;466;492;479;509;473;426;383;372;346;327;311;276;0;0;0;0;0;0;0;0;"Bénéficiaires de l'ACTP en établissement, depuis 2000 
 Données au 31 décembre"
84;7;45;66;68;75;72;0;82;80;78;86;57;57;41;34;42;54;43;40;38;36;29;29;26;27;24;"Bénéficiaires de l'ACTP en établissement, depuis 2000 
 Données au 31 décembre"
44;8;173;66;143;115;68;0;163;17;58;0;0;0;0;0;0;0;0;0;0;0;0;0;0;0;0;"Bénéficiaires de l'ACTP en établissement, depuis 2000 
 Données au 31 décembre"
76;9;29;67;54;69;65;61;58;54;49;37;34;31;42;31;33;43;41;36;37;31;0;4;23;23;21;"Bénéficiaires de l'ACTP en établissement, depuis 2000 
 Données au 31 décembre"
44;10;123;117;85;86;100;75;28;71;68;60;59;53;53;50;44;42;37;35;31;34;28;29;28;25;23;"Bénéficiaires de l'ACTP en établissement, depuis 2000 
 Données au 31 décembre"
76;11;271;188;155;159;150;174;179;181;180;169;150;132;121;105;48;48;50;46;35;32;23;20;16;12;17;"Bénéficiaires de l'ACTP en établissement, depuis 2000 
 Données au 31 décembre"
76;12;124;73;45;36;16;24;28;9;7;6;5;7;7;6;5;5;9;8;7;9;8;8;10;8;7;"Bénéficiaires de l'ACTP en établissement, depuis 2000 
 Données au 31 décembre"
93;13;655;476;515;534;476;477;611;478;497;465;413;370;362;311;307;296;268;250;242;265;236;237;226;200;188;"Bénéficiaires de l'ACTP en établissement, depuis 2000 
 Données au 31 décembre"
28;14;190;184;295;349;381;470;442;389;343;289;244;250;257;255;260;249;258;248;226;269;197;209;196;229;213;"Bénéficiaires de l'ACTP en établissement, depuis 2000 
 Données au 31 décembre"
84;15;42;21;21;23;33;25;2;2;1;21;1;1;21;18;14;25;23;22;16;15;13;15;14;11;12;"Bénéficiaires de l'ACTP en établissement, depuis 2000 
 Données au 31 décembre"
75;16;151;99;104;115;111;132;130;127;118;97;83;74;61;48;45;41;39;33;35;33;28;29;23;21;18;"Bénéficiaires de l'ACTP en établissement, depuis 2000 
 Données au 31 décembre"
75;17;207;141;144;161;164;219;188;218;233;197;212;149;149;137;135;128;0;0;0;109;97;95;90;80;74;"Bénéficiaires de l'ACTP en établissement, depuis 2000 
 Données au 31 décembre"
24;18;223;154;176;189;179;157;150;142;122;115;115;132;107;103;90;93;98;89;84;74;65;62;59;50;45;"Bénéficiaires de l'ACTP en établissement, depuis 2000 
 Données au 31 décembre"
75;19;116;74;0;79;76;77;79;78;76;83;77;116;112;108;67;65;54;62;55;50;49;45;54;42;39;"Bénéficiaires de l'ACTP en établissement, depuis 2000 
 Données au 31 décembre"
94;20;456;351;109;115;92;139;191;190;164;156;162;147;141;0;0;0;0;0;183;0;0;0;5;9;11;"Bénéficiaires de l'ACTP en établissement, depuis 2000 
 Données au 31 décembre"
27;21;149;137;158;118;145;141;145;168;119;107;101;100;91;69;59;283;195;110;52;33;17;13;11;9;145;"Bénéficiaires de l'ACTP en établissement, depuis 2000 
 Données au 31 décembre"
53;22;227;138;165;180;173;180;135;163;163;125;104;97;96;94;85;79;75;76;73;64;61;47;36;33;32;"Bénéficiaires de l'ACTP en établissement, depuis 2000 
 Données au 31 décembre"
75;23;176;72;48;53;59;15;45;15;50;42;34;30;28;24;21;22;20;8;8;8;6;6;5;6;7;"Bénéficiaires de l'ACTP en établissement, depuis 2000 
 Données au 31 décembre"
75;24;109;88;82;77;68;71;95;92;99;83;85;81;78;72;72;65;64;58;56;52;48;51;41;41;43;"Bénéficiaires de l'ACTP en établissement, depuis 2000 
 Données au 31 décembre"
27;25;173;118;107;97;115;174;174;107;89;79;78;78;75;67;48;51;50;44;39;40;35;32;26;21;20;"Bénéficiaires de l'ACTP en établissement, depuis 2000 
 Données au 31 décembre"
84;26;151;108;204;200;217;212;171;158;147;121;98;69;56;50;46;49;41;36;32;32;30;28;30;27;23;"Bénéficiaires de l'ACTP en établissement, depuis 2000 
 Données au 31 décembre"
28;27;190;219;259;246;261;284;282;257;237;208;203;187;168;156;149;142;131;125;117;116;111;106;81;80;65;"Bénéficiaires de l'ACTP en établissement, depuis 2000 
 Données au 31 décembre"
24;28;15;86;190;206;193;196;190;145;160;117;148;133;124;117;85;78;74;71;65;61;57;56;45;42;33;"Bénéficiaires de l'ACTP en établissement, depuis 2000 
 Données au 31 décembre"
53;29;710;643;585;595;648;686;672;592;452;416;279;239;225;224;205;183;192;181;167;174;160;155;145;129;124;"Bénéficiaires de l'ACTP en établissement, depuis 2000 
 Données au 31 décembre"
76;30;156;103;110;144;133;133;167;166;153;132;123;129;112;107;106;104;100;77;71;72;67;66;52;46;9;"Bénéficiaires de l'ACTP en établissement, depuis 2000 
 Données au 31 décembre"
76;31;319;243;264;295;283;304;313;317;318;295;273;249;210;227;221;0;0;0;0;0;0;0;0;0;0;"Bénéficiaires de l'ACTP en établissement, depuis 2000 
 Données au 31 décembre"
76;32;10;8;12;13;29;30;28;32;32;21;19;31;24;30;29;28;26;24;21;26;23;25;20;19;18;"Bénéficiaires de l'ACTP en établissement, depuis 2000 
 Données au 31 décembre"
75;33;492;329;404;422;475;540;583;536;479;414;266;243;229;220;223;155;149;144;124;110;102;100;91;89;79;"Bénéficiaires de l'ACTP en établissement, depuis 2000 
 Données au 31 décembre"
76;34;333;254;253;217;238;230;230;213;210;203;204;186;177;161;141;129;114;96;89;79;74;73;68;62;62;"Bénéficiaires de l'ACTP en établissement, depuis 2000 
 Données au 31 décembre"
53;35;767;600;563;617;615;703;661;685;584;485;309;350;309;341;359;305;286;257;271;248;224;228;213;205;185;"Bénéficiaires de l'ACTP en établissement, depuis 2000 
 Données au 31 décembre"
24;36;0;0;0;0;0;0;0;0;0;0;0;0;0;0;0;50;44;41;39;40;36;34;31;28;25;"Bénéficiaires de l'ACTP en établissement, depuis 2000 
 Données au 31 décembre"
24;37;133;103;119;134;130;139;99;153;129;107;64;95;81;73;66;63;59;54;48;46;41;41;37;37;32;"Bénéficiaires de l'ACTP en établissement, depuis 2000 
 Données au 31 décembre"
84;38;290;218;251;258;346;297;402;380;383;316;256;232;213;181;162;136;116;107;101;95;86;89;71;70;62;"Bénéficiaires de l'ACTP en établissement, depuis 2000 
 Données au 31 décembre"
27;39;142;157;133;128;120;125;90;82;66;66;58;55;49;34;54;52;43;38;33;25;24;25;12;24;24;"Bénéficiaires de l'ACTP en établissement, depuis 2000 
 Données au 31 décembre"
75;40;98;64;77;85;69;0;0;0;66;61;56;56;42;47;42;37;35;34;30;27;25;26;24;21;22;"Bénéficiaires de l'ACTP en établissement, depuis 2000 
 Données au 31 décembre"
24;41;225;196;97;85;117;119;116;129;121;94;91;90;84;74;70;66;63;59;54;56;49;47;42;28;32;"Bénéficiaires de l'ACTP en établissement, depuis 2000 
 Données au 31 décembre"
84;42;1121;1142;942;838;848;621;630;625;580;537;499;491;448;418;399;381;358;334;306;293;283;281;257;251;234;"Bénéficiaires de l'ACTP en établissement, depuis 2000 
 Données au 31 décembre"
84;43;104;75;78;85;77;78;80;67;65;59;52;29;25;32;27;37;37;33;33;31;29;29;27;26;25;"Bénéficiaires de l'ACTP en établissement, depuis 2000 
 Données au 31 décembre"
52;44;533;395;385;342;304;256;260;252;186;137;108;93;138;137;127;114;106;100;95;92;85;86;79;80;75;"Bénéficiaires de l'ACTP en établissement, depuis 2000 
 Données au 31 décembre"
24;45;271;128;146;164;194;189;73;216;192;196;169;160;150;135;129;120;117;145;161;160;151;148;97;88;82;"Bénéficiaires de l'ACTP en établissement, depuis 2000 
 Données au 31 décembre"
76;46;12;44;49;59;1;2;25;28;26;25;21;17;16;15;19;19;19;16;15;23;22;21;19;16;15;"Bénéficiaires de l'ACTP en établissement, depuis 2000 
 Données au 31 décembre"
75;47;78;58;77;87;95;98;95;95;84;72;73;68;65;67;65;60;58;54;51;48;47;45;36;23;20;"Bénéficiaires de l'ACTP en établissement, depuis 2000 
 Données au 31 décembre"
76;48;25;34;21;24;29;30;20;13;12;8;8;8;8;9;9;8;8;7;7;7;17;10;10;11;10;"Bénéficiaires de l'ACTP en établissement, depuis 2000 
 Données au 31 décembre"
52;49;119;121;148;183;155;154;156;151;134;115;86;81;70;62;62;60;84;75;69;74;65;65;63;57;54;"Bénéficiaires de l'ACTP en établissement, depuis 2000 
 Données au 31 décembre"
28;50;284;211;213;222;272;273;266;276;286;269;248;253;243;241;231;221;218;212;209;200;188;138;153;145;85;"Bénéficiaires de l'ACTP en établissement, depuis 2000 
 Données au 31 décembre"
44;51;350;351;361;333;373;375;387;384;388;396;357;355;338;320;304;300;299;283;277;271;263;264;244;232;221;"Bénéficiaires de l'ACTP en établissement, depuis 2000 
 Données au 31 décembre"
44;52;134;94;99;114;126;118;189;183;181;178;171;86;169;146;146;141;125;126;133;143;134;134;111;102;71;"Bénéficiaires de l'ACTP en établissement, depuis 2000 
 Données au 31 décembre"
52;53;123;23;80;128;142;95;86;79;84;123;122;122;124;86;81;75;70;66;78;46;38;30;31;29;49;"Bénéficiaires de l'ACTP en établissement, depuis 2000 
 Données au 31 décembre"
44;54;281;210;245;262;259;265;266;256;257;230;203;173;168;159;156;150;132;0;0;122;106;106;103;90;82;"Bénéficiaires de l'ACTP en établissement, depuis 2000 
 Données au 31 décembre"
44;55;45;41;44;39;55;61;56;30;30;31;25;25;23;21;20;17;17;17;13;12;11;12;13;11;9;"Bénéficiaires de l'ACTP en établissement, depuis 2000 
 Données au 31 décembre"
53;56;184;65;53;42;54;29;30;32;12;53;162;157;143;128;119;110;85;86;85;87;81;80;62;54;51;"Bénéficiaires de l'ACTP en établissement, depuis 2000 
 Données au 31 décembre"
44;57;120;81;77;86;187;211;176;302;338;128;120;153;118;113;114;121;116;107;109;103;94;103;90;90;82;"Bénéficiaires de l'ACTP en établissement, depuis 2000 
 Données au 31 décembre"
27;58;138;49;31;0;105;95;106;105;113;110;103;98;95;91;88;80;72;72;73;73;68;69;69;67;61;"Bénéficiaires de l'ACTP en établissement, depuis 2000 
 Données au 31 décembre"
32;59;877;662;767;885;839;855;867;870;859;802;716;3;0;0;539;504;442;418;396;417;365;367;352;0;142;"Bénéficiaires de l'ACTP en établissement, depuis 2000 
 Données au 31 décembre"
32;60;180;187;191;228;208;232;241;240;191;151;127;119;102;80;75;73;61;59;55;50;52;54;53;52;50;"Bénéficiaires de l'ACTP en établissement, depuis 2000 
 Données au 31 décembre"
28;61;130;75;46;34;34;35;111;24;32;23;68;67;23;21;16;19;52;49;47;52;45;43;40;0;0;"Bénéficiaires de l'ACTP en établissement, depuis 2000 
 Données au 31 décembre"
32;62;646;440;476;536;277;292;280;527;533;284;280;258;400;253;247;245;245;277;270;250;193;205;171;150;135;"Bénéficiaires de l'ACTP en établissement, depuis 2000 
 Données au 31 décembre"
84;63;0;183;174;201;207;218;230;233;207;195;181;158;144;135;119;111;93;86;81;79;73;73;64;54;55;"Bénéficiaires de l'ACTP en établissement, depuis 2000 
 Données au 31 décembre"
75;64;243;162;163;180;132;145;116;145;133;110;96;78;143;87;73;70;64;55;58;53;50;53;42;41;40;"Bénéficiaires de l'ACTP en établissement, depuis 2000 
 Données au 31 décembre"
76;65;144;92;99;108;109;9;81;105;71;63;88;81;78;72;70;65;58;53;30;29;32;33;32;29;27;"Bénéficiaires de l'ACTP en établissement, depuis 2000 
 Données au 31 décembre"
76;66;76;94;76;68;88;91;90;91;91;84;67;70;119;57;51;43;40;40;35;34;29;30;28;65;0;"Bénéficiaires de l'ACTP en établissement, depuis 2000 
 Données au 31 décembre"
44;67;671;323;311;373;416;463;493;470;454;436;430;415;397;377;351;331;311;286;264;241;208;217;187;179;169;"Bénéficiaires de l'ACTP en établissement, depuis 2000 
 Données au 31 décembre"
44;68;24;161;180;217;25;23;29;198;262;146;142;168;167;173;175;177;177;167;159;159;152;150;143;134;126;"Bénéficiaires de l'ACTP en établissement, depuis 2000 
 Données au 31 décembre"
84;69;607;478;520;1178;1196;1239;1281;1224;1178;973;861;748;657;589;540;;;;;;;;;;;"Bénéficiaires de l'ACTP en établissement, depuis 2000 
 Données au 31 décembre"
27;70;9;44;56;60;28;34;33;33;34;31;23;31;39;39;40;38;40;39;40;44;35;36;38;40;39;"Bénéficiaires de l'ACTP en établissement, depuis 2000 
 Données au 31 décembre"
27;71;172;124;139;164;223;180;238;222;208;173;168;126;135;142;114;101;90;90;82;72;68;68;62;61;50;"Bénéficiaires de l'ACTP en établissement, depuis 2000 
 Données au 31 décembre"
52;72;139;117;143;119;146;151;157;0;0;0;121;107;103;95;98;73;69;64;58;60;60;56;57;57;56;"Bénéficiaires de l'ACTP en établissement, depuis 2000 
 Données au 31 décembre"
84;73;108;134;163;182;192;195;198;171;127;121;122;103;93;90;86;81;76;74;68;65;60;60;49;41;41;"Bénéficiaires de l'ACTP en établissement, depuis 2000 
 Données au 31 décembre"
84;74;110;0;0;0;0;0;0;0;0;12;9;6;5;4;3;0;0;0;0;0;0;0;0;0;0;"Bénéficiaires de l'ACTP en établissement, depuis 2000 
 Données au 31 décembre"
11;75;972;866;875;872;887;912;889;851;1007;754;712;648;590;555;486;464;452;428;409;383;356;359;778;299;278;"Bénéficiaires de l'ACTP en établissement, depuis 2000 
 Données au 31 décembre"
28;76;571;396;650;703;781;925;728;626;674;387;347;337;308;285;261;244;234;220;193;158;139;140;122;106;100;"Bénéficiaires de l'ACTP en établissement, depuis 2000 
 Données au 31 décembre"
11;77;0;293;0;6;5;5;0;0;0;243;99;197;216;202;206;204;205;183;189;175;167;166;156;138;142;"Bénéficiaires de l'ACTP en établissement, depuis 2000 
 Données au 31 décembre"
11;78;517;291;307;341;517;361;368;338;733;651;596;555;477;466;418;404;379;333;310;304;249;237;223;176;164;"Bénéficiaires de l'ACTP en établissement, depuis 2000 
 Données au 31 décembre"
75;79;148;101;191;31;43;163;151;136;127;142;126;114;106;92;88;73;75;71;59;54;49;49;42;40;35;"Bénéficiaires de l'ACTP en établissement, depuis 2000 
 Données au 31 décembre"
32;80;103;126;137;174;147;139;137;128;102;70;31;34;36;37;31;28;26;0;0;0;0;0;0;0;0;"Bénéficiaires de l'ACTP en établissement, depuis 2000 
 Données au 31 décembre"
76;81;267;188;131;148;88;58;43;43;45;45;43;36;95;89;92;33;78;74;68;61;57;57;50;50;52;"Bénéficiaires de l'ACTP en établissement, depuis 2000 
 Données au 31 décembre"
76;82;96;59;61;0;0;0;0;87;71;85;75;70;64;63;58;57;56;53;57;48;49;50;27;33;26;"Bénéficiaires de l'ACTP en établissement, depuis 2000 
 Données au 31 décembre"
93;83;272;158;174;180;196;301;323;319;293;267;231;223;205;187;161;151;142;136;122;120;112;109;95;86;79;"Bénéficiaires de l'ACTP en établissement, depuis 2000 
 Données au 31 décembre"
93;84;131;98;114;122;114;68;67;60;52;57;87;100;96;89;82;75;67;63;59;63;56;55;54;47;43;"Bénéficiaires de l'ACTP en établissement, depuis 2000 
 Données au 31 décembre"
52;85;85;83;36;101;129;117;120;119;113;118;127;128;133;138;134;129;123;117;117;114;114;109;115;109;106;"Bénéficiaires de l'ACTP en établissement, depuis 2000 
 Données au 31 décembre"
75;86;104;80;91;105;119;121;135;120;118;95;86;82;74;73;65;63;60;38;32;33;32;34;27;23;22;"Bénéficiaires de l'ACTP en établissement, depuis 2000 
 Données au 31 décembre"
75;87;193;128;131;16;129;134;131;127;124;81;109;99;64;66;57;56;53;51;55;51;51;53;49;45;45;"Bénéficiaires de l'ACTP en établissement, depuis 2000 
 Données au 31 décembre"
44;88;271;130;136;195;216;215;171;166;145;142;144;121;107;106;97;89;85;82;90;90;96;78;77;73;68;"Bénéficiaires de l'ACTP en établissement, depuis 2000 
 Données au 31 décembre"
27;89;228;171;223;210;206;193;172;131;130;121;107;107;99;88;88;76;60;37;32;25;23;17;11;10;10;"Bénéficiaires de l'ACTP en établissement, depuis 2000 
 Données au 31 décembre"
27;90;16;17;15;11;13;14;12;0;8;6;8;9;7;8;8;8;5;9;9;7;6;6;4;4;4;"Bénéficiaires de l'ACTP en établissement, depuis 2000 
 Données au 31 décembre"
11;91;298;221;260;279;482;485;462;433;450;414;363;350;333;299;296;288;287;262;246;238;225;225;188;155;134;"Bénéficiaires de l'ACTP en établissement, depuis 2000 
 Données au 31 décembre"
11;92;724;529;503;608;590;610;555;543;519;456;427;491;506;484;473;445;397;365;356;347;365;368;322;319;298;"Bénéficiaires de l'ACTP en établissement, depuis 2000 
 Données au 31 décembre"
11;93;620;452;711;582;729;652;547;522;497;398;339;298;261;301;303;263;249;229;183;183;157;149;130;116;107;"Bénéficiaires de l'ACTP en établissement, depuis 2000 
 Données au 31 décembre"
11;94;809;856;619;730;609;608;595;582;762;628;728;719;688;669;680;649;600;546;513;477;424;422;402;377;363;"Bénéficiaires de l'ACTP en établissement, depuis 2000 
 Données au 31 décembre"
11;95;33;300;316;310;331;355;370;357;338;337;306;215;206;202;197;188;161;155;146;135;134;130;120;119;115;"Bénéficiaires de l'ACTP en établissement, depuis 2000 
 Données au 31 décembre"
101;971;429;1;225;0;0;293;19;24;16;14;13;10;9;5;7;9;8;7;4;4;4;4;2;2;5;"Bénéficiaires de l'ACTP en établissement, depuis 2000 
 Données au 31 décembre"
102;972;204;3;151;180;2;4;4;4;3;2;2;3;2;2;2;0;0;0;178;167;0;0;82;72;0;"Bénéficiaires de l'ACTP en établissement, depuis 2000 
 Données au 31 décembre"
103;973;0;51;6;0;0;0;0;0;2;2;1;9;9;9;4;5;9;1;1;27;0;0;0;0;0;"Bénéficiaires de l'ACTP en établissement, depuis 2000 
 Données au 31 décembre"
104;974;154;138;96;87;107;140;134;111;108;101;96;133;145;121;123;102;95;93;105;84;85;85;65;63;60;"Bénéficiaires de l'ACTP en établissement, depuis 2000 
 Données au 31 décembre"
84;1;;;;;;;94;411;806;1112;1423;1708;1886;2021;2252;2440;2593;2742;2933;2991;3828;4009;4174;4323;4322;"Bénéficiaires de la PCH, depuis 2006 
 Données au 31 décembre"
32;2;;;;;;;112;554;1106;1234;1378;1412;1581;1707;2054;2088;2214;2435;2516;2739;2854;3664;3426;3526;4032;"Bénéficiaires de la PCH, depuis 2006 
 Données au 31 décembre"
84;3;;;;;;;62;311;515;678;858;1031;1254;1409;1568;1692;1782;1794;1869;2053;2014;2077;2144;2240;2434;"Bénéficiaires de la PCH, depuis 2006 
 Données au 31 décembre"
93;4;;;;;;;0;69;222;334;423;506;623;484;556;634;698;750;815;890;804;753;840;922;1004;"Bénéficiaires de la PCH, depuis 2006 
 Données au 31 décembre"
93;5;;;;;;;2;77;137;183;226;331;407;505;482;533;540;554;600;536;597;718;714;757;811;"Bénéficiaires de la PCH, depuis 2006 
 Données au 31 décembre"
93;6;;;;;;;41;334;1057;2093;2911;3250;3617;3821;4302;4784;4138;6870;7329;7924;8342;9084;9576;8310;7044;"Bénéficiaires de la PCH, depuis 2006 
 Données au 31 décembre"
84;7;;;;;;;178;358;577;805;989;1180;1280;1378;1504;1520;1599;1552;1597;1672;1742;1824;1666;1771;2231;"Bénéficiaires de la PCH, depuis 2006 
 Données au 31 décembre"
44;8;;;;;;;25;101;291;421;741;676;703;941;1032;1067;1180;1241;1317;1324;1448;1537;1647;1765;1929;"Bénéficiaires de la PCH, depuis 2006 
 Données au 31 décembre"
76;9;;;;;;;21;87;228;369;388;433;431;577;619;683;720;714;708;707;847;874;877;932;975;"Bénéficiaires de la PCH, depuis 2006 
 Données au 31 décembre"
44;10;;;;;;;26;158;304;452;836;922;998;1069;1143;1195;1299;1340;1420;1474;1619;1664;1721;1896;2083;"Bénéficiaires de la PCH, depuis 2006 
 Données au 31 décembre"
76;11;;;;;;;58;299;654;1292;1711;2081;2312;2524;2799;2991;3431;3756;3722;3874;4501;4946;4489;4691;4827;"Bénéficiaires de la PCH, depuis 2006 
 Données au 31 décembre"
76;12;;;;;;;61;313;631;1028;1004;1196;1325;1422;1569;1620;1665;1681;1747;1829;1875;1880;2009;2326;2722;"Bénéficiaires de la PCH, depuis 2006 
 Données au 31 décembre"
93;13;;;;;;;63;439;1263;1880;3077;4246;5434;5680;6301;6786;7318;7686;8278;8749;9378;9695;10033;12796;13584;"Bénéficiaires de la PCH, depuis 2006 
 Données au 31 décembre"
28;14;;;;;;;155;386;651;810;1029;1313;1453;1689;1900;2035;2131;2288;2516;2622;2740;2773;2834;3037;3265;"Bénéficiaires de la PCH, depuis 2006 
 Données au 31 décembre"
84;15;;;;;;;7;84;145;231;293;376;417;473;446;450;729;798;846;875;835;861;861;888;940;"Bénéficiaires de la PCH, depuis 2006 
 Données au 31 décembre"
75;16;;;;;;;102;564;921;1205;1420;1634;1661;1750;1847;1904;1956;1995;2052;2095;2135;2219;1994;1769;2096;"Bénéficiaires de la PCH, depuis 2006 
 Données au 31 décembre"
75;17;;;;;;;34;380;888;1471;1869;2295;2494;2933;2722;3000;3050;3271;3662;3667;3662;3702;3801;3788;4673;"Bénéficiaires de la PCH, depuis 2006 
 Données au 31 décembre"
24;18;;;;;;;23;385;723;890;1138;1287;1559;1662;1925;2061;2044;2200;2249;2401;2344;2524;2666;2827;3034;"Bénéficiaires de la PCH, depuis 2006 
 Données au 31 décembre"
75;19;;;;;;;67;122;223;423;564;678;756;747;754;708;747;773;751;713;672;696;705;755;849;"Bénéficiaires de la PCH, depuis 2006 
 Données au 31 décembre"
94;20;;;;;;;22;249;538;920;976;1609;1663;1774;1849;1976;2272;2477;2594;2743;2911;3272;3633;3962;3911;"Bénéficiaires de la PCH, depuis 2006 
 Données au 31 décembre"
27;21;;;;;;;78;386;680;1130;1689;2201;2514;2636;3466;3320;2345;2765;2886;2898;3128;3229;3099;3256;3474;"Bénéficiaires de la PCH, depuis 2006 
 Données au 31 décembre"
53;22;;;;;;;89;534;983;1449;1692;1878;1967;2058;2110;2276;2343;2444;2574;2736;2844;3257;2751;2969;3220;"Bénéficiaires de la PCH, depuis 2006 
 Données au 31 décembre"
75;23;;;;;;;37;142;190;291;400;467;506;532;419;616;635;687;735;774;744;825;872;961;1150;"Bénéficiaires de la PCH, depuis 2006 
 Données au 31 décembre"
75;24;;;;;;;105;500;857;1151;1359;1532;1514;1530;1556;1573;1588;1609;1717;1731;1858;1987;2129;2509;2791;"Bénéficiaires de la PCH, depuis 2006 
 Données au 31 décembre"
27;25;;;;;;;91;658;1162;1557;2102;2481;2612;3090;3409;3633;3755;4024;4269;4317;4572;4721;4932;5175;5434;"Bénéficiaires de la PCH, depuis 2006 
 Données au 31 décembre"
84;26;;;;;;;104;121;1060;1697;2322;2812;2800;3143;3196;3221;3193;3331;3522;3661;3860;4291;4578;4751;5287;"Bénéficiaires de la PCH, depuis 2006 
 Données au 31 décembre"
28;27;;;;;;;139;667;788;1155;1488;1859;2145;2470;2841;2979;3070;3131;3318;3307;3272;3407;3571;3823;3979;"Bénéficiaires de la PCH, depuis 2006 
 Données au 31 décembre"
24;28;;;;;;;52;366;584;876;994;1163;1205;1316;1459;1529;1755;1768;1950;2011;2191;2355;2506;3014;3641;"Bénéficiaires de la PCH, depuis 2006 
 Données au 31 décembre"
53;29;;;;;;;74;486;1453;2622;2694;3560;3981;4142;4941;5424;5587;5285;5574;6344;7141;7527;8524;9289;9766;"Bénéficiaires de la PCH, depuis 2006 
 Données au 31 décembre"
76;30;;;;;;;78;422;987;1272;1305;1785;1884;2079;2405;2541;2710;2855;3067;3085;3151;3047;3295;3507;3773;"Bénéficiaires de la PCH, depuis 2006 
 Données au 31 décembre"
76;31;;;;;;;82;683;1593;2257;3335;3816;4251;6030;6369;6871;6979;7113;7630;8887;8072;8318;8472;9272;9792;"Bénéficiaires de la PCH, depuis 2006 
 Données au 31 décembre"
76;32;;;;;;;48;232;321;426;511;590;744;840;945;1038;1151;1204;1404;1496;1608;1656;1924;1840;2151;"Bénéficiaires de la PCH, depuis 2006 
 Données au 31 décembre"
75;33;;;;;;;199;1164;1824;2711;3441;4944;5479;5926;6560;7142;7524;7946;8544;9207;9706;12202;11961;12826;13096;"Bénéficiaires de la PCH, depuis 2006 
 Données au 31 décembre"
76;34;;;;;;;161;477;1605;2310;2957;3322;3907;4303;4805;4880;5217;5392;5772;6246;6396;6364;6572;7119;6990;"Bénéficiaires de la PCH, depuis 2006 
 Données au 31 décembre"
53;35;;;;;;;65;262;771;1229;1488;1919;2322;2987;3201;3813;3944;3995;4282;4634;4946;5276;5577;5648;6168;"Bénéficiaires de la PCH, depuis 2006 
 Données au 31 décembre"
24;36;;;;;;;31;164;300;463;588;700;846;958;1037;1095;1169;1209;1239;1267;1298;1387;1477;1508;1488;"Bénéficiaires de la PCH, depuis 2006 
 Données au 31 décembre"
24;37;;;;;;;82;362;963;1199;1307;1604;1737;1827;1984;2052;2274;2388;2531;2696;2786;2981;3315;3586;3842;"Bénéficiaires de la PCH, depuis 2006 
 Données au 31 décembre"
84;38;;;;;;;112;656;1292;2367;3430;4108;4765;5265;5716;6110;6522;6992;7235;7557;7768;8041;8280;8688;9303;"Bénéficiaires de la PCH, depuis 2006 
 Données au 31 décembre"
27;39;;;;;;;61;167;336;1067;1446;1742;1749;1777;1395;1439;1524;1571;1596;1671;1991;2065;2153;2251;2348;"Bénéficiaires de la PCH, depuis 2006 
 Données au 31 décembre"
75;40;;;;;;;66;314;480;605;715;790;938;1013;1084;1119;1211;1270;1305;1341;1401;1474;1580;1974;2408;"Bénéficiaires de la PCH, depuis 2006 
 Données au 31 décembre"
24;41;;;;;;;58;183;328;622;725;974;1226;1338;1496;1624;1833;2010;2217;2265;2231;2357;2368;2474;2724;"Bénéficiaires de la PCH, depuis 2006 
 Données au 31 décembre"
84;42;;;;;;;17;671;1265;1718;2185;2445;2858;3021;3237;3397;3609;3795;3945;4053;4048;4089;4418;4933;5229;"Bénéficiaires de la PCH, depuis 2006 
 Données au 31 décembre"
84;43;;;;;;;26;180;362;389;580;649;689;757;959;981;1104;1644;1764;1854;1914;2016;1855;2019;2376;"Bénéficiaires de la PCH, depuis 2006 
 Données au 31 décembre"
52;44;;;;;;;58;595;1363;3282;3638;4389;4778;5170;5354;5689;6038;6251;7610;8344;8676;8960;9775;10792;11894;"Bénéficiaires de la PCH, depuis 2006 
 Données au 31 décembre"
24;45;;;;;;;67;449;939;1295;1595;1786;1946;2122;2214;2406;2564;2446;2688;2833;2821;3173;3431;3721;4097;"Bénéficiaires de la PCH, depuis 2006 
 Données au 31 décembre"
76;46;;;;;;;75;426;464;606;722;911;834;846;895;967;798;733;735;707;759;1169;1118;1186;1232;"Bénéficiaires de la PCH, depuis 2006 
 Données au 31 décembre"
75;47;;;;;;;157;439;721;815;927;1041;1113;1123;1145;1200;1248;1227;1198;1298;1489;1660;1919;2318;2332;"Bénéficiaires de la PCH, depuis 2006 
 Données au 31 décembre"
76;48;;;;;;;24;220;406;508;751;876;647;684;718;745;764;796;772;808;842;790;823;1039;1157;"Bénéficiaires de la PCH, depuis 2006 
 Données au 31 décembre"
52;49;;;;;;;64;590;982;1149;1920;2290;2917;3258;3342;3467;3653;3761;4047;3720;4070;4670;4976;5879;6017;"Bénéficiaires de la PCH, depuis 2006 
 Données au 31 décembre"
28;50;;;;;;;43;427;633;777;1028;1243;1605;1820;1980;1650;1744;1812;1877;1971;1831;2430;2867;3185;3429;"Bénéficiaires de la PCH, depuis 2006 
 Données au 31 décembre"
44;51;;;;;;;35;183;437;866;1361;1405;1449;1561;1682;1644;1752;1694;1786;2032;2183;2400;2576;2728;2799;"Bénéficiaires de la PCH, depuis 2006 
 Données au 31 décembre"
44;52;;;;;;;37;144;239;346;478;625;680;756;836;912;876;905;919;957;1078;1154;1208;1316;1342;"Bénéficiaires de la PCH, depuis 2006 
 Données au 31 décembre"
52;53;;;;;;;33;92;205;475;647;795;956;1089;1306;1398;1174;1228;1554;1741;1306;2048;2117;2271;2430;"Bénéficiaires de la PCH, depuis 2006 
 Données au 31 décembre"
44;54;;;;;;;45;654;1499;2012;2501;3165;3654;3873;4196;4349;4502;4625;4780;5084;5053;5282;5306;5416;5553;"Bénéficiaires de la PCH, depuis 2006 
 Données au 31 décembre"
44;55;;;;;;;104;232;328;412;516;647;700;804;841;850;895;842;768;893;970;1012;1047;1141;1167;"Bénéficiaires de la PCH, depuis 2006 
 Données au 31 décembre"
53;56;;;;;;;104;625;1051;1487;1907;2237;2336;2519;2665;2575;3025;3201;3267;3258;3418;3603;3668;3818;4038;"Bénéficiaires de la PCH, depuis 2006 
 Données au 31 décembre"
44;57;;;;;;;113;741;1332;1841;2289;2089;2764;2971;3183;3361;3425;3508;3512;3642;3843;4146;4353;4616;4899;"Bénéficiaires de la PCH, depuis 2006 
 Données au 31 décembre"
27;58;;;;;;;65;200;415;620;790;895;996;1160;1168;1249;1298;1357;1376;1510;1573;1572;1645;1688;1732;"Bénéficiaires de la PCH, depuis 2006 
 Données au 31 décembre"
32;59;;;;;;;215;1046;2388;4240;5379;6550;7609;8404;10928;12882;13579;14530;15316;15623;15593;15360;15467;16431;15880;"Bénéficiaires de la PCH, depuis 2006 
 Données au 31 décembre"
32;60;;;;;;;138;701;1557;2005;2586;3904;3925;4320;4505;4819;4909;5026;5150;5182;5376;5371;5574;5949;6429;"Bénéficiaires de la PCH, depuis 2006 
 Données au 31 décembre"
28;61;;;;;;;31;150;235;586;635;963;1073;1117;1282;1331;1420;1394;1469;1526;1582;1630;1629;1660;1788;"Bénéficiaires de la PCH, depuis 2006 
 Données au 31 décembre"
32;62;;;;;;;7;409;1243;1789;2299;3029;3692;4337;5831;6984;6716;7028;7447;6542;6546;7289;8032;8722;9924;"Bénéficiaires de la PCH, depuis 2006 
 Données au 31 décembre"
84;63;;;;;;;142;378;681;943;1439;1673;1725;1872;2005;2307;2362;2622;2753;2879;2965;3183;3418;3831;4378;"Bénéficiaires de la PCH, depuis 2006 
 Données au 31 décembre"
75;64;;;;;;;93;454;704;964;1175;1241;1377;2088;2315;2279;2274;2498;2658;2876;3204;3271;3720;3974;4408;"Bénéficiaires de la PCH, depuis 2006 
 Données au 31 décembre"
76;65;;;;;;;50;144;259;346;449;501;562;632;684;769;841;923;1229;1535;1610;1694;1815;1947;2128;"Bénéficiaires de la PCH, depuis 2006 
 Données au 31 décembre"
76;66;;;;;;;73;335;560;910;1189;1426;1346;1524;1704;1749;1863;1948;2022;2275;2374;2517;2486;3015;3545;"Bénéficiaires de la PCH, depuis 2006 
 Données au 31 décembre"
44;67;;;;;;;48;594;1023;1947;2483;2342;2659;2889;3797;4033;4472;4396;4670;4759;5120;5398;5752;6123;6515;"Bénéficiaires de la PCH, depuis 2006 
 Données au 31 décembre"
44;68;;;;;;;152;1123;1414;1653;2106;2563;2870;3206;3580;3892;4165;4355;4593;4809;4104;4174;4155;4062;4205;"Bénéficiaires de la PCH, depuis 2006 
 Données au 31 décembre"
84;69;;;;;;;350;1465;2347;3239;4342;5501;6460;7149;7175;;;;;;;;;;;"Bénéficiaires de la PCH, depuis 2006 
 Données au 31 décembre"
27;70;;;;;;;25;210;416;588;642;652;719;741;769;844;961;1012;1015;1087;1510;1250;1145;1227;1286;"Bénéficiaires de la PCH, depuis 2006 
 Données au 31 décembre"
27;71;;;;;;;69;385;662;904;1207;1435;1662;2321;2541;2711;2855;3030;3197;3395;3679;4067;4290;4669;5143;"Bénéficiaires de la PCH, depuis 2006 
 Données au 31 décembre"
52;72;;;;;;;101;462;1010;1571;1524;1633;1955;2071;2301;2448;2500;2689;2806;2884;2958;3052;3213;3525;3957;"Bénéficiaires de la PCH, depuis 2006 
 Données au 31 décembre"
84;73;;;;;;;40;469;806;1103;1402;1630;1735;2042;2091;2137;2177;2215;2250;2284;2296;2274;2365;2595;2690;"Bénéficiaires de la PCH, depuis 2006 
 Données au 31 décembre"
84;74;;;;;;;87;606;1063;1733;2175;2555;2842;3080;3306;3496;3710;3966;4102;4362;4359;4426;4679;4920;5283;"Bénéficiaires de la PCH, depuis 2006 
 Données au 31 décembre"
11;75;;;;;;;199;836;1974;2491;3025;3366;3736;4423;4769;5049;5540;5718;6095;6353;6727;6743;6839;7246;7429;"Bénéficiaires de la PCH, depuis 2006 
 Données au 31 décembre"
28;76;;;;;;;98;746;1795;2620;3153;3354;3602;3349;3556;4067;4240;4446;4472;4691;4973;5243;5757;6073;6288;"Bénéficiaires de la PCH, depuis 2006 
 Données au 31 décembre"
11;77;;;;;;;23;214;560;1192;1863;2364;2663;2870;3277;3558;3706;3536;4078;4492;5181;5604;5836;5770;5938;"Bénéficiaires de la PCH, depuis 2006 
 Données au 31 décembre"
11;78;;;;;;;53;582;1338;2152;2909;3775;3743;4222;4230;4634;4611;4530;4765;5014;5334;5594;6100;5968;6862;"Bénéficiaires de la PCH, depuis 2006 
 Données au 31 décembre"
75;79;;;;;;;4;308;666;972;1397;1783;1975;2234;2386;2600;2647;2295;2347;2377;2340;2355;2388;2430;2473;"Bénéficiaires de la PCH, depuis 2006 
 Données au 31 décembre"
32;80;;;;;;;87;627;738;1371;1707;1609;2017;1852;2622;2796;2840;2648;2652;2981;2606;2781;2937;3030;3651;"Bénéficiaires de la PCH, depuis 2006 
 Données au 31 décembre"
76;81;;;;;;;23;217;520;752;986;1212;1342;1518;1527;1640;1739;1853;1751;1824;1743;1823;2010;2199;2300;"Bénéficiaires de la PCH, depuis 2006 
 Données au 31 décembre"
76;82;;;;;;;32;280;362;507;643;838;1055;1118;1185;1298;1379;1472;1546;1609;1617;1501;1280;1380;1513;"Bénéficiaires de la PCH, depuis 2006 
 Données au 31 décembre"
93;83;;;;;;;44;397;834;1180;1902;2447;2941;3524;3924;4373;4922;5283;5537;5780;6074;6193;6394;6939;7307;"Bénéficiaires de la PCH, depuis 2006 
 Données au 31 décembre"
93;84;;;;;;;2;155;481;729;1039;1330;1503;1699;1760;1627;2171;2038;2165;2263;2372;2442;2515;2741;2881;"Bénéficiaires de la PCH, depuis 2006 
 Données au 31 décembre"
52;85;;;;;;;159;741;1315;1809;2228;2665;2879;2953;3250;3648;3599;3588;3801;4109;4207;4549;4349;4606;4884;"Bénéficiaires de la PCH, depuis 2006 
 Données au 31 décembre"
75;86;;;;;;;63;323;737;1140;1303;1407;1404;1455;1535;1575;1705;1759;1838;1999;2099;2205;2392;2642;2870;"Bénéficiaires de la PCH, depuis 2006 
 Données au 31 décembre"
75;87;;;;;;;61;399;690;931;1224;1482;1702;1755;1746;1843;1847;1904;1867;2025;2005;2109;2034;2383;2552;"Bénéficiaires de la PCH, depuis 2006 
 Données au 31 décembre"
44;88;;;;;;;39;292;704;907;1147;1263;1350;1452;1604;1771;1786;1834;1899;2199;2084;2132;2179;2420;2780;"Bénéficiaires de la PCH, depuis 2006 
 Données au 31 décembre"
27;89;;;;;;;48;192;368;548;1056;1056;1234;1213;1340;1308;1325;1542;1557;1683;1771;1876;1932;2060;2282;"Bénéficiaires de la PCH, depuis 2006 
 Données au 31 décembre"
27;90;;;;;;;77;179;196;399;525;611;676;762;828;833;864;908;938;952;969;978;951;944;1027;"Bénéficiaires de la PCH, depuis 2006 
 Données au 31 décembre"
11;91;;;;;;;67;687;1169;1822;2293;2462;2651;3077;3575;3979;4395;4627;4877;5580;5606;5807;6343;7179;7807;"Bénéficiaires de la PCH, depuis 2006 
 Données au 31 décembre"
11;92;;;;;;;149;346;811;1193;1495;1911;2231;2361;2391;2842;3040;3257;3461;3676;5055;4978;5277;5595;5491;"Bénéficiaires de la PCH, depuis 2006 
 Données au 31 décembre"
11;93;;;;;;;34;380;1206;1794;2483;2958;4208;4967;5780;5899;6255;6262;6241;7348;8185;9346;10350;11900;12747;"Bénéficiaires de la PCH, depuis 2006 
 Données au 31 décembre"
11;94;;;;;;;105;646;1307;1764;2241;2750;2798;3022;2934;2919;2931;3152;3276;3296;3269;3570;3725;3843;4072;"Bénéficiaires de la PCH, depuis 2006 
 Données au 31 décembre"
11;95;;;;;;;138;797;1596;2243;2869;3766;4282;4334;4387;4744;4654;4867;5122;5288;5493;5448;5516;5642;5813;"Bénéficiaires de la PCH, depuis 2006 
 Données au 31 décembre"
101;971;;;;;;;0;122;276;699;989;1209;1339;1709;1989;2286;2446;2653;2899;2985;3097;3011;3352;3518;3714;"Bénéficiaires de la PCH, depuis 2006 
 Données au 31 décembre"
102;972;;;;;;;22;233;546;830;1173;1228;1405;1419;1519;1789;1986;2101;2602;2724;2973;3114;3114;3311;4000;"Bénéficiaires de la PCH, depuis 2006 
 Données au 31 décembre"
103;973;;;;;;;0;1;42;75;97;187;310;400;526;553;613;631;551;577;521;603;774;1043;1117;"Bénéficiaires de la PCH, depuis 2006 
 Données au 31 décembre"
104;974;;;;;;;0;279;807;954;1125;1674;2463;2869;3341;3738;4048;3845;4033;4115;5011;5372;5543;5766;6574;"Bénéficiaires de la PCH, depuis 2006 
 Données au 31 décembre"
84;1;;;;;;;;231;469;684;878;1046;1260;1330;1499;1610;1684;1739;1834;1939;1825;1919;2391;2476;2857;"Bénéficiaires payés de la PCH, depuis 2007 
 Données en décembre"
32;2;;;;;;;;418;744;1017;1144;1195;1261;1428;1518;1728;1819;1876;2340;2054;2134;2001;2250;2528;2747;"Bénéficiaires payés de la PCH, depuis 2007 
 Données en décembre"
84;3;;;;;;;;230;410;520;664;703;852;1029;1052;1264;1325;1344;1323;1496;1511;1622;1697;1810;1959;"Bénéficiaires payés de la PCH, depuis 2007 
 Données en décembre"
93;4;;;;;;;;69;126;211;312;326;340;363;414;491;489;507;539;518;583;584;630;728;839;"Bénéficiaires payés de la PCH, depuis 2007 
 Données en décembre"
93;5;;;;;;;;54;101;139;183;213;235;294;339;340;422;492;386;462;502;528;560;607;656;"Bénéficiaires payés de la PCH, depuis 2007 
 Données en décembre"
93;6;;;;;;;;303;744;1481;2105;2283;2603;2731;2902;2386;2781;2994;3151;3392;3635;4265;4228;3656;4409;"Bénéficiaires payés de la PCH, depuis 2007 
 Données en décembre"
84;7;;;;;;;;247;390;530;645;772;838;886;919;976;964;996;1028;1087;1129;1187;1260;1248;1486;"Bénéficiaires payés de la PCH, depuis 2007 
 Données en décembre"
44;8;;;;;;;;91;156;244;360;446;446;573;649;667;681;802;866;871;905;1067;1112;999;1146;"Bénéficiaires payés de la PCH, depuis 2007 
 Données en décembre"
76;9;;;;;;;;87;228;310;388;433;431;462;527;574;605;649;668;668;800;841;735;768;800;"Bénéficiaires payés de la PCH, depuis 2007 
 Données en décembre"
44;10;;;;;;;;158;304;416;541;666;668;715;809;836;909;928;959;981;1044;1162;1233;1360;1493;"Bénéficiaires payés de la PCH, depuis 2007 
 Données en décembre"
76;11;;;;;;;;267;501;750;1006;1296;1698;1887;1537;1625;2273;1919;2141;2292;2287;2647;2731;2835;3062;"Bénéficiaires payés de la PCH, depuis 2007 
 Données en décembre"
76;12;;;;;;;;152;305;594;727;857;986;1058;1139;1179;1235;1226;1260;1332;1352;1379;1436;1597;1766;"Bénéficiaires payés de la PCH, depuis 2007 
 Données en décembre"
93;13;;;;;;;;439;1263;1316;3077;4161;5153;5566;6301;6786;7318;7559;7970;8428;8754;9205;9769;12796;13584;"Bénéficiaires payés de la PCH, depuis 2007 
 Données en décembre"
28;14;;;;;;;;386;407;591;973;953;1176;1284;1364;1448;1671;1959;1821;1856;1930;2056;2015;2261;2461;"Bénéficiaires payés de la PCH, depuis 2007 
 Données en décembre"
84;15;;;;;;;;18;130;172;216;244;281;337;322;320;362;336;397;518;448;502;500;549;583;"Bénéficiaires payés de la PCH, depuis 2007 
 Données en décembre"
75;16;;;;;;;;411;696;882;1130;1309;1386;1279;1446;1503;1541;1583;1613;1650;1666;1752;1708;1769;2011;"Bénéficiaires payés de la PCH, depuis 2007 
 Données en décembre"
75;17;;;;;;;;277;740;762;993;1655;1856;2010;1824;2013;2045;2307;2600;2382;2410;2555;2736;2691;3717;"Bénéficiaires payés de la PCH, depuis 2007 
 Données en décembre"
24;18;;;;;;;;356;423;648;824;963;1162;1216;1388;1466;1552;1959;1668;1733;1715;1875;2033;2104;2240;"Bénéficiaires payés de la PCH, depuis 2007 
 Données en décembre"
75;19;;;;;;;;85;223;298;389;489;562;549;536;549;557;572;689;558;523;513;533;523;637;"Bénéficiaires payés de la PCH, depuis 2007 
 Données en décembre"
94;20;;;;;;;;228;335;596;824;1127;1117;1253;1321;1410;1607;1672;1829;1581;2016;1706;1854;2344;2537;"Bénéficiaires payés de la PCH, depuis 2007 
 Données en décembre"
27;21;;;;;;;;333;592;919;1124;1353;1446;1669;1842;1942;2061;2117;2239;2265;2979;2541;2676;2866;3086;"Bénéficiaires payés de la PCH, depuis 2007 
 Données en décembre"
53;22;;;;;;;;369;816;1161;1514;1583;1508;1576;1500;1738;1671;1638;1703;1875;1936;1895;2101;2218;2406;"Bénéficiaires payés de la PCH, depuis 2007 
 Données en décembre"
75;23;;;;;;;;86;141;221;291;337;493;520;396;413;421;446;481;492;487;573;559;616;703;"Bénéficiaires payés de la PCH, depuis 2007 
 Données en décembre"
75;24;;;;;;;;173;297;808;914;1019;1035;1030;1043;1071;1095;1140;1185;1175;1251;1369;1418;1598;1762;"Bénéficiaires payés de la PCH, depuis 2007 
 Données en décembre"
27;25;;;;;;;;357;734;826;971;1103;1332;1534;1658;1766;1590;1747;1997;2127;2030;2067;2200;2296;2255;"Bénéficiaires payés de la PCH, depuis 2007 
 Données en décembre"
84;26;;;;;;;;85;724;779;972;1550;1951;1931;2052;2114;2211;2296;2454;2576;2711;2936;3063;3161;3256;"Bénéficiaires payés de la PCH, depuis 2007 
 Données en décembre"
28;27;;;;;;;;425;417;628;838;1036;1147;1414;1507;1614;1698;1862;1853;1885;1899;1904;2033;2106;2167;"Bénéficiaires payés de la PCH, depuis 2007 
 Données en décembre"
24;28;;;;;;;;168;259;375;460;588;806;749;823;902;872;850;1022;1516;1287;1517;1670;2031;2458;"Bénéficiaires payés de la PCH, depuis 2007 
 Données en décembre"
53;29;;;;;;;;301;1023;1847;2408;2501;2865;2997;3563;3501;3691;3813;4020;3708;4188;4642;5441;6171;6656;"Bénéficiaires payés de la PCH, depuis 2007 
 Données en décembre"
76;30;;;;;;;;356;678;891;979;1219;1139;1257;1582;1645;1765;1830;1936;2015;2214;2143;2825;3507;3773;"Bénéficiaires payés de la PCH, depuis 2007 
 Données en décembre"
76;31;;;;;;;;413;1117;1840;2728;3381;3759;4231;4262;4589;5085;5299;5668;6111;7054;6892;7096;7745;8496;"Bénéficiaires payés de la PCH, depuis 2007 
 Données en décembre"
76;32;;;;;;;;149;219;287;338;367;422;554;544;574;762;787;897;912;1006;1073;1193;1141;1348;"Bénéficiaires payés de la PCH, depuis 2007 
 Données en décembre"
75;33;;;;;;;;989;1550;2304;2925;4202;4657;5037;5576;6071;6395;6787;7221;7853;8282;9093;9263;11672;11172;"Bénéficiaires payés de la PCH, depuis 2007 
 Données en décembre"
76;34;;;;;;;;240;589;982;1177;1649;2170;2350;2541;2060;3042;4023;4314;4590;4662;4588;4986;5178;5465;"Bénéficiaires payés de la PCH, depuis 2007 
 Données en décembre"
53;35;;;;;;;;217;658;1073;1299;1915;2218;2302;2508;2765;3048;3060;3273;3480;3732;3955;4081;4282;4728;"Bénéficiaires payés de la PCH, depuis 2007 
 Données en décembre"
24;36;;;;;;;;164;300;395;462;540;605;673;715;777;812;855;854;883;911;1014;1048;1056;1093;"Bénéficiaires payés de la PCH, depuis 2007 
 Données en décembre"
24;37;;;;;;;;356;640;834;933;1056;1196;1222;1215;1257;1393;1462;1977;2096;1911;2022;2216;2424;2620;"Bénéficiaires payés de la PCH, depuis 2007 
 Données en décembre"
84;38;;;;;;;;521;1018;1556;2029;2963;3545;3753;4122;4347;4669;4965;5235;5536;5750;6046;6416;6951;7512;"Bénéficiaires payés de la PCH, depuis 2007 
 Données en décembre"
27;39;;;;;;;;149;300;545;711;655;851;876;814;840;1524;1571;1049;1273;1198;1305;1424;1492;1601;"Bénéficiaires payés de la PCH, depuis 2007 
 Données en décembre"
75;40;;;;;;;;314;467;517;613;677;758;802;849;889;931;890;957;984;1027;1128;1098;1297;1513;"Bénéficiaires payés de la PCH, depuis 2007 
 Données en décembre"
24;41;;;;;;;;115;232;398;550;652;765;937;951;1036;1185;1187;1366;1374;1347;1370;1405;1470;1696;"Bénéficiaires payés de la PCH, depuis 2007 
 Données en décembre"
84;42;;;;;;;;287;619;1070;1506;1802;1872;2031;2176;2284;2505;2653;2767;2856;2970;2502;3412;3790;4105;"Bénéficiaires payés de la PCH, depuis 2007 
 Données en décembre"
84;43;;;;;;;;180;344;276;421;468;513;540;692;875;1104;947;965;888;811;1051;1148;1266;1490;"Bénéficiaires payés de la PCH, depuis 2007 
 Données en décembre"
52;44;;;;;;;;302;861;2148;3587;3587;4329;4232;4146;4146;4811;5630;5455;5873;6127;6352;6886;7270;8040;"Bénéficiaires payés de la PCH, depuis 2007 
 Données en décembre"
24;45;;;;;;;;271;853;1079;1053;1011;1163;1512;1597;1419;1328;1624;1823;1977;2046;2166;2291;2405;2771;"Bénéficiaires payés de la PCH, depuis 2007 
 Données en décembre"
76;46;;;;;;;;305;327;427;532;640;600;605;633;686;798;733;735;707;734;772;819;790;846;"Bénéficiaires payés de la PCH, depuis 2007 
 Données en décembre"
75;47;;;;;;;;240;384;462;777;862;922;930;931;987;1011;967;971;1057;1485;1294;1511;1854;2164;"Bénéficiaires payés de la PCH, depuis 2007 
 Données en décembre"
76;48;;;;;;;;35;94;110;162;176;408;430;485;428;517;544;528;558;580;583;619;683;720;"Bénéficiaires payés de la PCH, depuis 2007 
 Données en décembre"
52;49;;;;;;;;413;790;816;1395;1651;2170;3083;2829;2822;3570;2882;3201;3320;3339;3492;3757;4176;4274;"Bénéficiaires payés de la PCH, depuis 2007 
 Données en décembre"
28;50;;;;;;;;236;452;514;670;896;1112;1244;1377;1512;1648;1681;1729;1833;1703;1791;1901;2060;2226;"Bénéficiaires payés de la PCH, depuis 2007 
 Données en décembre"
44;51;;;;;;;;136;260;783;1201;1180;1153;1255;1334;1453;1591;1581;1680;1813;1859;2098;2290;2448;2566;"Bénéficiaires payés de la PCH, depuis 2007 
 Données en décembre"
44;52;;;;;;;;110;216;302;451;490;530;577;595;677;590;747;735;759;786;823;893;963;1024;"Bénéficiaires payés de la PCH, depuis 2007 
 Données en décembre"
52;53;;;;;;;;88;205;398;473;517;536;514;546;514;473;489;516;546;567;1342;1363;1403;1540;"Bénéficiaires payés de la PCH, depuis 2007 
 Données en décembre"
44;54;;;;;;;;494;1120;1487;1950;2066;2637;2514;2876;2912;2921;2969;3039;3166;3180;3387;3425;3197;3395;"Bénéficiaires payés de la PCH, depuis 2007 
 Données en décembre"
44;55;;;;;;;;170;229;338;387;459;528;609;520;541;564;733;513;519;498;547;590;590;657;"Bénéficiaires payés de la PCH, depuis 2007 
 Données en décembre"
53;56;;;;;;;;299;575;706;1190;1412;2004;2427;2579;2565;1855;1975;2044;2123;2135;2370;2459;2580;2779;"Bénéficiaires payés de la PCH, depuis 2007 
 Données en décembre"
44;57;;;;;;;;412;788;1252;1565;1783;2139;2540;2759;2711;1687;1893;1958;1927;1997;2119;2985;3851;4159;"Bénéficiaires payés de la PCH, depuis 2007 
 Données en décembre"
27;58;;;;;;;;114;256;389;567;552;607;800;795;860;930;960;868;1034;1069;1052;1145;1153;1110;"Bénéficiaires payés de la PCH, depuis 2007 
 Données en décembre"
32;59;;;;;;;;917;1754;3479;4536;6122;7281;7550;8008;9774;10680;11117;11828;12055;12228;12401;12658;13447;14532;"Bénéficiaires payés de la PCH, depuis 2007 
 Données en décembre"
32;60;;;;;;;;442;876;1214;1319;1744;1726;1806;2618;3429;3514;3569;3763;3979;4133;4346;4612;4997;4315;"Bénéficiaires payés de la PCH, depuis 2007 
 Données en décembre"
28;61;;;;;;;;107;161;416;461;702;742;777;998;926;931;835;950;1127;1259;1285;1319;1229;1308;"Bénéficiaires payés de la PCH, depuis 2007 
 Données en décembre"
32;62;;;;;;;;298;875;1260;1695;2128;2657;3100;3675;4485;4772;4897;4921;5440;5686;6357;6519;6573;7406;"Bénéficiaires payés de la PCH, depuis 2007 
 Données en décembre"
84;63;;;;;;;;93;491;728;1013;1195;1367;1388;1465;1652;1619;1771;1962;1927;2021;2238;2456;2803;3173;"Bénéficiaires payés de la PCH, depuis 2007 
 Données en décembre"
75;64;;;;;;;;266;502;702;867;1033;1184;1239;1669;1713;1887;2116;2344;2421;2667;2758;3072;3432;3670;"Bénéficiaires payés de la PCH, depuis 2007 
 Données en décembre"
76;65;;;;;;;;101;242;309;385;501;562;632;622;706;740;826;871;906;995;1055;1120;1452;1587;"Bénéficiaires payés de la PCH, depuis 2007 
 Données en décembre"
76;66;;;;;;;;224;376;617;861;1080;1346;1524;1565;1606;1711;1835;2022;2275;2374;2517;2671;3015;3258;"Bénéficiaires payés de la PCH, depuis 2007 
 Données en décembre"
44;67;;;;;;;;522;1023;1947;2075;2203;2492;2708;2684;3013;3228;3359;3568;3666;3746;3995;4253;4546;5174;"Bénéficiaires payés de la PCH, depuis 2007 
 Données en décembre"
44;68;;;;;;;;373;588;829;1119;1248;1347;1293;1522;1486;2164;2235;2357;1973;1882;2224;2563;2348;2669;"Bénéficiaires payés de la PCH, depuis 2007 
 Données en décembre"
84;69;;;;;;;;911;1595;2345;3013;3995;4623;5010;5493;;;;;;;;;;;"Bénéficiaires payés de la PCH, depuis 2007 
 Données en décembre"
27;70;;;;;;;;111;302;305;275;306;342;351;384;418;425;416;454;450;403;544;583;620;686;"Bénéficiaires payés de la PCH, depuis 2007 
 Données en décembre"
27;71;;;;;;;;385;662;904;1207;1435;1662;1778;1902;2059;2168;2230;2323;2488;2730;3107;3313;3544;3869;"Bénéficiaires payés de la PCH, depuis 2007 
 Données en décembre"
52;72;;;;;;;;411;502;722;939;1274;1451;1578;1692;1774;1826;1933;2021;2141;2251;2376;2501;2725;3012;"Bénéficiaires payés de la PCH, depuis 2007 
 Données en décembre"
84;73;;;;;;;;119;468;781;862;1069;1158;1452;1486;1508;1547;1598;1977;1511;1618;1873;1673;1998;2097;"Bénéficiaires payés de la PCH, depuis 2007 
 Données en décembre"
84;74;;;;;;;;414;713;1396;1815;2096;2344;2485;2621;2719;2870;3008;3106;3152;3303;3471;3700;3859;4117;"Bénéficiaires payés de la PCH, depuis 2007 
 Données en décembre"
11;75;;;;;;;;759;1452;1769;2677;2892;3371;3527;3862;4053;4303;4525;4693;4905;5200;5403;5584;5815;6176;"Bénéficiaires payés de la PCH, depuis 2007 
 Données en décembre"
28;76;;;;;;;;544;1281;2067;2369;2691;2893;3151;3318;3685;3445;3557;3681;3701;3888;4239;4473;4690;4711;"Bénéficiaires payés de la PCH, depuis 2007 
 Données en décembre"
11;77;;;;;;;;180;423;971;1589;1931;2204;2605;3010;3155;3390;3057;3526;3772;4376;4950;5253;5136;5574;"Bénéficiaires payés de la PCH, depuis 2007 
 Données en décembre"
11;78;;;;;;;;446;988;1552;1859;2382;2926;3239;3218;3348;3457;3496;3612;4280;4621;4796;5258;5166;5432;"Bénéficiaires payés de la PCH, depuis 2007 
 Données en décembre"
75;79;;;;;;;;16;308;559;666;825;787;915;943;907;952;1121;1213;1305;1283;1379;1384;1351;1532;"Bénéficiaires payés de la PCH, depuis 2007 
 Données en décembre"
32;80;;;;;;;;457;517;1167;1326;1545;1877;1698;1804;1793;1930;1968;1870;2037;2041;2028;2390;2443;2672;"Bénéficiaires payés de la PCH, depuis 2007 
 Données en décembre"
76;81;;;;;;;;116;322;491;619;743;855;1082;1101;914;962;1074;1141;1106;1085;1085;1284;1285;1634;"Bénéficiaires payés de la PCH, depuis 2007 
 Données en décembre"
76;82;;;;;;;;148;251;338;428;544;632;640;733;799;868;929;946;1010;1033;1033;1037;1019;1140;"Bénéficiaires payés de la PCH, depuis 2007 
 Données en décembre"
93;83;;;;;;;;277;612;986;1508;1919;2366;2782;3196;3498;3849;4100;4294;4636;4971;5163;5402;5913;6274;"Bénéficiaires payés de la PCH, depuis 2007 
 Données en décembre"
93;84;;;;;;;;74;278;443;829;711;839;1197;1272;1192;1279;1512;1592;1642;1779;1892;1999;2139;2376;"Bénéficiaires payés de la PCH, depuis 2007 
 Données en décembre"
52;85;;;;;;;;202;383;1225;1621;1993;2118;2231;2468;2566;2733;2795;2627;3065;3243;3421;3502;3795;4060;"Bénéficiaires payés de la PCH, depuis 2007 
 Données en décembre"
75;86;;;;;;;;219;470;700;829;954;970;999;1075;1118;1208;1280;1329;1420;1545;1597;1706;1814;1895;"Bénéficiaires payés de la PCH, depuis 2007 
 Données en décembre"
75;87;;;;;;;;250;488;680;913;1065;1233;1268;1229;1477;1284;1317;1317;1417;1455;1405;1561;1546;1467;"Bénéficiaires payés de la PCH, depuis 2007 
 Données en décembre"
44;88;;;;;;;;118;350;506;505;709;622;834;890;934;1001;1042;1146;1830;1265;1310;1364;1438;1563;"Bénéficiaires payés de la PCH, depuis 2007 
 Données en décembre"
27;89;;;;;;;;192;368;516;663;663;809;774;794;816;855;1074;1092;1129;1186;1326;1371;1410;1770;"Bénéficiaires payés de la PCH, depuis 2007 
 Données en décembre"
27;90;;;;;;;;97;158;218;285;330;364;384;446;427;450;472;508;547;567;610;625;637;671;"Bénéficiaires payés de la PCH, depuis 2007 
 Données en décembre"
11;91;;;;;;;;437;638;1163;1678;1853;1908;2208;2523;2881;3287;3497;3685;4161;4098;4222;4300;4875;5191;"Bénéficiaires payés de la PCH, depuis 2007 
 Données en décembre"
11;92;;;;;;;;319;715;1091;1334;1748;1980;2209;2263;2647;2801;2926;3211;3423;4015;4165;4442;4592;4669;"Bénéficiaires payés de la PCH, depuis 2007 
 Données en décembre"
11;93;;;;;;;;138;824;1274;1804;2133;3244;4041;4294;4821;5074;4447;5357;5862;6134;6865;7315;8516;9264;"Bénéficiaires payés de la PCH, depuis 2007 
 Données en décembre"
11;94;;;;;;;;493;1069;1473;1716;1913;1955;2083;2139;2074;2743;2362;2328;3157;2481;3014;3207;3340;3388;"Bénéficiaires payés de la PCH, depuis 2007 
 Données en décembre"
11;95;;;;;;;;667;1276;1592;1748;1903;2071;1408;1496;1680;1865;2351;2414;2587;2593;2593;2742;2830;2732;"Bénéficiaires payés de la PCH, depuis 2007 
 Données en décembre"
101;971;;;;;;;;68;130;465;892;840;917;981;1095;1150;1466;1340;1691;1680;1582;1506;1476;1444;1564;"Bénéficiaires payés de la PCH, depuis 2007 
 Données en décembre"
102;972;;;;;;;;203;475;722;1021;1068;1222;1235;1322;1556;1728;1828;2433;2573;2673;2811;2983;3232;2807;"Bénéficiaires payés de la PCH, depuis 2007 
 Données en décembre"
103;973;;;;;;;;1;42;64;97;187;310;351;373;305;392;376;328;347;418;465;484;674;728;"Bénéficiaires payés de la PCH, depuis 2007 
 Données en décembre"
104;974;;;;;;;;208;387;695;899;1257;1746;2200;2527;3105;3448;3568;3838;3848;4328;4689;5007;5536;5971;"Bénéficiaires payés de la PCH, depuis 2007 
 Données en décembre"
84;1;;;;;;;;;;;;;;;;240;243;263;283;306;314;349;401;406;437;"Bénéficiaires de la PCH de moins de 20 ans, depuis 2015 
 Données en décembre"
32;2;;;;;;;;;;;;;;;;45;71;97;133;88;96;126;111;121;132;"Bénéficiaires de la PCH de moins de 20 ans, depuis 2015 
 Données en décembre"
84;3;;;;;;;;;;;;;;;;119;118;115;120;114;116;123;130;152;146;"Bénéficiaires de la PCH de moins de 20 ans, depuis 2015 
 Données en décembre"
93;4;;;;;;;;;;;;;;;;37;33;58;61;65;50;67;67;53;72;"Bénéficiaires de la PCH de moins de 20 ans, depuis 2015 
 Données en décembre"
93;5;;;;;;;;;;;;;;;;45;59;61;64;68;74;59;59;65;71;"Bénéficiaires de la PCH de moins de 20 ans, depuis 2015 
 Données en décembre"
93;6;;;;;;;;;;;;;;;;216;232;439;502;584;700;867;890;756;911;"Bénéficiaires de la PCH de moins de 20 ans, depuis 2015 
 Données en décembre"
84;7;;;;;;;;;;;;;;;;96;101;97;93;97;106;118;99;130;176;"Bénéficiaires de la PCH de moins de 20 ans, depuis 2015 
 Données en décembre"
44;8;;;;;;;;;;;;;;;;77;83;86;84;92;98;115;146;146;150;"Bénéficiaires de la PCH de moins de 20 ans, depuis 2015 
 Données en décembre"
76;9;;;;;;;;;;;;;;;;58;51;55;79;65;83;83;96;103;119;"Bénéficiaires de la PCH de moins de 20 ans, depuis 2015 
 Données en décembre"
44;10;;;;;;;;;;;;;;;;34;43;45;44;55;71;109;130;161;179;"Bénéficiaires de la PCH de moins de 20 ans, depuis 2015 
 Données en décembre"
76;11;;;;;;;;;;;;;;;;137;146;153;166;177;210;225;213;231;242;"Bénéficiaires de la PCH de moins de 20 ans, depuis 2015 
 Données en décembre"
76;12;;;;;;;;;;;;;;;;220;223;234;249;264;260;249;275;302;334;"Bénéficiaires de la PCH de moins de 20 ans, depuis 2015 
 Données en décembre"
93;13;;;;;;;;;;;;;;;;1306;1452;1505;1594;1649;1779;1784;1892;1954;2016;"Bénéficiaires de la PCH de moins de 20 ans, depuis 2015 
 Données en décembre"
28;14;;;;;;;;;;;;;;;;271;264;257;248;246;265;262;277;264;270;"Bénéficiaires de la PCH de moins de 20 ans, depuis 2015 
 Données en décembre"
84;15;;;;;;;;;;;;;;;;32;34;33;33;40;38;33;32;42;40;"Bénéficiaires de la PCH de moins de 20 ans, depuis 2015 
 Données en décembre"
75;16;;;;;;;;;;;;;;;;105;102;100;106;104;100;105;74;92;101;"Bénéficiaires de la PCH de moins de 20 ans, depuis 2015 
 Données en décembre"
75;17;;;;;;;;;;;;;;;;177;168;177;182;185;185;193;188;172;208;"Bénéficiaires de la PCH de moins de 20 ans, depuis 2015 
 Données en décembre"
24;18;;;;;;;;;;;;;;;;197;209;219;198;187;177;187;195;207;205;"Bénéficiaires de la PCH de moins de 20 ans, depuis 2015 
 Données en décembre"
75;19;;;;;;;;;;;;;;;;67;59;59;61;57;56;46;39;44;42;"Bénéficiaires de la PCH de moins de 20 ans, depuis 2015 
 Données en décembre"
94;20;;;;;;;;;;;;;;;;73;74;76;67;84;99;147;119;141;149;"Bénéficiaires de la PCH de moins de 20 ans, depuis 2015 
 Données en décembre"
27;21;;;;;;;;;;;;;;;;172;141;137;131;151;199;212;238;250;301;"Bénéficiaires de la PCH de moins de 20 ans, depuis 2015 
 Données en décembre"
53;22;;;;;;;;;;;;;;;;187;164;169;164;190;210;247;281;287;301;"Bénéficiaires de la PCH de moins de 20 ans, depuis 2015 
 Données en décembre"
75;23;;;;;;;;;;;;;;;;48;53;39;41;41;35;34;31;37;51;"Bénéficiaires de la PCH de moins de 20 ans, depuis 2015 
 Données en décembre"
75;24;;;;;;;;;;;;;;;;64;63;59;71;64;73;84;93;112;132;"Bénéficiaires de la PCH de moins de 20 ans, depuis 2015 
 Données en décembre"
27;25;;;;;;;;;;;;;;;;158;166;159;135;139;148;162;187;203;238;"Bénéficiaires de la PCH de moins de 20 ans, depuis 2015 
 Données en décembre"
84;26;;;;;;;;;;;;;;;;159;167;183;204;212;262;392;379;408;465;"Bénéficiaires de la PCH de moins de 20 ans, depuis 2015 
 Données en décembre"
28;27;;;;;;;;;;;;;;;;148;142;143;141;159;156;158;180;189;225;"Bénéficiaires de la PCH de moins de 20 ans, depuis 2015 
 Données en décembre"
24;28;;;;;;;;;;;;;;;;94;107;92;108;122;129;146;172;195;240;"Bénéficiaires de la PCH de moins de 20 ans, depuis 2015 
 Données en décembre"
53;29;;;;;;;;;;;;;;;;443;436;389;407;495;605;678;888;1114;1248;"Bénéficiaires de la PCH de moins de 20 ans, depuis 2015 
 Données en décembre"
76;30;;;;;;;;;;;;;;;;116;126;142;159;172;184;191;261;360;451;"Bénéficiaires de la PCH de moins de 20 ans, depuis 2015 
 Données en décembre"
76;31;;;;;;;;;;;;;;;;667;666;684;710;844;786;841;1039;1101;1053;"Bénéficiaires de la PCH de moins de 20 ans, depuis 2015 
 Données en décembre"
76;32;;;;;;;;;;;;;;;;43;50;54;57;50;62;63;82;77;78;"Bénéficiaires de la PCH de moins de 20 ans, depuis 2015 
 Données en décembre"
75;33;;;;;;;;;;;;;;;;317;430;505;454;485;522;616;698;757;787;"Bénéficiaires de la PCH de moins de 20 ans, depuis 2015 
 Données en décembre"
76;34;;;;;;;;;;;;;;;;99;111;111;119;158;185;503;237;280;281;"Bénéficiaires de la PCH de moins de 20 ans, depuis 2015 
 Données en décembre"
53;35;;;;;;;;;;;;;;;;370;354;327;345;596;364;428;372;450;474;"Bénéficiaires de la PCH de moins de 20 ans, depuis 2015 
 Données en décembre"
24;36;;;;;;;;;;;;;;;;44;41;40;38;37;37;36;45;56;50;"Bénéficiaires de la PCH de moins de 20 ans, depuis 2015 
 Données en décembre"
24;37;;;;;;;;;;;;;;;;108;130;132;133;142;160;178;202;249;273;"Bénéficiaires de la PCH de moins de 20 ans, depuis 2015 
 Données en décembre"
84;38;;;;;;;;;;;;;;;;499;544;640;601;624;689;746;771;793;906;"Bénéficiaires de la PCH de moins de 20 ans, depuis 2015 
 Données en décembre"
27;39;;;;;;;;;;;;;;;;91;78;75;50;54;83;80;87;96;108;"Bénéficiaires de la PCH de moins de 20 ans, depuis 2015 
 Données en décembre"
75;40;;;;;;;;;;;;;;;;110;123;141;143;140;141;139;153;169;197;"Bénéficiaires de la PCH de moins de 20 ans, depuis 2015 
 Données en décembre"
24;41;;;;;;;;;;;;;;;;123;113;111;119;101;104;74;89;104;105;"Bénéficiaires de la PCH de moins de 20 ans, depuis 2015 
 Données en décembre"
84;42;;;;;;;;;;;;;;;;275;300;335;335;347;364;421;506;587;667;"Bénéficiaires de la PCH de moins de 20 ans, depuis 2015 
 Données en décembre"
84;43;;;;;;;;;;;;;;;;42;39;61;59;61;67;71;76;82;112;"Bénéficiaires de la PCH de moins de 20 ans, depuis 2015 
 Données en décembre"
52;44;;;;;;;;;;;;;;;;442;458;462;504;528;577;658;800;959;1092;"Bénéficiaires de la PCH de moins de 20 ans, depuis 2015 
 Données en décembre"
24;45;;;;;;;;;;;;;;;;105;123;113;133;152;154;210;271;314;344;"Bénéficiaires de la PCH de moins de 20 ans, depuis 2015 
 Données en décembre"
76;46;;;;;;;;;;;;;;;;57;61;63;66;70;76;85;96;96;104;"Bénéficiaires de la PCH de moins de 20 ans, depuis 2015 
 Données en décembre"
75;47;;;;;;;;;;;;;;;;67;70;62;66;88;125;165;210;291;307;"Bénéficiaires de la PCH de moins de 20 ans, depuis 2015 
 Données en décembre"
76;48;;;;;;;;;;;;;;;;25;28;25;25;27;29;38;43;47;57;"Bénéficiaires de la PCH de moins de 20 ans, depuis 2015 
 Données en décembre"
52;49;;;;;;;;;;;;;;;;631;639;626;703;611;473;595;630;686;751;"Bénéficiaires de la PCH de moins de 20 ans, depuis 2015 
 Données en décembre"
28;50;;;;;;;;;;;;;;;;136;153;150;140;137;218;205;222;249;266;"Bénéficiaires de la PCH de moins de 20 ans, depuis 2015 
 Données en décembre"
44;51;;;;;;;;;;;;;;;;296;300;288;326;304;328;357;385;422;413;"Bénéficiaires de la PCH de moins de 20 ans, depuis 2015 
 Données en décembre"
44;52;;;;;;;;;;;;;;;;69;58;65;64;61;75;110;101;107;119;"Bénéficiaires de la PCH de moins de 20 ans, depuis 2015 
 Données en décembre"
52;53;;;;;;;;;;;;;;;;157;101;124;146;147;160;223;196;225;254;"Bénéficiaires de la PCH de moins de 20 ans, depuis 2015 
 Données en décembre"
44;54;;;;;;;;;;;;;;;;199;206;216;224;243;257;313;327;357;393;"Bénéficiaires de la PCH de moins de 20 ans, depuis 2015 
 Données en décembre"
44;55;;;;;;;;;;;;;;;;50;43;39;33;28;24;31;34;37;36;"Bénéficiaires de la PCH de moins de 20 ans, depuis 2015 
 Données en décembre"
53;56;;;;;;;;;;;;;;;;180;182;183;189;186;198;190;185;189;202;"Bénéficiaires de la PCH de moins de 20 ans, depuis 2015 
 Données en décembre"
44;57;;;;;;;;;;;;;;;;142;139;138;138;128;133;154;141;149;176;"Bénéficiaires de la PCH de moins de 20 ans, depuis 2015 
 Données en décembre"
27;58;;;;;;;;;;;;;;;;50;59;59;60;56;62;61;65;61;67;"Bénéficiaires de la PCH de moins de 20 ans, depuis 2015 
 Données en décembre"
32;59;;;;;;;;;;;;;;;;616;654;731;793;801;840;921;1018;1122;1229;"Bénéficiaires de la PCH de moins de 20 ans, depuis 2015 
 Données en décembre"
32;60;;;;;;;;;;;;;;;;522;535;540;578;635;689;571;614;719;779;"Bénéficiaires de la PCH de moins de 20 ans, depuis 2015 
 Données en décembre"
28;61;;;;;;;;;;;;;;;;143;136;148;131;138;130;127;121;150;130;"Bénéficiaires de la PCH de moins de 20 ans, depuis 2015 
 Données en décembre"
32;62;;;;;;;;;;;;;;;;363;368;359;370;378;349;413;496;534;677;"Bénéficiaires de la PCH de moins de 20 ans, depuis 2015 
 Données en décembre"
84;63;;;;;;;;;;;;;;;;184;183;196;219;236;250;296;328;366;414;"Bénéficiaires de la PCH de moins de 20 ans, depuis 2015 
 Données en décembre"
75;64;;;;;;;;;;;;;;;;149;162;175;162;172;170;171;198;217;267;"Bénéficiaires de la PCH de moins de 20 ans, depuis 2015 
 Données en décembre"
76;65;;;;;;;;;;;;;;;;99;117;120;127;131;168;177;173;200;217;"Bénéficiaires de la PCH de moins de 20 ans, depuis 2015 
 Données en décembre"
76;66;;;;;;;;;;;;;;;;160;172;167;161;163;158;178;201;250;274;"Bénéficiaires de la PCH de moins de 20 ans, depuis 2015 
 Données en décembre"
44;67;;;;;;;;;;;;;;;;311;326;293;299;319;362;387;456;472;483;"Bénéficiaires de la PCH de moins de 20 ans, depuis 2015 
 Données en décembre"
44;68;;;;;;;;;;;;;;;;191;208;211;225;224;264;294;307;327;326;"Bénéficiaires de la PCH de moins de 20 ans, depuis 2015 
 Données en décembre"
27;70;;;;;;;;;;;;;;;;30;33;34;36;47;48;52;57;64;67;"Bénéficiaires de la PCH de moins de 20 ans, depuis 2015 
 Données en décembre"
27;71;;;;;;;;;;;;;;;;96;111;114;123;136;123;164;209;257;373;"Bénéficiaires de la PCH de moins de 20 ans, depuis 2015 
 Données en décembre"
52;72;;;;;;;;;;;;;;;;189;182;191;197;200;217;220;220;257;285;"Bénéficiaires de la PCH de moins de 20 ans, depuis 2015 
 Données en décembre"
84;73;;;;;;;;;;;;;;;;107;110;106;99;99;111;126;146;201;214;"Bénéficiaires de la PCH de moins de 20 ans, depuis 2015 
 Données en décembre"
84;74;;;;;;;;;;;;;;;;516;545;571;612;680;712;729;837;876;942;"Bénéficiaires de la PCH de moins de 20 ans, depuis 2015 
 Données en décembre"
11;75;;;;;;;;;;;;;;;;156;180;194;203;237;269;290;334;374;380;"Bénéficiaires de la PCH de moins de 20 ans, depuis 2015 
 Données en décembre"
28;76;;;;;;;;;;;;;;;;160;172;186;182;193;223;279;330;389;413;"Bénéficiaires de la PCH de moins de 20 ans, depuis 2015 
 Données en décembre"
11;77;;;;;;;;;;;;;;;;307;362;374;444;536;671;831;841;851;853;"Bénéficiaires de la PCH de moins de 20 ans, depuis 2015 
 Données en décembre"
11;78;;;;;;;;;;;;;;;;546;517;557;575;625;507;606;623;690;745;"Bénéficiaires de la PCH de moins de 20 ans, depuis 2015 
 Données en décembre"
75;79;;;;;;;;;;;;;;;;114;115;91;94;95;95;101;114;129;133;"Bénéficiaires de la PCH de moins de 20 ans, depuis 2015 
 Données en décembre"
32;80;;;;;;;;;;;;;;;;205;218;225;233;275;241;246;263;265;309;"Bénéficiaires de la PCH de moins de 20 ans, depuis 2015 
 Données en décembre"
76;81;;;;;;;;;;;;;;;;72;90;107;128;216;141;159;150;166;162;"Bénéficiaires de la PCH de moins de 20 ans, depuis 2015 
 Données en décembre"
76;82;;;;;;;;;;;;;;;;103;108;119;130;138;147;123;140;174;189;"Bénéficiaires de la PCH de moins de 20 ans, depuis 2015 
 Données en décembre"
93;83;;;;;;;;;;;;;;;;237;256;299;316;345;395;412;448;479;498;"Bénéficiaires de la PCH de moins de 20 ans, depuis 2015 
 Données en décembre"
93;84;;;;;;;;;;;;;;;;189;179;169;199;193;196;204;230;266;280;"Bénéficiaires de la PCH de moins de 20 ans, depuis 2015 
 Données en décembre"
52;85;;;;;;;;;;;;;;;;263;275;287;296;315;342;381;394;432;431;"Bénéficiaires de la PCH de moins de 20 ans, depuis 2015 
 Données en décembre"
75;86;;;;;;;;;;;;;;;;90;91;91;87;101;99;106;119;137;182;"Bénéficiaires de la PCH de moins de 20 ans, depuis 2015 
 Données en décembre"
75;87;;;;;;;;;;;;;;;;137;150;148;144;145;153;164;162;191;205;"Bénéficiaires de la PCH de moins de 20 ans, depuis 2015 
 Données en décembre"
44;88;;;;;;;;;;;;;;;;92;94;99;99;134;95;89;85;107;121;"Bénéficiaires de la PCH de moins de 20 ans, depuis 2015 
 Données en décembre"
27;89;;;;;;;;;;;;;;;;45;54;87;92;84;85;111;104;107;149;"Bénéficiaires de la PCH de moins de 20 ans, depuis 2015 
 Données en décembre"
27;90;;;;;;;;;;;;;;;;34;39;38;40;39;39;41;34;44;45;"Bénéficiaires de la PCH de moins de 20 ans, depuis 2015 
 Données en décembre"
11;91;;;;;;;;;;;;;;;;609;684;719;759;874;875;999;1097;1270;1411;"Bénéficiaires de la PCH de moins de 20 ans, depuis 2015 
 Données en décembre"
11;92;;;;;;;;;;;;;;;;160;197;216;222;257;363;360;375;396;434;"Bénéficiaires de la PCH de moins de 20 ans, depuis 2015 
 Données en décembre"
11;93;;;;;;;;;;;;;;;;320;342;347;484;634;832;1154;1436;1802;1983;"Bénéficiaires de la PCH de moins de 20 ans, depuis 2015 
 Données en décembre"
11;94;;;;;;;;;;;;;;;;164;166;184;193;213;255;299;341;382;448;"Bénéficiaires de la PCH de moins de 20 ans, depuis 2015 
 Données en décembre"
11;95;;;;;;;;;;;;;;;;282;180;179;203;222;251;277;317;339;353;"Bénéficiaires de la PCH de moins de 20 ans, depuis 2015 
 Données en décembre"
101;971;;;;;;;;;;;;;;;;92;103;98;98;75;73;63;83;88;88;"Bénéficiaires de la PCH de moins de 20 ans, depuis 2015 
 Données en décembre"
102;972;;;;;;;;;;;;;;;;84;116;148;179;190;191;212;240;261;263;"Bénéficiaires de la PCH de moins de 20 ans, depuis 2015 
 Données en décembre"
103;973;;;;;;;;;;;;;;;;3;8;12;13;14;35;42;52;93;102;"Bénéficiaires de la PCH de moins de 20 ans, depuis 2015 
 Données en décembre"
104;974;;;;;;;;;;;;;;;;242;295;294;311;312;613;475;568;578;633;"Bénéficiaires de la PCH de moins de 20 ans, depuis 2015 
 Données en décembre"
84;1;660;724;730;750;801;775;809;858;891;949;953;1096;1108;1085;1128;1157;1183;1263;1262;1287;1252;1268;1265;1311;1326;"Personnes handicapées bénéficiant d'une aide sociale à l'hébergement en établissement, depuis 2000 
 Données au 31 décembre"
32;2;854;694;795;815;773;886;1010;1019;1028;979;1006;999;1013;1004;1090;984;926;995;986;1018;898;1343;1172;1212;1216;"Personnes handicapées bénéficiant d'une aide sociale à l'hébergement en établissement, depuis 2000 
 Données au 31 décembre"
84;3;478;506;516;502;509;502;508;514;513;554;574;589;601;607;661;675;672;682;713;751;718;740;753;773;772;"Personnes handicapées bénéficiant d'une aide sociale à l'hébergement en établissement, depuis 2000 
 Données au 31 décembre"
93;4;136;155;127;141;148;161;154;165;172;213;219;233;251;280;313;336;351;354;359;353;347;352;361;389;390;"Personnes handicapées bénéficiant d'une aide sociale à l'hébergement en établissement, depuis 2000 
 Données au 31 décembre"
93;5;233;147;145;180;160;167;183;191;200;245;251;250;261;273;289;301;293;302;330;332;328;318;292;339;343;"Personnes handicapées bénéficiant d'une aide sociale à l'hébergement en établissement, depuis 2000 
 Données au 31 décembre"
93;6;758;980;1036;974;979;955;728;675;661;839;973;1007;1203;1154;1066;1093;1109;1155;1227;1215;1156;1158;1263;1272;1289;"Personnes handicapées bénéficiant d'une aide sociale à l'hébergement en établissement, depuis 2000 
 Données au 31 décembre"
84;7;418;377;355;389;437;465;473;489;497;497;524;562;570;585;598;602;614;655;659;622;612;620;727;744;661;"Personnes handicapées bénéficiant d'une aide sociale à l'hébergement en établissement, depuis 2000 
 Données au 31 décembre"
44;8;388;369;396;415;418;426;424;415;413;475;408;438;467;420;492;515;574;592;564;594;600;632;671;636;650;"Personnes handicapées bénéficiant d'une aide sociale à l'hébergement en établissement, depuis 2000 
 Données au 31 décembre"
76;9;193;223;229;232;237;264;253;231;282;286;289;295;228;248;271;364;315;309;382;300;430;459;303;334;345;"Personnes handicapées bénéficiant d'une aide sociale à l'hébergement en établissement, depuis 2000 
 Données au 31 décembre"
44;10;341;366;357;386;380;450;345;346;392;412;442;452;508;607;660;665;683;679;690;698;709;736;750;781;802;"Personnes handicapées bénéficiant d'une aide sociale à l'hébergement en établissement, depuis 2000 
 Données au 31 décembre"
76;11;636;663;674;694;714;635;678;666;700;692;732;743;735;735;911;867;910;942;957;942;924;970;982;1002;1007;"Personnes handicapées bénéficiant d'une aide sociale à l'hébergement en établissement, depuis 2000 
 Données au 31 décembre"
76;12;466;463;497;500;483;462;578;587;657;649;668;729;798;871;991;1013;1046;1069;1066;1049;976;936;932;950;950;"Personnes handicapées bénéficiant d'une aide sociale à l'hébergement en établissement, depuis 2000 
 Données au 31 décembre"
93;13;1571;1799;1817;1821;2140;2286;2249;2416;2391;2396;2153;2298;2333;2388;2987;2947;2984;3045;3012;2590;2578;2673;3135;3596;3643;"Personnes handicapées bénéficiant d'une aide sociale à l'hébergement en établissement, depuis 2000 
 Données au 31 décembre"
28;14;914;998;1007;1011;1031;1004;1000;975;982;1018;1040;1086;1127;1186;1202;1249;1263;1014;1034;1059;1041;1048;1069;1072;1120;"Personnes handicapées bénéficiant d'une aide sociale à l'hébergement en établissement, depuis 2000 
 Données au 31 décembre"
84;15;344;375;393;394;398;410;416;425;408;401;454;418;425;487;498;508;424;552;631;631;647;660;688;688;708;"Personnes handicapées bénéficiant d'une aide sociale à l'hébergement en établissement, depuis 2000 
 Données au 31 décembre"
75;16;492;513;486;532;504;575;541;573;592;605;689;798;828;916;969;996;1020;1048;1077;1043;1038;1043;1052;1074;1092;"Personnes handicapées bénéficiant d'une aide sociale à l'hébergement en établissement, depuis 2000 
 Données au 31 décembre"
75;17;958;999;998;1001;1013;1108;1147;1171;1123;1267;1219;1468;1457;1537;1533;1546;1585;1626;1623;1776;1662;1487;1697;1741;1776;"Personnes handicapées bénéficiant d'une aide sociale à l'hébergement en établissement, depuis 2000 
 Données au 31 décembre"
24;18;588;572;593;454;474;494;510;515;537;564;619;636;696;747;786;818;938;986;950;993;912;922;924;927;938;"Personnes handicapées bénéficiant d'une aide sociale à l'hébergement en établissement, depuis 2000 
 Données au 31 décembre"
75;19;362;349;380;384;373;379;408;472;490;530;588;612;644;663;710;739;717;717;733;740;727;732;712;745;757;"Personnes handicapées bénéficiant d'une aide sociale à l'hébergement en établissement, depuis 2000 
 Données au 31 décembre"
94;20;350;394;477;593;766;113;97;95;91;120;114;122;256;337;345;351;357;331;287;295;311;315;512;539;528;"Personnes handicapées bénéficiant d'une aide sociale à l'hébergement en établissement, depuis 2000 
 Données au 31 décembre"
27;21;785;805;821;845;875;876;864;940;953;1104;1173;1157;1186;1178;1199;1263;1219;1190;1323;1405;1448;1490;1530;1529;1549;"Personnes handicapées bénéficiant d'une aide sociale à l'hébergement en établissement, depuis 2000 
 Données au 31 décembre"
53;22;718;735;735;720;734;762;916;908;907;928;891;871;889;960;927;968;965;963;1341;1704;1639;1172;1061;1256;1344;"Personnes handicapées bénéficiant d'une aide sociale à l'hébergement en établissement, depuis 2000 
 Données au 31 décembre"
75;23;232;272;273;266;269;262;257;255;254;248;275;275;298;308;308;334;348;343;363;376;372;403;408;401;417;"Personnes handicapées bénéficiant d'une aide sociale à l'hébergement en établissement, depuis 2000 
 Données au 31 décembre"
75;24;709;748;849;716;732;675;688;750;784;768;864;808;815;846;893;910;929;933;934;930;912;950;944;958;947;"Personnes handicapées bénéficiant d'une aide sociale à l'hébergement en établissement, depuis 2000 
 Données au 31 décembre"
27;25;626;621;661;513;618;623;834;783;819;882;983;1032;1072;1091;1124;1160;1188;1104;1082;1202;1208;1242;1243;1298;1292;"Personnes handicapées bénéficiant d'une aide sociale à l'hébergement en établissement, depuis 2000 
 Données au 31 décembre"
84;26;637;588;607;586;767;814;755;835;891;871;918;933;913;917;939;953;952;955;962;980;955;984;994;1003;1002;"Personnes handicapées bénéficiant d'une aide sociale à l'hébergement en établissement, depuis 2000 
 Données au 31 décembre"
28;27;764;812;811;786;826;808;822;802;742;787;792;807;821;842;837;853;885;890;845;863;903;900;918;906;932;"Personnes handicapées bénéficiant d'une aide sociale à l'hébergement en établissement, depuis 2000 
 Données au 31 décembre"
24;28;640;744;723;709;747;753;770;796;770;843;784;902;894;918;868;939;981;1113;1124;1113;1134;1133;1127;1140;1166;"Personnes handicapées bénéficiant d'une aide sociale à l'hébergement en établissement, depuis 2000 
 Données au 31 décembre"
53;29;1171;1113;1158;1920;2120;2259;2398;2406;2882;2928;2865;2332;2403;2293;2401;2476;2535;2605;2181;2253;2212;2197;2267;2410;2495;"Personnes handicapées bénéficiant d'une aide sociale à l'hébergement en établissement, depuis 2000 
 Données au 31 décembre"
76;30;681;857;889;942;952;969;858;955;920;686;656;790;720;722;818;877;891;868;892;894;853;877;905;894;898;"Personnes handicapées bénéficiant d'une aide sociale à l'hébergement en établissement, depuis 2000 
 Données au 31 décembre"
76;31;1769;1686;1602;1738;1694;1732;1752;1789;1756;1804;1862;1750;1960;2451;2400;2552;2077;2119;2091;2008;1976;2131;2343;2714;2766;"Personnes handicapées bénéficiant d'une aide sociale à l'hébergement en établissement, depuis 2000 
 Données au 31 décembre"
76;32;396;350;366;361;367;373;382;323;432;385;461;518;502;547;503;522;599;624;631;592;413;621;584;385;586;"Personnes handicapées bénéficiant d'une aide sociale à l'hébergement en établissement, depuis 2000 
 Données au 31 décembre"
75;33;1051;1069;1527;1657;1696;1663;1997;2022;1965;2018;2105;2145;2127;2204;2365;2467;2613;2726;2810;2849;2814;2828;2747;2746;2790;"Personnes handicapées bénéficiant d'une aide sociale à l'hébergement en établissement, depuis 2000 
 Données au 31 décembre"
76;34;979;1038;1100;1127;1222;1130;1211;1198;1282;1344;1465;1520;1561;1604;1567;1554;1589;1582;1589;1609;1623;1676;1689;1667;1727;"Personnes handicapées bénéficiant d'une aide sociale à l'hébergement en établissement, depuis 2000 
 Données au 31 décembre"
53;35;1300;1243;1241;1290;1348;1400;1460;1552;1601;1652;1712;1787;1998;2236;2211;2306;2275;2322;2318;2392;2339;2435;2454;2473;2478;"Personnes handicapées bénéficiant d'une aide sociale à l'hébergement en établissement, depuis 2000 
 Données au 31 décembre"
24;36;468;471;495;488;478;479;421;394;398;393;376;394;383;392;411;550;563;571;595;591;562;589;578;577;584;"Personnes handicapées bénéficiant d'une aide sociale à l'hébergement en établissement, depuis 2000 
 Données au 31 décembre"
24;37;874;972;824;982;951;971;1066;1084;1059;979;1173;1118;1144;1049;1061;954;941;1221;1200;1204;858;1176;1172;1197;1180;"Personnes handicapées bénéficiant d'une aide sociale à l'hébergement en établissement, depuis 2000 
 Données au 31 décembre"
84;38;1652;1597;1699;1738;1751;1768;1200;1253;1409;1537;1621;1860;1916;1871;1980;1964;1976;1969;2003;2065;2042;1905;1961;2028;2048;"Personnes handicapées bénéficiant d'une aide sociale à l'hébergement en établissement, depuis 2000 
 Données au 31 décembre"
27;39;449;464;481;477;470;482;584;600;622;625;652;670;716;730;738;750;752;768;781;785;786;756;759;778;846;"Personnes handicapées bénéficiant d'une aide sociale à l'hébergement en établissement, depuis 2000 
 Données au 31 décembre"
75;40;552;568;618;583;595;597;606;613;608;610;611;639;647;608;630;654;1272;1251;1239;1220;1275;1345;1536;1552;1493;"Personnes handicapées bénéficiant d'une aide sociale à l'hébergement en établissement, depuis 2000 
 Données au 31 décembre"
24;41;519;532;560;560;586;653;771;627;634;684;733;671;730;743;843;760;812;841;844;914;837;876;801;830;931;"Personnes handicapées bénéficiant d'une aide sociale à l'hébergement en établissement, depuis 2000 
 Données au 31 décembre"
84;42;1126;1200;1238;1246;1265;1290;1290;1271;1274;1559;1568;1608;1828;1923;1983;2063;2107;2170;2219;2242;2216;2248;2323;2410;2464;"Personnes handicapées bénéficiant d'une aide sociale à l'hébergement en établissement, depuis 2000 
 Données au 31 décembre"
84;43;422;438;450;461;448;481;437;488;507;518;499;507;483;483;510;567;605;589;595;553;549;556;566;578;540;"Personnes handicapées bénéficiant d'une aide sociale à l'hébergement en établissement, depuis 2000 
 Données au 31 décembre"
52;44;1568;1315;1372;1416;1607;1651;1678;1657;1720;1863;2121;2320;2324;2420;2490;2562;2543;2572;2632;2681;2641;2622;2648;2662;2674;"Personnes handicapées bénéficiant d'une aide sociale à l'hébergement en établissement, depuis 2000 
 Données au 31 décembre"
24;45;853;942;971;1094;1063;1101;1146;1191;1242;1301;1338;1383;1454;1482;1558;1513;1638;1429;1458;1481;1404;1660;1719;1552;1559;"Personnes handicapées bénéficiant d'une aide sociale à l'hébergement en établissement, depuis 2000 
 Données au 31 décembre"
76;46;391;392;397;408;395;411;389;395;411;429;429;428;445;419;424;430;415;443;464;480;478;424;440;427;473;"Personnes handicapées bénéficiant d'une aide sociale à l'hébergement en établissement, depuis 2000 
 Données au 31 décembre"
75;47;536;555;585;641;655;669;669;691;695;680;696;687;678;675;671;669;686;691;702;702;700;694;708;711;725;"Personnes handicapées bénéficiant d'une aide sociale à l'hébergement en établissement, depuis 2000 
 Données au 31 décembre"
76;48;185;201;184;187;188;219;240;239;249;238;253;254;274;284;296;309;311;325;341;336;331;334;342;345;347;"Personnes handicapées bénéficiant d'une aide sociale à l'hébergement en établissement, depuis 2000 
 Données au 31 décembre"
52;49;1044;1124;1302;1020;1086;1055;1059;1105;1003;1215;1190;1220;1406;1316;1278;1340;1390;1432;1465;1450;1452;1486;1476;1511;1636;"Personnes handicapées bénéficiant d'une aide sociale à l'hébergement en établissement, depuis 2000 
 Données au 31 décembre"
28;50;743;739;752;733;763;757;740;719;852;847;875;968;908;951;972;994;1017;1008;929;1170;1179;1342;1741;1635;1488;"Personnes handicapées bénéficiant d'une aide sociale à l'hébergement en établissement, depuis 2000 
 Données au 31 décembre"
44;51;629;652;675;664;650;632;661;669;725;808;788;814;820;867;926;964;995;1002;1038;1073;1039;1062;1085;1095;1129;"Personnes handicapées bénéficiant d'une aide sociale à l'hébergement en établissement, depuis 2000 
 Données au 31 décembre"
44;52;307;297;334;253;302;302;299;298;316;358;441;441;452;456;456;471;494;504;523;498;530;530;546;571;586;"Personnes handicapées bénéficiant d'une aide sociale à l'hébergement en établissement, depuis 2000 
 Données au 31 décembre"
52;53;815;825;907;569;623;593;624;596;579;572;579;655;716;832;835;876;937;930;960;674;884;925;1140;1354;1443;"Personnes handicapées bénéficiant d'une aide sociale à l'hébergement en établissement, depuis 2000 
 Données au 31 décembre"
44;54;695;754;761;708;775;772;816;867;877;848;838;889;918;939;922;950;946;941;941;1001;908;968;993;977;969;"Personnes handicapées bénéficiant d'une aide sociale à l'hébergement en établissement, depuis 2000 
 Données au 31 décembre"
44;55;265;266;271;270;272;274;301;321;330;349;355;351;356;365;364;327;321;311;351;344;322;361;378;385;402;"Personnes handicapées bénéficiant d'une aide sociale à l'hébergement en établissement, depuis 2000 
 Données au 31 décembre"
53;56;947;984;637;638;622;667;697;657;1136;1280;1345;1370;1552;1587;1645;1684;1728;1744;1746;1725;1717;1745;1732;1766;1773;"Personnes handicapées bénéficiant d'une aide sociale à l'hébergement en établissement, depuis 2000 
 Données au 31 décembre"
44;57;777;781;769;795;864;941;955;1052;1020;1132;1183;1192;1279;1369;1410;1391;1469;1472;1465;1435;1469;1505;1513;1524;1568;"Personnes handicapées bénéficiant d'une aide sociale à l'hébergement en établissement, depuis 2000 
 Données au 31 décembre"
27;58;419;311;436;400;419;444;473;475;496;499;511;519;524;457;441;471;420;450;443;480;473;490;501;524;481;"Personnes handicapées bénéficiant d'une aide sociale à l'hébergement en établissement, depuis 2000 
 Données au 31 décembre"
32;59;2873;2697;2631;2816;3612;3858;3294;3238;3098;3220;3594;4282;4532;4624;4533;4423;4681;4742;4807;4771;4754;4727;4682;4752;4792;"Personnes handicapées bénéficiant d'une aide sociale à l'hébergement en établissement, depuis 2000 
 Données au 31 décembre"
32;60;1006;994;1133;1145;1214;1261;1256;1295;1011;1059;1499;1640;1892;1739;1810;1955;1915;1908;1963;1932;1901;1908;1943;1905;1980;"Personnes handicapées bénéficiant d'une aide sociale à l'hébergement en établissement, depuis 2000 
 Données au 31 décembre"
28;61;289;279;516;535;599;572;654;593;618;667;623;645;649;648;663;687;661;675;672;676;674;646;622;653;612;"Personnes handicapées bénéficiant d'une aide sociale à l'hébergement en établissement, depuis 2000 
 Données au 31 décembre"
32;62;1711;1752;1850;1958;2131;2244;2253;2181;2128;2217;2139;2086;2210;2217;2345;2355;2389;2330;2134;3729;3547;3300;3400;3462;3593;"Personnes handicapées bénéficiant d'une aide sociale à l'hébergement en établissement, depuis 2000 
 Données au 31 décembre"
84;63;1177;906;931;1026;1051;1061;1033;1078;1095;1111;1167;1259;1313;1319;1310;1367;1415;1454;1450;1439;1395;1374;1378;1464;1476;"Personnes handicapées bénéficiant d'une aide sociale à l'hébergement en établissement, depuis 2000 
 Données au 31 décembre"
75;64;824;837;822;795;839;828;829;836;837;851;1136;1300;1273;1342;1397;1412;1380;1430;1478;1570;1563;1552;1603;1597;1527;"Personnes handicapées bénéficiant d'une aide sociale à l'hébergement en établissement, depuis 2000 
 Données au 31 décembre"
76;65;446;442;367;424;434;434;361;396;402;416;396;390;401;398;415;432;416;444;447;469;447;467;489;488;516;"Personnes handicapées bénéficiant d'une aide sociale à l'hébergement en établissement, depuis 2000 
 Données au 31 décembre"
76;66;490;465;431;429;445;445;478;482;515;555;523;624;627;598;621;645;661;750;779;814;796;764;783;801;859;"Personnes handicapées bénéficiant d'une aide sociale à l'hébergement en établissement, depuis 2000 
 Données au 31 décembre"
44;67;1331;1264;1339;1159;1235;1497;1348;1229;1847;1473;1559;1692;1835;1905;1942;1988;2043;2020;2183;2039;2044;2149;2505;2547;2554;"Personnes handicapées bénéficiant d'une aide sociale à l'hébergement en établissement, depuis 2000 
 Données au 31 décembre"
44;68;1092;1111;1185;1270;1272;1195;1379;1409;1417;1482;1647;1664;1869;1786;2036;2045;2020;1993;2130;2139;1984;2085;2255;2190;2099;"Personnes handicapées bénéficiant d'une aide sociale à l'hébergement en établissement, depuis 2000 
 Données au 31 décembre"
84;69;2134;2174;2213;2437;2435;2531;2598;2632;2680;2692;2868;2906;2996;3118;2898;;;;;;;;;;;"Personnes handicapées bénéficiant d'une aide sociale à l'hébergement en établissement, depuis 2000 
 Données au 31 décembre"
27;70;245;269;249;248;282;296;298;297;309;298;305;313;419;314;332;343;336;350;355;371;378;391;392;400;390;"Personnes handicapées bénéficiant d'une aide sociale à l'hébergement en établissement, depuis 2000 
 Données au 31 décembre"
27;71;1654;1691;1619;1897;1971;1897;1582;1637;1646;1745;1586;1585;1658;1685;1637;1661;1693;1716;1733;1761;1715;1784;1770;1802;1805;"Personnes handicapées bénéficiant d'une aide sociale à l'hébergement en établissement, depuis 2000 
 Données au 31 décembre"
52;72;854;885;843;853;856;828;815;824;932;997;971;1008;985;995;1010;1057;1055;1068;1041;1065;1045;1043;1038;1041;1064;"Personnes handicapées bénéficiant d'une aide sociale à l'hébergement en établissement, depuis 2000 
 Données au 31 décembre"
84;73;480;502;497;535;561;575;565;523;516;581;596;623;830;839;855;808;864;872;900;929;907;906;917;901;894;"Personnes handicapées bénéficiant d'une aide sociale à l'hébergement en établissement, depuis 2000 
 Données au 31 décembre"
84;74;689;701;716;720;745;856;1028;1045;1038;1009;983;1164;1199;1219;1266;1324;1351;1375;1382;1464;1469;1522;1549;1568;1595;"Personnes handicapées bénéficiant d'une aide sociale à l'hébergement en établissement, depuis 2000 
 Données au 31 décembre"
11;75;2243;2278;2338;2408;2430;2489;2494;2413;2273;2197;2163;2303;2399;2371;2592;3912;4078;4163;4313;4121;3908;3914;3862;3880;3821;"Personnes handicapées bénéficiant d'une aide sociale à l'hébergement en établissement, depuis 2000 
 Données au 31 décembre"
28;76;1780;1791;1857;1958;2010;1968;1985;2099;2023;2030;2037;2029;1931;2027;1814;2045;2062;2071;2039;2101;2113;1904;2408;2236;2171;"Personnes handicapées bénéficiant d'une aide sociale à l'hébergement en établissement, depuis 2000 
 Données au 31 décembre"
11;77;1447;1446;1479;1657;1771;1748;1560;1505;1437;1481;1587;1713;1858;2121;2282;2380;2449;3092;3112;2552;2609;2195;2251;2141;2221;"Personnes handicapées bénéficiant d'une aide sociale à l'hébergement en établissement, depuis 2000 
 Données au 31 décembre"
11;78;1663;1724;2119;2221;2325;2431;2534;2692;2549;2624;2611;2697;2758;2762;2791;2864;2975;2898;2904;2910;2960;2953;2913;2908;2971;"Personnes handicapées bénéficiant d'une aide sociale à l'hébergement en établissement, depuis 2000 
 Données au 31 décembre"
75;79;758;779;746;776;797;788;837;755;836;832;879;900;1002;1018;1018;1027;1045;1036;1045;1043;1039;1048;1075;1106;1137;"Personnes handicapées bénéficiant d'une aide sociale à l'hébergement en établissement, depuis 2000 
 Données au 31 décembre"
32;80;885;909;883;800;879;898;1003;908;1123;1275;1359;1502;1389;1354;1032;1063;953;1066;1073;1083;1038;1040;1032;1038;1016;"Personnes handicapées bénéficiant d'une aide sociale à l'hébergement en établissement, depuis 2000 
 Données au 31 décembre"
76;81;690;698;693;688;703;727;726;743;743;739;748;854;877;902;876;1093;1121;1212;1257;1264;1229;1238;1251;1259;1247;"Personnes handicapées bénéficiant d'une aide sociale à l'hébergement en établissement, depuis 2000 
 Données au 31 décembre"
76;82;430;475;470;478;449;467;512;454;466;506;489;514;508;508;504;531;572;606;621;636;670;649;671;666;668;"Personnes handicapées bénéficiant d'une aide sociale à l'hébergement en établissement, depuis 2000 
 Données au 31 décembre"
93;83;665;733;759;665;831;868;888;902;935;1012;1111;1211;1289;1350;1384;1445;1500;1509;1549;1566;1578;1602;1649;1667;1702;"Personnes handicapées bénéficiant d'une aide sociale à l'hébergement en établissement, depuis 2000 
 Données au 31 décembre"
93;84;546;551;545;559;606;520;555;592;570;600;610;631;694;707;746;749;750;792;820;796;782;756;726;850;974;"Personnes handicapées bénéficiant d'une aide sociale à l'hébergement en établissement, depuis 2000 
 Données au 31 décembre"
52;85;1014;1059;844;843;854;928;955;973;1031;1076;1152;1195;1226;1221;1232;1234;1247;1273;1246;1288;1313;1293;1276;1322;1321;"Personnes handicapées bénéficiant d'une aide sociale à l'hébergement en établissement, depuis 2000 
 Données au 31 décembre"
75;86;446;463;468;480;567;554;541;589;582;623;647;720;772;821;822;788;879;875;898;898;923;932;913;955;983;"Personnes handicapées bénéficiant d'une aide sociale à l'hébergement en établissement, depuis 2000 
 Données au 31 décembre"
75;87;628;681;735;717;720;729;740;746;771;742;797;860;849;861;847;895;916;959;941;1163;1026;1019;1027;1056;1086;"Personnes handicapées bénéficiant d'une aide sociale à l'hébergement en établissement, depuis 2000 
 Données au 31 décembre"
44;88;562;427;551;553;598;699;679;689;693;719;762;774;776;820;799;781;781;802;806;828;821;829;833;840;880;"Personnes handicapées bénéficiant d'une aide sociale à l'hébergement en établissement, depuis 2000 
 Données au 31 décembre"
27;89;703;709;768;800;885;846;885;854;851;858;867;867;869;833;857;862;859;855;913;908;866;803;790;836;878;"Personnes handicapées bénéficiant d'une aide sociale à l'hébergement en établissement, depuis 2000 
 Données au 31 décembre"
27;90;117;104;103;106;122;117;106;91;107;110;129;119;148;165;197;193;181;171;158;163;170;174;170;161;208;"Personnes handicapées bénéficiant d'une aide sociale à l'hébergement en établissement, depuis 2000 
 Données au 31 décembre"
11;91;1065;1139;1081;1393;1320;1282;1403;1373;1449;1504;1505;1586;1596;1740;1795;1815;1794;1914;1947;2098;2072;2093;2032;2124;2190;"Personnes handicapées bénéficiant d'une aide sociale à l'hébergement en établissement, depuis 2000 
 Données au 31 décembre"
11;92;2019;2142;2129;2811;2934;2313;2384;1916;1734;2059;1737;1834;1950;1955;1948;1942;1951;1960;1899;1824;2353;2333;2358;2486;2443;"Personnes handicapées bénéficiant d'une aide sociale à l'hébergement en établissement, depuis 2000 
 Données au 31 décembre"
11;93;1219;1239;1270;1271;1343;1401;1574;1541;1689;2157;1735;1653;1606;1986;2091;2182;2239;2742;2358;2353;2269;2261;2326;2574;2631;"Personnes handicapées bénéficiant d'une aide sociale à l'hébergement en établissement, depuis 2000 
 Données au 31 décembre"
11;94;1042;1081;1122;1153;1133;1145;1214;1238;1202;1375;1505;1737;1731;1647;1669;1627;1658;1799;1814;1765;1869;1908;1931;1927;1916;"Personnes handicapées bénéficiant d'une aide sociale à l'hébergement en établissement, depuis 2000 
 Données au 31 décembre"
11;95;894;889;959;989;1029;1043;1055;825;1076;1100;1035;1035;1268;1275;1448;1505;1566;1678;1624;1657;1669;1710;1688;1655;1759;"Personnes handicapées bénéficiant d'une aide sociale à l'hébergement en établissement, depuis 2000 
 Données au 31 décembre"
101;971;223;246;249;253;258;288;290;287;296;310;337;316;361;42;42;83;83;79;74;72;76;96;104;97;69;"Personnes handicapées bénéficiant d'une aide sociale à l'hébergement en établissement, depuis 2000 
 Données au 31 décembre"
102;972;32;37;59;48;72;67;85;71;85;89;90;84;172;196;208;208;198;213;225;221;217;220;226;231;234;"Personnes handicapées bénéficiant d'une aide sociale à l'hébergement en établissement, depuis 2000 
 Données au 31 décembre"
103;973;169;162;160;9;12;8;8;7;8;10;11;16;15;15;15;13;13;14;13;13;13;13;13;13;13;"Personnes handicapées bénéficiant d'une aide sociale à l'hébergement en établissement, depuis 2000 
 Données au 31 décembre"
104;974;706;619;553;396;329;313;280;261;230;200;173;792;620;636;748;795;863;793;920;941;969;1015;1084;1298;1511;"Personnes handicapées bénéficiant d'une aide sociale à l'hébergement en établissement, depuis 2000 
 Données au 31 décembre"
84;1;405;434;440;456;505;483;498;539;537;570;560;609;599;557;579;564;564;561;515;487;462;468;477;496;460;"Personnes handicapées bénéficiant d'une aide sociale à l'hébergement en foyer d'hébergement, depuis 2000 
 Données au 31 décembre"
32;2;521;423;485;497;451;541;634;534;494;477;481;424;416;384;417;384;342;347;337;329;300;529;371;422;423;"Personnes handicapées bénéficiant d'une aide sociale à l'hébergement en foyer d'hébergement, depuis 2000 
 Données au 31 décembre"
84;3;197;186;210;197;202;194;200;212;205;210;212;205;207;219;215;222;216;223;239;248;232;242;240;252;251;"Personnes handicapées bénéficiant d'une aide sociale à l'hébergement en foyer d'hébergement, depuis 2000 
 Données au 31 décembre"
93;4;2;2;88;99;107;110;109;112;108;120;113;117;120;131;131;128;122;124;126;124;122;124;127;111;109;"Personnes handicapées bénéficiant d'une aide sociale à l'hébergement en foyer d'hébergement, depuis 2000 
 Données au 31 décembre"
93;5;108;77;76;76;77;87;91;88;86;96;90;81;81;83;97;90;87;89;96;96;94;84;80;90;91;"Personnes handicapées bénéficiant d'une aide sociale à l'hébergement en foyer d'hébergement, depuis 2000 
 Données au 31 décembre"
93;6;641;843;887;858;858;841;299;339;340;352;321;321;341;336;335;335;335;373;374;374;361;361;361;355;360;"Personnes handicapées bénéficiant d'une aide sociale à l'hébergement en foyer d'hébergement, depuis 2000 
 Données au 31 décembre"
84;7;248;216;182;210;238;248;255;254;247;247;229;248;254;258;263;260;257;269;277;278;273;277;727;744;256;"Personnes handicapées bénéficiant d'une aide sociale à l'hébergement en foyer d'hébergement, depuis 2000 
 Données au 31 décembre"
44;8;129;110;135;133;128;125;132;111;110;138;78;81;83;63;77;93;102;99;106;107;138;109;102;94;109;"Personnes handicapées bénéficiant d'une aide sociale à l'hébergement en foyer d'hébergement, depuis 2000 
 Données au 31 décembre"
76;9;137;132;136;140;130;137;124;104;165;145;134;138;86;85;111;125;104;106;125;119;123;128;85;130;131;"Personnes handicapées bénéficiant d'une aide sociale à l'hébergement en foyer d'hébergement, depuis 2000 
 Données au 31 décembre"
44;10;224;134;137;144;147;174;133;134;152;220;256;160;159;148;155;151;158;147;150;153;149;138;136;134;133;"Personnes handicapées bénéficiant d'une aide sociale à l'hébergement en foyer d'hébergement, depuis 2000 
 Données au 31 décembre"
76;11;466;482;487;498;509;456;476;450;441;410;405;390;373;381;375;350;349;348;334;319;303;303;319;303;312;"Personnes handicapées bénéficiant d'une aide sociale à l'hébergement en foyer d'hébergement, depuis 2000 
 Données au 31 décembre"
76;12;305;270;306;323;330;287;323;320;382;362;362;376;381;357;380;389;400;380;369;364;288;272;276;273;269;"Personnes handicapées bénéficiant d'une aide sociale à l'hébergement en foyer d'hébergement, depuis 2000 
 Données au 31 décembre"
93;13;512;704;714;718;915;1012;973;963;953;955;858;748;692;693;701;710;716;713;714;704;700;711;834;957;969;"Personnes handicapées bénéficiant d'une aide sociale à l'hébergement en foyer d'hébergement, depuis 2000 
 Données au 31 décembre"
28;14;565;605;398;412;409;414;411;606;625;621;614;612;603;641;599;622;611;389;395;400;354;360;357;356;367;"Personnes handicapées bénéficiant d'une aide sociale à l'hébergement en foyer d'hébergement, depuis 2000 
 Données au 31 décembre"
84;15;234;245;253;251;252;261;263;260;251;252;268;269;272;296;306;304;265;300;312;307;303;297;335;281;283;"Personnes handicapées bénéficiant d'une aide sociale à l'hébergement en foyer d'hébergement, depuis 2000 
 Données au 31 décembre"
75;16;209;224;218;243;241;253;229;247;258;259;247;249;236;251;266;255;244;236;245;241;254;249;250;257;250;"Personnes handicapées bénéficiant d'une aide sociale à l'hébergement en foyer d'hébergement, depuis 2000 
 Données au 31 décembre"
75;17;440;451;452;449;482;492;497;430;425;561;561;614;499;482;475;456;433;413;389;378;345;273;360;348;361;"Personnes handicapées bénéficiant d'une aide sociale à l'hébergement en foyer d'hébergement, depuis 2000 
 Données au 31 décembre"
24;18;271;264;274;219;217;224;236;231;232;230;249;242;249;249;262;273;243;265;246;252;241;232;226;213;201;"Personnes handicapées bénéficiant d'une aide sociale à l'hébergement en foyer d'hébergement, depuis 2000 
 Données au 31 décembre"
75;19;171;174;176;178;183;186;167;190;197;188;190;181;189;186;199;207;182;178;179;174;157;138;132;124;127;"Personnes handicapées bénéficiant d'une aide sociale à l'hébergement en foyer d'hébergement, depuis 2000 
 Données au 31 décembre"
94;20;56;103;118;140;174;92;77;79;74;80;71;78;156;184;194;205;212;220;234;242;256;260;248;259;251;"Personnes handicapées bénéficiant d'une aide sociale à l'hébergement en foyer d'hébergement, depuis 2000 
 Données au 31 décembre"
27;21;425;419;432;446;470;463;451;495;491;436;500;546;550;558;547;532;539;530;554;555;551;541;552;544;534;"Personnes handicapées bénéficiant d'une aide sociale à l'hébergement en foyer d'hébergement, depuis 2000 
 Données au 31 décembre"
53;22;253;252;251;239;241;218;261;250;250;247;250;223;230;235;235;236;219;212;235;358;355;259;255;286;289;"Personnes handicapées bénéficiant d'une aide sociale à l'hébergement en foyer d'hébergement, depuis 2000 
 Données au 31 décembre"
75;23;166;194;195;193;191;186;182;177;159;152;166;159;171;177;140;147;149;149;152;146;138;138;160;149;147;"Personnes handicapées bénéficiant d'une aide sociale à l'hébergement en foyer d'hébergement, depuis 2000 
 Données au 31 décembre"
75;24;356;368;412;314;320;310;320;322;317;315;369;323;312;302;319;324;327;328;325;317;315;323;319;315;308;"Personnes handicapées bénéficiant d'une aide sociale à l'hébergement en foyer d'hébergement, depuis 2000 
 Données au 31 décembre"
27;25;357;351;380;307;350;330;410;396;387;398;421;442;430;428;438;466;481;363;342;422;427;445;446;464;456;"Personnes handicapées bénéficiant d'une aide sociale à l'hébergement en foyer d'hébergement, depuis 2000 
 Données au 31 décembre"
84;26;346;274;287;288;294;304;274;410;401;397;407;442;440;438;439;452;450;437;444;447;443;450;457;463;447;"Personnes handicapées bénéficiant d'une aide sociale à l'hébergement en foyer d'hébergement, depuis 2000 
 Données au 31 décembre"
28;27;270;284;282;267;281;272;285;278;291;278;264;268;273;277;274;268;284;275;237;248;256;268;271;261;251;"Personnes handicapées bénéficiant d'une aide sociale à l'hébergement en foyer d'hébergement, depuis 2000 
 Données au 31 décembre"
24;28;201;258;235;227;223;230;254;271;263;261;246;269;262;262;237;280;259;269;269;260;272;268;257;253;258;"Personnes handicapées bénéficiant d'une aide sociale à l'hébergement en foyer d'hébergement, depuis 2000 
 Données au 31 décembre"
53;29;234;220;224;1017;1123;1196;1270;1421;1561;1564;1609;1133;1130;1078;542;548;590;601;465;443;433;422;434;477;503;"Personnes handicapées bénéficiant d'une aide sociale à l'hébergement en foyer d'hébergement, depuis 2000 
 Données au 31 décembre"
76;30;301;408;417;442;447;381;348;390;382;275;263;284;255;244;266;294;299;263;258;273;252;263;269;258;266;"Personnes handicapées bénéficiant d'une aide sociale à l'hébergement en foyer d'hébergement, depuis 2000 
 Données au 31 décembre"
76;31;610;561;531;545;535;530;514;548;548;541;565;425;476;573;567;545;561;561;530;497;488;513;516;511;509;"Personnes handicapées bénéficiant d'une aide sociale à l'hébergement en foyer d'hébergement, depuis 2000 
 Données au 31 décembre"
76;32;213;127;126;125;126;137;141;103;114;108;111;121;115;121;111;115;135;137;155;316;142;134;131;125;138;"Personnes handicapées bénéficiant d'une aide sociale à l'hébergement en foyer d'hébergement, depuis 2000 
 Données au 31 décembre"
75;33;312;342;374;372;359;365;573;582;558;638;664;674;623;584;560;542;402;502;502;480;466;448;404;415;410;"Personnes handicapées bénéficiant d'une aide sociale à l'hébergement en foyer d'hébergement, depuis 2000 
 Données au 31 décembre"
76;34;479;474;486;471;510;459;567;514;524;528;568;572;588;629;595;587;596;593;591;606;604;607;616;648;660;"Personnes handicapées bénéficiant d'une aide sociale à l'hébergement en foyer d'hébergement, depuis 2000 
 Données au 31 décembre"
53;35;565;476;485;484;509;486;486;508;500;502;492;479;508;535;513;525;486;479;466;461;428;419;417;421;246;"Personnes handicapées bénéficiant d'une aide sociale à l'hébergement en foyer d'hébergement, depuis 2000 
 Données au 31 décembre"
24;36;199;199;197;199;186;192;176;166;164;153;137;139;133;122;129;121;129;124;126;124;111;111;109;109;103;"Personnes handicapées bénéficiant d'une aide sociale à l'hébergement en foyer d'hébergement, depuis 2000 
 Données au 31 décembre"
24;37;438;438;404;420;406;414;449;436;412;404;470;439;461;458;436;360;356;435;423;428;301;365;356;356;351;"Personnes handicapées bénéficiant d'une aide sociale à l'hébergement en foyer d'hébergement, depuis 2000 
 Données au 31 décembre"
84;38;984;810;862;882;888;897;468;512;594;599;677;758;813;763;794;773;802;756;821;851;854;802;809;834;849;"Personnes handicapées bénéficiant d'une aide sociale à l'hébergement en foyer d'hébergement, depuis 2000 
 Données au 31 décembre"
27;39;221;226;228;232;237;242;268;240;259;244;233;241;248;248;248;245;235;244;236;235;231;230;222;218;466;"Personnes handicapées bénéficiant d'une aide sociale à l'hébergement en foyer d'hébergement, depuis 2000 
 Données au 31 décembre"
75;40;260;270;311;277;285;286;297;292;276;275;282;282;283;285;286;297;560;534;543;222;570;603;610;616;696;"Personnes handicapées bénéficiant d'une aide sociale à l'hébergement en foyer d'hébergement, depuis 2000 
 Données au 31 décembre"
24;41;215;220;228;235;234;293;270;262;252;273;254;211;246;240;247;251;262;267;252;259;234;253;226;236;260;"Personnes handicapées bénéficiant d'une aide sociale à l'hébergement en foyer d'hébergement, depuis 2000 
 Données au 31 décembre"
84;42;639;656;670;662;670;671;666;637;631;753;709;599;543;543;523;513;511;501;481;474;478;461;470;473;477;"Personnes handicapées bénéficiant d'une aide sociale à l'hébergement en foyer d'hébergement, depuis 2000 
 Données au 31 décembre"
84;43;240;292;300;307;295;263;240;250;260;266;261;265;252;252;267;218;223;193;216;199;189;191;194;181;181;"Personnes handicapées bénéficiant d'une aide sociale à l'hébergement en foyer d'hébergement, depuis 2000 
 Données au 31 décembre"
52;44;382;325;343;314;359;359;381;330;365;394;503;524;526;538;556;562;541;555;567;572;517;496;497;481;462;"Personnes handicapées bénéficiant d'une aide sociale à l'hébergement en foyer d'hébergement, depuis 2000 
 Données au 31 décembre"
24;45;364;397;409;461;448;464;483;502;523;548;451;469;464;449;455;437;462;466;459;467;413;425;373;337;300;"Personnes handicapées bénéficiant d'une aide sociale à l'hébergement en foyer d'hébergement, depuis 2000 
 Données au 31 décembre"
76;46;239;247;242;245;234;241;218;229;227;225;230;225;231;229;221;222;201;186;191;198;191;171;166;150;166;"Personnes handicapées bénéficiant d'une aide sociale à l'hébergement en foyer d'hébergement, depuis 2000 
 Données au 31 décembre"
75;47;231;227;224;236;235;240;238;241;237;236;248;245;237;233;233;234;239;247;249;246;247;246;254;255;259;"Personnes handicapées bénéficiant d'une aide sociale à l'hébergement en foyer d'hébergement, depuis 2000 
 Données au 31 décembre"
76;48;108;113;109;110;105;121;124;119;119;110;109;109;116;109;108;110;109;111;112;111;110;107;110;94;95;"Personnes handicapées bénéficiant d'une aide sociale à l'hébergement en foyer d'hébergement, depuis 2000 
 Données au 31 décembre"
52;49;340;381;536;368;376;360;361;381;390;376;359;382;408;395;387;389;400;414;419;383;400;404;400;401;401;"Personnes handicapées bénéficiant d'une aide sociale à l'hébergement en foyer d'hébergement, depuis 2000 
 Données au 31 décembre"
28;50;405;391;407;382;371;369;357;346;377;370;371;385;371;369;366;354;347;337;320;339;342;377;439;412;367;"Personnes handicapées bénéficiant d'une aide sociale à l'hébergement en foyer d'hébergement, depuis 2000 
 Données au 31 décembre"
44;51;253;248;248;251;243;234;251;248;272;296;289;298;293;303;306;316;306;300;314;332;320;307;313;308;312;"Personnes handicapées bénéficiant d'une aide sociale à l'hébergement en foyer d'hébergement, depuis 2000 
 Données au 31 décembre"
44;52;217;198;172;143;252;251;177;169;165;169;178;155;160;148;145;137;129;126;127;112;123;121;121;119;120;"Personnes handicapées bénéficiant d'une aide sociale à l'hébergement en foyer d'hébergement, depuis 2000 
 Données au 31 décembre"
52;53;494;502;552;336;358;329;356;346;329;302;308;304;294;237;248;258;268;273;282;246;228;250;309;204;208;"Personnes handicapées bénéficiant d'une aide sociale à l'hébergement en foyer d'hébergement, depuis 2000 
 Données au 31 décembre"
44;54;396;398;380;347;342;330;351;367;373;351;344;343;347;345;338;342;335;314;320;348;301;327;343;326;332;"Personnes handicapées bénéficiant d'une aide sociale à l'hébergement en foyer d'hébergement, depuis 2000 
 Données au 31 décembre"
44;55;93;94;94;97;94;87;92;96;101;95;102;95;98;105;107;121;115;107;127;114;108;125;130;123;135;"Personnes handicapées bénéficiant d'une aide sociale à l'hébergement en foyer d'hébergement, depuis 2000 
 Données au 31 décembre"
53;56;297;283;288;260;244;260;278;280;253;260;253;247;280;274;279;294;294;284;288;287;290;271;254;251;248;"Personnes handicapées bénéficiant d'une aide sociale à l'hébergement en foyer d'hébergement, depuis 2000 
 Données au 31 décembre"
44;57;491;491;457;475;487;505;494;508;506;538;534;540;584;625;641;625;659;656;651;643;647;654;650;653;661;"Personnes handicapées bénéficiant d'une aide sociale à l'hébergement en foyer d'hébergement, depuis 2000 
 Données au 31 décembre"
27;58;138;118;134;128;115;143;159;149;152;147;160;156;149;88;72;67;62;58;57;62;54;57;57;59;58;"Personnes handicapées bénéficiant d'une aide sociale à l'hébergement en foyer d'hébergement, depuis 2000 
 Données au 31 décembre"
32;59;1378;1345;1236;1309;1339;1384;1053;973;867;808;889;1649;1670;1665;1626;1553;1619;1576;1570;1519;1488;1445;1373;1413;1402;"Personnes handicapées bénéficiant d'une aide sociale à l'hébergement en foyer d'hébergement, depuis 2000 
 Données au 31 décembre"
32;60;526;554;597;629;644;652;675;696;625;637;630;705;721;651;678;685;614;625;643;633;623;579;584;582;621;"Personnes handicapées bénéficiant d'une aide sociale à l'hébergement en foyer d'hébergement, depuis 2000 
 Données au 31 décembre"
28;61;198;180;320;333;346;317;389;321;315;374;323;322;327;310;273;290;273;272;265;291;284;267;247;259;230;"Personnes handicapées bénéficiant d'une aide sociale à l'hébergement en foyer d'hébergement, depuis 2000 
 Données au 31 décembre"
32;62;634;881;867;882;914;943;943;902;875;920;859;779;856;817;828;803;790;719;661;684;651;606;624;620;602;"Personnes handicapées bénéficiant d'une aide sociale à l'hébergement en foyer d'hébergement, depuis 2000 
 Données au 31 décembre"
84;63;458;349;366;405;426;445;447;448;466;482;503;509;518;514;501;505;515;530;522;517;499;481;474;475;481;"Personnes handicapées bénéficiant d'une aide sociale à l'hébergement en foyer d'hébergement, depuis 2000 
 Données au 31 décembre"
75;64;435;446;439;427;438;416;424;426;424;411;424;434;426;472;454;447;448;451;448;449;453;449;473;473;474;"Personnes handicapées bénéficiant d'une aide sociale à l'hébergement en foyer d'hébergement, depuis 2000 
 Données au 31 décembre"
76;65;206;205;142;176;186;186;170;175;178;172;168;166;169;163;163;175;167;175;176;177;159;161;161;147;147;"Personnes handicapées bénéficiant d'une aide sociale à l'hébergement en foyer d'hébergement, depuis 2000 
 Données au 31 décembre"
76;66;216;208;206;196;226;218;235;213;224;226;223;238;214;185;192;199;204;187;183;184;180;162;166;170;160;"Personnes handicapées bénéficiant d'une aide sociale à l'hébergement en foyer d'hébergement, depuis 2000 
 Données au 31 décembre"
44;67;466;370;462;417;451;498;451;434;1005;492;1059;1062;1152;1196;1071;1057;1067;1053;610;1035;1015;1010;1129;1143;1166;"Personnes handicapées bénéficiant d'une aide sociale à l'hébergement en foyer d'hébergement, depuis 2000 
 Données au 31 décembre"
44;68;412;415;425;461;454;360;512;527;489;403;423;407;444;433;430;440;450;454;453;452;427;436;470;456;424;"Personnes handicapées bénéficiant d'une aide sociale à l'hébergement en foyer d'hébergement, depuis 2000 
 Données au 31 décembre"
84;69;1273;1285;1260;1370;1362;1270;1261;1233;1245;1196;1162;1145;1144;1149;970;;;;;;;;;;;"Personnes handicapées bénéficiant d'une aide sociale à l'hébergement en foyer d'hébergement, depuis 2000 
 Données au 31 décembre"
27;70;148;133;133;133;76;83;83;88;94;93;93;85;162;152;156;157;153;154;155;158;163;157;156;152;151;"Personnes handicapées bénéficiant d'une aide sociale à l'hébergement en foyer d'hébergement, depuis 2000 
 Données au 31 décembre"
27;71;603;466;637;861;769;754;589;583;586;569;427;377;387;373;354;346;360;347;360;362;371;373;381;374;365;"Personnes handicapées bénéficiant d'une aide sociale à l'hébergement en foyer d'hébergement, depuis 2000 
 Données au 31 décembre"
52;72;323;335;337;340;332;303;344;319;307;331;337;346;335;331;336;368;363;359;347;371;366;360;355;340;354;"Personnes handicapées bénéficiant d'une aide sociale à l'hébergement en foyer d'hébergement, depuis 2000 
 Données au 31 décembre"
84;73;313;328;315;330;346;353;343;307;303;307;303;312;321;317;321;286;318;292;307;294;283;271;285;273;265;"Personnes handicapées bénéficiant d'une aide sociale à l'hébergement en foyer d'hébergement, depuis 2000 
 Données au 31 décembre"
84;74;459;434;454;468;465;463;327;348;325;301;307;451;439;428;445;467;472;458;454;473;482;485;489;477;471;"Personnes handicapées bénéficiant d'une aide sociale à l'hébergement en foyer d'hébergement, depuis 2000 
 Données au 31 décembre"
11;75;746;733;731;752;750;765;735;706;698;672;665;748;758;682;746;859;870;843;849;788;728;708;678;660;628;"Personnes handicapées bénéficiant d'une aide sociale à l'hébergement en foyer d'hébergement, depuis 2000 
 Données au 31 décembre"
28;76;469;467;461;461;459;474;486;500;542;653;674;681;669;679;632;721;704;701;643;690;677;480;748;695;630;"Personnes handicapées bénéficiant d'une aide sociale à l'hébergement en foyer d'hébergement, depuis 2000 
 Données au 31 décembre"
11;77;4;2;2;3;2;2;510;511;479;457;472;510;546;547;589;611;619;699;704;520;516;570;585;524;528;"Personnes handicapées bénéficiant d'une aide sociale à l'hébergement en foyer d'hébergement, depuis 2000 
 Données au 31 décembre"
11;78;616;639;732;767;674;672;834;886;708;729;706;708;705;693;670;701;759;716;713;695;720;715;661;680;691;"Personnes handicapées bénéficiant d'une aide sociale à l'hébergement en foyer d'hébergement, depuis 2000 
 Données au 31 décembre"
75;79;354;364;358;403;446;350;350;332;332;338;355;344;337;339;333;328;321;311;301;289;284;276;274;262;253;"Personnes handicapées bénéficiant d'une aide sociale à l'hébergement en foyer d'hébergement, depuis 2000 
 Données au 31 décembre"
32;80;283;311;317;315;317;324;414;375;447;508;541;598;553;539;381;372;243;339;335;329;307;290;274;285;276;"Personnes handicapées bénéficiant d'une aide sociale à l'hébergement en foyer d'hébergement, depuis 2000 
 Données au 31 décembre"
76;81;341;178;319;322;311;308;293;316;290;288;264;290;298;306;195;241;247;253;248;236;231;231;226;220;215;"Personnes handicapées bénéficiant d'une aide sociale à l'hébergement en foyer d'hébergement, depuis 2000 
 Données au 31 décembre"
76;82;114;135;139;143;113;134;129;131;126;130;125;128;125;129;127;142;129;129;131;120;120;117;122;123;118;"Personnes handicapées bénéficiant d'une aide sociale à l'hébergement en foyer d'hébergement, depuis 2000 
 Données au 31 décembre"
93;83;217;266;271;249;272;283;267;277;270;285;274;269;276;274;266;279;296;293;286;288;286;286;293;289;295;"Personnes handicapées bénéficiant d'une aide sociale à l'hébergement en foyer d'hébergement, depuis 2000 
 Données au 31 décembre"
93;84;283;294;280;282;292;251;264;272;256;263;249;232;266;271;267;262;215;243;248;187;141;89;50;40;46;"Personnes handicapées bénéficiant d'une aide sociale à l'hébergement en foyer d'hébergement, depuis 2000 
 Données au 31 décembre"
52;85;478;499;231;213;225;238;237;243;257;277;307;303;304;300;291;277;282;268;261;251;250;241;241;263;270;"Personnes handicapées bénéficiant d'une aide sociale à l'hébergement en foyer d'hébergement, depuis 2000 
 Données au 31 décembre"
75;86;281;284;285;295;385;314;330;371;368;370;367;374;385;398;392;368;403;367;362;343;334;323;322;331;331;"Personnes handicapées bénéficiant d'une aide sociale à l'hébergement en foyer d'hébergement, depuis 2000 
 Données au 31 décembre"
75;87;265;346;353;292;294;296;293;294;293;261;247;267;233;238;248;219;203;180;167;220;219;220;210;211;212;"Personnes handicapées bénéficiant d'une aide sociale à l'hébergement en foyer d'hébergement, depuis 2000 
 Données au 31 décembre"
44;88;288;163;210;211;228;268;266;229;229;245;258;264;252;269;257;249;243;217;221;240;240;227;232;224;231;"Personnes handicapées bénéficiant d'une aide sociale à l'hébergement en foyer d'hébergement, depuis 2000 
 Données au 31 décembre"
27;89;192;152;211;217;236;237;223;214;208;209;202;202;200;193;195;176;170;163;181;175;165;143;139;146;143;"Personnes handicapées bénéficiant d'une aide sociale à l'hébergement en foyer d'hébergement, depuis 2000 
 Données au 31 décembre"
27;90;52;46;70;72;97;92;81;66;81;85;100;90;96;104;100;95;83;64;55;50;51;44;37;22;32;"Personnes handicapées bénéficiant d'une aide sociale à l'hébergement en foyer d'hébergement, depuis 2000 
 Données au 31 décembre"
11;91;385;458;452;574;512;467;497;462;483;473;463;468;466;506;510;524;427;555;551;594;583;579;539;545;553;"Personnes handicapées bénéficiant d'une aide sociale à l'hébergement en foyer d'hébergement, depuis 2000 
 Données au 31 décembre"
11;92;911;966;970;1322;1380;1088;1121;821;743;682;675;710;762;755;709;675;653;660;623;582;883;853;860;880;859;"Personnes handicapées bénéficiant d'une aide sociale à l'hébergement en foyer d'hébergement, depuis 2000 
 Données au 31 décembre"
11;93;326;343;352;360;384;404;418;415;439;561;441;417;417;486;514;504;517;633;663;536;502;502;504;521;491;"Personnes handicapées bénéficiant d'une aide sociale à l'hébergement en foyer d'hébergement, depuis 2000 
 Données au 31 décembre"
11;94;464;473;485;506;476;468;474;504;459;558;613;599;586;548;542;518;511;533;509;483;496;483;465;421;407;"Personnes handicapées bénéficiant d'une aide sociale à l'hébergement en foyer d'hébergement, depuis 2000 
 Données au 31 décembre"
11;95;407;409;422;424;439;437;434;147;401;410;361;383;422;398;438;455;384;391;400;382;389;381;374;373;380;"Personnes handicapées bénéficiant d'une aide sociale à l'hébergement en foyer d'hébergement, depuis 2000 
 Données au 31 décembre"
101;971;19;4;4;35;34;0;0;0;0;28;30;33;37;42;42;43;43;40;40;35;21;39;48;46;33;"Personnes handicapées bénéficiant d'une aide sociale à l'hébergement en foyer d'hébergement, depuis 2000 
 Données au 31 décembre"
102;972;0;6;21;6;18;21;23;24;30;34;31;28;33;33;31;29;35;36;28;27;26;26;27;28;28;"Personnes handicapées bénéficiant d'une aide sociale à l'hébergement en foyer d'hébergement, depuis 2000 
 Données au 31 décembre"
103;973;0;0;9;9;9;5;5;7;8;10;4;5;6;6;6;6;5;6;6;6;6;6;6;6;6;"Personnes handicapées bénéficiant d'une aide sociale à l'hébergement en foyer d'hébergement, depuis 2000 
 Données au 31 décembre"
104;974;205;153;136;99;74;70;63;59;52;45;39;162;144;148;136;136;126;120;137;140;133;145;169;202;139;"Personnes handicapées bénéficiant d'une aide sociale à l'hébergement en foyer d'hébergement, depuis 2000 
 Données au 31 décembre"
84;1;105;101;99;95;97;95;99;101;106;120;120;148;151;159;167;171;177;182;220;256;257;260;267;264;298;"Personnes handicapées bénéficiant d'une aide sociale à l'hébergement en foyer occupationnel (ou foyer de vie), depuis 2000 
 Données au 31 décembre"
32;2;268;218;249;256;229;213;227;332;359;342;355;374;394;400;434;326;385;403;403;416;428;408;443;429;442;"Personnes handicapées bénéficiant d'une aide sociale à l'hébergement en foyer occupationnel (ou foyer de vie), depuis 2000 
 Données au 31 décembre"
84;3;207;240;241;233;226;228;232;228;237;232;229;242;243;235;288;290;246;255;293;313;299;301;303;314;314;"Personnes handicapées bénéficiant d'une aide sociale à l'hébergement en foyer occupationnel (ou foyer de vie), depuis 2000 
 Données au 31 décembre"
93;4;118;139;37;34;35;38;39;48;50;51;61;62;67;72;84;88;100;102;103;101;99;100;103;97;99;"Personnes handicapées bénéficiant d'une aide sociale à l'hébergement en foyer occupationnel (ou foyer de vie), depuis 2000 
 Données au 31 décembre"
93;5;112;49;48;71;43;49;51;55;57;66;63;54;59;64;56;72;74;76;71;74;78;80;72;95;96;"Personnes handicapées bénéficiant d'une aide sociale à l'hébergement en foyer occupationnel (ou foyer de vie), depuis 2000 
 Données au 31 décembre"
93;6;0;0;0;0;0;0;279;214;225;347;308;308;397;402;365;365;372;366;367;367;373;370;467;468;474;"Personnes handicapées bénéficiant d'une aide sociale à l'hébergement en foyer occupationnel (ou foyer de vie), depuis 2000 
 Données au 31 décembre"
84;7;154;161;155;161;199;203;197;193;208;208;208;220;228;234;237;238;232;265;254;256;252;255;0;0;251;"Personnes handicapées bénéficiant d'une aide sociale à l'hébergement en foyer occupationnel (ou foyer de vie), depuis 2000 
 Données au 31 décembre"
44;8;237;238;237;256;269;284;276;266;262;302;272;283;303;313;322;329;366;374;337;355;328;368;380;381;382;"Personnes handicapées bénéficiant d'une aide sociale à l'hébergement en foyer occupationnel (ou foyer de vie), depuis 2000 
 Données au 31 décembre"
76;9;23;17;40;41;61;49;52;48;36;52;60;77;72;72;62;74;64;67;69;59;68;68;44;64;72;"Personnes handicapées bénéficiant d'une aide sociale à l'hébergement en foyer occupationnel (ou foyer de vie), depuis 2000 
 Données au 31 décembre"
44;10;85;183;180;187;186;220;169;169;192;153;131;204;225;255;275;276;284;286;287;282;279;293;288;309;313;"Personnes handicapées bénéficiant d'une aide sociale à l'hébergement en foyer occupationnel (ou foyer de vie), depuis 2000 
 Données au 31 décembre"
76;11;94;103;107;110;112;87;98;111;128;150;183;203;208;208;217;186;184;192;194;192;193;196;194;224;223;"Personnes handicapées bénéficiant d'une aide sociale à l'hébergement en foyer occupationnel (ou foyer de vie), depuis 2000 
 Données au 31 décembre"
76;12;161;156;159;177;153;152;226;230;240;240;234;237;246;322;331;326;325;356;352;346;380;365;374;370;369;"Personnes handicapées bénéficiant d'une aide sociale à l'hébergement en foyer occupationnel (ou foyer de vie), depuis 2000 
 Données au 31 décembre"
93;13;797;942;951;950;966;971;1010;1112;1101;1103;991;1312;1400;1437;1614;1665;1697;1732;1771;1780;1778;1852;2176;2495;2528;"Personnes handicapées bénéficiant d'une aide sociale à l'hébergement en foyer occupationnel (ou foyer de vie), depuis 2000 
 Données au 31 décembre"
28;14;206;229;232;236;250;254;430;205;203;214;250;295;313;336;383;398;402;382;400;410;433;434;461;466;506;"Personnes handicapées bénéficiant d'une aide sociale à l'hébergement en foyer occupationnel (ou foyer de vie), depuis 2000 
 Données au 31 décembre"
84;15;51;71;84;74;73;72;80;85;107;98;126;102;104;134;132;150;93;123;148;127;138;154;140;164;175;"Personnes handicapées bénéficiant d'une aide sociale à l'hébergement en foyer occupationnel (ou foyer de vie), depuis 2000 
 Données au 31 décembre"
75;16;133;143;128;137;121;161;160;168;169;165;166;214;208;213;216;225;225;255;270;273;270;275;273;275;274;"Personnes handicapées bénéficiant d'une aide sociale à l'hébergement en foyer occupationnel (ou foyer de vie), depuis 2000 
 Données au 31 décembre"
75;17;398;412;404;409;398;429;455;532;548;451;451;483;599;604;625;626;647;685;691;692;624;528;695;694;705;"Personnes handicapées bénéficiant d'une aide sociale à l'hébergement en foyer occupationnel (ou foyer de vie), depuis 2000 
 Données au 31 décembre"
24;18;294;286;296;147;164;166;168;145;144;149;175;184;202;213;224;233;264;261;224;262;230;237;239;232;235;"Personnes handicapées bénéficiant d'une aide sociale à l'hébergement en foyer occupationnel (ou foyer de vie), depuis 2000 
 Données au 31 décembre"
75;19;175;157;183;185;190;193;197;210;218;219;220;225;232;227;243;253;268;267;267;268;276;284;279;279;286;"Personnes handicapées bénéficiant d'une aide sociale à l'hébergement en foyer occupationnel (ou foyer de vie), depuis 2000 
 Données au 31 décembre"
94;20;32;2;3;4;5;1;0;0;0;0;0;0;0;0;1;2;1;1;0;0;0;0;1;2;3;"Personnes handicapées bénéficiant d'une aide sociale à l'hébergement en foyer occupationnel (ou foyer de vie), depuis 2000 
 Données au 31 décembre"
27;21;175;183;185;180;176;180;175;187;199;300;284;210;228;216;231;310;227;196;218;214;218;219;215;201;204;"Personnes handicapées bénéficiant d'une aide sociale à l'hébergement en foyer occupationnel (ou foyer de vie), depuis 2000 
 Données au 31 décembre"
53;22;272;171;298;275;294;348;423;421;436;446;425;436;429;468;460;475;488;511;785;999;923;586;534;626;642;"Personnes handicapées bénéficiant d'une aide sociale à l'hébergement en foyer occupationnel (ou foyer de vie), depuis 2000 
 Données au 31 décembre"
75;23;30;38;38;40;44;46;54;59;65;66;66;72;83;79;91;101;133;134;138;136;139;116;119;128;135;"Personnes handicapées bénéficiant d'une aide sociale à l'hébergement en foyer occupationnel (ou foyer de vie), depuis 2000 
 Données au 31 décembre"
75;24;291;308;365;340;354;317;311;280;291;291;306;291;287;329;340;340;356;366;372;380;369;389;388;407;407;"Personnes handicapées bénéficiant d'une aide sociale à l'hébergement en foyer occupationnel (ou foyer de vie), depuis 2000 
 Données au 31 décembre"
27;25;173;189;192;143;200;223;302;285;299;289;293;308;289;291;290;367;370;386;357;352;330;320;328;337;348;"Personnes handicapées bénéficiant d'une aide sociale à l'hébergement en foyer occupationnel (ou foyer de vie), depuis 2000 
 Données au 31 décembre"
84;26;256;266;270;250;319;345;377;391;407;425;442;402;364;364;361;356;362;377;380;392;383;386;380;391;397;"Personnes handicapées bénéficiant d'une aide sociale à l'hébergement en foyer occupationnel (ou foyer de vie), depuis 2000 
 Données au 31 décembre"
28;27;322;364;364;351;361;357;352;352;349;362;372;384;391;388;392;427;439;440;438;446;462;467;479;478;488;"Personnes handicapées bénéficiant d'une aide sociale à l'hébergement en foyer occupationnel (ou foyer de vie), depuis 2000 
 Données au 31 décembre"
24;28;303;318;319;319;339;333;318;328;329;345;319;361;352;309;300;205;338;341;336;331;339;339;344;346;353;"Personnes handicapées bénéficiant d'une aide sociale à l'hébergement en foyer occupationnel (ou foyer de vie), depuis 2000 
 Données au 31 décembre"
53;29;509;467;489;539;595;634;673;589;746;641;641;719;733;699;809;854;884;900;800;835;834;828;867;911;922;"Personnes handicapées bénéficiant d'une aide sociale à l'hébergement en foyer occupationnel (ou foyer de vie), depuis 2000 
 Données au 31 décembre"
76;30;189;235;248;263;266;352;233;296;365;197;209;263;233;245;277;283;281;302;319;318;303;316;324;334;338;"Personnes handicapées bénéficiant d'une aide sociale à l'hébergement en foyer occupationnel (ou foyer de vie), depuis 2000 
 Données au 31 décembre"
76;31;904;823;795;906;839;859;891;884;856;857;795;631;707;809;780;809;819;846;848;825;810;865;888;927;942;"Personnes handicapées bénéficiant d'une aide sociale à l'hébergement en foyer occupationnel (ou foyer de vie), depuis 2000 
 Données au 31 décembre"
76;32;123;130;135;135;139;138;143;145;220;170;174;173;156;167;155;161;164;167;179;153;150;154;158;140;160;"Personnes handicapées bénéficiant d'une aide sociale à l'hébergement en foyer occupationnel (ou foyer de vie), depuis 2000 
 Données au 31 décembre"
75;33;479;441;507;547;622;525;630;656;629;606;607;621;609;659;715;780;943;869;892;914;895;902;877;875;952;"Personnes handicapées bénéficiant d'une aide sociale à l'hébergement en foyer occupationnel (ou foyer de vie), depuis 2000 
 Données au 31 décembre"
76;34;263;296;329;380;407;371;329;363;374;373;405;409;401;409;403;402;406;408;414;414;430;449;451;476;509;"Personnes handicapées bénéficiant d'une aide sociale à l'hébergement en foyer occupationnel (ou foyer de vie), depuis 2000 
 Données au 31 décembre"
53;35;598;455;461;461;493;537;600;634;634;656;668;712;788;837;788;811;814;832;837;860;849;893;915;899;1110;"Personnes handicapées bénéficiant d'une aide sociale à l'hébergement en foyer occupationnel (ou foyer de vie), depuis 2000 
 Données au 31 décembre"
24;36;236;240;259;254;257;257;210;182;188;157;156;164;164;163;163;152;155;157;160;157;147;155;161;158;158;"Personnes handicapées bénéficiant d'une aide sociale à l'hébergement en foyer occupationnel (ou foyer de vie), depuis 2000 
 Données au 31 décembre"
24;37;271;351;260;378;367;378;420;457;457;482;428;402;395;297;324;303;280;420;416;411;292;426;435;447;455;"Personnes handicapées bénéficiant d'une aide sociale à l'hébergement en foyer occupationnel (ou foyer de vie), depuis 2000 
 Données au 31 décembre"
84;38;278;377;401;410;413;417;326;387;408;442;415;522;533;432;466;465;462;463;475;493;497;437;446;477;478;"Personnes handicapées bénéficiant d'une aide sociale à l'hébergement en foyer occupationnel (ou foyer de vie), depuis 2000 
 Données au 31 décembre"
27;39;188;192;212;209;206;204;216;212;200;203;210;212;217;230;230;228;243;236;229;231;238;228;223;231;0;"Personnes handicapées bénéficiant d'une aide sociale à l'hébergement en foyer occupationnel (ou foyer de vie), depuis 2000 
 Données au 31 décembre"
75;40;238;217;231;228;229;233;234;246;265;268;244;271;278;202;210;218;604;613;613;665;576;611;742;750;625;"Personnes handicapées bénéficiant d'une aide sociale à l'hébergement en foyer occupationnel (ou foyer de vie), depuis 2000 
 Données au 31 décembre"
24;41;242;247;254;240;264;280;313;204;201;229;239;242;244;217;231;213;223;233;238;249;235;241;218;228;249;"Personnes handicapées bénéficiant d'une aide sociale à l'hébergement en foyer occupationnel (ou foyer de vie), depuis 2000 
 Données au 31 décembre"
84;42;272;283;293;297;322;342;342;348;351;425;418;536;594;599;615;630;643;657;669;673;660;673;686;710;726;"Personnes handicapées bénéficiant d'une aide sociale à l'hébergement en foyer occupationnel (ou foyer de vie), depuis 2000 
 Données au 31 décembre"
84;43;49;40;41;42;41;33;70;110;114;117;100;102;97;97;102;181;184;196;198;206;216;219;223;225;218;"Personnes handicapées bénéficiant d'une aide sociale à l'hébergement en foyer occupationnel (ou foyer de vie), depuis 2000 
 Données au 31 décembre"
52;44;751;627;670;722;820;850;857;862;875;930;970;1017;1012;1033;1043;1038;1020;1027;1046;1057;1083;1084;1102;1100;1112;"Personnes handicapées bénéficiant d'une aide sociale à l'hébergement en foyer occupationnel (ou foyer de vie), depuis 2000 
 Données au 31 décembre"
24;45;355;414;427;481;467;484;503;523;546;572;571;568;616;608;612;583;617;417;431;431;421;555;641;551;571;"Personnes handicapées bénéficiant d'une aide sociale à l'hébergement en foyer occupationnel (ou foyer de vie), depuis 2000 
 Données au 31 décembre"
76;46;143;136;138;146;148;157;160;156;170;190;189;197;208;184;198;203;210;252;268;277;283;249;270;273;302;"Personnes handicapées bénéficiant d'une aide sociale à l'hébergement en foyer occupationnel (ou foyer de vie), depuis 2000 
 Données au 31 décembre"
75;47;247;269;275;301;318;318;296;316;319;315;320;317;315;301;302;300;301;299;296;298;293;289;291;291;297;"Personnes handicapées bénéficiant d'une aide sociale à l'hébergement en foyer occupationnel (ou foyer de vie), depuis 2000 
 Données au 31 décembre"
76;48;56;54;56;54;60;77;93;80;89;91;100;100;98;101;105;104;108;110;123;121;119;111;114;124;125;"Personnes handicapées bénéficiant d'une aide sociale à l'hébergement en foyer occupationnel (ou foyer de vie), depuis 2000 
 Données au 31 décembre"
52;49;425;546;524;441;487;457;480;501;400;534;543;493;613;584;582;615;623;651;657;675;670;693;673;691;714;"Personnes handicapées bénéficiant d'une aide sociale à l'hébergement en foyer occupationnel (ou foyer de vie), depuis 2000 
 Données au 31 décembre"
28;50;214;229;213;223;261;266;267;262;308;300;319;344;333;346;349;343;341;335;269;370;363;448;711;668;517;"Personnes handicapées bénéficiant d'une aide sociale à l'hébergement en foyer occupationnel (ou foyer de vie), depuis 2000 
 Données au 31 décembre"
44;51;258;270;289;284;284;279;289;283;289;330;339;342;358;386;395;409;408;410;410;422;403;426;442;456;460;"Personnes handicapées bénéficiant d'une aide sociale à l'hébergement en foyer occupationnel (ou foyer de vie), depuis 2000 
 Données au 31 décembre"
44;52;75;81;143;89;28;24;107;111;110;137;148;159;159;169;167;173;292;190;189;181;188;178;183;186;187;"Personnes handicapées bénéficiant d'une aide sociale à l'hébergement en foyer occupationnel (ou foyer de vie), depuis 2000 
 Données au 31 décembre"
52;53;235;248;273;146;167;161;169;186;173;167;168;187;188;264;249;246;286;291;300;0;254;262;315;748;804;"Personnes handicapées bénéficiant d'une aide sociale à l'hébergement en foyer occupationnel (ou foyer de vie), depuis 2000 
 Données au 31 décembre"
44;54;222;272;272;262;310;298;322;353;347;343;339;370;388;400;397;409;412;425;404;425;388;398;405;394;391;"Personnes handicapées bénéficiant d'une aide sociale à l'hébergement en foyer occupationnel (ou foyer de vie), depuis 2000 
 Données au 31 décembre"
44;55;90;93;98;96;101;113;130;145;150;180;187;178;189;192;189;150;151;151;158;163;155;172;184;188;191;"Personnes handicapées bénéficiant d'une aide sociale à l'hébergement en foyer occupationnel (ou foyer de vie), depuis 2000 
 Données au 31 décembre"
53;56;399;398;26;25;19;25;27;29;385;425;430;427;476;478;502;499;502;506;503;535;527;575;585;623;588;"Personnes handicapées bénéficiant d'une aide sociale à l'hébergement en foyer occupationnel (ou foyer de vie), depuis 2000 
 Données au 31 décembre"
44;57;84;92;121;121;178;213;233;275;268;305;339;354;368;386;402;386;408;409;409;386;395;401;416;412;431;"Personnes handicapées bénéficiant d'une aide sociale à l'hébergement en foyer occupationnel (ou foyer de vie), depuis 2000 
 Données au 31 décembre"
27;58;192;168;201;196;213;200;207;224;240;246;252;263;271;253;254;270;243;270;261;282;277;278;276;276;241;"Personnes handicapées bénéficiant d'une aide sociale à l'hébergement en foyer occupationnel (ou foyer de vie), depuis 2000 
 Données au 31 décembre"
32;59;1270;1109;1128;1236;1971;2147;1939;2044;2019;2010;2335;1947;2064;2087;2004;1953;2056;2124;2153;2127;2116;2100;2091;2096;2114;"Personnes handicapées bénéficiant d'une aide sociale à l'hébergement en foyer occupationnel (ou foyer de vie), depuis 2000 
 Données au 31 décembre"
32;60;360;393;412;394;425;462;430;443;229;240;634;672;698;695;723;782;761;775;797;784;771;675;671;647;659;"Personnes handicapées bénéficiant d'une aide sociale à l'hébergement en foyer occupationnel (ou foyer de vie), depuis 2000 
 Données au 31 décembre"
28;61;32;38;166;167;157;155;161;168;191;198;205;232;233;244;271;267;259;278;296;288;297;291;289;303;293;"Personnes handicapées bénéficiant d'une aide sociale à l'hébergement en foyer occupationnel (ou foyer de vie), depuis 2000 
 Données au 31 décembre"
32;62;842;585;672;706;810;883;945;890;863;890;851;855;905;922;937;966;995;1044;984;1274;1212;1128;1162;1109;1133;"Personnes handicapées bénéficiant d'une aide sociale à l'hébergement en foyer occupationnel (ou foyer de vie), depuis 2000 
 Données au 31 décembre"
84;63;580;389;377;401;407;408;413;426;417;412;394;434;454;473;480;531;546;554;558;560;522;522;529;568;573;"Personnes handicapées bénéficiant d'une aide sociale à l'hébergement en foyer occupationnel (ou foyer de vie), depuis 2000 
 Données au 31 décembre"
75;64;312;309;304;297;316;326;325;340;325;350;336;338;329;330;342;332;321;357;361;383;387;372;398;401;367;"Personnes handicapées bénéficiant d'une aide sociale à l'hébergement en foyer occupationnel (ou foyer de vie), depuis 2000 
 Données au 31 décembre"
76;65;40;37;80;13;178;178;19;26;26;53;53;57;64;66;75;78;62;82;83;104;103;107;118;128;141;"Personnes handicapées bénéficiant d'une aide sociale à l'hébergement en foyer occupationnel (ou foyer de vie), depuis 2000 
 Données au 31 décembre"
76;66;204;197;174;185;178;187;185;199;196;200;198;206;208;188;195;203;208;243;245;247;245;251;257;263;269;"Personnes handicapées bénéficiant d'une aide sociale à l'hébergement en foyer occupationnel (ou foyer de vie), depuis 2000 
 Données au 31 décembre"
44;67;538;534;567;512;553;610;649;481;472;550;0;0;0;0;0;0;0;0;553;0;0;0;193;184;170;"Personnes handicapées bénéficiant d'une aide sociale à l'hébergement en foyer occupationnel (ou foyer de vie), depuis 2000 
 Données au 31 décembre"
44;68;489;492;540;539;527;525;507;523;520;565;495;506;596;567;719;736;709;650;707;725;709;648;764;742;664;"Personnes handicapées bénéficiant d'une aide sociale à l'hébergement en foyer occupationnel (ou foyer de vie), depuis 2000 
 Données au 31 décembre"
84;69;721;689;745;783;727;840;868;883;883;902;1015;999;1054;1113;1090;;;;;;;;;;;"Personnes handicapées bénéficiant d'une aide sociale à l'hébergement en foyer occupationnel (ou foyer de vie), depuis 2000 
 Données au 31 décembre"
27;70;73;80;84;84;196;200;203;202;208;201;205;185;107;107;110;117;117;131;134;141;143;150;162;160;160;"Personnes handicapées bénéficiant d'une aide sociale à l'hébergement en foyer occupationnel (ou foyer de vie), depuis 2000 
 Données au 31 décembre"
27;71;441;636;467;495;532;508;460;471;474;485;470;484;505;522;506;521;528;541;547;564;539;571;540;570;559;"Personnes handicapées bénéficiant d'une aide sociale à l'hébergement en foyer occupationnel (ou foyer de vie), depuis 2000 
 Données au 31 décembre"
52;72;399;413;388;387;435;384;318;402;458;494;471;487;475;489;507;495;498;500;489;489;485;489;492;496;512;"Personnes handicapées bénéficiant d'une aide sociale à l'hébergement en foyer occupationnel (ou foyer de vie), depuis 2000 
 Données au 31 décembre"
84;73;86;93;92;100;91;90;87;86;83;112;141;150;193;179;187;182;193;230;231;240;232;227;226;227;218;"Personnes handicapées bénéficiant d'une aide sociale à l'hébergement en foyer occupationnel (ou foyer de vie), depuis 2000 
 Données au 31 décembre"
84;74;146;171;174;158;161;234;393;386;358;342;234;240;249;251;264;274;288;307;311;335;341;351;366;376;368;"Personnes handicapées bénéficiant d'une aide sociale à l'hébergement en foyer occupationnel (ou foyer de vie), depuis 2000 
 Données au 31 décembre"
11;75;957;944;945;982;1026;1037;1032;1098;1070;1025;1003;1029;1050;1031;1127;1373;1329;1294;1275;1227;1170;1131;1073;1045;1002;"Personnes handicapées bénéficiant d'une aide sociale à l'hébergement en foyer occupationnel (ou foyer de vie), depuis 2000 
 Données au 31 décembre"
28;76;1154;916;886;991;878;967;995;1008;960;777;749;742;703;714;570;664;656;677;675;692;682;653;812;754;737;"Personnes handicapées bénéficiant d'une aide sociale à l'hébergement en foyer occupationnel (ou foyer de vie), depuis 2000 
 Données au 31 décembre"
11;77;1140;1176;1257;1379;1457;1461;659;612;591;546;589;630;648;825;914;966;989;1332;1341;1146;1174;789;809;767;787;"Personnes handicapées bénéficiant d'une aide sociale à l'hébergement en foyer occupationnel (ou foyer de vie), depuis 2000 
 Données au 31 décembre"
11;78;583;711;629;659;875;860;784;833;892;918;819;914;926;935;899;914;966;928;927;896;895;894;821;818;791;"Personnes handicapées bénéficiant d'une aide sociale à l'hébergement en foyer occupationnel (ou foyer de vie), depuis 2000 
 Données au 31 décembre"
75;79;343;352;335;303;303;384;395;329;410;347;354;387;467;473;463;463;459;462;473;464;460;464;474;473;501;"Personnes handicapées bénéficiant d'une aide sociale à l'hébergement en foyer occupationnel (ou foyer de vie), depuis 2000 
 Données au 31 décembre"
32;80;551;539;509;446;493;503;472;427;534;606;646;714;660;643;491;519;521;527;535;542;528;527;534;522;519;"Personnes handicapées bénéficiant d'une aide sociale à l'hébergement en foyer occupationnel (ou foyer de vie), depuis 2000 
 Données au 31 décembre"
76;81;292;158;334;299;320;332;318;312;296;341;359;396;407;418;403;457;469;452;512;574;576;593;602;610;613;"Personnes handicapées bénéficiant d'une aide sociale à l'hébergement en foyer occupationnel (ou foyer de vie), depuis 2000 
 Données au 31 décembre"
76;82;272;293;267;271;275;276;335;265;283;324;256;268;274;272;271;268;324;266;268;288;291;270;288;282;293;"Personnes handicapées bénéficiant d'une aide sociale à l'hébergement en foyer occupationnel (ou foyer de vie), depuis 2000 
 Données au 31 décembre"
93;83;313;348;360;318;382;383;404;425;433;444;442;486;503;535;548;545;574;580;576;568;576;572;581;588;588;"Personnes handicapées bénéficiant d'une aide sociale à l'hébergement en foyer occupationnel (ou foyer de vie), depuis 2000 
 Données au 31 décembre"
93;84;214;214;227;235;258;229;234;238;233;225;228;251;265;270;286;279;280;289;293;301;312;321;317;383;438;"Personnes handicapées bénéficiant d'une aide sociale à l'hébergement en foyer occupationnel (ou foyer de vie), depuis 2000 
 Données au 31 décembre"
52;85;358;374;464;486;528;556;570;575;597;613;637;656;794;782;837;861;878;921;906;959;996;985;976;1005;999;"Personnes handicapées bénéficiant d'une aide sociale à l'hébergement en foyer occupationnel (ou foyer de vie), depuis 2000 
 Données au 31 décembre"
75;86;123;118;133;131;130;144;124;137;137;159;184;180;194;210;214;189;250;240;233;232;247;250;262;279;286;"Personnes handicapées bénéficiant d'une aide sociale à l'hébergement en foyer occupationnel (ou foyer de vie), depuis 2000 
 Données au 31 décembre"
75;87;312;283;328;379;383;383;386;391;430;387;382;391;386;376;340;408;411;430;416;540;427;409;405;407;407;"Personnes handicapées bénéficiant d'une aide sociale à l'hébergement en foyer occupationnel (ou foyer de vie), depuis 2000 
 Données au 31 décembre"
44;88;165;185;239;240;259;285;290;305;309;308;338;328;349;360;362;366;359;397;404;401;393;395;395;404;413;"Personnes handicapées bénéficiant d'une aide sociale à l'hébergement en foyer occupationnel (ou foyer de vie), depuis 2000 
 Données au 31 décembre"
27;89;413;432;453;452;486;468;515;513;507;508;527;527;517;502;525;523;509;508;534;525;496;472;471;483;499;"Personnes handicapées bénéficiant d'une aide sociale à l'hébergement en foyer occupationnel (ou foyer de vie), depuis 2000 
 Données au 31 décembre"
27;90;45;40;4;4;13;13;13;15;11;9;10;15;24;27;53;51;55;62;63;70;73;80;89;82;91;"Personnes handicapées bénéficiant d'une aide sociale à l'hébergement en foyer occupationnel (ou foyer de vie), depuis 2000 
 Données au 31 décembre"
11;91;590;598;555;749;715;740;830;834;900;976;999;1080;1085;1185;1235;1244;1334;1332;1373;1478;1466;1491;1473;1544;1589;"Personnes handicapées bénéficiant d'une aide sociale à l'hébergement en foyer occupationnel (ou foyer de vie), depuis 2000 
 Données au 31 décembre"
11;92;796;853;848;1162;1212;955;985;713;645;956;613;590;631;625;659;664;675;665;648;647;752;742;743;769;741;"Personnes handicapées bénéficiant d'une aide sociale à l'hébergement en foyer occupationnel (ou foyer de vie), depuis 2000 
 Données au 31 décembre"
11;93;688;647;711;736;767;747;860;821;863;1102;858;806;758;777;789;799;820;1004;799;811;744;767;770;762;785;"Personnes handicapées bénéficiant d'une aide sociale à l'hébergement en foyer occupationnel (ou foyer de vie), depuis 2000 
 Données au 31 décembre"
11;94;474;503;542;551;571;615;650;657;662;459;471;516;498;443;427;396;393;413;403;384;397;415;389;397;390;"Personnes handicapées bénéficiant d'une aide sociale à l'hébergement en foyer occupationnel (ou foyer de vie), depuis 2000 
 Données au 31 décembre"
11;95;280;267;309;324;335;354;365;433;439;449;430;404;541;552;603;627;672;748;682;691;700;703;701;705;736;"Personnes handicapées bénéficiant d'une aide sociale à l'hébergement en foyer occupationnel (ou foyer de vie), depuis 2000 
 Données au 31 décembre"
101;971;195;15;15;15;16;248;250;250;258;270;307;283;324;0;0;0;0;0;0;0;0;0;0;0;0;"Personnes handicapées bénéficiant d'une aide sociale à l'hébergement en foyer occupationnel (ou foyer de vie), depuis 2000 
 Données au 31 décembre"
102;972;32;28;20;24;22;32;33;33;34;34;34;34;37;38;38;40;41;42;74;73;72;73;75;77;78;"Personnes handicapées bénéficiant d'une aide sociale à l'hébergement en foyer occupationnel (ou foyer de vie), depuis 2000 
 Données au 31 décembre"
103;973;0;0;0;0;3;3;3;0;0;0;4;3;3;4;4;3;3;3;2;2;2;2;2;2;2;"Personnes handicapées bénéficiant d'une aide sociale à l'hébergement en foyer occupationnel (ou foyer de vie), depuis 2000 
 Données au 31 décembre"
104;974;222;215;219;183;168;160;143;133;117;102;88;346;85;89;93;90;122;134;144;142;138;136;146;175;586;"Personnes handicapées bénéficiant d'une aide sociale à l'hébergement en foyer occupationnel (ou foyer de vie), depuis 2000 
 Données au 31 décembre"
84;1;20;49;43;43;45;44;46;53;56;62;65;79;91;97;109;139;147;212;218;228;231;234;226;223;230;"Personnes handicapées bénéficiant d'une aide sociale à l'hébergement en EHPA, EHPAD, unité de soins de longue durée, depuis 2000 
 Données au 31 décembre"
32;2;50;40;46;47;79;45;51;43;41;30;23;18;13;12;13;18;18;22;18;23;23;49;33;26;23;"Personnes handicapées bénéficiant d'une aide sociale à l'hébergement en EHPA, EHPAD, unité de soins de longue durée, depuis 2000 
 Données au 31 décembre"
84;3;44;52;37;40;45;43;36;35;32;49;45;45;44;42;41;43;84;43;41;50;50;51;55;56;49;"Personnes handicapées bénéficiant d'une aide sociale à l'hébergement en EHPA, EHPAD, unité de soins de longue durée, depuis 2000 
 Données au 31 décembre"
93;4;16;14;1;3;3;2;2;3;2;9;12;18;26;37;54;68;72;73;74;73;72;73;75;123;122;"Personnes handicapées bénéficiant d'une aide sociale à l'hébergement en EHPA, EHPAD, unité de soins de longue durée, depuis 2000 
 Données au 31 décembre"
93;5;13;6;6;5;6;9;12;15;23;43;55;62;70;73;67;76;71;73;79;74;71;70;64;70;71;"Personnes handicapées bénéficiant d'une aide sociale à l'hébergement en EHPA, EHPAD, unité de soins de longue durée, depuis 2000 
 Données au 31 décembre"
93;6;117;137;149;116;121;114;80;52;36;80;85;119;71;52;60;47;44;51;122;110;52;54;60;74;75;"Personnes handicapées bénéficiant d'une aide sociale à l'hébergement en EHPA, EHPAD, unité de soins de longue durée, depuis 2000 
 Données au 31 décembre"
84;7;16;0;13;13;0;0;0;0;0;0;27;29;22;26;27;32;38;42;40;0;0;0;0;0;66;"Personnes handicapées bénéficiant d'une aide sociale à l'hébergement en EHPA, EHPAD, unité de soins de longue durée, depuis 2000 
 Données au 31 décembre"
44;8;22;21;24;26;21;17;16;17;14;12;9;13;10;4;15;16;15;22;20;33;44;34;39;37;26;"Personnes handicapées bénéficiant d'une aide sociale à l'hébergement en EHPA, EHPAD, unité de soins de longue durée, depuis 2000 
 Données au 31 décembre"
76;9;7;25;0;0;0;17;17;17;17;20;15;0;0;0;0;63;60;40;79;28;118;143;95;140;142;"Personnes handicapées bénéficiant d'une aide sociale à l'hébergement en EHPA, EHPAD, unité de soins de longue durée, depuis 2000 
 Données au 31 décembre"
44;10;32;43;34;49;42;50;38;38;43;29;40;63;89;145;149;152;150;154;160;172;188;206;228;227;239;"Personnes handicapées bénéficiant d'une aide sociale à l'hébergement en EHPA, EHPAD, unité de soins de longue durée, depuis 2000 
 Données au 31 décembre"
76;11;26;20;19;21;19;17;18;16;17;12;14;15;15;17;178;196;240;265;287;289;292;325;322;327;325;"Personnes handicapées bénéficiant d'une aide sociale à l'hébergement en EHPA, EHPAD, unité de soins de longue durée, depuis 2000 
 Données au 31 décembre"
76;12;0;37;32;0;0;4;4;11;3;13;38;80;124;145;226;242;269;280;290;285;302;296;282;307;311;"Personnes handicapées bénéficiant d'une aide sociale à l'hébergement en EHPA, EHPAD, unité de soins de longue durée, depuis 2000 
 Données au 31 décembre"
93;13;262;153;152;153;149;192;151;214;212;212;191;114;102;115;117;110;103;123;119;106;100;110;125;144;146;"Personnes handicapées bénéficiant d'une aide sociale à l'hébergement en EHPA, EHPAD, unité de soins de longue durée, depuis 2000 
 Données au 31 décembre"
28;14;143;164;170;153;154;130;111;97;107;91;79;71;70;65;69;72;69;59;60;58;51;50;50;42;38;"Personnes handicapées bénéficiant d'une aide sociale à l'hébergement en EHPA, EHPAD, unité de soins de longue durée, depuis 2000 
 Données au 31 décembre"
84;15;23;23;18;23;38;38;39;48;16;17;17;7;7;7;7;14;14;52;115;125;129;128;130;157;159;"Personnes handicapées bénéficiant d'une aide sociale à l'hébergement en EHPA, EHPAD, unité de soins de longue durée, depuis 2000 
 Données au 31 décembre"
75;16;89;80;77;83;73;74;68;70;80;91;190;240;289;353;386;411;439;446;450;425;406;409;416;428;454;"Personnes handicapées bénéficiant d'une aide sociale à l'hébergement en EHPA, EHPAD, unité de soins de longue durée, depuis 2000 
 Données au 31 décembre"
75;17;48;58;57;58;51;101;111;124;56;142;94;214;177;263;234;255;291;313;323;463;468;476;401;448;457;"Personnes handicapées bénéficiant d'une aide sociale à l'hébergement en EHPA, EHPAD, unité de soins de longue durée, depuis 2000 
 Données au 31 décembre"
24;18;23;22;23;14;20;22;24;36;46;50;56;58;84;119;125;130;241;260;279;283;261;268;274;295;310;"Personnes handicapées bénéficiant d'une aide sociale à l'hébergement en EHPA, EHPAD, unité de soins de longue durée, depuis 2000 
 Données au 31 décembre"
75;19;16;18;21;21;0;0;44;72;75;104;155;170;188;210;225;234;221;225;240;251;0;265;254;294;301;"Personnes handicapées bénéficiant d'une aide sociale à l'hébergement en EHPA, EHPAD, unité de soins de longue durée, depuis 2000 
 Données au 31 décembre"
94;20;214;260;320;403;527;20;4;3;11;20;20;22;79;126;132;128;131;94;18;17;18;18;263;278;274;"Personnes handicapées bénéficiant d'une aide sociale à l'hébergement en EHPA, EHPAD, unité de soins de longue durée, depuis 2000 
 Données au 31 décembre"
27;21;69;75;87;86;76;86;77;76;69;100;118;125;117;123;122;123;143;176;241;312;364;413;442;454;479;"Personnes handicapées bénéficiant d'une aide sociale à l'hébergement en EHPA, EHPAD, unité de soins de longue durée, depuis 2000 
 Données au 31 décembre"
53;22;23;25;22;27;27;30;48;54;46;48;46;37;34;41;28;29;22;20;28;29;39;63;82;81;89;"Personnes handicapées bénéficiant d'une aide sociale à l'hébergement en EHPA, EHPAD, unité de soins de longue durée, depuis 2000 
 Données au 31 décembre"
75;23;16;17;17;0;0;0;1;2;1;1;0;0;4;9;33;38;19;16;29;48;51;103;83;81;95;"Personnes handicapées bénéficiant d'une aide sociale à l'hébergement en EHPA, EHPAD, unité de soins de longue durée, depuis 2000 
 Données au 31 décembre"
75;24;62;72;72;62;58;48;57;44;63;53;85;49;42;39;40;42;37;39;37;35;34;29;29;26;27;"Personnes handicapées bénéficiant d'une aide sociale à l'hébergement en EHPA, EHPAD, unité de soins de longue durée, depuis 2000 
 Données au 31 décembre"
27;25;65;51;59;38;32;37;84;58;73;134;202;212;279;296;309;229;230;250;282;313;336;353;349;371;365;"Personnes handicapées bénéficiant d'une aide sociale à l'hébergement en EHPA, EHPAD, unité de soins de longue durée, depuis 2000 
 Données au 31 décembre"
84;26;35;48;50;48;56;67;52;34;35;9;7;5;6;8;27;32;27;18;16;20;15;22;32;28;31;"Personnes handicapées bénéficiant d'une aide sociale à l'hébergement en EHPA, EHPAD, unité de soins de longue durée, depuis 2000 
 Données au 31 décembre"
28;27;97;94;89;93;93;88;87;79;17;56;48;40;37;44;29;2;1;19;19;20;20;5;3;4;25;"Personnes handicapées bénéficiant d'une aide sociale à l'hébergement en EHPA, EHPAD, unité de soins de longue durée, depuis 2000 
 Données au 31 décembre"
24;28;68;67;61;47;50;51;45;27;42;33;26;27;23;121;122;116;98;153;171;170;168;176;176;179;197;"Personnes handicapées bénéficiant d'une aide sociale à l'hébergement en EHPA, EHPAD, unité de soins de longue durée, depuis 2000 
 Données au 31 décembre"
53;29;229;208;215;111;123;131;139;155;89;95;95;35;49;47;489;518;515;524;488;521;503;515;522;562;609;"Personnes handicapées bénéficiant d'une aide sociale à l'hébergement en EHPA, EHPAD, unité de soins de longue durée, depuis 2000 
 Données au 31 décembre"
76;30;114;126;133;141;142;107;105;95;0;65;56;74;67;62;57;59;66;54;68;56;67;64;66;64;56;"Personnes handicapées bénéficiant d'une aide sociale à l'hébergement en EHPA, EHPAD, unité de soins de longue durée, depuis 2000 
 Données au 31 décembre"
76;31;94;109;73;62;94;90;88;95;78;72;80;378;423;584;557;650;115;130;150;145;141;174;355;688;709;"Personnes handicapées bénéficiant d'une aide sociale à l'hébergement en EHPA, EHPAD, unité de soins de longue durée, depuis 2000 
 Données au 31 décembre"
76;32;21;28;29;24;22;21;17;11;17;14;73;106;129;153;138;143;196;200;164;0;0;207;167;4;161;"Personnes handicapées bénéficiant d'une aide sociale à l'hébergement en EHPA, EHPAD, unité de soins de longue durée, depuis 2000 
 Données au 31 décembre"
75;33;94;75;426;449;373;431;430;427;422;410;420;425;449;520;565;600;684;726;745;779;785;773;774;769;747;"Personnes handicapées bénéficiant d'une aide sociale à l'hébergement en EHPA, EHPAD, unité de soins de longue durée, depuis 2000 
 Données au 31 décembre"
76;34;99;112;114;114;126;113;111;111;141;145;149;160;149;129;131;114;118;106;106;87;90;101;101;87;94;"Personnes handicapées bénéficiant d'une aide sociale à l'hébergement en EHPA, EHPAD, unité de soins de longue durée, depuis 2000 
 Données au 31 décembre"
53;35;137;131;108;124;126;119;100;166;208;236;286;326;406;522;557;631;643;684;679;730;729;777;794;821;881;"Personnes handicapées bénéficiant d'une aide sociale à l'hébergement en EHPA, EHPAD, unité de soins de longue durée, depuis 2000 
 Données au 31 décembre"
24;36;15;12;13;11;11;6;4;4;2;2;2;0;0;0;17;175;177;182;199;197;197;221;209;214;230;"Personnes handicapées bénéficiant d'une aide sociale à l'hébergement en EHPA, EHPAD, unité de soins de longue durée, depuis 2000 
 Données au 31 décembre"
24;37;115;128;114;117;113;112;123;110;111;93;77;74;58;70;71;68;67;90;78;74;60;97;87;101;84;"Personnes handicapées bénéficiant d'une aide sociale à l'hébergement en EHPA, EHPAD, unité de soins de longue durée, depuis 2000 
 Données au 31 décembre"
84;38;314;327;348;356;359;362;208;65;98;151;144;137;120;184;176;174;138;183;117;115;105;105;110;108;120;"Personnes handicapées bénéficiant d'une aide sociale à l'hébergement en EHPA, EHPAD, unité de soins de longue durée, depuis 2000 
 Données au 31 décembre"
27;39;31;37;39;28;24;32;95;106;105;120;144;149;169;169;174;190;182;187;218;217;214;193;202;229;262;"Personnes handicapées bénéficiant d'une aide sociale à l'hébergement en EHPA, EHPAD, unité de soins de longue durée, depuis 2000 
 Données au 31 décembre"
75;40;25;29;23;20;22;18;10;8;7;7;7;4;4;7;23;24;45;44;23;170;19;45;64;65;99;"Personnes handicapées bénéficiant d'une aide sociale à l'hébergement en EHPA, EHPAD, unité de soins de longue durée, depuis 2000 
 Données au 31 décembre"
24;41;62;65;64;64;66;52;48;50;49;74;102;104;121;126;190;134;139;146;164;207;179;174;173;173;204;"Personnes handicapées bénéficiant d'une aide sociale à l'hébergement en EHPA, EHPAD, unité de soins de longue durée, depuis 2000 
 Données au 31 décembre"
84;42;123;142;152;163;168;171;177;181;186;274;324;345;325;365;398;449;471;520;566;605;609;651;687;719;754;"Personnes handicapées bénéficiant d'une aide sociale à l'hébergement en EHPA, EHPAD, unité de soins de longue durée, depuis 2000 
 Données au 31 décembre"
84;43;35;35;36;37;39;43;27;24;25;25;12;12;12;12;12;2;13;17;17;0;0;0;0;0;0;"Personnes handicapées bénéficiant d'une aide sociale à l'hébergement en EHPA, EHPAD, unité de soins de longue durée, depuis 2000 
 Données au 31 décembre"
52;44;111;115;120;110;127;129;106;114;97;117;239;295;345;376;419;445;477;487;507;532;524;547;549;579;601;"Personnes handicapées bénéficiant d'une aide sociale à l'hébergement en EHPA, EHPAD, unité de soins de longue durée, depuis 2000 
 Données au 31 décembre"
24;45;77;68;70;79;77;79;83;86;90;94;107;122;135;165;196;199;231;220;233;243;243;277;285;274;286;"Personnes handicapées bénéficiant d'une aide sociale à l'hébergement en EHPA, EHPAD, unité de soins de longue durée, depuis 2000 
 Données au 31 décembre"
76;46;9;9;15;15;13;13;11;10;14;14;10;6;6;6;5;5;4;5;5;5;4;4;4;4;5;"Personnes handicapées bénéficiant d'une aide sociale à l'hébergement en EHPA, EHPAD, unité de soins de longue durée, depuis 2000 
 Données au 31 décembre"
75;47;49;50;42;47;42;46;41;41;45;33;31;27;27;27;15;11;15;14;23;21;24;23;24;24;26;"Personnes handicapées bénéficiant d'une aide sociale à l'hébergement en EHPA, EHPAD, unité de soins de longue durée, depuis 2000 
 Données au 31 décembre"
76;48;17;28;10;10;8;3;6;16;18;16;20;24;36;47;57;60;60;64;67;66;65;76;77;82;82;"Personnes handicapées bénéficiant d'une aide sociale à l'hébergement en EHPA, EHPAD, unité de soins de longue durée, depuis 2000 
 Données au 31 décembre"
52;49;222;158;179;141;149;150;124;116;114;125;100;99;102;56;35;48;60;60;65;66;68;70;68;82;162;"Personnes handicapées bénéficiant d'une aide sociale à l'hébergement en EHPA, EHPAD, unité de soins de longue durée, depuis 2000 
 Données au 31 décembre"
28;50;103;92;89;86;87;78;74;64;94;97;99;127;110;133;157;193;222;230;195;281;305;367;425;399;430;"Personnes handicapées bénéficiant d'une aide sociale à l'hébergement en EHPA, EHPAD, unité de soins de longue durée, depuis 2000 
 Données au 31 décembre"
44;51;83;77;78;72;69;66;61;62;71;72;29;30;19;21;19;25;21;18;24;21;24;21;20;22;37;"Personnes handicapées bénéficiant d'une aide sociale à l'hébergement en EHPA, EHPAD, unité de soins de longue durée, depuis 2000 
 Données au 31 décembre"
44;52;15;18;19;21;22;27;15;18;18;19;75;88;84;89;92;108;18;125;135;133;136;148;170;182;190;"Personnes handicapées bénéficiant d'une aide sociale à l'hébergement en EHPA, EHPAD, unité de soins de longue durée, depuis 2000 
 Données au 31 décembre"
52;53;70;59;66;55;65;70;65;56;53;41;39;95;160;231;239;266;249;254;262;293;295;300;383;298;329;"Personnes handicapées bénéficiant d'une aide sociale à l'hébergement en EHPA, EHPAD, unité de soins de longue durée, depuis 2000 
 Données au 31 décembre"
44;54;40;47;55;46;50;71;65;64;76;58;52;52;38;39;32;30;32;37;43;47;49;51;51;49;43;"Personnes handicapées bénéficiant d'une aide sociale à l'hébergement en EHPA, EHPAD, unité de soins de longue durée, depuis 2000 
 Données au 31 décembre"
44;55;22;20;19;23;21;21;23;26;22;21;11;13;5;5;5;6;4;4;3;4;1;1;1;4;3;"Personnes handicapées bénéficiant d'une aide sociale à l'hébergement en EHPA, EHPAD, unité de soins de longue durée, depuis 2000 
 Données au 31 décembre"
53;56;96;91;104;106;75;81;70;59;187;271;343;363;413;412;421;425;431;453;463;452;450;457;451;448;486;"Personnes handicapées bénéficiant d'une aide sociale à l'hébergement en EHPA, EHPAD, unité de soins de longue durée, depuis 2000 
 Données au 31 décembre"
44;57;50;49;36;40;39;46;46;53;44;44;45;35;24;20;28;27;33;38;38;31;32;47;45;53;57;"Personnes handicapées bénéficiant d'une aide sociale à l'hébergement en EHPA, EHPAD, unité de soins de longue durée, depuis 2000 
 Données au 31 décembre"
27;58;88;22;55;32;38;46;46;39;35;38;34;36;40;47;41;56;41;39;39;42;49;67;73;89;90;"Personnes handicapées bénéficiant d'une aide sociale à l'hébergement en EHPA, EHPAD, unité de soins de longue durée, depuis 2000 
 Données au 31 décembre"
32;59;121;119;122;117;126;145;120;0;0;0;0;46;47;57;63;44;43;45;41;59;79;95;121;141;152;"Personnes handicapées bénéficiant d'une aide sociale à l'hébergement en EHPA, EHPAD, unité de soins de longue durée, depuis 2000 
 Données au 31 décembre"
32;60;80;0;73;54;69;70;71;73;69;55;48;30;230;175;182;223;240;244;251;247;243;292;318;323;341;"Personnes handicapées bénéficiant d'une aide sociale à l'hébergement en EHPA, EHPAD, unité de soins de longue durée, depuis 2000 
 Données au 31 décembre"
28;61;56;57;27;32;90;90;95;93;98;76;74;68;63;58;64;71;64;57;45;35;36;31;34;36;32;"Personnes handicapées bénéficiant d'une aide sociale à l'hébergement en EHPA, EHPAD, unité de soins de longue durée, depuis 2000 
 Données au 31 décembre"
32;62;137;153;147;152;146;140;70;70;68;72;76;88;73;64;89;103;107;69;51;1187;1129;1050;1082;1207;1341;"Personnes handicapées bénéficiant d'une aide sociale à l'hébergement en EHPA, EHPAD, unité de soins de longue durée, depuis 2000 
 Données au 31 décembre"
84;63;139;113;117;129;133;123;94;84;80;81;80;68;66;51;48;46;41;38;31;36;45;53;62;56;63;"Personnes handicapées bénéficiant d'une aide sociale à l'hébergement en EHPA, EHPAD, unité de soins de longue durée, depuis 2000 
 Données au 31 décembre"
75;64;75;80;77;69;66;65;61;48;52;52;319;441;419;423;475;487;452;473;502;573;554;565;557;552;510;"Personnes handicapées bénéficiant d'une aide sociale à l'hébergement en EHPA, EHPAD, unité de soins de longue durée, depuis 2000 
 Données au 31 décembre"
76;65;83;89;84;78;70;70;51;63;64;45;40;32;27;23;29;31;29;24;24;13;13;18;27;29;39;"Personnes handicapées bénéficiant d'une aide sociale à l'hébergement en EHPA, EHPAD, unité de soins de longue durée, depuis 2000 
 Données au 31 décembre"
76;66;70;60;51;48;41;40;38;44;49;75;30;105;124;145;151;157;161;244;273;299;292;273;280;286;358;"Personnes handicapées bénéficiant d'une aide sociale à l'hébergement en EHPA, EHPAD, unité de soins de longue durée, depuis 2000 
 Données au 31 décembre"
44;67;237;212;197;128;121;79;97;86;99;114;132;169;183;190;272;291;309;305;338;342;399;482;515;543;545;"Personnes handicapées bénéficiant d'une aide sociale à l'hébergement en EHPA, EHPAD, unité de soins de longue durée, depuis 2000 
 Données au 31 décembre"
44;68;103;113;126;172;187;187;213;206;253;310;556;567;608;570;649;627;585;602;672;662;565;710;712;691;717;"Personnes handicapées bénéficiant d'une aide sociale à l'hébergement en EHPA, EHPAD, unité de soins de longue durée, depuis 2000 
 Données au 31 décembre"
84;69;0;0;0;0;37;34;29;30;31;32;23;0;0;0;0;;;;;;;;;;;"Personnes handicapées bénéficiant d'une aide sociale à l'hébergement en EHPA, EHPAD, unité de soins de longue durée, depuis 2000 
 Données au 31 décembre"
27;70;0;27;0;0;10;13;12;7;7;4;7;7;0;0;4;2;1;1;1;4;3;16;0;11;0;"Personnes handicapées bénéficiant d'une aide sociale à l'hébergement en EHPA, EHPAD, unité de soins de longue durée, depuis 2000 
 Données au 31 décembre"
27;71;434;414;342;335;462;425;337;378;380;432;445;431;423;439;436;436;434;435;434;435;433;443;460;475;497;"Personnes handicapées bénéficiant d'une aide sociale à l'hébergement en EHPA, EHPAD, unité de soins de longue durée, depuis 2000 
 Données au 31 décembre"
52;72;99;103;81;84;89;86;92;49;57;55;35;33;31;25;22;22;18;30;30;30;20;25;23;39;30;"Personnes handicapées bénéficiant d'une aide sociale à l'hébergement en EHPA, EHPAD, unité de soins de longue durée, depuis 2000 
 Données au 31 décembre"
84;73;32;30;27;25;26;30;27;22;20;56;17;19;150;178;172;167;175;174;185;212;207;221;227;226;229;"Personnes handicapées bénéficiant d'une aide sociale à l'hébergement en EHPA, EHPAD, unité de soins de longue durée, depuis 2000 
 Données au 31 décembre"
84;74;27;42;40;40;39;38;110;117;113;112;157;160;151;149;141;142;148;153;158;177;176;213;218;225;244;"Personnes handicapées bénéficiant d'une aide sociale à l'hébergement en EHPA, EHPAD, unité de soins de longue durée, depuis 2000 
 Données au 31 décembre"
11;75;408;438;477;482;454;470;478;332;230;194;156;167;169;225;246;694;760;817;885;811;729;749;785;840;865;"Personnes handicapées bénéficiant d'une aide sociale à l'hébergement en EHPA, EHPAD, unité de soins de longue durée, depuis 2000 
 Données au 31 décembre"
28;76;0;0;83;97;143;88;63;46;29;0;0;0;0;0;0;0;0;0;0;0;0;0;0;0;0;"Personnes handicapées bénéficiant d'une aide sociale à l'hébergement en EHPA, EHPAD, unité de soins de longue durée, depuis 2000 
 Données au 31 décembre"
11;77;303;268;220;190;216;190;169;149;127;236;255;267;281;266;229;213;207;215;216;272;278;323;331;347;386;"Personnes handicapées bénéficiant d'une aide sociale à l'hébergement en EHPA, EHPAD, unité de soins de longue durée, depuis 2000 
 Données au 31 décembre"
11;78;185;79;469;492;472;463;428;455;398;410;383;383;385;348;350;347;368;348;349;357;374;387;390;370;456;"Personnes handicapées bénéficiant d'une aide sociale à l'hébergement en EHPA, EHPAD, unité de soins de longue durée, depuis 2000 
 Données au 31 décembre"
75;79;32;33;21;33;1;0;36;48;48;74;96;93;112;124;136;148;165;161;171;190;193;203;221;260;278;"Personnes handicapées bénéficiant d'une aide sociale à l'hébergement en EHPA, EHPAD, unité de soins de longue durée, depuis 2000 
 Données au 31 décembre"
32;80;51;59;57;39;69;71;117;106;131;149;159;176;163;159;40;28;27;23;21;19;17;36;38;46;41;"Personnes handicapées bénéficiant d'une aide sociale à l'hébergement en EHPA, EHPAD, unité de soins de longue durée, depuis 2000 
 Données au 31 décembre"
76;81;25;31;40;34;37;50;59;57;46;46;64;85;87;90;196;304;312;391;383;343;318;302;305;310;304;"Personnes handicapées bénéficiant d'une aide sociale à l'hébergement en EHPA, EHPAD, unité de soins de longue durée, depuis 2000 
 Données au 31 décembre"
76;82;22;26;19;21;19;19;12;14;11;8;11;14;8;7;8;10;6;95;106;118;137;145;147;143;137;"Personnes handicapées bénéficiant d'une aide sociale à l'hébergement en EHPA, EHPAD, unité de soins de longue durée, depuis 2000 
 Données au 31 décembre"
93;83;72;48;55;40;70;84;84;62;49;90;131;144;184;189;191;230;234;241;294;308;317;345;367;387;408;"Personnes handicapées bénéficiant d'une aide sociale à l'hébergement en EHPA, EHPAD, unité de soins de longue durée, depuis 2000 
 Données au 31 décembre"
93;84;46;39;36;39;53;39;41;52;46;42;45;51;58;59;67;73;100;107;125;157;177;199;204;234;269;"Personnes handicapées bénéficiant d'une aide sociale à l'hébergement en EHPA, EHPAD, unité de soins de longue durée, depuis 2000 
 Données au 31 décembre"
52;85;112;117;81;83;42;64;73;72;79;82;98;117;128;139;104;96;87;84;79;78;67;67;59;54;52;"Personnes handicapées bénéficiant d'une aide sociale à l'hébergement en EHPA, EHPAD, unité de soins de longue durée, depuis 2000 
 Données au 31 décembre"
75;86;36;47;37;38;52;51;43;39;34;44;47;107;140;160;164;176;172;204;237;247;259;272;243;256;274;"Personnes handicapées bénéficiant d'une aide sociale à l'hébergement en EHPA, EHPAD, unité de soins de longue durée, depuis 2000 
 Données au 31 décembre"
75;87;37;38;39;31;26;31;37;37;38;37;82;108;129;146;157;168;200;233;248;289;257;270;292;321;343;"Personnes handicapées bénéficiant d'une aide sociale à l'hébergement en EHPA, EHPAD, unité de soins de longue durée, depuis 2000 
 Données au 31 décembre"
44;88;87;54;70;70;76;91;61;57;51;53;52;48;38;41;35;27;30;33;35;34;38;52;56;62;83;"Personnes handicapées bénéficiant d'une aide sociale à l'hébergement en EHPA, EHPAD, unité de soins de longue durée, depuis 2000 
 Données au 31 décembre"
27;89;72;96;69;75;98;82;71;60;56;56;46;46;49;41;46;44;43;36;34;33;34;40;34;34;59;"Personnes handicapées bénéficiant d'une aide sociale à l'hébergement en EHPA, EHPAD, unité de soins de longue durée, depuis 2000 
 Données au 31 décembre"
27;90;20;18;26;27;8;8;8;9;7;5;5;4;5;6;8;7;4;2;3;4;5;6;4;22;51;"Personnes handicapées bénéficiant d'une aide sociale à l'hébergement en EHPA, EHPAD, unité de soins de longue durée, depuis 2000 
 Données au 31 décembre"
11;91;90;83;74;70;93;75;76;77;66;55;43;38;45;49;50;47;33;27;23;26;23;23;20;35;48;"Personnes handicapées bénéficiant d'une aide sociale à l'hébergement en EHPA, EHPAD, unité de soins de longue durée, depuis 2000 
 Données au 31 décembre"
11;92;292;302;290;298;312;246;253;138;125;89;84;78;67;53;41;32;30;26;17;14;30;47;60;58;53;"Personnes handicapées bénéficiant d'une aide sociale à l'hébergement en EHPA, EHPAD, unité de soins de longue durée, depuis 2000 
 Données au 31 décembre"
11;93;132;154;107;96;103;114;139;114;137;175;130;112;94;361;356;376;386;473;381;463;480;470;503;544;572;"Personnes handicapées bénéficiant d'une aide sociale à l'hébergement en EHPA, EHPAD, unité de soins de longue durée, depuis 2000 
 Données au 31 décembre"
11;94;104;105;95;96;86;62;90;77;81;101;107;234;250;231;254;250;252;287;327;323;360;371;422;460;493;"Personnes handicapées bénéficiant d'une aide sociale à l'hébergement en EHPA, EHPAD, unité de soins de longue durée, depuis 2000 
 Données au 31 décembre"
11;95;112;101;110;119;124;119;115;109;98;100;82;90;73;73;75;78;77;46;44;47;48;50;51;0;39;"Personnes handicapées bénéficiant d'une aide sociale à l'hébergement en EHPA, EHPAD, unité de soins de longue durée, depuis 2000 
 Données au 31 décembre"
101;971;0;227;230;203;208;30;28;27;28;0;0;0;0;0;0;0;0;0;0;0;4;5;0;0;0;"Personnes handicapées bénéficiant d'une aide sociale à l'hébergement en EHPA, EHPAD, unité de soins de longue durée, depuis 2000 
 Données au 31 décembre"
102;972;0;0;7;8;12;12;16;0;0;0;0;0;0;0;0;0;0;0;0;0;0;0;0;0;0;"Personnes handicapées bénéficiant d'une aide sociale à l'hébergement en EHPA, EHPAD, unité de soins de longue durée, depuis 2000 
 Données au 31 décembre"
103;973;158;151;151;0;0;0;0;0;0;0;1;3;1;0;0;0;0;0;0;0;0;0;0;0;0;"Personnes handicapées bénéficiant d'une aide sociale à l'hébergement en EHPA, EHPAD, unité de soins de longue durée, depuis 2000 
 Données au 31 décembre"
104;974;66;52;41;23;26;25;22;21;18;16;14;16;89;48;160;181;209;172;233;249;272;292;321;384;328;"Personnes handicapées bénéficiant d'une aide sociale à l'hébergement en EHPA, EHPAD, unité de soins de longue durée, depuis 2000 
 Données au 31 décembre"
84;1;130;140;148;156;154;153;166;165;192;197;208;260;267;272;273;283;295;308;309;316;302;306;295;328;338;"Personnes handicapées bénéficiant d'une aide sociale à l'hébergement en foyer d'accueil médicalisé, depuis 2000 
 Données au 31 décembre"
32;2;15;13;15;15;14;87;98;110;134;130;147;183;190;208;226;256;181;223;228;250;147;357;325;335;328;"Personnes handicapées bénéficiant d'une aide sociale à l'hébergement en foyer d'accueil médicalisé, depuis 2000 
 Données au 31 décembre"
84;3;30;28;28;32;36;37;40;39;39;63;88;97;107;111;117;120;126;161;140;140;137;146;155;151;158;"Personnes handicapées bénéficiant d'une aide sociale à l'hébergement en foyer d'accueil médicalisé, depuis 2000 
 Données au 31 décembre"
93;4;0;0;1;5;3;11;4;2;12;33;33;36;38;40;44;52;57;55;56;55;54;55;56;58;60;"Personnes handicapées bénéficiant d'une aide sociale à l'hébergement en foyer d'accueil médicalisé, depuis 2000 
 Données au 31 décembre"
93;5;0;15;15;28;34;22;29;33;34;40;43;53;51;53;69;63;61;64;84;88;85;84;76;84;85;"Personnes handicapées bénéficiant d'une aide sociale à l'hébergement en foyer d'accueil médicalisé, depuis 2000 
 Données au 31 décembre"
93;6;0;0;0;0;0;0;70;70;60;60;259;259;394;364;306;346;358;365;364;364;370;373;375;375;380;"Personnes handicapées bénéficiant d'une aide sociale à l'hébergement en foyer d'accueil médicalisé, depuis 2000 
 Données au 31 décembre"
84;7;0;0;5;5;0;14;21;42;42;42;60;65;66;67;71;72;87;79;88;88;87;88;0;0;88;"Personnes handicapées bénéficiant d'une aide sociale à l'hébergement en foyer d'accueil médicalisé, depuis 2000 
 Données au 31 décembre"
44;8;0;0;0;0;0;0;0;21;27;23;49;61;71;40;78;77;91;97;101;99;90;121;150;124;133;"Personnes handicapées bénéficiant d'une aide sociale à l'hébergement en foyer d'accueil médicalisé, depuis 2000 
 Données au 31 décembre"
76;9;26;49;53;51;46;61;60;62;64;69;80;80;70;91;98;102;87;96;109;94;121;120;79;0;0;"Personnes handicapées bénéficiant d'une aide sociale à l'hébergement en foyer d'accueil médicalisé, depuis 2000 
 Données au 31 décembre"
44;10;0;6;6;6;5;6;5;5;5;10;15;25;35;59;81;86;91;92;93;91;93;99;98;111;117;"Personnes handicapées bénéficiant d'une aide sociale à l'hébergement en foyer d'accueil médicalisé, depuis 2000 
 Données au 31 décembre"
76;11;50;58;61;65;74;75;86;89;114;120;130;135;139;129;141;135;137;137;142;142;136;146;147;148;147;"Personnes handicapées bénéficiant d'une aide sociale à l'hébergement en foyer d'accueil médicalisé, depuis 2000 
 Données au 31 décembre"
76;12;0;0;0;0;0;19;25;26;32;34;34;36;47;47;54;56;52;53;55;54;6;3;0;0;1;"Personnes handicapées bénéficiant d'une aide sociale à l'hébergement en foyer d'accueil médicalisé, depuis 2000 
 Données au 31 décembre"
93;13;0;0;0;0;110;111;115;127;125;126;113;124;139;143;555;462;468;477;408;0;0;0;0;0;0;"Personnes handicapées bénéficiant d'une aide sociale à l'hébergement en foyer d'accueil médicalisé, depuis 2000 
 Données au 31 décembre"
28;14;0;0;207;210;218;206;48;67;47;92;97;108;141;144;151;157;181;184;179;191;203;204;201;208;209;"Personnes handicapées bénéficiant d'une aide sociale à l'hébergement en foyer d'accueil médicalisé, depuis 2000 
 Données au 31 décembre"
84;15;36;36;38;46;35;39;34;32;34;34;43;40;42;50;53;40;52;77;56;72;77;81;83;86;91;"Personnes handicapées bénéficiant d'une aide sociale à l'hébergement en foyer d'accueil médicalisé, depuis 2000 
 Données au 31 décembre"
75;16;61;66;63;69;69;87;84;88;85;90;86;95;95;99;101;105;112;111;112;104;108;110;113;114;114;"Personnes handicapées bénéficiant d'une aide sociale à l'hébergement en foyer d'accueil médicalisé, depuis 2000 
 Données au 31 décembre"
75;17;72;78;85;85;82;86;84;85;94;113;113;157;182;188;199;209;214;215;220;243;225;210;241;251;253;"Personnes handicapées bénéficiant d'une aide sociale à l'hébergement en foyer d'accueil médicalisé, depuis 2000 
 Données au 31 décembre"
24;18;0;0;0;74;73;82;82;103;115;135;139;152;161;166;175;182;190;200;201;196;180;185;185;187;192;"Personnes handicapées bénéficiant d'une aide sociale à l'hébergement en foyer d'accueil médicalisé, depuis 2000 
 Données au 31 décembre"
75;19;0;0;0;0;0;0;0;0;0;19;23;36;35;40;43;45;46;47;47;47;43;45;47;48;43;"Personnes handicapées bénéficiant d'une aide sociale à l'hébergement en foyer d'accueil médicalisé, depuis 2000 
 Données au 31 décembre"
94;20;48;29;36;46;60;0;16;13;6;20;23;22;21;27;18;16;13;16;35;36;37;37;0;0;0;"Personnes handicapées bénéficiant d'une aide sociale à l'hébergement en foyer d'accueil médicalisé, depuis 2000 
 Données au 31 décembre"
27;21;116;128;117;133;153;147;161;182;194;268;271;276;291;281;299;298;310;288;310;324;315;317;321;330;332;"Personnes handicapées bénéficiant d'une aide sociale à l'hébergement en foyer d'accueil médicalisé, depuis 2000 
 Données au 31 décembre"
53;22;170;287;164;179;172;166;184;183;175;187;170;175;196;216;204;228;236;220;293;318;322;264;190;263;324;"Personnes handicapées bénéficiant d'une aide sociale à l'hébergement en foyer d'accueil médicalisé, depuis 2000 
 Données au 31 décembre"
75;23;20;23;23;33;34;30;20;17;29;29;43;44;40;43;44;48;47;44;44;46;44;46;46;43;40;"Personnes handicapées bénéficiant d'une aide sociale à l'hébergement en foyer d'accueil médicalisé, depuis 2000 
 Données au 31 décembre"
75;24;0;0;0;0;0;0;0;104;113;109;104;145;174;176;194;204;209;200;200;198;194;209;208;210;205;"Personnes handicapées bénéficiant d'une aide sociale à l'hébergement en foyer d'accueil médicalisé, depuis 2000 
 Données au 31 décembre"
27;25;31;30;30;25;36;33;38;44;60;61;67;70;74;76;87;98;107;105;101;115;115;124;120;126;123;"Personnes handicapées bénéficiant d'une aide sociale à l'hébergement en foyer d'accueil médicalisé, depuis 2000 
 Données au 31 décembre"
84;26;0;0;0;0;98;98;52;0;48;40;62;84;103;107;112;113;113;123;122;121;114;126;125;121;127;"Personnes handicapées bénéficiant d'une aide sociale à l'hébergement en foyer d'accueil médicalisé, depuis 2000 
 Données au 31 décembre"
28;27;75;70;76;75;91;91;98;93;85;91;108;115;120;133;142;156;161;156;151;149;165;160;165;163;168;"Personnes handicapées bénéficiant d'une aide sociale à l'hébergement en foyer d'accueil médicalisé, depuis 2000 
 Données au 31 décembre"
24;28;68;101;108;116;135;139;153;170;136;204;193;245;257;226;209;338;286;350;348;352;355;350;350;362;358;"Personnes handicapées bénéficiant d'une aide sociale à l'hébergement en foyer d'accueil médicalisé, depuis 2000 
 Données au 31 décembre"
53;29;199;218;230;253;279;298;316;241;486;628;520;445;491;469;561;556;546;580;428;454;442;432;444;460;461;"Personnes handicapées bénéficiant d'une aide sociale à l'hébergement en foyer d'accueil médicalisé, depuis 2000 
 Données au 31 décembre"
76;30;77;88;91;96;97;129;172;174;173;149;128;169;165;171;218;241;245;249;247;247;231;234;246;238;238;"Personnes handicapées bénéficiant d'une aide sociale à l'hébergement en foyer d'accueil médicalisé, depuis 2000 
 Données au 31 décembre"
76;31;161;193;203;225;226;253;259;262;274;334;422;316;354;485;496;548;582;582;563;541;537;579;584;588;606;"Personnes handicapées bénéficiant d'une aide sociale à l'hébergement en foyer d'accueil médicalisé, depuis 2000 
 Données au 31 décembre"
76;32;39;65;76;77;80;77;81;64;81;93;103;118;102;106;99;103;104;120;133;123;121;126;128;116;127;"Personnes handicapées bénéficiant d'une aide sociale à l'hébergement en foyer d'accueil médicalisé, depuis 2000 
 Données au 31 décembre"
75;33;166;211;220;289;342;342;364;357;356;364;414;425;446;441;525;545;584;629;671;676;668;705;692;687;681;"Personnes handicapées bénéficiant d'une aide sociale à l'hébergement en foyer d'accueil médicalisé, depuis 2000 
 Données au 31 décembre"
76;34;138;156;171;162;179;187;204;210;243;298;343;379;423;437;438;451;469;475;478;502;499;519;521;456;464;"Personnes handicapées bénéficiant d'une aide sociale à l'hébergement en foyer d'accueil médicalisé, depuis 2000 
 Données au 31 décembre"
53;35;0;181;187;221;220;258;274;244;259;258;266;270;296;342;353;339;332;327;336;341;333;346;328;332;241;"Personnes handicapées bénéficiant d'une aide sociale à l'hébergement en foyer d'accueil médicalisé, depuis 2000 
 Données au 31 décembre"
24;36;18;20;26;24;24;24;31;42;44;81;81;91;86;107;102;102;102;108;110;113;107;102;99;96;93;"Personnes handicapées bénéficiant d'une aide sociale à l'hébergement en foyer d'accueil médicalisé, depuis 2000 
 Données au 31 décembre"
24;37;50;55;46;67;65;67;74;81;79;0;198;203;230;224;230;223;238;276;283;291;205;288;294;293;290;"Personnes handicapées bénéficiant d'une aide sociale à l'hébergement en foyer d'accueil médicalisé, depuis 2000 
 Données au 31 décembre"
84;38;76;83;88;90;91;92;198;289;309;345;385;443;450;492;544;552;574;567;590;606;586;561;596;609;601;"Personnes handicapées bénéficiant d'une aide sociale à l'hébergement en foyer d'accueil médicalisé, depuis 2000 
 Données au 31 décembre"
27;39;9;9;2;8;3;4;5;42;58;58;65;68;82;83;86;87;92;101;98;102;103;105;112;100;118;"Personnes handicapées bénéficiant d'une aide sociale à l'hébergement en foyer d'accueil médicalisé, depuis 2000 
 Données au 31 décembre"
75;40;29;52;53;58;59;60;65;67;60;60;78;82;82;114;111;115;63;60;60;163;110;86;120;121;73;"Personnes handicapées bénéficiant d'une aide sociale à l'hébergement en foyer d'accueil médicalisé, depuis 2000 
 Données au 31 décembre"
24;41;0;0;14;21;22;28;140;111;132;108;138;114;119;160;175;162;188;195;190;199;189;208;184;193;218;"Personnes handicapées bénéficiant d'une aide sociale à l'hébergement en foyer d'accueil médicalisé, depuis 2000 
 Données au 31 décembre"
84;42;92;119;123;124;105;106;105;105;106;107;117;128;366;416;447;471;482;492;503;490;469;463;480;508;507;"Personnes handicapées bénéficiant d'une aide sociale à l'hébergement en foyer d'accueil médicalisé, depuis 2000 
 Données au 31 décembre"
84;43;98;71;73;75;73;142;100;104;108;110;126;128;122;122;129;166;185;183;164;148;144;146;149;172;141;"Personnes handicapées bénéficiant d'une aide sociale à l'hébergement en foyer d'accueil médicalisé, depuis 2000 
 Données au 31 décembre"
52;44;324;248;239;270;301;313;334;351;383;422;409;484;441;473;472;517;505;503;512;520;517;495;500;502;499;"Personnes handicapées bénéficiant d'une aide sociale à l'hébergement en foyer d'accueil médicalisé, depuis 2000 
 Données au 31 décembre"
24;45;57;63;65;73;71;74;77;80;83;87;209;224;239;260;295;294;328;326;335;340;327;403;420;390;402;"Personnes handicapées bénéficiant d'une aide sociale à l'hébergement en foyer d'accueil médicalisé, depuis 2000 
 Données au 31 décembre"
76;46;0;0;2;2;0;0;0;0;0;0;0;0;0;0;0;0;0;0;0;0;0;0;0;0;0;"Personnes handicapées bénéficiant d'une aide sociale à l'hébergement en foyer d'accueil médicalisé, depuis 2000 
 Données au 31 décembre"
75;47;9;9;44;57;60;65;94;93;94;96;97;98;99;114;121;124;131;131;134;137;136;136;139;141;143;"Personnes handicapées bénéficiant d'une aide sociale à l'hébergement en foyer d'accueil médicalisé, depuis 2000 
 Données au 31 décembre"
76;48;4;6;9;13;15;18;17;24;23;21;24;21;24;27;26;35;34;40;39;38;37;40;41;45;45;"Personnes handicapées bénéficiant d'une aide sociale à l'hébergement en foyer d'accueil médicalisé, depuis 2000 
 Données au 31 décembre"
52;49;57;39;63;70;74;88;94;107;99;180;188;246;283;281;274;288;307;307;324;326;314;319;335;337;359;"Personnes handicapées bénéficiant d'une aide sociale à l'hébergement en foyer d'accueil médicalisé, depuis 2000 
 Données au 31 décembre"
28;50;21;27;43;42;44;44;42;47;73;80;86;112;94;103;100;104;107;106;145;180;169;150;166;156;174;"Personnes handicapées bénéficiant d'une aide sociale à l'hébergement en foyer d'accueil médicalisé, depuis 2000 
 Données au 31 décembre"
44;51;35;57;60;57;54;53;60;76;93;110;131;144;150;157;206;214;260;274;290;298;292;308;310;309;320;"Personnes handicapées bénéficiant d'une aide sociale à l'hébergement en foyer d'accueil médicalisé, depuis 2000 
 Données au 31 décembre"
44;52;0;0;0;0;0;0;0;0;23;33;40;39;49;50;52;53;55;63;72;72;83;83;72;84;89;"Personnes handicapées bénéficiant d'une aide sociale à l'hébergement en foyer d'accueil médicalisé, depuis 2000 
 Données au 31 décembre"
52;53;16;16;16;32;33;33;34;8;24;62;64;69;74;100;99;106;134;112;116;135;107;113;133;104;102;"Personnes handicapées bénéficiant d'une aide sociale à l'hébergement en foyer d'accueil médicalisé, depuis 2000 
 Données au 31 décembre"
44;54;37;37;54;53;73;73;78;83;81;96;103;124;145;155;155;169;167;165;174;181;170;192;194;208;203;"Personnes handicapées bénéficiant d'une aide sociale à l'hébergement en foyer d'accueil médicalisé, depuis 2000 
 Données au 31 décembre"
44;55;60;59;60;54;56;53;56;54;57;53;55;65;64;63;63;50;51;49;63;63;58;63;63;70;73;"Personnes handicapées bénéficiant d'une aide sociale à l'hébergement en foyer d'accueil médicalisé, depuis 2000 
 Données au 31 décembre"
53;56;155;212;219;247;284;301;322;289;311;324;319;333;383;423;443;466;501;501;492;451;450;442;442;444;451;"Personnes handicapées bénéficiant d'une aide sociale à l'hébergement en foyer d'accueil médicalisé, depuis 2000 
 Données au 31 décembre"
44;57;152;149;155;159;160;177;182;216;202;245;265;263;303;338;339;353;369;369;367;375;395;403;402;406;419;"Personnes handicapées bénéficiant d'une aide sociale à l'hébergement en foyer d'accueil médicalisé, depuis 2000 
 Données au 31 décembre"
27;58;1;3;46;44;53;55;61;63;69;68;65;64;64;69;74;78;74;83;86;94;93;88;95;100;92;"Personnes handicapées bénéficiant d'une aide sociale à l'hébergement en foyer d'accueil médicalisé, depuis 2000 
 Données au 31 décembre"
32;59;104;124;145;154;176;182;182;221;212;402;370;640;751;815;840;873;963;997;1043;1066;1071;1087;1097;1102;1124;"Personnes handicapées bénéficiant d'une aide sociale à l'hébergement en foyer d'accueil médicalisé, depuis 2000 
 Données au 31 décembre"
32;60;40;47;51;68;76;77;80;83;88;127;187;233;243;218;227;265;300;264;272;268;264;362;370;353;359;"Personnes handicapées bénéficiant d'une aide sociale à l'hébergement en foyer d'accueil médicalisé, depuis 2000 
 Données au 31 décembre"
28;61;3;4;3;3;6;10;9;11;14;19;21;23;26;36;55;59;65;68;66;62;57;57;52;55;57;"Personnes handicapées bénéficiant d'une aide sociale à l'hébergement en foyer d'accueil médicalisé, depuis 2000 
 Données au 31 décembre"
32;62;98;133;164;218;261;278;295;319;322;335;353;364;376;414;491;483;497;498;438;583;555;516;532;526;517;"Personnes handicapées bénéficiant d'une aide sociale à l'hébergement en foyer d'accueil médicalisé, depuis 2000 
 Données au 31 décembre"
84;63;0;55;71;91;85;85;79;120;132;136;190;248;275;281;281;285;313;332;339;326;329;318;313;365;359;"Personnes handicapées bénéficiant d'une aide sociale à l'hébergement en foyer d'accueil médicalisé, depuis 2000 
 Données au 31 décembre"
75;64;2;2;2;2;19;21;19;22;36;38;57;87;99;117;126;146;159;149;167;165;169;166;175;171;176;"Personnes handicapées bénéficiant d'une aide sociale à l'hébergement en foyer d'accueil médicalisé, depuis 2000 
 Données au 31 décembre"
76;65;117;111;61;157;0;0;121;132;134;146;135;135;141;146;148;148;158;163;164;175;172;181;183;184;189;"Personnes handicapées bénéficiant d'une aide sociale à l'hébergement en foyer d'accueil médicalisé, depuis 2000 
 Données au 31 décembre"
76;66;0;0;0;0;0;0;20;26;46;54;72;75;81;80;83;86;88;76;78;84;79;78;80;82;72;"Personnes handicapées bénéficiant d'une aide sociale à l'hébergement en foyer d'accueil médicalisé, depuis 2000 
 Données au 31 décembre"
44;67;90;148;113;102;110;310;151;228;271;317;368;461;500;519;599;640;667;662;682;662;630;657;668;677;673;"Personnes handicapées bénéficiant d'une aide sociale à l'hébergement en foyer d'accueil médicalisé, depuis 2000 
 Données au 31 décembre"
44;68;88;91;94;98;104;123;147;153;155;204;173;184;221;216;238;242;276;287;298;300;283;291;309;301;294;"Personnes handicapées bénéficiant d'une aide sociale à l'hébergement en foyer d'accueil médicalisé, depuis 2000 
 Données au 31 décembre"
84;69;140;200;208;284;309;387;440;486;521;562;668;762;798;856;838;;;;;;;;;;;"Personnes handicapées bénéficiant d'une aide sociale à l'hébergement en foyer d'accueil médicalisé, depuis 2000 
 Données au 31 décembre"
27;70;24;29;32;31;0;0;0;0;0;0;0;36;150;55;62;67;65;64;65;68;69;68;74;77;79;"Personnes handicapées bénéficiant d'une aide sociale à l'hébergement en foyer d'accueil médicalisé, depuis 2000 
 Données au 31 décembre"
27;71;176;175;173;206;208;210;196;205;206;259;244;293;343;351;341;358;371;393;392;400;372;397;389;383;384;"Personnes handicapées bénéficiant d'une aide sociale à l'hébergement en foyer d'accueil médicalisé, depuis 2000 
 Données au 31 décembre"
52;72;33;34;37;42;0;55;61;54;110;117;128;142;144;150;145;172;176;179;175;175;174;169;168;166;168;"Personnes handicapées bénéficiant d'une aide sociale à l'hébergement en foyer d'accueil médicalisé, depuis 2000 
 Données au 31 décembre"
84;73;49;51;63;80;98;102;108;108;110;106;135;142;166;165;175;173;178;176;177;183;185;187;179;175;182;"Personnes handicapées bénéficiant d'une aide sociale à l'hébergement en foyer d'accueil médicalisé, depuis 2000 
 Données au 31 décembre"
84;74;57;54;48;54;80;121;198;194;242;254;285;313;360;391;416;441;443;457;459;479;470;473;476;490;512;"Personnes handicapées bénéficiant d'une aide sociale à l'hébergement en foyer d'accueil médicalisé, depuis 2000 
 Données au 31 décembre"
11;75;132;163;185;192;200;217;249;277;275;306;339;359;422;433;473;986;1119;1209;1304;1295;1281;1326;1326;1335;1326;"Personnes handicapées bénéficiant d'une aide sociale à l'hébergement en foyer d'accueil médicalisé, depuis 2000 
 Données au 31 décembre"
28;76;157;408;427;409;530;439;441;545;492;600;614;606;559;634;612;660;702;693;721;719;754;771;848;787;804;"Personnes handicapées bénéficiant d'une aide sociale à l'hébergement en foyer d'accueil médicalisé, depuis 2000 
 Données au 31 décembre"
11;77;0;0;0;85;96;95;222;233;240;242;271;306;383;483;550;590;634;846;851;614;641;513;526;503;520;"Personnes handicapées bénéficiant d'une aide sociale à l'hébergement en foyer d'accueil médicalisé, depuis 2000 
 Données au 31 décembre"
11;78;279;295;289;303;304;436;488;518;551;567;703;692;742;786;872;902;882;906;915;962;971;957;1041;1040;1033;"Personnes handicapées bénéficiant d'une aide sociale à l'hébergement en foyer d'accueil médicalisé, depuis 2000 
 Données au 31 décembre"
75;79;29;30;32;37;47;54;56;46;46;73;74;76;86;82;86;88;100;102;100;100;102;105;106;111;105;"Personnes handicapées bénéficiant d'une aide sociale à l'hébergement en foyer d'accueil médicalisé, depuis 2000 
 Données au 31 décembre"
32;80;0;0;0;0;0;0;0;0;11;12;13;14;13;13;120;144;162;177;182;193;186;187;186;185;180;"Personnes handicapées bénéficiant d'une aide sociale à l'hébergement en foyer d'accueil médicalisé, depuis 2000 
 Données au 31 décembre"
76;81;32;331;0;33;35;37;56;58;111;64;61;83;85;88;82;91;93;116;114;111;104;112;118;119;115;"Personnes handicapées bénéficiant d'une aide sociale à l'hébergement en foyer d'accueil médicalisé, depuis 2000 
 Données au 31 décembre"
76;82;22;21;45;43;42;38;36;44;46;44;97;104;101;100;98;111;113;116;116;110;122;117;114;118;120;"Personnes handicapées bénéficiant d'une aide sociale à l'hébergement en foyer d'accueil médicalisé, depuis 2000 
 Données au 31 décembre"
93;83;63;71;73;58;107;118;133;138;183;193;264;312;326;352;379;391;396;395;393;402;399;399;408;403;411;"Personnes handicapées bénéficiant d'une aide sociale à l'hébergement en foyer d'accueil médicalisé, depuis 2000 
 Données au 31 décembre"
93;84;3;4;2;3;3;1;16;30;35;70;88;97;105;107;126;135;155;153;154;151;152;147;155;193;221;"Personnes handicapées bénéficiant d'une aide sociale à l'hébergement en foyer d'accueil médicalisé, depuis 2000 
 Données au 31 décembre"
52;85;66;69;68;61;59;70;75;83;98;104;110;119;0;0;0;0;0;0;0;0;0;0;0;0;0;"Personnes handicapées bénéficiant d'une aide sociale à l'hébergement en foyer d'accueil médicalisé, depuis 2000 
 Données au 31 décembre"
75;86;6;14;13;16;0;45;44;42;43;50;49;59;53;53;52;55;54;64;66;76;83;87;86;89;92;"Personnes handicapées bénéficiant d'une aide sociale à l'hébergement en foyer d'accueil médicalisé, depuis 2000 
 Données au 31 décembre"
75;87;14;14;15;15;17;19;24;24;10;57;86;94;101;101;102;100;102;116;110;114;123;120;120;117;124;"Personnes handicapées bénéficiant d'une aide sociale à l'hébergement en foyer d'accueil médicalisé, depuis 2000 
 Données au 31 décembre"
44;88;22;25;32;32;35;55;62;98;104;113;114;134;137;150;145;139;149;155;146;153;150;155;150;150;153;"Personnes handicapées bénéficiant d'une aide sociale à l'hébergement en foyer d'accueil médicalisé, depuis 2000 
 Données au 31 décembre"
27;89;26;29;35;56;65;59;76;67;80;85;92;92;103;97;91;119;137;148;164;175;171;148;146;173;177;"Personnes handicapées bénéficiant d'une aide sociale à l'hébergement en foyer d'accueil médicalisé, depuis 2000 
 Données au 31 décembre"
27;90;0;0;3;3;4;4;4;1;8;11;14;10;23;28;36;40;39;43;37;39;41;44;40;35;34;"Personnes handicapées bénéficiant d'une aide sociale à l'hébergement en foyer d'accueil médicalisé, depuis 2000 
 Données au 31 décembre"
11;91;0;0;0;0;0;0;0;0;0;0;0;0;0;0;0;0;0;0;0;0;0;0;0;0;0;"Personnes handicapées bénéficiant d'une aide sociale à l'hébergement en foyer d'accueil médicalisé, depuis 2000 
 Données au 31 décembre"
11;92;20;21;21;29;30;24;25;244;221;332;365;456;490;522;539;571;593;609;611;581;688;691;695;779;790;"Personnes handicapées bénéficiant d'une aide sociale à l'hébergement en foyer d'accueil médicalisé, depuis 2000 
 Données au 31 décembre"
11;93;73;95;100;79;89;136;157;191;250;319;306;318;337;362;432;503;516;632;515;543;543;522;549;747;783;"Personnes handicapées bénéficiant d'une aide sociale à l'hébergement en foyer d'accueil médicalisé, depuis 2000 
 Données au 31 décembre"
11;94;0;0;0;0;0;0;0;0;0;257;314;388;397;425;446;463;502;566;575;575;616;639;655;649;626;"Personnes handicapées bénéficiant d'une aide sociale à l'hébergement en foyer d'accueil médicalisé, depuis 2000 
 Données au 31 décembre"
11;95;95;112;118;122;131;133;141;136;138;141;162;158;232;252;332;345;433;493;498;537;532;576;562;577;604;"Personnes handicapées bénéficiant d'une aide sociale à l'hébergement en foyer d'accueil médicalisé, depuis 2000 
 Données au 31 décembre"
101;971;9;0;0;0;0;10;12;10;10;12;0;0;0;0;0;40;40;39;34;37;51;52;56;51;36;"Personnes handicapées bénéficiant d'une aide sociale à l'hébergement en foyer d'accueil médicalisé, depuis 2000 
 Données au 31 décembre"
102;972;0;3;11;10;20;2;13;14;21;21;25;22;102;125;139;139;122;135;123;121;119;121;124;126;128;"Personnes handicapées bénéficiant d'une aide sociale à l'hébergement en foyer d'accueil médicalisé, depuis 2000 
 Données au 31 décembre"
103;973;11;11;0;0;0;0;0;0;0;0;2;5;5;5;5;4;5;5;5;5;5;5;5;5;5;"Personnes handicapées bénéficiant d'une aide sociale à l'hébergement en foyer d'accueil médicalisé, depuis 2000 
 Données au 31 décembre"
104;974;213;199;157;91;61;58;52;48;43;37;32;268;302;351;359;388;406;367;406;410;426;442;448;537;458;"Personnes handicapées bénéficiant d'une aide sociale à l'hébergement en foyer d'accueil médicalisé, depuis 2000 
 Données au 31 décembre"
84;1;49;56;59;69;89;87;102;116;108;108;117;155;149;147;154;148;144;153;165;160;159;168;178;171;149;"Personnes handicapées bénéficiant d'une aide pour un accueil de jour en établissement, depuis 2000 
 Données au 31 décembre"
32;2;3;106;183;191;197;146;200;203;187;183;186;195;187;179;192;198;233;253;361;185;177;379;202;214;219;"Personnes handicapées bénéficiant d'une aide pour un accueil de jour en établissement, depuis 2000 
 Données au 31 décembre"
84;3;59;64;70;70;61;72;94;95;113;118;78;126;143;140;131;141;141;137;139;150;145;155;165;166;167;"Personnes handicapées bénéficiant d'une aide pour un accueil de jour en établissement, depuis 2000 
 Données au 31 décembre"
93;4;5;5;6;10;20;21;13;17;4;18;17;18;15;13;18;23;12;12;13;13;12;13;13;21;22;"Personnes handicapées bénéficiant d'une aide pour un accueil de jour en établissement, depuis 2000 
 Données au 31 décembre"
93;5;0;26;0;28;32;32;25;26;46;50;49;51;48;31;28;25;25;25;25;26;27;26;26;26;26;"Personnes handicapées bénéficiant d'une aide pour un accueil de jour en établissement, depuis 2000 
 Données au 31 décembre"
93;6;183;201;194;194;196;449;466;618;627;536;505;505;500;500;507;507;507;458;459;462;468;485;221;221;235;"Personnes handicapées bénéficiant d'une aide pour un accueil de jour en établissement, depuis 2000 
 Données au 31 décembre"
84;7;24;29;26;27;26;25;27;34;29;30;28;33;28;32;29;28;35;35;35;35;33;35;35;35;38;"Personnes handicapées bénéficiant d'une aide pour un accueil de jour en établissement, depuis 2000 
 Données au 31 décembre"
44;8;2;2;6;7;11;9;9;11;11;46;42;54;41;45;50;24;21;70;65;68;66;53;59;54;67;"Personnes handicapées bénéficiant d'une aide pour un accueil de jour en établissement, depuis 2000 
 Données au 31 décembre"
76;9;16;36;17;17;17;0;0;0;0;0;0;0;0;0;0;0;0;0;0;14;13;14;14;14;14;"Personnes handicapées bénéficiant d'une aide pour un accueil de jour en établissement, depuis 2000 
 Données au 31 décembre"
44;10;92;101;99;102;106;112;92;94;98;101;105;113;113;108;110;110;114;110;109;101;91;85;77;76;75;"Personnes handicapées bénéficiant d'une aide pour un accueil de jour en établissement, depuis 2000 
 Données au 31 décembre"
76;11;0;0;0;0;13;25;25;31;29;32;33;37;40;42;42;39;39;41;44;45;46;49;53;61;67;"Personnes handicapées bénéficiant d'une aide pour un accueil de jour en établissement, depuis 2000 
 Données au 31 décembre"
76;12;7;7;29;30;33;46;48;26;41;48;42;30;25;19;10;6;5;4;2;2;2;118;115;70;36;"Personnes handicapées bénéficiant d'une aide pour un accueil de jour en établissement, depuis 2000 
 Données au 31 décembre"
93;13;0;154;178;185;198;248;258;219;258;284;289;275;271;274;668;683;713;706;793;780;734;726;738;745;745;"Personnes handicapées bénéficiant d'une aide pour un accueil de jour en établissement, depuis 2000 
 Données au 31 décembre"
28;14;361;402;437;433;462;454;442;497;482;483;510;553;577;416;413;424;404;402;387;390;398;395;395;392;401;"Personnes handicapées bénéficiant d'une aide pour un accueil de jour en établissement, depuis 2000 
 Données au 31 décembre"
84;15;0;0;29;2;2;3;2;3;17;34;35;1;1;0;0;1;1;6;7;7;7;9;10;10;10;"Personnes handicapées bénéficiant d'une aide pour un accueil de jour en établissement, depuis 2000 
 Données au 31 décembre"
75;16;73;76;72;65;71;74;75;75;79;74;66;74;74;76;75;95;65;85;88;113;111;120;122;122;122;"Personnes handicapées bénéficiant d'une aide pour un accueil de jour en établissement, depuis 2000 
 Données au 31 décembre"
75;17;85;87;88;86;84;87;86;89;92;93;93;114;129;130;132;154;155;163;177;157;144;119;159;154;163;"Personnes handicapées bénéficiant d'une aide pour un accueil de jour en établissement, depuis 2000 
 Données au 31 décembre"
24;18;0;0;0;81;94;34;36;37;35;33;33;33;30;27;26;27;30;30;84;62;87;83;82;80;82;"Personnes handicapées bénéficiant d'une aide pour un accueil de jour en établissement, depuis 2000 
 Données au 31 décembre"
75;19;31;19;24;30;39;45;28;33;33;26;25;25;27;35;34;35;27;29;30;29;27;15;26;30;29;"Personnes handicapées bénéficiant d'une aide pour un accueil de jour en établissement, depuis 2000 
 Données au 31 décembre"
94;20;1;0;0;0;27;24;14;6;22;38;47;57;86;106;92;97;101;103;109;111;106;112;113;52;52;"Personnes handicapées bénéficiant d'une aide pour un accueil de jour en établissement, depuis 2000 
 Données au 31 décembre"
27;21;16;16;32;36;62;63;63;121;135;129;139;49;144;173;163;117;87;98;108;107;109;116;123;144;144;"Personnes handicapées bénéficiant d'une aide pour un accueil de jour en établissement, depuis 2000 
 Données au 31 décembre"
53;22;43;624;42;55;53;53;58;59;51;55;37;34;27;37;29;32;26;15;16;16;10;5;5;5;5;"Personnes handicapées bénéficiant d'une aide pour un accueil de jour en établissement, depuis 2000 
 Données au 31 décembre"
75;23;0;0;0;1;1;1;0;0;0;0;0;0;0;3;16;14;17;14;13;16;21;18;26;25;20;"Personnes handicapées bénéficiant d'une aide pour un accueil de jour en établissement, depuis 2000 
 Données au 31 décembre"
75;24;39;42;95;61;64;57;63;66;74;80;139;92;79;75;69;62;65;74;79;76;93;92;84;81;81;"Personnes handicapées bénéficiant d'une aide pour un accueil de jour en établissement, depuis 2000 
 Données au 31 décembre"
27;25;63;83;65;70;76;25;28;142;151;166;191;219;205;199;207;146;148;84;90;184;162;181;194;216;213;"Personnes handicapées bénéficiant d'une aide pour un accueil de jour en établissement, depuis 2000 
 Données au 31 décembre"
84;26;59;62;76;71;79;91;85;88;91;84;83;88;80;79;77;73;75;101;103;106;100;106;107;105;107;"Personnes handicapées bénéficiant d'une aide pour un accueil de jour en établissement, depuis 2000 
 Données au 31 décembre"
28;27;39;49;53;50;76;74;77;70;85;87;104;105;122;124;112;124;144;144;146;145;158;149;145;146;149;"Personnes handicapées bénéficiant d'une aide pour un accueil de jour en établissement, depuis 2000 
 Données au 31 décembre"
24;28;14;17;16;18;24;30;34;38;38;39;43;37;38;31;30;31;4;2;2;2;3;4;5;5;5;"Personnes handicapées bénéficiant d'une aide pour un accueil de jour en établissement, depuis 2000 
 Données au 31 décembre"
53;29;7;4;3;239;250;263;279;403;113;229;266;290;273;0;0;0;0;0;4;3;2;3;3;3;4;"Personnes handicapées bénéficiant d'une aide pour un accueil de jour en établissement, depuis 2000 
 Données au 31 décembre"
76;30;0;0;0;0;0;0;162;118;71;175;119;151;151;158;193;204;220;209;231;222;224;218;218;229;212;"Personnes handicapées bénéficiant d'une aide pour un accueil de jour en établissement, depuis 2000 
 Données au 31 décembre"
76;31;0;0;0;0;0;0;0;0;0;0;0;0;0;0;0;0;0;0;0;0;0;0;60;105;100;"Personnes handicapées bénéficiant d'une aide pour un accueil de jour en établissement, depuis 2000 
 Données au 31 décembre"
76;32;0;0;0;0;0;0;0;0;0;0;0;1;0;0;3;3;0;0;1;1;10;6;2;2;2;"Personnes handicapées bénéficiant d'une aide pour un accueil de jour en établissement, depuis 2000 
 Données au 31 décembre"
75;33;22;97;134;292;326;350;495;328;304;316;327;381;425;443;494;578;605;625;636;665;616;662;661;649;670;"Personnes handicapées bénéficiant d'une aide pour un accueil de jour en établissement, depuis 2000 
 Données au 31 décembre"
76;34;251;193;199;228;219;171;233;228;242;234;238;257;261;261;257;264;250;257;259;272;268;304;380;456;501;"Personnes handicapées bénéficiant d'une aide pour un accueil de jour en établissement, depuis 2000 
 Données au 31 décembre"
53;35;0;38;41;40;50;64;71;74;82;98;98;103;114;150;134;149;135;136;139;184;157;170;175;184;225;"Personnes handicapées bénéficiant d'une aide pour un accueil de jour en établissement, depuis 2000 
 Données au 31 décembre"
24;36;0;0;0;0;0;0;41;54;52;50;50;58;54;59;53;51;51;45;44;49;52;47;46;45;45;"Personnes handicapées bénéficiant d'une aide pour un accueil de jour en établissement, depuis 2000 
 Données au 31 décembre"
24;37;65;69;221;179;162;161;186;181;192;174;224;226;225;231;197;174;130;272;263;305;205;305;302;244;243;"Personnes handicapées bénéficiant d'une aide pour un accueil de jour en établissement, depuis 2000 
 Données au 31 décembre"
84;38;208;235;235;235;326;332;352;370;398;431;466;507;558;597;3;5;6;5;3;3;3;3;3;3;3;"Personnes handicapées bénéficiant d'une aide pour un accueil de jour en établissement, depuis 2000 
 Données au 31 décembre"
27;39;8;12;2;2;3;2;5;7;5;7;10;11;12;10;12;6;10;30;23;26;26;24;24;16;11;"Personnes handicapées bénéficiant d'une aide pour un accueil de jour en établissement, depuis 2000 
 Données au 31 décembre"
75;40;0;0;0;23;23;23;23;23;23;23;23;23;23;23;23;24;25;97;106;108;129;124;103;95;97;"Personnes handicapées bénéficiant d'une aide pour un accueil de jour en établissement, depuis 2000 
 Données au 31 décembre"
24;41;67;68;77;66;78;96;88;80;80;53;57;52;52;48;55;63;74;79;78;68;66;40;62;68;79;"Personnes handicapées bénéficiant d'une aide pour un accueil de jour en établissement, depuis 2000 
 Données au 31 décembre"
84;42;253;274;353;334;352;386;393;402;406;670;613;588;321;373;391;403;413;407;400;388;399;397;413;409;406;"Personnes handicapées bénéficiant d'une aide pour un accueil de jour en établissement, depuis 2000 
 Données au 31 décembre"
84;43;1;2;2;2;17;15;36;30;46;74;27;39;39;39;51;114;115;74;71;70;73;77;70;44;63;"Personnes handicapées bénéficiant d'une aide pour un accueil de jour en établissement, depuis 2000 
 Données au 31 décembre"
52;44;176;185;243;255;326;339;363;360;374;411;412;447;484;497;503;511;551;538;554;573;555;529;464;404;368;"Personnes handicapées bénéficiant d'une aide pour un accueil de jour en établissement, depuis 2000 
 Données au 31 décembre"
24;45;54;32;31;31;30;106;117;132;147;167;38;40;37;24;18;12;12;43;47;60;62;184;207;211;219;"Personnes handicapées bénéficiant d'une aide pour un accueil de jour en établissement, depuis 2000 
 Données au 31 décembre"
76;46;0;0;0;0;0;0;0;0;0;23;5;4;0;4;4;4;2;2;2;2;2;2;2;2;2;"Personnes handicapées bénéficiant d'une aide pour un accueil de jour en établissement, depuis 2000 
 Données au 31 décembre"
75;47;10;30;34;52;67;85;85;81;81;88;80;85;95;123;130;132;142;127;144;135;135;137;136;129;122;"Personnes handicapées bénéficiant d'une aide pour un accueil de jour en établissement, depuis 2000 
 Données au 31 décembre"
76;48;0;0;0;0;0;7;7;7;6;6;6;6;0;0;4;0;0;0;0;0;0;2;2;9;8;"Personnes handicapées bénéficiant d'une aide pour un accueil de jour en établissement, depuis 2000 
 Données au 31 décembre"
52;49;247;16;53;115;121;119;140;135;128;131;119;129;130;133;128;130;128;137;141;148;142;169;183;186;191;"Personnes handicapées bénéficiant d'une aide pour un accueil de jour en établissement, depuis 2000 
 Données au 31 décembre"
28;50;91;102;115;115;115;45;45;303;336;321;323;328;324;332;331;335;339;334;353;347;345;365;367;371;371;"Personnes handicapées bénéficiant d'une aide pour un accueil de jour en établissement, depuis 2000 
 Données au 31 décembre"
44;51;53;59;59;62;76;73;86;90;107;109;111;126;128;136;128;131;130;132;133;150;147;167;193;196;197;"Personnes handicapées bénéficiant d'une aide pour un accueil de jour en établissement, depuis 2000 
 Données au 31 décembre"
44;52;10;12;0;10;0;0;23;23;28;19;19;19;20;26;23;23;23;26;29;27;31;34;31;34;47;"Personnes handicapées bénéficiant d'une aide pour un accueil de jour en établissement, depuis 2000 
 Données au 31 décembre"
52;53;106;132;288;121;119;119;127;14;353;352;353;124;124;185;250;195;212;214;226;230;220;182;179;231;255;"Personnes handicapées bénéficiant d'une aide pour un accueil de jour en établissement, depuis 2000 
 Données au 31 décembre"
44;54;151;134;140;152;187;187;174;159;183;177;165;192;196;190;205;193;193;202;191;207;193;194;199;208;191;"Personnes handicapées bénéficiant d'une aide pour un accueil de jour en établissement, depuis 2000 
 Données au 31 décembre"
44;55;12;12;12;13;13;13;13;15;14;14;18;21;24;23;22;28;29;33;35;38;33;34;42;44;38;"Personnes handicapées bénéficiant d'une aide pour un accueil de jour en établissement, depuis 2000 
 Données au 31 décembre"
53;56;20;20;397;409;465;469;546;533;133;109;161;158;206;172;172;188;207;231;259;123;128;122;128;129;118;"Personnes handicapées bénéficiant d'une aide pour un accueil de jour en établissement, depuis 2000 
 Données au 31 décembre"
44;57;0;0;0;0;0;0;0;0;71;76;86;89;102;125;128;133;137;134;134;147;152;166;170;181;191;"Personnes handicapées bénéficiant d'une aide pour un accueil de jour en établissement, depuis 2000 
 Données au 31 décembre"
27;58;70;55;74;75;71;64;74;79;82;92;94;92;104;106;107;104;109;119;117;128;128;127;136;126;107;"Personnes handicapées bénéficiant d'une aide pour un accueil de jour en établissement, depuis 2000 
 Données au 31 décembre"
32;59;97;353;378;518;579;772;706;664;670;723;739;933;968;1029;1002;918;971;984;1026;997;982;945;915;922;959;"Personnes handicapées bénéficiant d'une aide pour un accueil de jour en établissement, depuis 2000 
 Données au 31 décembre"
32;60;56;41;47;56;60;68;71;68;61;65;86;88;98;138;151;96;99;100;106;108;103;106;118;105;103;"Personnes handicapées bénéficiant d'une aide pour un accueil de jour en établissement, depuis 2000 
 Données au 31 décembre"
28;61;5;5;5;0;0;0;0;0;25;25;28;26;26;34;45;31;81;61;41;45;101;109;114;103;94;"Personnes handicapées bénéficiant d'une aide pour un accueil de jour en établissement, depuis 2000 
 Données au 31 décembre"
32;62;558;590;628;651;679;743;737;615;666;694;669;653;673;668;678;649;596;560;801;799;717;750;754;763;725;"Personnes handicapées bénéficiant d'une aide pour un accueil de jour en établissement, depuis 2000 
 Données au 31 décembre"
84;63;50;123;139;157;158;184;197;220;255;252;264;262;275;275;280;295;287;320;320;305;295;284;265;278;280;"Personnes handicapées bénéficiant d'une aide pour un accueil de jour en établissement, depuis 2000 
 Données au 31 décembre"
75;64;92;100;145;136;162;156;156;171;172;176;174;228;183;183;193;196;187;172;200;221;223;215;210;204;184;"Personnes handicapées bénéficiant d'une aide pour un accueil de jour en établissement, depuis 2000 
 Données au 31 décembre"
76;65;0;0;15;0;0;19;18;24;27;21;36;39;34;42;43;45;16;25;26;19;26;34;47;65;73;"Personnes handicapées bénéficiant d'une aide pour un accueil de jour en établissement, depuis 2000 
 Données au 31 décembre"
76;66;15;16;15;15;25;31;42;84;80;88;90;96;97;85;96;99;102;103;109;108;130;132;133;134;168;"Personnes handicapées bénéficiant d'une aide pour un accueil de jour en établissement, depuis 2000 
 Données au 31 décembre"
44;67;94;99;164;170;179;184;141;213;238;267;269;291;310;348;394;407;417;414;437;442;446;442;453;452;436;"Personnes handicapées bénéficiant d'une aide pour un accueil de jour en établissement, depuis 2000 
 Données au 31 décembre"
44;68;32;27;61;116;122;94;203;185;192;208;201;237;219;243;279;362;349;338;331;287;199;298;246;283;225;"Personnes handicapées bénéficiant d'une aide pour un accueil de jour en établissement, depuis 2000 
 Données au 31 décembre"
84;69;672;708;719;775;745;710;742;712;728;763;735;747;772;756;673;;;;;;;;;;;"Personnes handicapées bénéficiant d'une aide pour un accueil de jour en établissement, depuis 2000 
 Données au 31 décembre"
27;70;43;59;65;62;87;82;85;83;94;97;98;12;20;21;24;23;25;27;33;34;32;29;27;26;28;"Personnes handicapées bénéficiant d'une aide pour un accueil de jour en établissement, depuis 2000 
 Données au 31 décembre"
27;71;300;82;310;329;194;213;328;330;345;308;290;355;330;477;490;513;519;535;527;535;537;508;509;536;514;"Personnes handicapées bénéficiant d'une aide pour un accueil de jour en établissement, depuis 2000 
 Données au 31 décembre"
52;72;116;126;84;90;93;84;114;296;163;138;107;93;93;88;84;94;93;86;85;105;110;112;112;98;98;"Personnes handicapées bénéficiant d'une aide pour un accueil de jour en établissement, depuis 2000 
 Données au 31 décembre"
84;73;51;64;72;87;64;70;78;72;73;69;86;82;89;95;102;119;123;105;128;112;112;136;143;151;124;"Personnes handicapées bénéficiant d'une aide pour un accueil de jour en établissement, depuis 2000 
 Données au 31 décembre"
84;74;132;115;130;144;139;137;143;139;121;131;85;97;84;81;80;80;84;89;91;100;93;103;119;153;167;"Personnes handicapées bénéficiant d'une aide pour un accueil de jour en établissement, depuis 2000 
 Données au 31 décembre"
11;75;331;326;331;339;383;384;409;448;445;669;526;557;593;549;574;681;738;778;827;821;778;834;884;950;982;"Personnes handicapées bénéficiant d'une aide pour un accueil de jour en établissement, depuis 2000 
 Données au 31 décembre"
28;76;650;686;682;646;717;674;679;785;700;784;797;774;806;777;773;838;737;778;798;758;735;756;858;798;784;"Personnes handicapées bénéficiant d'une aide pour un accueil de jour en établissement, depuis 2000 
 Données au 31 décembre"
11;77;0;0;0;41;52;52;216;254;226;236;266;321;342;162;171;183;189;242;256;260;249;473;476;466;498;"Personnes handicapées bénéficiant d'une aide pour un accueil de jour en établissement, depuis 2000 
 Données au 31 décembre"
11;78;44;47;53;61;71;74;78;94;81;87;31;18;30;41;48;50;54;57;60;57;60;52;65;103;71;"Personnes handicapées bénéficiant d'une aide pour un accueil de jour en établissement, depuis 2000 
 Données au 31 décembre"
75;79;0;0;0;5;9;20;36;49;47;62;64;58;41;39;41;42;51;58;54;55;61;77;88;103;99;"Personnes handicapées bénéficiant d'une aide pour un accueil de jour en établissement, depuis 2000 
 Données au 31 décembre"
32;80;175;163;162;186;189;193;197;178;279;279;279;279;279;279;287;292;296;274;284;315;289;303;320;310;320;"Personnes handicapées bénéficiant d'une aide pour un accueil de jour en établissement, depuis 2000 
 Données au 31 décembre"
76;81;222;24;35;238;251;248;257;103;110;113;115;158;150;141;128;163;167;169;179;166;163;164;164;171;171;"Personnes handicapées bénéficiant d'une aide pour un accueil de jour en établissement, depuis 2000 
 Données au 31 décembre"
76;82;17;17;21;18;23;32;36;27;28;29;67;45;47;50;48;51;58;63;61;45;45;64;51;60;50;"Personnes handicapées bénéficiant d'une aide pour un accueil de jour en établissement, depuis 2000 
 Données au 31 décembre"
93;83;79;97;110;83;121;144;141;174;186;188;196;192;191;211;211;214;208;212;214;220;226;216;218;219;219;"Personnes handicapées bénéficiant d'une aide pour un accueil de jour en établissement, depuis 2000 
 Données au 31 décembre"
93;84;43;57;47;49;53;42;49;55;57;65;68;80;81;85;84;91;99;110;111;113;120;135;144;140;145;"Personnes handicapées bénéficiant d'une aide pour un accueil de jour en établissement, depuis 2000 
 Données au 31 décembre"
52;85;97;140;99;108;117;128;133;136;149;134;146;170;181;191;214;222;222;222;224;235;237;251;253;260;248;"Personnes handicapées bénéficiant d'une aide pour un accueil de jour en établissement, depuis 2000 
 Données au 31 décembre"
75;86;82;78;85;79;120;112;110;108;114;110;114;121;136;124;128;102;96;81;81;79;74;69;61;60;63;"Personnes handicapées bénéficiant d'une aide pour un accueil de jour en établissement, depuis 2000 
 Données au 31 décembre"
75;87;47;52;85;92;82;74;74;85;70;104;98;110;109;118;123;101;101;125;127;122;116;121;135;134;134;"Personnes handicapées bénéficiant d'une aide pour un accueil de jour en établissement, depuis 2000 
 Données au 31 décembre"
44;88;0;0;0;0;0;28;33;47;53;51;46;48;48;47;52;56;65;62;68;73;82;75;80;87;87;"Personnes handicapées bénéficiant d'une aide pour un accueil de jour en établissement, depuis 2000 
 Données au 31 décembre"
27;89;51;61;54;55;71;83;115;107;85;77;88;88;120;113;117;128;132;122;128;151;145;135;135;160;162;"Personnes handicapées bénéficiant d'une aide pour un accueil de jour en établissement, depuis 2000 
 Données au 31 décembre"
27;90;30;30;44;44;26;37;37;52;40;44;46;46;46;41;34;34;32;35;35;33;34;37;38;38;38;"Personnes handicapées bénéficiant d'une aide pour un accueil de jour en établissement, depuis 2000 
 Données au 31 décembre"
11;91;1;0;0;0;258;262;304;289;330;324;321;341;351;402;423;435;571;424;421;597;587;606;558;624;674;"Personnes handicapées bénéficiant d'une aide pour un accueil de jour en établissement, depuis 2000 
 Données au 31 décembre"
11;92;530;552;505;574;591;583;392;405;459;424;466;502;520;519;489;521;524;517;500;483;435;318;250;187;158;"Personnes handicapées bénéficiant d'une aide pour un accueil de jour en établissement, depuis 2000 
 Données au 31 décembre"
11;93;271;262;241;298;313;308;363;316;357;370;433;424;393;435;460;486;462;439;396;611;585;364;434;503;509;"Personnes handicapées bénéficiant d'une aide pour un accueil de jour en établissement, depuis 2000 
 Données au 31 décembre"
11;94;212;214;222;229;263;248;281;276;327;320;352;381;399;347;363;325;320;348;348;362;344;350;315;292;297;"Personnes handicapées bénéficiant d'une aide pour un accueil de jour en établissement, depuis 2000 
 Données au 31 décembre"
11;95;181;204;242;254;264;268;266;201;200;112;175;271;222;199;223;229;132;121;223;213;207;235;227;214;237;"Personnes handicapées bénéficiant d'une aide pour un accueil de jour en établissement, depuis 2000 
 Données au 31 décembre"
101;971;100;100;100;240;246;252;102;101;101;0;0;0;0;268;258;221;264;266;262;206;270;257;266;264;255;"Personnes handicapées bénéficiant d'une aide pour un accueil de jour en établissement, depuis 2000 
 Données au 31 décembre"
102;972;0;0;0;0;0;0;0;10;0;27;0;0;0;0;0;0;0;0;0;0;0;0;0;0;0;"Personnes handicapées bénéficiant d'une aide pour un accueil de jour en établissement, depuis 2000 
 Données au 31 décembre"
103;973;40;43;43;45;44;44;45;45;45;46;50;49;48;48;44;46;45;50;50;51;50;1;1;1;1;"Personnes handicapées bénéficiant d'une aide pour un accueil de jour en établissement, depuis 2000 
 Données au 31 décembre"
104;974;10;9;17;12;9;9;8;7;6;6;5;0;277;323;343;366;377;355;388;389;377;390;401;405;405;"Personnes handicapées bénéficiant d'une aide pour un accueil de jour en établissement, depuis 2000 
 Données au 31 décembre"
84;1;0;1;2;4;6;6;5;5;7;9;9;13;14;14;11;15;20;25;28;34;38;38;35;29;23;"Personnes handicapées bénéficiant d'une aide à l'accueil chez un particulier, depuis 2000 
 Données au 31 décembre"
32;2;22;17;16;23;23;17;23;32;33;34;41;43;57;60;70;75;80;82;81;99;97;94;71;99;104;"Personnes handicapées bénéficiant d'une aide à l'accueil chez un particulier, depuis 2000 
 Données au 31 décembre"
84;3;64;64;75;73;76;88;91;84;79;81;78;92;90;92;95;104;104;97;95;88;80;83;77;81;77;"Personnes handicapées bénéficiant d'une aide à l'accueil chez un particulier, depuis 2000 
 Données au 31 décembre"
93;4;0;0;0;0;0;0;0;0;0;0;0;1;0;0;0;0;0;0;0;0;0;0;0;0;2;"Personnes handicapées bénéficiant d'une aide à l'accueil chez un particulier, depuis 2000 
 Données au 31 décembre"
93;5;2;1;1;1;1;2;1;1;1;1;1;1;1;1;1;1;1;2;2;1;3;2;2;4;4;"Personnes handicapées bénéficiant d'une aide à l'accueil chez un particulier, depuis 2000 
 Données au 31 décembre"
93;6;9;16;12;12;13;13;17;18;20;16;16;16;14;11;9;13;11;12;6;6;5;6;7;8;8;"Personnes handicapées bénéficiant d'une aide à l'accueil chez un particulier, depuis 2000 
 Données au 31 décembre"
84;7;0;0;0;0;0;8;13;11;11;11;10;12;11;14;15;24;20;22;25;25;25;25;45;154;219;"Personnes handicapées bénéficiant d'une aide à l'accueil chez un particulier, depuis 2000 
 Données au 31 décembre"
44;8;7;10;7;0;48;33;27;32;34;35;36;42;41;41;44;37;38;38;38;37;33;36;29;27;29;"Personnes handicapées bénéficiant d'une aide à l'accueil chez un particulier, depuis 2000 
 Données au 31 décembre"
76;9;2;3;3;3;3;4;5;5;6;8;11;10;9;14;14;16;16;17;15;14;19;22;20;20;20;"Personnes handicapées bénéficiant d'une aide à l'accueil chez un particulier, depuis 2000 
 Données au 31 décembre"
44;10;33;41;41;43;48;58;61;39;72;59;67;69;63;62;59;54;53;37;42;41;40;63;54;52;51;"Personnes handicapées bénéficiant d'une aide à l'accueil chez un particulier, depuis 2000 
 Données au 31 décembre"
76;11;6;4;5;4;6;12;18;15;17;17;18;16;20;22;23;24;32;38;39;40;35;32;30;28;26;"Personnes handicapées bénéficiant d'une aide à l'accueil chez un particulier, depuis 2000 
 Données au 31 décembre"
76;12;1;2;2;2;2;1;11;17;22;20;15;14;11;23;22;23;25;23;15;15;15;15;14;14;14;"Personnes handicapées bénéficiant d'une aide à l'accueil chez un particulier, depuis 2000 
 Données au 31 décembre"
93;13;0;0;0;21;20;10;10;19;27;27;17;15;17;18;18;18;19;19;20;20;10;16;42;33;31;"Personnes handicapées bénéficiant d'une aide à l'accueil chez un particulier, depuis 2000 
 Données au 31 décembre"
28;14;92;89;96;86;92;88;80;87;104;91;96;94;103;108;100;99;114;101;110;119;110;113;98;97;88;"Personnes handicapées bénéficiant d'une aide à l'accueil chez un particulier, depuis 2000 
 Données au 31 décembre"
84;15;13;13;23;10;9;12;14;18;14;12;21;20;20;10;9;10;12;12;14;16;16;16;17;13;12;"Personnes handicapées bénéficiant d'une aide à l'accueil chez un particulier, depuis 2000 
 Données au 31 décembre"
75;16;45;42;46;31;28;44;74;86;83;72;55;58;59;56;63;62;57;57;52;56;58;53;45;44;46;"Personnes handicapées bénéficiant d'une aide à l'accueil chez un particulier, depuis 2000 
 Données au 31 décembre"
75;17;159;181;189;201;188;180;205;216;224;196;210;215;239;208;239;262;277;276;300;254;256;248;208;210;207;"Personnes handicapées bénéficiant d'une aide à l'accueil chez un particulier, depuis 2000 
 Données au 31 décembre"
24;18;80;83;85;90;95;107;110;114;124;121;120;117;110;112;112;111;110;103;99;97;91;97;86;85;67;"Personnes handicapées bénéficiant d'une aide à l'accueil chez un particulier, depuis 2000 
 Données au 31 décembre"
75;19;0;0;0;0;0;0;0;0;0;0;0;0;0;0;0;0;15;16;21;25;24;23;29;28;26;"Personnes handicapées bénéficiant d'une aide à l'accueil chez un particulier, depuis 2000 
 Données au 31 décembre"
94;20;2;2;2;2;0;15;0;4;5;2;5;1;8;9;10;10;11;11;11;9;25;3;3;3;4;"Personnes handicapées bénéficiant d'une aide à l'accueil chez un particulier, depuis 2000 
 Données au 31 décembre"
27;21;69;68;73;76;78;70;77;84;78;64;51;54;28;43;40;45;44;57;58;51;67;65;68;66;67;"Personnes handicapées bénéficiant d'une aide à l'accueil chez un particulier, depuis 2000 
 Données au 31 décembre"
53;22;0;0;0;0;0;0;0;56;48;42;56;61;36;83;76;71;84;83;128;108;109;103;93;104;106;"Personnes handicapées bénéficiant d'une aide à l'accueil chez un particulier, depuis 2000 
 Données au 31 décembre"
75;23;3;1;1;2;2;14;14;15;15;17;21;27;29;30;41;35;35;33;33;32;35;36;37;36;39;"Personnes handicapées bénéficiant d'une aide à l'accueil chez un particulier, depuis 2000 
 Données au 31 décembre"
75;24;12;12;12;12;0;0;0;0;0;0;1;2;1;2;3;2;4;9;12;12;15;18;19;23;20;"Personnes handicapées bénéficiant d'une aide à l'accueil chez un particulier, depuis 2000 
 Données au 31 décembre"
27;25;11;14;15;20;20;22;30;22;20;21;21;21;13;14;12;17;15;8;8;10;13;15;10;12;12;"Personnes handicapées bénéficiant d'une aide à l'accueil chez un particulier, depuis 2000 
 Données au 31 décembre"
84;26;70;66;60;60;79;71;52;49;46;45;51;44;44;54;54;57;60;58;61;68;67;70;89;93;79;"Personnes handicapées bénéficiant d'une aide à l'accueil chez un particulier, depuis 2000 
 Données au 31 décembre"
28;27;136;152;159;162;160;190;185;174;193;179;183;176;179;165;162;147;146;139;115;126;102;145;90;82;81;"Personnes handicapées bénéficiant d'une aide à l'accueil chez un particulier, depuis 2000 
 Données au 31 décembre"
24;28;17;27;26;25;26;35;38;39;45;46;35;48;45;41;38;38;40;39;40;52;57;43;36;37;38;"Personnes handicapées bénéficiant d'une aide à l'accueil chez un particulier, depuis 2000 
 Données au 31 décembre"
53;29;61;54;65;58;57;54;62;65;65;68;71;74;71;71;78;83;81;84;87;86;67;63;46;46;39;"Personnes handicapées bénéficiant d'une aide à l'accueil chez un particulier, depuis 2000 
 Données au 31 décembre"
76;30;2;5;6;7;21;31;19;25;19;27;26;29;28;29;37;41;41;36;41;43;47;32;38;33;37;"Personnes handicapées bénéficiant d'une aide à l'accueil chez un particulier, depuis 2000 
 Données au 31 décembre"
76;31;10;12;7;11;7;10;14;16;22;26;30;31;37;41;31;33;43;51;51;46;36;34;34;28;21;"Personnes handicapées bénéficiant d'une aide à l'accueil chez un particulier, depuis 2000 
 Données au 31 décembre"
76;32;20;21;24;23;22;28;28;28;29;30;30;29;28;44;37;37;48;61;59;63;59;53;43;41;37;"Personnes handicapées bénéficiant d'une aide à l'accueil chez un particulier, depuis 2000 
 Données au 31 décembre"
75;33;82;44;101;87;97;87;86;95;101;84;104;98;79;75;71;64;62;42;40;60;40;65;61;55;33;"Personnes handicapées bénéficiant d'une aide à l'accueil chez un particulier, depuis 2000 
 Données au 31 décembre"
76;34;0;4;5;7;14;17;23;30;30;32;39;40;37;38;38;43;46;44;40;48;50;64;68;52;47;"Personnes handicapées bénéficiant d'une aide à l'accueil chez un particulier, depuis 2000 
 Données au 31 décembre"
53;35;73;64;64;88;75;107;121;131;136;141;139;131;145;167;184;194;186;177;186;191;192;181;185;167;163;"Personnes handicapées bénéficiant d'une aide à l'accueil chez un particulier, depuis 2000 
 Données au 31 décembre"
24;36;15;16;16;14;13;21;29;34;36;44;40;42;40;45;47;59;58;56;60;70;73;73;58;61;65;"Personnes handicapées bénéficiant d'une aide à l'accueil chez un particulier, depuis 2000 
 Données au 31 décembre"
24;37;34;36;38;44;44;44;47;44;39;37;33;40;56;42;40;41;39;39;39;40;40;36;37;39;25;"Personnes handicapées bénéficiant d'une aide à l'accueil chez un particulier, depuis 2000 
 Données au 31 décembre"
84;38;94;97;85;75;66;75;68;73;78;76;77;81;80;85;87;92;83;84;83;79;70;67;62;83;104;"Personnes handicapées bénéficiant d'une aide à l'accueil chez un particulier, depuis 2000 
 Données au 31 décembre"
27;39;10;10;11;9;8;15;20;19;20;30;29;27;26;28;34;30;33;34;33;29;27;28;25;26;18;"Personnes handicapées bénéficiant d'une aide à l'accueil chez un particulier, depuis 2000 
 Données au 31 décembre"
75;40;6;9;8;8;9;9;15;16;16;16;15;13;13;15;14;16;11;9;8;10;10;12;12;15;17;"Personnes handicapées bénéficiant d'une aide à l'accueil chez un particulier, depuis 2000 
 Données au 31 décembre"
24;41;33;22;30;28;32;34;27;28;29;41;32;33;32;27;22;19;20;24;37;31;33;35;39;37;30;"Personnes handicapées bénéficiant d'une aide à l'accueil chez un particulier, depuis 2000 
 Données au 31 décembre"
84;42;11;11;12;11;12;14;18;21;24;23;23;24;11;10;11;15;16;17;18;16;14;14;17;22;18;"Personnes handicapées bénéficiant d'une aide à l'accueil chez un particulier, depuis 2000 
 Données au 31 décembre"
84;43;11;14;18;22;17;22;21;21;20;17;18;21;14;21;39;42;43;54;56;20;20;19;18;21;22;"Personnes handicapées bénéficiant d'une aide à l'accueil chez un particulier, depuis 2000 
 Données au 31 décembre"
52;44;146;141;116;123;126;121;124;126;126;127;99;99;111;110;111;119;134;109;140;152;149;164;145;182;185;"Personnes handicapées bénéficiant d'une aide à l'accueil chez un particulier, depuis 2000 
 Données au 31 décembre"
24;45;81;74;82;93;82;89;92;96;99;101;75;71;77;70;66;68;70;74;74;81;68;68;69;67;67;"Personnes handicapées bénéficiant d'une aide à l'accueil chez un particulier, depuis 2000 
 Données au 31 décembre"
76;46;0;0;0;0;0;0;7;8;7;6;5;2;2;2;2;2;2;2;2;2;3;6;7;5;4;"Personnes handicapées bénéficiant d'une aide à l'accueil chez un particulier, depuis 2000 
 Données au 31 décembre"
75;47;6;25;27;35;34;42;41;43;42;44;44;55;53;54;62;60;61;57;57;63;62;58;50;51;45;"Personnes handicapées bénéficiant d'une aide à l'accueil chez un particulier, depuis 2000 
 Données au 31 décembre"
76;48;0;0;0;0;0;0;2;0;0;0;0;0;0;0;0;0;0;1;0;0;0;0;0;0;0;"Personnes handicapées bénéficiant d'une aide à l'accueil chez un particulier, depuis 2000 
 Données au 31 décembre"
52;49;23;36;40;40;38;44;51;48;46;43;41;45;41;41;40;42;38;33;33;33;25;30;20;13;47;"Personnes handicapées bénéficiant d'une aide à l'accueil chez un particulier, depuis 2000 
 Données au 31 décembre"
28;50;61;65;72;66;57;68;68;65;65;74;81;89;77;72;68;62;59;51;51;55;54;49;65;69;49;"Personnes handicapées bénéficiant d'une aide à l'accueil chez un particulier, depuis 2000 
 Données au 31 décembre"
44;51;20;24;30;47;51;60;62;66;88;87;94;86;104;95;98;92;73;76;73;73;69;86;79;77;76;"Personnes handicapées bénéficiant d'une aide à l'accueil chez un particulier, depuis 2000 
 Données au 31 décembre"
44;52;11;12;10;10;12;16;133;149;157;136;137;123;115;99;94;95;91;92;85;88;83;73;75;73;76;"Personnes handicapées bénéficiant d'une aide à l'accueil chez un particulier, depuis 2000 
 Données au 31 décembre"
52;53;4;4;5;4;5;5;10;6;8;10;13;15;15;31;29;29;32;35;36;32;31;30;36;28;29;"Personnes handicapées bénéficiant d'une aide à l'accueil chez un particulier, depuis 2000 
 Données au 31 décembre"
44;54;28;27;25;23;21;22;31;27;28;29;29;33;26;30;40;39;48;48;34;35;37;36;27;29;30;"Personnes handicapées bénéficiant d'une aide à l'accueil chez un particulier, depuis 2000 
 Données au 31 décembre"
44;55;11;12;15;15;15;18;17;19;19;16;15;15;18;16;16;17;9;13;16;16;14;16;13;13;10;"Personnes handicapées bénéficiant d'une aide à l'accueil chez un particulier, depuis 2000 
 Données au 31 décembre"
53;56;28;37;34;35;37;41;51;55;31;27;29;30;29;27;29;31;33;36;38;41;39;26;43;43;28;"Personnes handicapées bénéficiant d'une aide à l'accueil chez un particulier, depuis 2000 
 Données au 31 décembre"
44;57;21;18;26;40;47;60;58;74;71;65;75;65;62;67;68;73;71;74;74;67;68;64;66;64;55;"Personnes handicapées bénéficiant d'une aide à l'accueil chez un particulier, depuis 2000 
 Données au 31 décembre"
27;58;46;47;7;7;47;22;39;45;42;51;65;70;53;53;60;47;51;51;41;52;53;58;63;68;72;"Personnes handicapées bénéficiant d'une aide à l'accueil chez un particulier, depuis 2000 
 Données au 31 décembre"
32;59;159;175;164;186;191;198;205;212;225;265;283;304;291;299;296;277;309;289;363;324;318;407;390;383;371;"Personnes handicapées bénéficiant d'une aide à l'accueil chez un particulier, depuis 2000 
 Données au 31 décembre"
32;60;95;91;84;93;89;97;93;95;75;95;105;94;118;122;115;97;122;136;137;131;130;123;119;112;110;"Personnes handicapées bénéficiant d'une aide à l'accueil chez un particulier, depuis 2000 
 Données au 31 décembre"
28;61;20;35;25;19;15;35;36;42;39;39;37;35;45;45;46;49;49;40;34;34;41;41;37;23;26;"Personnes handicapées bénéficiant d'une aide à l'accueil chez un particulier, depuis 2000 
 Données au 31 décembre"
32;62;58;64;85;94;152;150;143;145;160;170;194;194;207;212;230;242;253;252;258;263;288;266;249;289;294;"Personnes handicapées bénéficiant d'une aide à l'accueil chez un particulier, depuis 2000 
 Données au 31 décembre"
84;63;67;75;73;84;83;100;124;133;127;134;138;129;128;135;138;134;131;125;122;113;104;116;104;95;76;"Personnes handicapées bénéficiant d'une aide à l'accueil chez un particulier, depuis 2000 
 Données au 31 décembre"
75;64;43;46;59;48;54;57;54;54;48;47;51;48;41;50;49;57;52;48;48;52;43;47;40;38;35;"Personnes handicapées bénéficiant d'une aide à l'accueil chez un particulier, depuis 2000 
 Données au 31 décembre"
76;65;4;4;9;9;1;1;1;1;1;2;2;2;3;4;4;5;0;2;12;12;10;17;2;7;10;"Personnes handicapées bénéficiant d'une aide à l'accueil chez un particulier, depuis 2000 
 Données au 31 décembre"
76;66;0;0;0;3;6;3;5;4;3;9;8;13;9;13;15;16;16;26;30;30;20;25;24;24;22;"Personnes handicapées bénéficiant d'une aide à l'accueil chez un particulier, depuis 2000 
 Données au 31 décembre"
44;67;35;56;38;48;45;55;61;68;75;81;82;85;83;83;81;81;72;65;65;63;62;56;52;59;53;"Personnes handicapées bénéficiant d'une aide à l'accueil chez un particulier, depuis 2000 
 Données au 31 décembre"
44;68;13;24;25;31;18;19;23;21;22;27;23;22;16;29;35;30;32;31;25;31;32;31;37;36;35;"Personnes handicapées bénéficiant d'une aide à l'accueil chez un particulier, depuis 2000 
 Données au 31 décembre"
84;69;28;32;34;30;35;36;51;55;60;64;71;77;85;82;101;;;;;;;;;;;"Personnes handicapées bénéficiant d'une aide à l'accueil chez un particulier, depuis 2000 
 Données au 31 décembre"
27;70;0;0;0;0;4;8;8;10;13;13;14;12;14;10;16;11;8;8;12;13;11;9;9;9;9;"Personnes handicapées bénéficiant d'une aide à l'accueil chez un particulier, depuis 2000 
 Données au 31 décembre"
27;71;58;56;53;62;61;60;59;51;51;73;57;51;42;49;57;56;60;63;59;61;67;66;73;73;75;"Personnes handicapées bénéficiant d'une aide à l'accueil chez un particulier, depuis 2000 
 Données au 31 décembre"
52;72;8;8;68;92;85;140;144;195;155;150;155;163;148;151;150;144;139;141;131;112;108;81;84;62;59;"Personnes handicapées bénéficiant d'une aide à l'accueil chez un particulier, depuis 2000 
 Données au 31 décembre"
84;73;1;1;1;1;1;2;3;4;2;5;5;5;6;7;7;6;6;5;5;4;4;5;4;4;4;"Personnes handicapées bénéficiant d'une aide à l'accueil chez un particulier, depuis 2000 
 Données au 31 décembre"
84;74;0;1;1;2;1;1;2;4;3;6;5;5;6;5;4;4;4;2;2;2;3;3;3;3;3;"Personnes handicapées bénéficiant d'une aide à l'accueil chez un particulier, depuis 2000 
 Données au 31 décembre"
11;75;22;29;31;37;26;44;61;71;65;62;65;66;66;70;111;110;113;111;106;103;100;89;37;33;37;"Personnes handicapées bénéficiant d'une aide à l'accueil chez un particulier, depuis 2000 
 Données au 31 décembre"
28;76;156;164;140;167;189;184;179;188;197;231;227;213;184;164;165;164;180;177;175;180;188;259;230;247;239;"Personnes handicapées bénéficiant d'une aide à l'accueil chez un particulier, depuis 2000 
 Données au 31 décembre"
11;77;83;78;57;70;74;63;54;46;57;53;55;52;55;46;50;43;47;45;59;48;47;42;40;37;38;"Personnes handicapées bénéficiant d'une aide à l'accueil chez un particulier, depuis 2000 
 Données au 31 décembre"
11;78;33;33;30;31;40;38;39;44;31;25;26;27;26;24;25;26;33;22;15;14;18;15;18;51;30;"Personnes handicapées bénéficiant d'une aide à l'accueil chez un particulier, depuis 2000 
 Données au 31 décembre"
75;79;42;41;41;50;47;51;52;56;56;52;46;47;47;42;39;21;13;5;2;1;2;3;3;4;4;"Personnes handicapées bénéficiant d'une aide à l'accueil chez un particulier, depuis 2000 
 Données au 31 décembre"
32;80;114;125;133;138;161;166;181;174;182;209;226;207;212;217;219;219;214;163;136;144;132;126;125;110;103;"Personnes handicapées bénéficiant d'une aide à l'accueil chez un particulier, depuis 2000 
 Données au 31 décembre"
76;81;5;12;14;15;14;12;17;22;25;24;26;25;27;29;30;31;33;37;41;38;34;17;18;18;15;"Personnes handicapées bénéficiant d'une aide à l'accueil chez un particulier, depuis 2000 
 Données au 31 décembre"
76;82;9;10;9;9;9;11;5;12;14;16;23;32;31;30;19;21;20;26;24;24;18;21;20;23;16;"Personnes handicapées bénéficiant d'une aide à l'accueil chez un particulier, depuis 2000 
 Données au 31 décembre"
93;83;14;13;8;7;9;8;10;6;7;8;8;8;9;9;9;13;13;12;12;13;14;19;14;17;17;"Personnes handicapées bénéficiant d'une aide à l'accueil chez un particulier, depuis 2000 
 Données au 31 décembre"
93;84;1;0;0;0;0;3;6;5;4;5;10;11;11;10;11;11;18;6;4;4;4;4;18;15;3;"Personnes handicapées bénéficiant d'une aide à l'accueil chez un particulier, depuis 2000 
 Données au 31 décembre"
52;85;27;25;20;26;28;29;26;25;26;38;40;44;43;45;47;41;43;51;40;37;39;46;47;35;43;"Personnes handicapées bénéficiant d'une aide à l'accueil chez un particulier, depuis 2000 
 Données au 31 décembre"
75;86;115;122;123;116;113;117;159;170;165;172;155;160;159;159;161;167;155;157;149;141;143;146;138;124;115;"Personnes handicapées bénéficiant d'une aide à l'accueil chez un particulier, depuis 2000 
 Données au 31 décembre"
75;87;0;0;0;0;1;5;9;10;11;3;15;8;11;10;11;8;7;5;34;34;43;44;18;4;10;"Personnes handicapées bénéficiant d'une aide à l'accueil chez un particulier, depuis 2000 
 Données au 31 décembre"
44;88;9;14;16;10;16;21;20;23;28;24;26;25;23;22;19;16;16;19;20;24;25;20;20;19;18;"Personnes handicapées bénéficiant d'une aide à l'accueil chez un particulier, depuis 2000 
 Données au 31 décembre"
27;89;87;86;74;81;68;70;70;61;55;45;41;41;30;28;28;25;25;23;26;28;31;32;36;35;21;"Personnes handicapées bénéficiant d'une aide à l'accueil chez un particulier, depuis 2000 
 Données au 31 décembre"
27;90;2;2;6;7;7;2;6;10;11;10;9;13;16;15;13;11;11;9;10;8;8;9;13;12;13;"Personnes handicapées bénéficiant d'une aide à l'accueil chez un particulier, depuis 2000 
 Données au 31 décembre"
11;91;27;32;32;33;33;36;37;39;40;42;44;39;36;41;49;47;39;44;46;44;49;44;46;31;28;"Personnes handicapées bénéficiant d'une aide à l'accueil chez un particulier, depuis 2000 
 Données au 31 décembre"
11;92;41;46;43;44;40;43;52;53;49;46;36;37;36;37;32;28;27;22;26;23;25;17;18;19;14;"Personnes handicapées bénéficiant d'une aide à l'accueil chez un particulier, depuis 2000 
 Données au 31 décembre"
11;93;9;13;8;7;10;12;13;14;15;16;18;20;21;27;30;34;36;32;35;38;41;41;33;37;30;"Personnes handicapées bénéficiant d'une aide à l'accueil chez un particulier, depuis 2000 
 Données au 31 décembre"
11;94;13;15;17;18;17;42;57;53;63;91;101;109;95;94;98;74;78;88;86;85;84;80;74;67;64;"Personnes handicapées bénéficiant d'une aide à l'accueil chez un particulier, depuis 2000 
 Données au 31 décembre"
11;95;4;5;5;5;4;5;5;6;7;7;12;10;10;9;11;11;10;14;14;18;18;15;13;17;16;"Personnes handicapées bénéficiant d'une aide à l'accueil chez un particulier, depuis 2000 
 Données au 31 décembre"
101;971;3;16;15;49;51;60;62;68;73;54;51;55;83;67;92;106;114;110;131;83;91;100;107;115;120;"Personnes handicapées bénéficiant d'une aide à l'accueil chez un particulier, depuis 2000 
 Données au 31 décembre"
102;972;9;8;10;10;13;16;19;21;25;0;27;27;0;30;25;25;26;47;41;41;40;40;38;38;51;"Personnes handicapées bénéficiant d'une aide à l'accueil chez un particulier, depuis 2000 
 Données au 31 décembre"
103;973;0;0;0;0;0;0;0;0;0;0;0;0;0;0;5;5;0;0;18;18;6;7;4;1;1;"Personnes handicapées bénéficiant d'une aide à l'accueil chez un particulier, depuis 2000 
 Données au 31 décembre"
104;974;65;67;0;0;0;0;0;0;0;0;241;281;291;344;391;410;425;402;433;449;435;511;511;557;557;"Personnes handicapées bénéficiant d'une aide à l'accueil chez un particulier, depuis 2000 
 Données au 31 décembre"
84;1;100;99;115;102;111;116;118;121;122;128;121;115;103;97;75;53;49;48;42;48;58;58;45;31;30;"Bénéficiaires (personnes handicapées) d'aides ménagères ou auxiliaires de vie, depuis 2000 
 Données au 31 décembre"
32;2;34;33;30;35;39;28;24;18;21;21;17;10;11;7;9;6;4;2;2;4;4;6;8;8;8;"Bénéficiaires (personnes handicapées) d'aides ménagères ou auxiliaires de vie, depuis 2000 
 Données au 31 décembre"
84;3;55;62;62;60;56;59;61;55;50;38;29;15;11;5;3;3;3;1;1;1;0;0;0;0;0;"Bénéficiaires (personnes handicapées) d'aides ménagères ou auxiliaires de vie, depuis 2000 
 Données au 31 décembre"
93;4;65;80;70;83;88;103;124;126;129;132;213;166;195;202;206;231;242;245;256;263;267;306;288;271;263;"Bénéficiaires (personnes handicapées) d'aides ménagères ou auxiliaires de vie, depuis 2000 
 Données au 31 décembre"
93;5;55;26;28;32;42;40;49;52;61;49;57;83;91;105;104;126;139;138;132;138;139;139;140;125;122;"Bénéficiaires (personnes handicapées) d'aides ménagères ou auxiliaires de vie, depuis 2000 
 Données au 31 décembre"
93;6;182;216;232;220;216;131;139;125;184;305;364;439;486;509;532;645;682;871;836;610;692;415;262;184;114;"Bénéficiaires (personnes handicapées) d'aides ménagères ou auxiliaires de vie, depuis 2000 
 Données au 31 décembre"
84;7;42;42;58;62;64;101;106;130;210;172;173;181;273;336;377;351;450;455;355;356;362;363;365;362;412;"Bénéficiaires (personnes handicapées) d'aides ménagères ou auxiliaires de vie, depuis 2000 
 Données au 31 décembre"
44;8;107;111;101;95;95;99;122;139;139;142;160;174;205;196;214;181;178;181;209;214;197;232;261;285;297;"Bénéficiaires (personnes handicapées) d'aides ménagères ou auxiliaires de vie, depuis 2000 
 Données au 31 décembre"
76;9;11;8;8;3;10;8;9;4;5;6;2;1;2;3;3;0;1;1;0;0;0;6;6;6;14;"Bénéficiaires (personnes handicapées) d'aides ménagères ou auxiliaires de vie, depuis 2000 
 Données au 31 décembre"
44;10;112;58;136;139;138;136;45;125;146;181;159;181;213;238;251;266;218;185;146;143;155;152;152;133;113;"Bénéficiaires (personnes handicapées) d'aides ménagères ou auxiliaires de vie, depuis 2000 
 Données au 31 décembre"
76;11;206;227;231;228;273;249;231;212;216;213;210;228;237;263;342;375;382;406;452;468;507;573;614;669;636;"Bénéficiaires (personnes handicapées) d'aides ménagères ou auxiliaires de vie, depuis 2000 
 Données au 31 décembre"
76;12;0;12;65;86;84;55;81;123;107;99;100;106;86;60;46;46;37;31;32;32;31;29;27;25;23;"Bénéficiaires (personnes handicapées) d'aides ménagères ou auxiliaires de vie, depuis 2000 
 Données au 31 décembre"
93;13;717;153;143;150;162;161;523;42;42;1330;1642;2228;346;346;381;1180;1341;1355;1004;868;882;1158;968;950;927;"Bénéficiaires (personnes handicapées) d'aides ménagères ou auxiliaires de vie, depuis 2000 
 Données au 31 décembre"
28;14;181;266;234;247;287;280;348;324;392;410;466;533;595;666;604;609;512;494;487;481;469;463;468;457;447;"Bénéficiaires (personnes handicapées) d'aides ménagères ou auxiliaires de vie, depuis 2000 
 Données au 31 décembre"
84;15;13;19;13;17;26;33;32;36;30;46;50;53;45;43;46;55;37;33;44;48;48;48;44;42;44;"Bénéficiaires (personnes handicapées) d'aides ménagères ou auxiliaires de vie, depuis 2000 
 Données au 31 décembre"
75;16;128;148;153;172;203;181;135;95;76;56;41;33;23;23;16;11;9;15;21;25;27;30;36;42;46;"Bénéficiaires (personnes handicapées) d'aides ménagères ou auxiliaires de vie, depuis 2000 
 Données au 31 décembre"
75;17;138;192;197;228;254;274;324;336;333;394;383;418;465;465;518;512;512;489;450;472;444;429;439;452;454;"Bénéficiaires (personnes handicapées) d'aides ménagères ou auxiliaires de vie, depuis 2000 
 Données au 31 décembre"
24;18;42;41;40;40;40;40;44;50;57;59;77;78;86;91;101;110;142;140;126;115;97;86;102;108;123;"Bénéficiaires (personnes handicapées) d'aides ménagères ou auxiliaires de vie, depuis 2000 
 Données au 31 décembre"
75;19;0;0;0;0;0;0;11;10;10;153;140;144;151;14;25;34;33;21;21;10;7;9;19;23;9;"Bénéficiaires (personnes handicapées) d'aides ménagères ou auxiliaires de vie, depuis 2000 
 Données au 31 décembre"
94;20;26;36;33;22;24;154;40;28;86;94;83;77;21;20;26;29;33;32;557;130;111;111;92;64;46;"Bénéficiaires (personnes handicapées) d'aides ménagères ou auxiliaires de vie, depuis 2000 
 Données au 31 décembre"
27;21;0;15;7;4;5;4;4;4;0;0;0;0;0;0;0;0;0;0;0;0;0;0;4;7;8;"Bénéficiaires (personnes handicapées) d'aides ménagères ou auxiliaires de vie, depuis 2000 
 Données au 31 décembre"
53;22;166;159;160;146;154;148;149;171;162;159;199;225;248;299;292;231;308;88;95;369;402;523;432;415;335;"Bénéficiaires (personnes handicapées) d'aides ménagères ou auxiliaires de vie, depuis 2000 
 Données au 31 décembre"
75;23;3;4;4;5;4;3;3;4;4;7;6;5;9;9;11;9;11;14;19;20;23;25;25;25;21;"Bénéficiaires (personnes handicapées) d'aides ménagères ou auxiliaires de vie, depuis 2000 
 Données au 31 décembre"
75;24;72;55;45;58;60;45;56;48;41;41;46;47;44;52;38;44;60;63;60;81;75;97;132;142;129;"Bénéficiaires (personnes handicapées) d'aides ménagères ou auxiliaires de vie, depuis 2000 
 Données au 31 décembre"
27;25;82;92;98;83;89;83;80;77;82;93;96;101;114;135;163;161;184;191;225;239;237;221;177;120;81;"Bénéficiaires (personnes handicapées) d'aides ménagères ou auxiliaires de vie, depuis 2000 
 Données au 31 décembre"
84;26;0;0;56;52;53;63;54;55;52;47;39;35;42;41;34;27;23;22;24;31;31;33;39;44;47;"Bénéficiaires (personnes handicapées) d'aides ménagères ou auxiliaires de vie, depuis 2000 
 Données au 31 décembre"
28;27;27;78;105;121;131;150;198;239;249;168;98;83;72;67;50;41;39;22;17;20;10;16;22;20;12;"Bénéficiaires (personnes handicapées) d'aides ménagères ou auxiliaires de vie, depuis 2000 
 Données au 31 décembre"
24;28;6;7;1;2;5;4;4;8;4;5;3;2;3;1;1;0;0;0;0;0;0;2;1;1;1;"Bénéficiaires (personnes handicapées) d'aides ménagères ou auxiliaires de vie, depuis 2000 
 Données au 31 décembre"
53;29;640;675;742;769;846;890;933;923;996;946;1010;1002;1036;1115;1060;1072;1074;1089;1096;969;996;1001;920;876;891;"Bénéficiaires (personnes handicapées) d'aides ménagères ou auxiliaires de vie, depuis 2000 
 Données au 31 décembre"
76;30;343;409;443;502;530;487;677;636;677;619;570;535;482;468;450;412;433;452;480;487;472;450;488;475;462;"Bénéficiaires (personnes handicapées) d'aides ménagères ou auxiliaires de vie, depuis 2000 
 Données au 31 décembre"
76;31;163;157;121;118;118;120;124;131;117;111;108;118;131;148;155;155;99;46;41;39;40;40;34;36;40;"Bénéficiaires (personnes handicapées) d'aides ménagères ou auxiliaires de vie, depuis 2000 
 Données au 31 décembre"
76;32;179;210;277;238;177;245;188;202;471;264;244;252;228;268;91;57;45;45;39;34;37;31;25;22;21;"Bénéficiaires (personnes handicapées) d'aides ménagères ou auxiliaires de vie, depuis 2000 
 Données au 31 décembre"
75;33;298;507;537;577;521;626;607;468;330;234;240;197;173;198;184;156;168;172;158;144;141;117;113;98;95;"Bénéficiaires (personnes handicapées) d'aides ménagères ou auxiliaires de vie, depuis 2000 
 Données au 31 décembre"
76;34;228;248;348;325;376;476;533;445;576;632;639;710;731;775;820;897;977;1004;1056;1073;1122;1158;1264;1330;1247;"Bénéficiaires (personnes handicapées) d'aides ménagères ou auxiliaires de vie, depuis 2000 
 Données au 31 décembre"
53;35;311;301;288;291;320;326;349;386;388;453;451;608;641;607;647;889;916;1211;1071;1140;1161;1193;1187;1158;1179;"Bénéficiaires (personnes handicapées) d'aides ménagères ou auxiliaires de vie, depuis 2000 
 Données au 31 décembre"
24;36;22;44;24;25;32;26;37;23;24;19;11;7;6;7;6;7;6;6;6;5;5;2;2;2;1;"Bénéficiaires (personnes handicapées) d'aides ménagères ou auxiliaires de vie, depuis 2000 
 Données au 31 décembre"
24;37;213;269;235;308;286;256;396;390;380;410;429;429;466;411;293;217;164;150;152;141;126;124;119;115;112;"Bénéficiaires (personnes handicapées) d'aides ménagères ou auxiliaires de vie, depuis 2000 
 Données au 31 décembre"
84;38;177;176;142;172;188;204;209;226;189;118;126;144;142;136;137;158;141;152;167;186;194;209;224;227;203;"Bénéficiaires (personnes handicapées) d'aides ménagères ou auxiliaires de vie, depuis 2000 
 Données au 31 décembre"
27;39;0;10;13;6;4;3;8;5;6;5;0;1;2;5;3;3;3;2;5;3;2;2;4;5;5;"Bénéficiaires (personnes handicapées) d'aides ménagères ou auxiliaires de vie, depuis 2000 
 Données au 31 décembre"
75;40;104;108;117;158;161;159;145;139;167;170;205;208;226;256;255;275;288;280;285;285;299;292;295;264;239;"Bénéficiaires (personnes handicapées) d'aides ménagères ou auxiliaires de vie, depuis 2000 
 Données au 31 décembre"
24;41;50;35;33;59;99;107;90;92;84;80;78;65;76;68;65;44;33;16;6;7;7;5;5;6;8;"Bénéficiaires (personnes handicapées) d'aides ménagères ou auxiliaires de vie, depuis 2000 
 Données au 31 décembre"
84;42;432;427;462;401;354;361;355;333;328;343;329;296;356;345;306;300;296;296;299;323;333;323;323;317;353;"Bénéficiaires (personnes handicapées) d'aides ménagères ou auxiliaires de vie, depuis 2000 
 Données au 31 décembre"
84;43;35;35;35;35;38;38;21;43;37;37;8;6;3;20;16;14;11;11;12;31;6;6;6;4;5;"Bénéficiaires (personnes handicapées) d'aides ménagères ou auxiliaires de vie, depuis 2000 
 Données au 31 décembre"
52;44;376;387;395;436;484;522;579;596;576;586;627;639;676;708;713;742;765;780;851;902;874;808;807;815;829;"Bénéficiaires (personnes handicapées) d'aides ménagères ou auxiliaires de vie, depuis 2000 
 Données au 31 décembre"
24;45;90;112;129;154;180;220;208;205;219;210;209;200;187;149;89;44;22;15;22;22;21;20;24;24;18;"Bénéficiaires (personnes handicapées) d'aides ménagères ou auxiliaires de vie, depuis 2000 
 Données au 31 décembre"
76;46;16;15;16;20;31;32;22;16;11;7;3;4;4;3;2;1;2;0;0;0;0;0;0;0;0;"Bénéficiaires (personnes handicapées) d'aides ménagères ou auxiliaires de vie, depuis 2000 
 Données au 31 décembre"
75;47;161;178;185;188;206;201;198;194;206;243;286;332;371;376;358;370;394;373;327;294;274;279;264;244;226;"Bénéficiaires (personnes handicapées) d'aides ménagères ou auxiliaires de vie, depuis 2000 
 Données au 31 décembre"
76;48;10;15;9;9;13;10;10;12;11;6;4;5;3;2;1;2;3;4;3;3;3;3;3;3;2;"Bénéficiaires (personnes handicapées) d'aides ménagères ou auxiliaires de vie, depuis 2000 
 Données au 31 décembre"
52;49;74;102;116;120;115;163;122;208;260;288;249;281;320;346;351;348;349;360;380;356;386;387;419;425;401;"Bénéficiaires (personnes handicapées) d'aides ménagères ou auxiliaires de vie, depuis 2000 
 Données au 31 décembre"
28;50;202;233;258;244;250;259;287;285;337;344;388;470;533;575;577;681;793;820;443;444;451;74;78;67;61;"Bénéficiaires (personnes handicapées) d'aides ménagères ou auxiliaires de vie, depuis 2000 
 Données au 31 décembre"
44;51;88;93;107;104;114;116;115;139;164;208;220;231;205;135;203;207;197;191;200;185;194;210;212;219;212;"Bénéficiaires (personnes handicapées) d'aides ménagères ou auxiliaires de vie, depuis 2000 
 Données au 31 décembre"
44;52;0;0;0;0;0;0;1;1;2;2;1;1;0;1;2;2;2;3;3;2;1;0;0;10;10;"Bénéficiaires (personnes handicapées) d'aides ménagères ou auxiliaires de vie, depuis 2000 
 Données au 31 décembre"
52;53;259;73;89;77;82;90;86;88;83;87;99;64;52;52;52;21;57;58;60;78;79;80;88;112;135;"Bénéficiaires (personnes handicapées) d'aides ménagères ou auxiliaires de vie, depuis 2000 
 Données au 31 décembre"
44;54;108;114;127;144;180;203;154;96;81;61;58;43;34;42;42;61;90;107;82;44;38;28;26;19;11;"Bénéficiaires (personnes handicapées) d'aides ménagères ou auxiliaires de vie, depuis 2000 
 Données au 31 décembre"
44;55;6;7;8;5;7;7;5;5;2;0;0;0;0;0;0;0;0;0;0;0;0;0;0;0;0;"Bénéficiaires (personnes handicapées) d'aides ménagères ou auxiliaires de vie, depuis 2000 
 Données au 31 décembre"
53;56;270;301;286;305;351;359;369;318;295;284;321;328;338;359;371;355;398;419;412;456;467;459;501;506;510;"Bénéficiaires (personnes handicapées) d'aides ménagères ou auxiliaires de vie, depuis 2000 
 Données au 31 décembre"
44;57;256;268;261;341;372;358;331;355;360;383;441;434;485;494;463;409;387;389;368;447;450;479;467;469;455;"Bénéficiaires (personnes handicapées) d'aides ménagères ou auxiliaires de vie, depuis 2000 
 Données au 31 décembre"
27;58;66;68;54;53;55;47;36;37;23;21;21;22;21;24;20;16;8;8;14;17;16;16;16;22;25;"Bénéficiaires (personnes handicapées) d'aides ménagères ou auxiliaires de vie, depuis 2000 
 Données au 31 décembre"
32;59;236;266;308;304;300;354;300;330;358;275;171;279;287;320;372;403;434;410;421;424;371;379;392;222;151;"Bénéficiaires (personnes handicapées) d'aides ménagères ou auxiliaires de vie, depuis 2000 
 Données au 31 décembre"
32;60;40;42;0;40;38;79;94;108;241;302;406;462;487;487;287;166;92;71;55;64;32;47;53;65;65;"Bénéficiaires (personnes handicapées) d'aides ménagères ou auxiliaires de vie, depuis 2000 
 Données au 31 décembre"
28;61;86;89;102;92;118;111;126;121;107;111;113;104;120;119;174;101;106;94;93;111;98;103;108;103;97;"Bénéficiaires (personnes handicapées) d'aides ménagères ou auxiliaires de vie, depuis 2000 
 Données au 31 décembre"
32;62;200;232;251;255;212;251;233;305;265;214;243;259;261;252;308;344;343;310;328;356;315;316;434;363;552;"Bénéficiaires (personnes handicapées) d'aides ménagères ou auxiliaires de vie, depuis 2000 
 Données au 31 décembre"
84;63;1;8;9;41;78;87;78;75;84;81;89;89;102;93;109;97;89;87;76;69;71;73;71;73;76;"Bénéficiaires (personnes handicapées) d'aides ménagères ou auxiliaires de vie, depuis 2000 
 Données au 31 décembre"
75;64;179;177;150;296;296;299;304;305;338;265;291;377;370;337;276;270;255;227;194;190;172;162;146;118;94;"Bénéficiaires (personnes handicapées) d'aides ménagères ou auxiliaires de vie, depuis 2000 
 Données au 31 décembre"
76;65;141;184;188;203;215;191;243;269;255;284;303;314;319;315;309;320;301;283;248;240;231;248;270;290;224;"Bénéficiaires (personnes handicapées) d'aides ménagères ou auxiliaires de vie, depuis 2000 
 Données au 31 décembre"
76;66;407;370;369;422;469;538;564;560;599;598;463;388;324;294;266;241;248;176;165;166;250;175;176;173;153;"Bénéficiaires (personnes handicapées) d'aides ménagères ou auxiliaires de vie, depuis 2000 
 Données au 31 décembre"
44;67;131;166;122;101;85;87;117;115;119;124;116;133;147;138;166;170;166;164;148;101;113;123;121;127;138;"Bénéficiaires (personnes handicapées) d'aides ménagères ou auxiliaires de vie, depuis 2000 
 Données au 31 décembre"
44;68;60;87;107;99;171;151;221;254;317;355;445;501;568;619;615;616;498;386;392;444;494;492;479;469;490;"Bénéficiaires (personnes handicapées) d'aides ménagères ou auxiliaires de vie, depuis 2000 
 Données au 31 décembre"
84;69;188;225;52;315;300;322;366;122;128;121;133;134;123;134;139;;;;;;;;;;;"Bénéficiaires (personnes handicapées) d'aides ménagères ou auxiliaires de vie, depuis 2000 
 Données au 31 décembre"
27;70;14;11;9;9;8;7;7;8;10;21;20;11;13;15;7;6;3;7;8;6;7;10;12;13;13;"Bénéficiaires (personnes handicapées) d'aides ménagères ou auxiliaires de vie, depuis 2000 
 Données au 31 décembre"
27;71;35;39;33;31;30;60;58;58;59;69;59;29;21;15;13;15;13;16;15;9;18;21;17;16;13;"Bénéficiaires (personnes handicapées) d'aides ménagères ou auxiliaires de vie, depuis 2000 
 Données au 31 décembre"
52;72;84;90;134;130;139;205;144;102;93;90;60;51;30;25;18;13;7;4;5;5;6;2;3;1;1;"Bénéficiaires (personnes handicapées) d'aides ménagères ou auxiliaires de vie, depuis 2000 
 Données au 31 décembre"
84;73;68;115;117;114;137;153;171;203;238;264;323;286;246;256;240;232;248;243;259;270;265;285;319;312;314;"Bénéficiaires (personnes handicapées) d'aides ménagères ou auxiliaires de vie, depuis 2000 
 Données au 31 décembre"
84;74;111;120;109;105;102;95;97;78;85;73;72;68;76;71;63;64;50;54;70;72;62;84;89;96;96;"Bénéficiaires (personnes handicapées) d'aides ménagères ou auxiliaires de vie, depuis 2000 
 Données au 31 décembre"
11;75;556;635;651;670;680;720;812;865;854;736;774;888;1071;992;1234;1226;1192;1160;1135;1071;1088;939;886;810;704;"Bénéficiaires (personnes handicapées) d'aides ménagères ou auxiliaires de vie, depuis 2000 
 Données au 31 décembre"
28;76;110;116;124;110;99;117;74;104;153;190;214;256;295;238;175;160;161;160;178;130;165;176;191;126;116;"Bénéficiaires (personnes handicapées) d'aides ménagères ou auxiliaires de vie, depuis 2000 
 Données au 31 décembre"
11;77;101;92;99;112;125;115;122;111;110;121;105;97;87;78;72;77;74;73;77;94;92;101;102;127;124;"Bénéficiaires (personnes handicapées) d'aides ménagères ou auxiliaires de vie, depuis 2000 
 Données au 31 décembre"
11;78;36;26;37;53;9;24;24;23;188;190;230;236;295;301;239;170;140;101;69;59;51;52;51;113;110;"Bénéficiaires (personnes handicapées) d'aides ménagères ou auxiliaires de vie, depuis 2000 
 Données au 31 décembre"
75;79;131;139;195;200;209;260;246;243;243;258;334;364;368;362;332;306;302;286;285;308;285;256;250;249;253;"Bénéficiaires (personnes handicapées) d'aides ménagères ou auxiliaires de vie, depuis 2000 
 Données au 31 décembre"
32;80;74;83;75;72;72;84;85;99;117;131;139;141;141;154;203;228;345;264;269;291;259;258;242;240;238;"Bénéficiaires (personnes handicapées) d'aides ménagères ou auxiliaires de vie, depuis 2000 
 Données au 31 décembre"
76;81;151;136;113;117;117;115;111;87;92;106;90;93;90;87;30;23;24;25;25;6;26;35;38;38;15;"Bénéficiaires (personnes handicapées) d'aides ménagères ou auxiliaires de vie, depuis 2000 
 Données au 31 décembre"
76;82;78;63;65;55;54;51;66;68;49;43;23;20;10;8;5;2;2;1;1;1;2;2;2;3;3;"Bénéficiaires (personnes handicapées) d'aides ménagères ou auxiliaires de vie, depuis 2000 
 Données au 31 décembre"
93;83;114;137;129;106;144;127;117;80;46;37;42;39;37;32;24;28;20;15;16;22;26;24;23;19;14;"Bénéficiaires (personnes handicapées) d'aides ménagères ou auxiliaires de vie, depuis 2000 
 Données au 31 décembre"
93;84;150;159;140;143;154;164;169;195;214;222;233;241;238;241;232;238;233;256;258;265;286;267;257;252;186;"Bénéficiaires (personnes handicapées) d'aides ménagères ou auxiliaires de vie, depuis 2000 
 Données au 31 décembre"
52;85;218;221;232;253;277;287;300;267;248;240;235;235;245;220;211;196;182;177;173;229;262;325;385;400;397;"Bénéficiaires (personnes handicapées) d'aides ménagères ou auxiliaires de vie, depuis 2000 
 Données au 31 décembre"
75;86;84;89;94;77;101;91;111;122;125;129;150;154;151;160;167;163;162;175;185;177;146;144;149;140;130;"Bénéficiaires (personnes handicapées) d'aides ménagères ou auxiliaires de vie, depuis 2000 
 Données au 31 décembre"
75;87;38;36;32;504;129;128;222;239;104;46;49;38;11;14;15;12;9;9;14;14;15;15;16;10;11;"Bénéficiaires (personnes handicapées) d'aides ménagères ou auxiliaires de vie, depuis 2000 
 Données au 31 décembre"
44;88;32;32;58;48;38;62;63;92;43;64;67;67;77;74;66;63;67;66;66;73;80;75;89;95;93;"Bénéficiaires (personnes handicapées) d'aides ménagères ou auxiliaires de vie, depuis 2000 
 Données au 31 décembre"
27;89;22;23;20;21;22;15;21;29;39;49;62;62;48;46;47;38;35;36;34;25;25;36;33;31;45;"Bénéficiaires (personnes handicapées) d'aides ménagères ou auxiliaires de vie, depuis 2000 
 Données au 31 décembre"
27;90;18;18;21;27;30;44;31;34;20;24;22;25;23;26;31;35;31;28;37;37;38;57;64;73;68;"Bénéficiaires (personnes handicapées) d'aides ménagères ou auxiliaires de vie, depuis 2000 
 Données au 31 décembre"
11;91;110;102;98;105;177;135;176;185;217;203;170;212;196;178;197;210;186;162;173;178;168;151;146;151;152;"Bénéficiaires (personnes handicapées) d'aides ménagères ou auxiliaires de vie, depuis 2000 
 Données au 31 décembre"
11;92;118;110;113;131;135;131;112;147;147;136;124;160;173;158;166;162;164;187;222;231;280;325;356;373;364;"Bénéficiaires (personnes handicapées) d'aides ménagères ou auxiliaires de vie, depuis 2000 
 Données au 31 décembre"
11;93;227;34;208;170;226;276;255;257;256;277;302;341;311;318;284;195;203;181;177;183;143;110;113;114;124;"Bénéficiaires (personnes handicapées) d'aides ménagères ou auxiliaires de vie, depuis 2000 
 Données au 31 décembre"
11;94;671;700;696;613;518;646;536;462;440;453;554;536;587;612;634;656;614;559;554;600;603;565;610;599;591;"Bénéficiaires (personnes handicapées) d'aides ménagères ou auxiliaires de vie, depuis 2000 
 Données au 31 décembre"
11;95;18;17;19;11;11;16;18;13;10;9;3;2;13;7;9;7;2;4;5;4;2;5;3;3;1;"Bénéficiaires (personnes handicapées) d'aides ménagères ou auxiliaires de vie, depuis 2000 
 Données au 31 décembre"
101;971;0;0;0;0;0;0;0;0;0;0;0;0;0;0;0;0;0;0;0;0;84;176;269;223;218;"Bénéficiaires (personnes handicapées) d'aides ménagères ou auxiliaires de vie, depuis 2000 
 Données au 31 décembre"
102;972;17;0;0;0;0;0;0;0;0;33;56;21;21;0;0;0;0;4;0;0;0;0;0;0;0;"Bénéficiaires (personnes handicapées) d'aides ménagères ou auxiliaires de vie, depuis 2000 
 Données au 31 décembre"
103;973;20;25;17;31;7;7;7;0;0;0;0;0;0;0;0;0;0;0;0;0;1;1;1;1;1;"Bénéficiaires (personnes handicapées) d'aides ménagères ou auxiliaires de vie, depuis 2000 
 Données au 31 décembre"
104;974;144;134;126;172;295;306;321;372;414;610;753;644;826;809;886;901;883;880;843;1141;1413;1428;1430;1377;1344;"Bénéficiaires (personnes handicapées) d'aides ménagères ou auxiliaires de vie, depuis 2000 
 Données au 31 décembre"
